title,year,publication_date,doi,pmid,url,venue,cited_by_count,primary_task,task_en,task_zh,evidence_tier,source_dbs,source_ids
Advances in ultrasound: from microscanning to telerobotics.,2000,2000-11-01,10.1259/bjr.73.875.11144789,,https://doi.org/10.1259/bjr.73.875.11144789,British Journal of Radiology,10,A1,Robotic ultrasound / sonography,机器人超声/超声扫查,Expanded (abstract-supported),OpenAlex,W2041275358
Noninvasive bioelectrical neuromonitoring in anaesthesia and critical care,2001,2001-12-01,10.1046/j.1365-2346.2001.01028.x,,https://doi.org/10.1046/j.1365-2346.2001.01028.x,European Journal of Anaesthesiology,6,A1,Robotic ultrasound / sonography,机器人超声/超声扫查,Expanded (abstract-supported),OpenAlex,W4229755006; W2116807829
Robot-assisted 3D-TRUS guided prostate brachytherapy: System integration and validation,2004,2004-02-06,10.1118/1.1645680,,https://doi.org/10.1118/1.1645680,Medical Physics,186,A1,Robotic ultrasound / sonography,机器人超声/超声扫查,Expanded (abstract-supported),OpenAlex,W2089919971
A tele-operated mobile ultrasound scanner using a light-weight robot,2005,2005-03-01,10.1109/titb.2004.840062,,https://doi.org/10.1109/titb.2004.840062,IEEE Transactions on Information Technology in Biomedicine,123,A1,Robotic ultrasound / sonography,机器人超声/超声扫查,Expanded (abstract-supported),OpenAlex,W2157998325
Robotically assisted ultrasound imaged guided interstitial lung brachytherapy in a porcine model,2005,2005-05-01,10.1016/j.ics.2005.03.136,,https://doi.org/10.1016/j.ics.2005.03.136,International Congress Series,1,A1,Robotic ultrasound / sonography,机器人超声/超声扫查,Core (title-explicit),OpenAlex,W1971887668
Performance analysis of a mobile robotic tele-ultrasonography system over 2.5G/3G communication networks,2006,2006-01-01,,,https://openalex.org/W91991974,,0,A1,Robotic ultrasound / sonography,机器人超声/超声扫查,Expanded (abstract-supported),OpenAlex; Europe PMC,W91991974; ETH:555044
A-mode ultrasound-based intra-femoral bone cement detection and 3D reconstruction in RTHR,2007,2007-01-01,10.3109/10929080701336132,,https://doi.org/10.3109/10929080701336132,Computer Aided Surgery,7,A1,Robotic ultrasound / sonography,机器人超声/超声扫查,Expanded (abstract-supported),OpenAlex,W4241919086; W2055867877
Dynamic morphometric characterization of local connective tissue network structure in humans using ultrasound,2007,2007-06-05,10.1186/1752-0509-1-25,,https://doi.org/10.1186/1752-0509-1-25,BMC Systems Biology,33,A1,Robotic ultrasound / sonography,机器人超声/超声扫查,Expanded (abstract-supported),OpenAlex,W2082183851
Human Joint Motion Recognition Using Ultrasound Pulse Echo Based on Test Feature Classifier,2009,2009-10-20,10.20965/jrm.2009.p0597,,https://doi.org/10.20965/jrm.2009.p0597,Journal of Robotics and Mechatronics,0,A1,Robotic ultrasound / sonography,机器人超声/超声扫查,Expanded (abstract-supported),OpenAlex,W2571999148
Hybrid Laparoscopic and Robotic Ultrasound-guided Radiofrequency Ablation-assisted Clampless Partial Nephrectomy,2009,2009-05-10,10.1016/j.urology.2008.08.498,19428068.0,https://doi.org/10.1016/j.urology.2008.08.498,Urology,28,A1,Robotic ultrasound / sonography,机器人超声/超声扫查,Core (title-explicit),OpenAlex; Europe PMC,W2012763872; MED:19428068
Robotic ultrasound manipulator : calibration of position and orientation measurement system,2009,2009-01-01,,,https://openalex.org/W1491693950,DSpace@MIT (Massachusetts Institute of Technology),0,A1,Robotic ultrasound / sonography,机器人超声/超声扫查,Core (title-explicit),OpenAlex,W1491693950
Robotic ultrasound‐guided prostate intervention device: system description and results from phantom studies,2009,2009-01-14,10.1002/rcs.232,19145573.0,https://doi.org/10.1002/rcs.232,International Journal of Medical Robotics and Computer Assisted Surgery,40,A1,Robotic ultrasound / sonography,机器人超声/超声扫查,Core (title-explicit),OpenAlex; Europe PMC,MED:19145573; W2069830404
Use of sonographic elastography of the masseter muscles for optimizing massage pressure: a preliminary study,2009,2009-07-07,10.1111/j.1365-2842.2009.01977.x,,https://doi.org/10.1111/j.1365-2842.2009.01977.x,Journal of Oral Rehabilitation,49,A1,Robotic ultrasound / sonography,机器人超声/超声扫查,Expanded (abstract-supported),OpenAlex,W2084226750
Performance analysis of medical video streaming over mobile WiMAX.,2010,2010-01-01,10.1109/iembs.2010.5627833,21097263.0,https://doi.org/10.1109/iembs.2010.5627833,Annual International Conference of the IEEE Engineering in Medicine and Biology Society. IEEE Engineering in Medicine and Biology Society. Annual International Conference,0,A1,Robotic ultrasound / sonography,机器人超声/超声扫查,Expanded (abstract-supported),Europe PMC,MED:21097263
ROBOTIC ULTRASOUND SYSTEM WITH MICROADJUSTMENT AND POSITIONING CONTROL USING FEEDBACK RESPONSIVE TO ACQUIRED IMAGE DATA,2010,2008-12-08,,,,,0,A1,Robotic ultrasound / sonography,机器人超声/超声扫查,Core (title-explicit),Europe PMC,PAT:EP2219528; PAT:US2010262008; PAT:WO2009074948
SU‐HH‐BRB‐09: Real‐Time Soft‐Tissue Imaging Concurrent with External Beam Radiation Therapy Delivery,2010,2010-06-01,10.1118/1.3469027,,https://doi.org/10.1118/1.3469027,Medical Physics,1,A1,Robotic ultrasound / sonography,机器人超声/超声扫查,Expanded (abstract-supported),OpenAlex,W2075219912
TU‐D‐BRA‐03: Real‐Time‐Image Guidance in Radiation Therapy: Is There a Role for Ultrasound Imaging?,2010,2010-06-01,10.1118/1.3469249,,https://doi.org/10.1118/1.3469249,Medical Physics,0,A1,Robotic ultrasound / sonography,机器人超声/超声扫查,Expanded (abstract-supported),OpenAlex,W2059237371
Telerobotic system concept for real‐time soft‐tissue imaging during radiotherapy beam delivery,2010,2010-11-22,10.1118/1.3515457,21302793.0,https://doi.org/10.1118/1.3515457,Medical Physics,69,A1,Robotic ultrasound / sonography,机器人超声/超声扫查,Expanded (abstract-supported),OpenAlex; Europe PMC,W2064795039; MED:21302793
Design of the needle-driven robot for radio frequency ablation therapy based on ultrasound navigation,2011,2011-01-01,10.1504/ijcat.2011.043886,,https://doi.org/10.1504/ijcat.2011.043886,International Journal of Computer Applications in Technology,0,A1,Robotic ultrasound / sonography,机器人超声/超声扫查,Expanded (abstract-supported),OpenAlex,W1977033588
Image-based Approach to Respiratory Gating for Liver Radiotherapy using a Telerobotic Ultrasound System,2011,2011-10-01,10.1016/j.ijrobp.2011.06.250,,https://doi.org/10.1016/j.ijrobp.2011.06.250,International Journal of Radiation Oncology*Biology*Physics,4,A1,Robotic ultrasound / sonography,机器人超声/超声扫查,Core (title-explicit),OpenAlex,W2131704460
In Vivo Tissue Displacement Monitoring for Prostate IGRT Using a Telerobotic Ultrasound System,2011,2011-10-01,10.1016/j.ijrobp.2011.06.1427,,https://doi.org/10.1016/j.ijrobp.2011.06.1427,International Journal of Radiation Oncology*Biology*Physics,0,A1,Robotic ultrasound / sonography,机器人超声/超声扫查,Core (title-explicit),OpenAlex,W2111267142
Localized but Biochemicaly Progressing Prostate Cancer Under Long-Term Hormonal Ablation Treated by Therapeutic High-Intensity Focal Robotic Ultrasound,2011,2011-07-28,10.1016/j.ultrasmedbio.2011.05.333,,https://doi.org/10.1016/j.ultrasmedbio.2011.05.333,Ultrasound in Medicine & Biology,0,A1,Robotic ultrasound / sonography,机器人超声/超声扫查,Core (title-explicit),OpenAlex,W2000037819
ROBOT CALIBRATION FOR PRECISE ULTRASOUND IMAGE ACQUISITION,2011,2011-01-01,,,https://openalex.org/W2741552286,,1,A1,Robotic ultrasound / sonography,机器人超声/超声扫查,Expanded (abstract-supported),OpenAlex,W2741552286
Robotic partial nephrectomy: surgical technique,2011,2011-09-01,10.1111/j.1464-410x.2011.10457.x,,https://doi.org/10.1111/j.1464-410x.2011.10457.x,British Journal of Urology,48,A1,Robotic ultrasound / sonography,机器人超声/超声扫查,Expanded (abstract-supported),OpenAlex,W1889604576
Robotic ultrasound volume modeling for breast cancer screening,2011,2011-01-01,,,https://openalex.org/W1560592916,Human Biology,0,A1,Robotic ultrasound / sonography,机器人超声/超声扫查,Core (title-explicit),OpenAlex,W1560592916
SU‐D‐220‐01: Hybrid X‐Ray/Ultrasound Imaging Approach for Patient Positioning and Real‐Time Tracking in IGRT,2011,2011-06-01,10.1118/1.3611549,,https://doi.org/10.1118/1.3611549,Medical Physics,2,A1,Robotic ultrasound / sonography,机器人超声/超声扫查,Expanded (abstract-supported),OpenAlex,W2057583673
SU‐D‐220‐03: Inter‐ and Intra‐Fraction Verification with Integrated On‐Board Xray CBCT and 3D Ultrasound Imaging: A Feaibility Study,2011,2011-06-01,10.1118/1.3611551,,https://doi.org/10.1118/1.3611551,Medical Physics,0,A1,Robotic ultrasound / sonography,机器人超声/超声扫查,Expanded (abstract-supported),OpenAlex,W2025631912
WE‐D‐220‐01: Tissue Displacement Monitoring for Prostate and Liver IGRT Using a Robotically‐Controlled Ultrasound System,2011,2011-06-01,10.1118/1.3613355,,https://doi.org/10.1118/1.3613355,Medical Physics,7,A1,Robotic ultrasound / sonography,机器人超声/超声扫查,Expanded (abstract-supported),OpenAlex,W1970413446
55 REAL TIME IMAGE GUIDED RADIOTHERAPY FOR PANCREATIC TUMORS – THE CONCEPT OF DUAL MODALITY MONITORING USING KV-CBCT AND ROBOT ASSISTED ULTRASOUND IMAGING,2012,2012-03-01,10.1016/s0167-8140(12)70037-3,,https://doi.org/10.1016/s0167-8140(12)70037-3,Radiotherapy and Oncology,0,A1,Robotic ultrasound / sonography,机器人超声/超声扫查,Core (title-explicit),OpenAlex,W1990642471
Novel stand-off pads for ultrasound-CT registration and elastography,2012,2012-01-01,10.14288/1.0072635,,https://doi.org/10.14288/1.0072635,cIRcle (University of British Columbia),0,A1,Robotic ultrasound / sonography,机器人超声/超声扫查,Expanded (abstract-supported),OpenAlex,W2286865197
Online Image-based Monitoring of Soft-tissue Displacements for Radiation Therapy of the Prostate,2012,2012-01-26,10.1016/j.ijrobp.2011.10.049,22285664.0,https://doi.org/10.1016/j.ijrobp.2011.10.049,International Journal of Radiation Oncology*Biology*Physics,21,A1,Robotic ultrasound / sonography,机器人超声/超声扫查,Expanded (abstract-supported),OpenAlex; Europe PMC,MED:22285664; W2145037204
Robotic ultrasound probe for tumor identification in robotic partial nephrectomy: Initial series and outcomes,2012,2012-08-26,10.1111/j.1442-2042.2012.03127.x,22925445.0,https://doi.org/10.1111/j.1442-2042.2012.03127.x,International Journal of Urology,79,A1,Robotic ultrasound / sonography,机器人超声/超声扫查,Core (title-explicit),OpenAlex; Europe PMC,MED:22925445; W1536645843
Ultrasound elastography as a tool for imaging guidance during prostatectomy: Initial experience,2012,2012-01-01,10.12659/msm.883540,,https://doi.org/10.12659/msm.883540,Medical Science Monitor,11,A1,Robotic ultrasound / sonography,机器人超声/超声扫查,Expanded (abstract-supported),OpenAlex,W2054359084
An optical tracker based robot registration and servoing method for ultrasound guided percutaneous renal access,2013,2013-01-01,10.1186/1475-925x-12-47,23705678.0,https://doi.org/10.1186/1475-925x-12-47,BioMedical Engineering OnLine,22,A1,Robotic ultrasound / sonography,机器人超声/超声扫查,Expanded (abstract-supported),OpenAlex; Europe PMC,MED:23705678; W2138818392; W2424230771
Comparison of Robotic and Laparoscopic Ultrasound Probes for Robotic Partial Nephrectomy,2013,2013-03-19,10.1089/end.2012.0528,23510382.0,https://doi.org/10.1089/end.2012.0528,Journal of Endourology,47,A1,Robotic ultrasound / sonography,机器人超声/超声扫查,Expanded (abstract-supported),OpenAlex; Europe PMC,W2072746638; MED:23510382
First Robotic Ultrasound-Guided Nerve Blocks in Humans Using the Magellan System,2013,2013-01-08,10.1213/ane.0b013e3182713b49,23302984.0,https://doi.org/10.1213/ane.0b013e3182713b49,Anesthesia & Analgesia,41,A1,Robotic ultrasound / sonography,机器人超声/超声扫查,Core (title-explicit),OpenAlex; Europe PMC,MED:23302984; W2791241606
Position Control of Ultrasound Transducer by Parallel Link Robot for Ultrasonic Therapy in Blood Vessel,2013,2013-01-01,10.14326/abe.2.117,,https://doi.org/10.14326/abe.2.117,Advanced Biomedical Engineering,13,A1,Robotic ultrasound / sonography,机器人超声/超声扫查,Expanded (abstract-supported),OpenAlex,W2010950089
Robotic Ultrasound Beneficial for Robotic Partial Nephrectomy,2013,2013-08-12,,,https://openalex.org/W2943389801,,0,A1,Robotic ultrasound / sonography,机器人超声/超声扫查,Core (title-explicit),OpenAlex,W2943389801
Robotic Ultrasound Guidance by B-scan Plane Positioning Control,2013,2013-01-01,10.1016/j.procir.2013.01.020,,https://doi.org/10.1016/j.procir.2013.01.020,Procedia CIRP,9,A1,Robotic ultrasound / sonography,机器人超声/超声扫查,Core (title-explicit),OpenAlex,W1988346369
Robotic Ultrasound Shows Potential for Improvements in Kidney Cancer Surgery,2013,2013-09-26,10.1097/jce.0b013e3182a7c0c6,,https://doi.org/10.1097/jce.0b013e3182a7c0c6,Journal of Clinical Engineering,0,A1,Robotic ultrasound / sonography,机器人超声/超声扫查,Core (title-explicit),OpenAlex,W2333595290
Robotic ultrasound and needle guidance for prostate cancer management,2013,2013-11-20,10.1097/mou.0000000000000011,24257431.0,https://doi.org/10.1097/mou.0000000000000011,Current Opinion in Urology,33,A1,Robotic ultrasound / sonography,机器人超声/超声扫查,Core (title-explicit),OpenAlex; Europe PMC,MED:24257431; W1972003883
Robotic ultrasound probe OK for partial nephrectomy,2013,2013-04-09,10.1038/nrurol.2013.73,,https://doi.org/10.1038/nrurol.2013.73,Nature Reviews Urology,0,A1,Robotic ultrasound / sonography,机器人超声/超声扫查,Core (title-explicit),OpenAlex,W4255550215
Robotic ultrasound probe handling auxiliary by active compliance control,2013,2013-03-27,10.1080/01691864.2013.776941,,https://doi.org/10.1080/01691864.2013.776941,Advanced Robotics,10,A1,Robotic ultrasound / sonography,机器人超声/超声扫查,Core (title-explicit),OpenAlex,W2015400603
Robotic ultrasound systems in medicine,2013,2013-03-01,10.1109/tuffc.2013.2593,23475917.0,https://doi.org/10.1109/tuffc.2013.2593,IEEE Transactions on Ultrasonics Ferroelectrics and Frequency Control,149,A1,Robotic ultrasound / sonography,机器人超声/超声扫查,Core (title-explicit),OpenAlex; Europe PMC,MED:23475917; W2040921290
"Robotic-Assisted, Ultrasound-Guided Abdominal Cerclage During Pregnancy: Overcoming Minimally Invasive Surgery Limitations?",2013,2013-03-16,10.1016/j.jmig.2013.01.001,,https://doi.org/10.1016/j.jmig.2013.01.001,Journal of Minimally Invasive Gynecology,24,A1,Robotic ultrasound / sonography,机器人超声/超声扫查,Expanded (abstract-supported),OpenAlex,W1986352912
Suivi des vaisseaux sanguins en temps réel à partir d’images ultrasonores mode-B et reconstruction 3D : application à la caractérisation des sténoses artérielles,2013,2013-03-01,10.71781/30483,,https://doi.org/10.71781/30483,Papyrus : Institutional Repository (Université de Montréal),0,A1,Robotic ultrasound / sonography,机器人超声/超声扫查,Expanded (abstract-supported),OpenAlex,W2291684989
The First Robotic Abdominal Cervical Cerclage in Pregnancy,2013,2013-04-10,,,https://openalex.org/W2938997895,,0,A1,Robotic ultrasound / sonography,机器人超声/超声扫查,Expanded (abstract-supported),OpenAlex,W2938997895
Towards ultrasound probe positioning optimization during prostate needle biopsy using pressure feedback,2013,2013-05-04,10.1007/s11548-013-0898-3,23645369.0,https://doi.org/10.1007/s11548-013-0898-3,International Journal of Computer Assisted Radiology and Surgery,1,A1,Robotic ultrasound / sonography,机器人超声/超声扫查,Expanded (abstract-supported),OpenAlex; Europe PMC,MED:23645369; W2023910542
Ultrasound Probe and Needle-Guide Calibration for Robotic Ultrasound Scanning and Needle Targeting,2013,2013-01-21,10.1109/tbme.2013.2241430,23358940.0,https://doi.org/10.1109/tbme.2013.2241430,IEEE Transactions on Biomedical Engineering,52,A1,Robotic ultrasound / sonography,机器人超声/超声扫查,Core (title-explicit),OpenAlex; Europe PMC,MED:23358940; W2172221059
"Elastography Using Multi-Stream GPU: An Application to Online Tracked Ultrasound Elastography, In-Vivo and the da Vinci Surgical System",2014,2014-12-26,10.1371/journal.pone.0115881,,https://doi.org/10.1371/journal.pone.0115881,PLoS ONE,10,A1,Robotic ultrasound / sonography,机器人超声/超声扫查,Expanded (abstract-supported),OpenAlex,W2086819342
Feasibility of Intercity and Trans-Atlantic Telerobotic Remote Ultrasound,2014,2014-08-01,10.1016/j.jcmg.2014.03.014,25124012.0,https://doi.org/10.1016/j.jcmg.2014.03.014,JACC. Cardiovascular imaging,41,A1,Robotic ultrasound / sonography,机器人超声/超声扫查,Core (title-explicit),OpenAlex; Europe PMC,W77702273; MED:25124012
Patient-mounted Robot for 2D Ultrasound Probe Scanning using McKibben Artificial Muscles,2014,2014-01-01,10.14326/abe.3.130,,https://doi.org/10.14326/abe.3.130,Advanced Biomedical Engineering,3,A1,Robotic ultrasound / sonography,机器人超声/超声扫查,Expanded (abstract-supported),OpenAlex,W2054908833
Robot-assisted ultrasound imaging: Overview and development of a parallel telerobotic system,2014,2014-12-25,10.3109/13645706.2014.992908,25540071.0,https://doi.org/10.3109/13645706.2014.992908,Minimally Invasive Therapy & Allied Technologies,59,A1,Robotic ultrasound / sonography,机器人超声/超声扫查,Core (title-explicit),OpenAlex; Europe PMC,MED:25540071; W1989849962
Robotic nephrolithotomy and pyelolithotomy with utilization of the robotic ultrasound probe,2014,2014-01-01,10.1590/s1677-5538.ibju.2014.01.19,24642160.0,https://doi.org/10.1590/s1677-5538.ibju.2014.01.19,International braz j urol,26,A1,Robotic ultrasound / sonography,机器人超声/超声扫查,Core (title-explicit),OpenAlex; Europe PMC,W1918844554; MED:24642160
"Tele-operated ultrasound scans using a robotic probe and an ADSL or satellite link. Application to abdominal, pelvic, vascular, fetal and cardiac organs",2014,2014-03-01,10.1016/j.eurtel.2014.01.012,,https://doi.org/10.1016/j.eurtel.2014.01.012,European Research in Telemedicine / La Recherche Européenne en Télémédecine,0,A1,Robotic ultrasound / sonography,机器人超声/超声扫查,Core (title-explicit),OpenAlex,W2067928231
WE-G-BRF-09: Force- and Image-Adaptive Strategies for Robotised Placement of 4D Ultrasound Probes,2014,2014-05-29,10.1118/1.4889502,,https://doi.org/10.1118/1.4889502,Medical Physics,9,A1,Robotic ultrasound / sonography,机器人超声/超声扫查,Expanded (abstract-supported),OpenAlex,W2089876508
A Robotic Ultrasound Scanner for Automatic Vessel Tracking and Three-Dimensional Reconstruction of B-Mode Images,2015,2015-11-09,10.1109/tuffc.2015.2499084,26571522.0,https://doi.org/10.1109/tuffc.2015.2499084,IEEE Transactions on Ultrasonics Ferroelectrics and Frequency Control,54,A1,Robotic ultrasound / sonography,机器人超声/超声扫查,Core (title-explicit),OpenAlex; Europe PMC,W2215544116; MED:26571522
Feasibility of Robotic Ultrasound Palpation.,2015,2015-01-01,,,https://openalex.org/W2578182449,CURAC,0,A1,Robotic ultrasound / sonography,机器人超声/超声扫查,Core (title-explicit),OpenAlex,W2578182449
Hand-Eye Calibration of a Robot- UltraSound Probe System without any 3D Localizers,2015,2015-12-04,,,https://openalex.org/W4296246814,,0,A1,Robotic ultrasound / sonography,机器人超声/超声扫查,Core (title-explicit),OpenAlex,W4296246814
MO‐DE‐210‐07: Investigation of Treatment Interferences of a Novel Robotic Ultrasound Radiotherapy Guidance System with Clinical VMAT Plans for Liver SBRT Patients,2015,2015-06-01,10.1118/1.4925372,,https://doi.org/10.1118/1.4925372,Medical Physics,1,A1,Robotic ultrasound / sonography,机器人超声/超声扫查,Core (title-explicit),OpenAlex,W1024819418
"MP17-02 DEVELOPING A PROTOTYPE FOR AN AUTOMATED, LOW-COST 3D ULTRASOUND SCANNER FOR DEDICATED UROLOGICAL APPLICATIONS",2015,2015-03-31,10.1016/j.juro.2015.02.844,,https://doi.org/10.1016/j.juro.2015.02.844,The Journal of Urology,0,A1,Robotic ultrasound / sonography,机器人超声/超声扫查,Expanded (abstract-supported),OpenAlex,W2009656811
Pipeline Inspection for Corrosion using a Mobile Robotic Systems,2015,2015-12-31,10.35840/2631-5106/4101,,https://doi.org/10.35840/2631-5106/4101,International Journal of Robotic Engineering,9,A1,Robotic ultrasound / sonography,机器人超声/超声扫查,Expanded (abstract-supported),OpenAlex,W2956596924
Real-Time Classification of Hand Motions Using Ultrasound Imaging of Forearm Muscles,2015,2015-11-05,10.1109/tbme.2015.2498124,,https://doi.org/10.1109/tbme.2015.2498124,IEEE Transactions on Biomedical Engineering,159,A1,Robotic ultrasound / sonography,机器人超声/超声扫查,Expanded (abstract-supported),OpenAlex,W2342969844
"TU‐A‐304‐00: Imaging, Treatment Planning, and QA for Stereotactic Body Radiation Therapy (SBRT)",2015,2015-06-01,10.1118/1.4925495,,https://doi.org/10.1118/1.4925495,Medical Physics,0,A1,Robotic ultrasound / sonography,机器人超声/超声扫查,Expanded (abstract-supported),OpenAlex,W1146122904
TU‐A‐304‐01: Introduction and Workflow of Image‐Guided SBRT,2015,2015-06-01,10.1118/1.4925496,,https://doi.org/10.1118/1.4925496,Medical Physics,0,A1,Robotic ultrasound / sonography,机器人超声/超声扫查,Expanded (abstract-supported),OpenAlex,W1419925549
"TU‐A‐304‐02: Treatment Simulation, Planning and Delivery for SBRT",2015,2015-06-01,10.1118/1.4925497,,https://doi.org/10.1118/1.4925497,Medical Physics,0,A1,Robotic ultrasound / sonography,机器人超声/超声扫查,Expanded (abstract-supported),OpenAlex,W972690415
"TU‐A‐304‐03: Quality Assurance, Safety, and Other Practical Aspects of SBRT",2015,2015-06-01,10.1118/1.4925498,,https://doi.org/10.1118/1.4925498,Medical Physics,0,A1,Robotic ultrasound / sonography,机器人超声/超声扫查,Expanded (abstract-supported),OpenAlex,W1463672949
An Ultrasound Robotic System Using the Commercial Robot UR5,2016,2016-02-05,10.3389/frobt.2016.00001,,https://doi.org/10.3389/frobt.2016.00001,Frontiers in Robotics and AI,158,A1,Robotic ultrasound / sonography,机器人超声/超声扫查,Core (title-explicit),OpenAlex,W2254101695
Co-robotic Ultrasound Tomography: A New Paradigm for Quantitative Ultrasound Imaging,2016,2016-10-28,,,https://openalex.org/W2619331882,,2,A1,Robotic ultrasound / sonography,机器人超声/超声扫查,Core (title-explicit),OpenAlex,W2619331882
Dual-robot ultrasound-guided needle placement: closing the planning-imaging-action loop,2016,2016-04-20,10.1007/s11548-016-1408-1,27097600.0,https://doi.org/10.1007/s11548-016-1408-1,International Journal of Computer Assisted Radiology and Surgery,64,A1,Robotic ultrasound / sonography,机器人超声/超声扫查,Core (title-explicit),OpenAlex; Europe PMC,MED:27097600; W2336652059
Enabling technologies for robot assisted ultrasound tomography,2016,2016-03-30,10.1002/rcs.1746,27028676.0,https://doi.org/10.1002/rcs.1746,International Journal of Medical Robotics and Computer Assisted Surgery,6,A1,Robotic ultrasound / sonography,机器人超声/超声扫查,Core (title-explicit),OpenAlex; Europe PMC,MED:27028676; W2318765331
In Situ Mechanical Characterization of Multilayer Soft Tissue Using Ultrasound Imaging,2016,2016-12-24,10.1109/tbme.2016.2644651,,https://doi.org/10.1109/tbme.2016.2644651,IEEE Transactions on Biomedical Engineering,16,A1,Robotic ultrasound / sonography,机器人超声/超声扫查,Expanded (abstract-supported),OpenAlex,W2565624473
Quality-driven control of a robotized ultrasound probe,2016,2016-12-12,10.70675/1f3347f2zce12z4c73zbc69zda0b29ba2b35,,https://doi.org/10.70675/1f3347f2zce12z4c73zbc69zda0b29ba2b35,mediaTUM – the media and publications repository of the Technical University Munich (Technical University Munich),0,A1,Robotic ultrasound / sonography,机器人超声/超声扫查,Core (title-explicit),OpenAlex,W2597305883; W7147139467
Relating Robotic- and Ultrasound-Based Techniques for Characterizing the Effects of Changes in Muscle Properties Following Stroke,2016,2016-01-01,,,https://openalex.org/W2753532503,Research Repository (Delft University of Technology),0,A1,Robotic ultrasound / sonography,机器人超声/超声扫查,Expanded (abstract-supported),OpenAlex,W2753532503
Robot-assisted ultrasound scanning system based on Kinect,2016,2016-01-01,,,https://openalex.org/W2393676954,Computer Engineering and Science,0,A1,Robotic ultrasound / sonography,机器人超声/超声扫查,Core (title-explicit),OpenAlex,W2393676954
"Robotic Ultrasound: View Planning, Tracking, and Automatic Acquisition of Transesophageal Echocardiography",2016,2016-11-07,10.1109/mra.2016.2580478,,https://doi.org/10.1109/mra.2016.2580478,IEEE Robotics & Automation Magazine,35,A1,Robotic ultrasound / sonography,机器人超声/超声扫查,Core (title-explicit),OpenAlex,W2555681516
Robotic ultrasound-guided SBRT of the prostate: feasibility with respect to plan quality,2016,2016-07-12,10.1007/s11548-016-1455-7,27406743.0,https://doi.org/10.1007/s11548-016-1455-7,International Journal of Computer Assisted Radiology and Surgery,18,A1,Robotic ultrasound / sonography,机器人超声/超声扫查,Core (title-explicit),OpenAlex; Europe PMC,MED:27406743; W2472933288
SU‐G‐JeP3‐08: Robotic System for Ultrasound Tracking in Radiation Therapy,2016,2016-06-01,10.1118/1.4957073,,https://doi.org/10.1118/1.4957073,Medical Physics,2,A1,Robotic ultrasound / sonography,机器人超声/超声扫查,Expanded (abstract-supported),OpenAlex,W2465521588
Teleoperated Echograph and Probe Transducer for Remote Ultrasound Investigation on Isolated Patients (Study of 100 Cases),2016,2016-01-07,10.1089/tmj.2015.0186,,https://doi.org/10.1089/tmj.2015.0186,Telemedicine Journal and e-Health,34,A1,Robotic ultrasound / sonography,机器人超声/超声扫查,Expanded (abstract-supported),OpenAlex,W2234489554
The role of intraoperative ultrasound in small renal mass robotic enucleation,2016,2016-12-30,10.4081/aiua.2016.4.311,28073200.0,https://doi.org/10.4081/aiua.2016.4.311,Archivio Italiano di Urologia e Andrologia,9,A1,Robotic ultrasound / sonography,机器人超声/超声扫查,Expanded (abstract-supported),OpenAlex; Europe PMC,MED:28073200; W2581266335
Towards MRI-Based Autonomous Robotic US Acquisitions: A First Feasibility Study,2016,2016-10-24,10.1109/tmi.2016.2620723,27831861.0,https://doi.org/10.1109/tmi.2016.2620723,IEEE Transactions on Medical Imaging,220,A1,Robotic ultrasound / sonography,机器人超声/超声扫查,Expanded (abstract-supported),OpenAlex; Europe PMC,W2503967141; MED:27831861
3D ultrasound registration-based visual servoing for neurosurgical navigation,2017,2017-02-24,10.1007/s11548-017-1536-2,28236117.0,https://doi.org/10.1007/s11548-017-1536-2,International Journal of Computer Assisted Radiology and Surgery,43,A1,Robotic ultrasound / sonography,机器人超声/超声扫查,Expanded (abstract-supported),OpenAlex; Europe PMC,W2591481278; MED:28236117
A Simulation Study of Adaptive Force Controller for Medical Robotic Liver Ultrasound Guidance,2017,2017-10-24,10.1007/s13369-017-2893-4,,https://doi.org/10.1007/s13369-017-2893-4,Arabian Journal for Science and Engineering,26,A1,Robotic ultrasound / sonography,机器人超声/超声扫查,Expanded (abstract-supported),OpenAlex,W2766093896
Acoustic window planning for ultrasound acquisition,2017,2017-03-11,10.1007/s11548-017-1551-3,28285339.0,https://doi.org/10.1007/s11548-017-1551-3,International Journal of Computer Assisted Radiology and Surgery,23,A1,Robotic ultrasound / sonography,机器人超声/超声扫查,Expanded (abstract-supported),OpenAlex; Europe PMC,MED:28285339; W2592581620
Confidence-Driven Control of an Ultrasound Probe,2017,2017-08-04,10.1109/tro.2017.2723618,,https://doi.org/10.1109/tro.2017.2723618,IEEE Transactions on Robotics,82,A1,Robotic ultrasound / sonography,机器人超声/超声扫查,Expanded (abstract-supported),OpenAlex,W2729315639
Force-assisted ultrasound imaging system through dual force sensing and admittance robot control,2017,2017-03-25,10.1007/s11548-017-1566-9,28343302.0,https://doi.org/10.1007/s11548-017-1566-9,International Journal of Computer Assisted Radiology and Surgery,70,A1,Robotic ultrasound / sonography,机器人超声/超声扫查,Expanded (abstract-supported),OpenAlex; Europe PMC,W2604039133; MED:28343302
Hybrid Control of a Semi-Autonomous Ultrasound Robot,2017,2017-01-01,,,https://openalex.org/W2747802042,Duo Research Archive (University of Oslo),1,A1,Robotic ultrasound / sonography,机器人超声/超声扫查,Core (title-explicit),OpenAlex,W2747802042
Impact of robotic ultrasound image guidance on plan quality in SBRT of the prostate,2017,2017-07-27,10.1259/bjr.20160926,28749165.0,https://doi.org/10.1259/bjr.20160926,British Journal of Radiology,10,A1,Robotic ultrasound / sonography,机器人超声/超声扫查,Core (title-explicit),OpenAlex; Europe PMC,MED:28749165; W2740790076
Initial Experience Using a Telerobotic Ultrasound System for Adult Abdominal Sonography,2017,2017-01-31,10.1016/j.carj.2016.08.002,28159435.0,https://doi.org/10.1016/j.carj.2016.08.002,Canadian Association of Radiologists Journal,67,A1,Robotic ultrasound / sonography,机器人超声/超声扫查,Core (title-explicit),OpenAlex; Europe PMC,W2585532967; MED:28159435
On the reproducibility of expert-operated and robotic ultrasound acquisitions,2017,2017-03-20,10.1007/s11548-017-1561-1,28321804.0,https://doi.org/10.1007/s11548-017-1561-1,International Journal of Computer Assisted Radiology and Surgery,73,A1,Robotic ultrasound / sonography,机器人超声/超声扫查,Core (title-explicit),OpenAlex; Europe PMC,MED:28321804; W2599839468
Safety Profile of Uterine Myoma Treatment Using Noninvasive Robotic Ultrasound-Guided Shell Ablation,2017,2017-10-11,10.1016/j.jmig.2017.08.528,,https://doi.org/10.1016/j.jmig.2017.08.528,Journal of Minimally Invasive Gynecology,0,A1,Robotic ultrasound / sonography,机器人超声/超声扫查,Core (title-explicit),OpenAlex,W2763746804
"Short-Term Improvements in Menstrual Bleeding, Uterine Myoma Volume, and Myoma-Related Symptoms Following Noninvasive Robotic Ultrasound-Guided Shell Ablation",2017,2017-10-11,10.1016/j.jmig.2017.08.529,,https://doi.org/10.1016/j.jmig.2017.08.529,Journal of Minimally Invasive Gynecology,0,A1,Robotic ultrasound / sonography,机器人超声/超声扫查,Core (title-explicit),OpenAlex,W2764076388
The use of technology to improve health care to Saskatchewan's First Nations communities.,2017,2017-06-01,10.14745/ccdr.v43i06a01,29770076.0,https://doi.org/10.14745/ccdr.v43i06a01,Canada communicable disease report = Releve des maladies transmissibles au Canada,20,A1,Robotic ultrasound / sonography,机器人超声/超声扫查,Expanded (abstract-supported),Europe PMC,MED:29770076
Ultrasound elastography for intra-operative use and renal tissue imaging,2017,2017-01-01,10.14288/1.0343641,,https://doi.org/10.14288/1.0343641,cIRcle (University of British Columbia),1,A1,Robotic ultrasound / sonography,机器人超声/超声扫查,Expanded (abstract-supported),OpenAlex,W2610026176
Uterine Myoma Treatment Speeds Achieved Using Noninvasive Robotic Ultrasound-Guided Shell Ablation,2017,2017-10-11,10.1016/j.jmig.2017.08.117,,https://doi.org/10.1016/j.jmig.2017.08.117,Journal of Minimally Invasive Gynecology,0,A1,Robotic ultrasound / sonography,机器人超声/超声扫查,Core (title-explicit),OpenAlex,W2763482409
A CNN-based classifier for probe to skin contact in a robotic ultrasound system,2018,2018-01-01,,,https://openalex.org/W2972413191,82,0,A1,Robotic ultrasound / sonography,机器人超声/超声扫查,Core (title-explicit),OpenAlex,W2972413191
A Crossover Comparison of Standard and Telerobotic Approaches to Prenatal Sonography,2018,2018-04-24,10.1002/jum.14619,29689632.0,https://doi.org/10.1002/jum.14619,Journal of Ultrasound in Medicine,53,A1,Robotic ultrasound / sonography,机器人超声/超声扫查,Core (title-explicit),OpenAlex; Europe PMC,MED:29689632; W2802836574
Autonomous image-based ultrasound probe positioning via deep learning,2018,2018-05-08,10.29007/dj33,,https://doi.org/10.29007/dj33,EasyChair preprint,8,A1,Robotic ultrasound / sonography,机器人超声/超声扫查,Core (title-explicit),OpenAlex,W2800267058
Development of an AVF Stenosis Assessment Tool for Hemodialysis Patients Using Robotic Ultrasound System,2018,2018-01-29,10.3390/mi9020051,30393327.0,https://doi.org/10.3390/mi9020051,Micromachines,10,A1,Robotic ultrasound / sonography,机器人超声/超声扫查,Core (title-explicit),OpenAlex; Europe PMC,MED:30393327; W2792470128
Enhancing haptic feedback of subsurfaces during needle insertion,2018,2018-09-01,10.1515/cdbme-2018-0150,,https://doi.org/10.1515/cdbme-2018-0150,Current Directions in Biomedical Engineering,0,A1,Robotic ultrasound / sonography,机器人超声/超声扫查,Expanded (abstract-supported),OpenAlex,W2893845181
Fully Automatic Three-Dimensional Ultrasound Imaging Based on Conventional B-Scan,2018,2018-02-02,10.1109/tbcas.2017.2782815,29570068.0,https://doi.org/10.1109/tbcas.2017.2782815,IEEE Transactions on Biomedical Circuits and Systems,107,A1,Robotic ultrasound / sonography,机器人超声/超声扫查,Expanded (abstract-supported),OpenAlex; Europe PMC,W2793224505; MED:29570068
Intrinsically Passive Control for Ultrasound-guided Robotic Scanning of the Breast,2018,2018-01-01,,,https://openalex.org/W3014655134,Research Repository (Delft University of Technology),0,A1,Robotic ultrasound / sonography,机器人超声/超声扫查,Expanded (abstract-supported),OpenAlex,W3014655134
PD61-03 ROBOT-ASSISTED ULTRASOUND-GUIDED RADIOFREQUENCY ABLATION FOR RENAL CALYX CARCINOMA IN SOLITARY KIDNEY COMBINED WITH CONTINUOUS IRRIGATION OF RENAL PELVIS,2018,2018-04-01,10.1016/j.juro.2018.02.2827,,https://doi.org/10.1016/j.juro.2018.02.2827,The Journal of Urology,0,A1,Robotic ultrasound / sonography,机器人超声/超声扫查,Core (title-explicit),OpenAlex,W2795543988
PD61-05 PERCUTANEOUS CRYOABLATION OF RENAL TUMORS IN SOLITARY KIDNEY: RESULTS FROM AN ITALIAN MULTICENTRIC STUDY,2018,2018-04-01,10.1016/j.juro.2018.02.2829,,https://doi.org/10.1016/j.juro.2018.02.2829,The Journal of Urology,0,A1,Robotic ultrasound / sonography,机器人超声/超声扫查,Expanded (abstract-supported),OpenAlex,W2795437322
PD61-06 OUT COME OF PARTIAL NEPHRECTOMY IN T2 RCC.,2018,2018-04-01,10.1016/j.juro.2018.02.2830,,https://doi.org/10.1016/j.juro.2018.02.2830,The Journal of Urology,0,A1,Robotic ultrasound / sonography,机器人超声/超声扫查,Expanded (abstract-supported),OpenAlex,W2795386776
"PD61-07 COMPARATIVE ANALYSIS OF PERIOPERATIVE OUTCOMES FOR PATIENTS WITH 4-7CM RCC TREATED WITH EITHER MICROWAVE ABLATION, PARTIAL NEPHRECTOMY OR RADICAL NEPHRECTOMY",2018,2018-04-01,10.1016/j.juro.2018.02.2831,,https://doi.org/10.1016/j.juro.2018.02.2831,The Journal of Urology,0,A1,Robotic ultrasound / sonography,机器人超声/超声扫查,Expanded (abstract-supported),OpenAlex,W2795368891
Robotic Arm Based Automatic Ultrasound Scanning for Three-Dimensional Imaging,2018,2018-09-26,10.1109/tii.2018.2871864,,https://doi.org/10.1109/tii.2018.2871864,IEEE Transactions on Industrial Informatics,226,A1,Robotic ultrasound / sonography,机器人超声/超声扫查,Expanded (abstract-supported),OpenAlex,W2893379190
Robotic ultrasound-guided facet joint insertion,2018,2018-04-18,10.1007/s11548-018-1759-x,29671200.0,https://doi.org/10.1007/s11548-018-1759-x,International Journal of Computer Assisted Radiology and Surgery,40,A1,Robotic ultrasound / sonography,机器人超声/超声扫查,Core (title-explicit),OpenAlex; Europe PMC,W2801809762; MED:29671200
Strategy for Monitoring Cardiac Interventions with an Intelligent Robotic Ultrasound Device,2018,2018-02-02,10.3390/mi9020065,30393341.0,https://doi.org/10.3390/mi9020065,Micromachines,5,A1,Robotic ultrasound / sonography,机器人超声/超声扫查,Core (title-explicit),OpenAlex; Europe PMC,W2788623198; MED:30393341
Technical approach of robotic total right hepatic lobectomy: How we do it?,2018,2018-10-01,10.1007/s11701-018-0881-7,30276634.0,https://doi.org/10.1007/s11701-018-0881-7,Journal of Robotic Surgery,22,A1,Robotic ultrasound / sonography,机器人超声/超声扫查,Expanded (abstract-supported),OpenAlex; Europe PMC,W2895261409; MED:30276634
Technique of robotic left hepatectomy : how we approach it,2018,2018-11-08,10.1007/s11701-018-0890-6,30406886.0,https://doi.org/10.1007/s11701-018-0890-6,Journal of Robotic Surgery,30,A1,Robotic ultrasound / sonography,机器人超声/超声扫查,Expanded (abstract-supported),OpenAlex; Europe PMC,MED:30406886; W2900285835
Use the force: deformation correction in robotic 3D ultrasound,2018,2018-03-02,10.1007/s11548-018-1716-8,29500760.0,https://doi.org/10.1007/s11548-018-1716-8,International Journal of Computer Assisted Radiology and Surgery,31,A1,Robotic ultrasound / sonography,机器人超声/超声扫查,Expanded (abstract-supported),OpenAlex; Europe PMC,MED:29500760; W2790170680
Using ultrasound muscle imaging to assess the proportionality between ankle angle and contractile element length: A feasibility study to test the assumption with plane-wave ultrasound and system identification of joint dynamics,2018,2018-01-01,,,https://openalex.org/W2796755706,Research Repository (Delft University of Technology),0,A1,Robotic ultrasound / sonography,机器人超声/超声扫查,Expanded (abstract-supported),OpenAlex,W2796755706
2D ultrasound imaging based intra-fraction respiratory motion tracking for abdominal radiation therapy using machine learning,2019,2019-07-19,10.1088/1361-6560/ab33db,31323649.0,https://doi.org/10.1088/1361-6560/ab33db,Physics in Medicine and Biology,26,A1,Robotic ultrasound / sonography,机器人超声/超声扫查,Expanded (abstract-supported),OpenAlex; Europe PMC,MED:31323649; W2963557746
3D-printing based Transducer Holder for Robotic Assisted Ultrasound Guided HIFU,2019,2019-01-01,10.1016/j.promfg.2019.02.002,,https://doi.org/10.1016/j.promfg.2019.02.002,Procedia Manufacturing,13,A1,Robotic ultrasound / sonography,机器人超声/超声扫查,Core (title-explicit),OpenAlex,W2940957523
Analysis and optimization of the robot setup for robotic-ultrasound-guided radiation therapy,2019,2019-06-06,10.1007/s11548-019-02009-w,31172439.0,https://doi.org/10.1007/s11548-019-02009-w,International Journal of Computer Assisted Radiology and Surgery,11,A1,Robotic ultrasound / sonography,机器人超声/超声扫查,Core (title-explicit),OpenAlex; Europe PMC,W2952921102; MED:31172439
Analysis of a Customized Clutch Joint Designed for the Safety Management of an Ultrasound Robot,2019,2019-05-09,10.3390/app9091900,,https://doi.org/10.3390/app9091900,Applied Sciences,31,A1,Robotic ultrasound / sonography,机器人超声/超声扫查,Expanded (abstract-supported),OpenAlex,W2943999241
Correction to: On the reproducibility of expert-operated and robotic ultrasound acquisitions.,2019,2019-10-01,10.1007/s11548-019-02055-4,31432359.0,https://doi.org/10.1007/s11548-019-02055-4,International journal of computer assisted radiology and surgery,0,A1,Robotic ultrasound / sonography,机器人超声/超声扫查,Core (title-explicit),Europe PMC,MED:31432359
Design and Implementation of a Bespoke Robotic Manipulator for Extra-corporeal Ultrasound,2019,2019-01-07,10.3791/58811,30663700.0,https://doi.org/10.3791/58811,Journal of Visualized Experiments,14,A1,Robotic ultrasound / sonography,机器人超声/超声扫查,Expanded (abstract-supported),OpenAlex; Europe PMC,W4302594616; MED:30663700; W2914616825
Design of a control strategy for a robotically assisted ultrasound guided biopsy,2019,2019-01-01,,,https://openalex.org/W3016077087,,0,A1,Robotic ultrasound / sonography,机器人超声/超声扫查,Core (title-explicit),OpenAlex,W3016077087
Development of a robot-assisted ultrasound-guided radiation therapy (USgRT),2019,2019-12-12,10.1007/s11548-019-02104-y,31832907.0,https://doi.org/10.1007/s11548-019-02104-y,International Journal of Computer Assisted Radiology and Surgery,22,A1,Robotic ultrasound / sonography,机器人超声/超声扫查,Core (title-explicit),OpenAlex; Europe PMC,W2996507671; MED:31832907
MP20-09 ROBOTIC 3D ULTRASOUND-GUIDED TARGETING FOR PERCUTANEOUS RENAL ACCESS,2019,2019-04-01,10.1097/01.ju.0000555518.95891.34,,https://doi.org/10.1097/01.ju.0000555518.95891.34,The Journal of Urology,0,A1,Robotic ultrasound / sonography,机器人超声/超声扫查,Expanded (abstract-supported),OpenAlex,W2940592305
Optimizing Configurations for 7-DoF Robotic Ultrasound Guidance in Radiotherapy of the Prostate.,2019,2019-07-01,10.1109/embc.2019.8857245,31947445.0,https://doi.org/10.1109/embc.2019.8857245,Annual International Conference of the IEEE Engineering in Medicine and Biology Society. IEEE Engineering in Medicine and Biology Society. Annual International Conference,0,A1,Robotic ultrasound / sonography,机器人超声/超声扫查,Core (title-explicit),Europe PMC,MED:31947445
Optimizing robot motion for robotic ultrasound-guided radiation therapy,2019,2019-08-19,10.1088/1361-6560/ab3bfb,31422960.0,https://doi.org/10.1088/1361-6560/ab3bfb,Physics in Medicine and Biology,12,A1,Robotic ultrasound / sonography,机器人超声/超声扫查,Core (title-explicit),OpenAlex; Europe PMC,W2969381969; MED:31422960
Position-based simulation of deformations for autonomous robotic ultrasound scanning,2019,2019-10-18,10.5281/zenodo.4782580,,https://doi.org/10.5281/zenodo.4782580,Zenodo (CERN European Organization for Nuclear Research),0,A1,Robotic ultrasound / sonography,机器人超声/超声扫查,Core (title-explicit),OpenAlex,W3044058577
Potential for Robotizing Ultrasound Technologies for Endovascular Surgery,2019,2019-03-01,10.1007/s10527-019-09854-8,,https://doi.org/10.1007/s10527-019-09854-8,Biomedical Engineering,5,A1,Robotic ultrasound / sonography,机器人超声/超声扫查,Expanded (abstract-supported),OpenAlex,W2921777382
Robot-assisted laparoscopic retroperitoneal lymph node dissection with concomitant inferior vena cava thrombectomy for metastatic mixed testicular germ cell cancer: a case report,2019,2019-08-26,10.1186/s13256-019-2200-y,31451109.0,https://doi.org/10.1186/s13256-019-2200-y,Journal of Medical Case Reports,9,A1,Robotic ultrasound / sonography,机器人超声/超声扫查,Expanded (abstract-supported),OpenAlex; Europe PMC,MED:31451109; W2970121736
Robotic ultrasound and ultrasonic robot,2019,2019-01-01,10.4103/eus.eus_69_18,30777939.0,https://doi.org/10.4103/eus.eus_69_18,Endoscopic Ultrasound,13,A1,Robotic ultrasound / sonography,机器人超声/超声扫查,Core (title-explicit),OpenAlex; Europe PMC,MED:30777939; W2914948143
Robotic-assisted Ultrasound for Fetal Imaging: Evolution from Single-arm to Dual-arm System,2019,2019-02-14,10.48550/arxiv.1902.05458,,https://doi.org/10.48550/arxiv.1902.05458,arXiv (Cornell University),3,A1,Robotic ultrasound / sonography,机器人超声/超声扫查,Core (title-explicit),OpenAlex,W2913723666
Tip Estimation Method in Phantoms for Curved Needle Using 2D Transverse Ultrasound Images,2019,2019-12-05,10.3390/app9245305,,https://doi.org/10.3390/app9245305,Applied Sciences,4,A1,Robotic ultrasound / sonography,机器人超声/超声扫查,Expanded (abstract-supported),OpenAlex,W2992377239
"Towards the development of safe, collaborative robotic freehand ultrasound",2019,2019-12-18,,,https://openalex.org/W3012543064,Espace ÉTS (ETS),0,A1,Robotic ultrasound / sonography,机器人超声/超声扫查,Expanded (abstract-supported),OpenAlex,W3012543064
Ultrasound guidance in minimally invasive robotic procedures,2019,2019-01-11,10.1016/j.media.2019.01.002,,https://doi.org/10.1016/j.media.2019.01.002,Medical Image Analysis,70,A1,Robotic ultrasound / sonography,机器人超声/超声扫查,Expanded (abstract-supported),OpenAlex,W2911048518
3D Robotic Ultrasound System: A 3D Volumetric Ultrasound Imaging System using a CMUT Phased Array and a Robotic Arm,2020,2020-01-01,,,https://openalex.org/W3084057374,Research Repository (Delft University of Technology),0,A1,Robotic ultrasound / sonography,机器人超声/超声扫查,Core (title-explicit),OpenAlex,W3084057374
3D Steerable Biopsy Needle with a Motorized Manipulation System and Ultrasound Tracking to Navigate inside Tissue,2020,2020-09-01,10.1142/s2424905x21500033,,https://doi.org/10.1142/s2424905x21500033,Journal of Medical Robotics Research,11,A1,Robotic ultrasound / sonography,机器人超声/超声扫查,Expanded (abstract-supported),OpenAlex,W3133795800
76: Robotic myomectomy with intraoperative ultrasound guidance,2020,2020-02-27,10.1016/j.ajog.2019.12.225,,https://doi.org/10.1016/j.ajog.2019.12.225,American Journal of Obstetrics and Gynecology,0,A1,Robotic ultrasound / sonography,机器人超声/超声扫查,Expanded (abstract-supported),OpenAlex,W3007129886
Assessing Polycystic Kidney Disease in Rodents: Comparison of Robotic 3D Ultrasound and Magnetic Resonance Imaging,2020,2020-08-18,10.34067/kid.0003912020,33521650.0,https://doi.org/10.34067/kid.0003912020,Kidney360,5,A1,Robotic ultrasound / sonography,机器人超声/超声扫查,Expanded (abstract-supported),OpenAlex; Europe PMC,W3069981443; MED:33521650
Automatic Force-Based Probe Positioning for Precise Robotic Ultrasound Acquisition,2020,2020-11-12,10.1109/tie.2020.3036215,,https://doi.org/10.1109/tie.2020.3036215,IEEE Transactions on Industrial Electronics,89,A1,Robotic ultrasound / sonography,机器人超声/超声扫查,Core (title-explicit),OpenAlex,W3098362553
Automatic Normal Positioning of Robotic Ultrasound Probe Based Only on Confidence Map Optimization and Force Measurement,2020,2020-01-21,10.1109/lra.2020.2967682,,https://doi.org/10.1109/lra.2020.2967682,IEEE Robotics and Automation Letters,95,A1,Robotic ultrasound / sonography,机器人超声/超声扫查,Core (title-explicit),OpenAlex,W3002801921
Cobot with Prismatic Compliant Joint Intended for Doppler Sonography,2020,2020-03-16,10.3390/robotics9010014,,https://doi.org/10.3390/robotics9010014,Robotics,26,A1,Robotic ultrasound / sonography,机器人超声/超声扫查,Expanded (abstract-supported),OpenAlex,W3011613361
Feasibility of Robot-Assisted Ultrasound Imaging with Force Feedback for Assessment of Thyroid Diseases.,2020,2020-02-01,10.1117/12.2551118,32742057.0,https://doi.org/10.1117/12.2551118,Proceedings of SPIE--the International Society for Optical Engineering,12,A1,Robotic ultrasound / sonography,机器人超声/超声扫查,Core (title-explicit),Europe PMC,MED:32742057
Feasibility of a 5G-Based Robot-Assisted Remote Ultrasound System for Cardiopulmonary Assessment of Patients With Coronavirus Disease 2019,2020,2020-07-09,10.1016/j.chest.2020.06.068,32653568.0,https://doi.org/10.1016/j.chest.2020.06.068,CHEST Journal,111,A1,Robotic ultrasound / sonography,机器人超声/超声扫查,Expanded (abstract-supported),OpenAlex; Europe PMC,W3108053057; MED:32653568
Force-Ultrasound Fusion: Bringing Spine Robotic-US to the Next “Level”,2020,2020-07-14,10.1109/lra.2020.3009069,,https://doi.org/10.1109/lra.2020.3009069,IEEE Robotics and Automation Letters,1,A1,Robotic ultrasound / sonography,机器人超声/超声扫查,Expanded (abstract-supported),OpenAlex,W3008846620
From design through to clinical validation of a soft end-effector for robot-assisted ultrasound imaging,2020,2020-01-01,,,https://openalex.org/W3082337227,Research Portal (King's College London),0,A1,Robotic ultrasound / sonography,机器人超声/超声扫查,Core (title-explicit),OpenAlex; Europe PMC,ETH:806797; W3082337227
Integrated surgery and radiology: trans-oral robotic surgery guided by real-time radiologist-operated intraoral ultrasound,2020,2020-07-08,10.1007/s10006-020-00880-5,,https://doi.org/10.1007/s10006-020-00880-5,Oral and Maxillofacial Surgery,10,A1,Robotic ultrasound / sonography,机器人超声/超声扫查,Expanded (abstract-supported),OpenAlex,W3041604520
Intraoperative ultrasound: technique and clinical experience in robotic-assisted renal partial nephrectomy for endophytic renal tumors,2020,2020-10-01,10.1007/s11255-020-02664-y,33006090.0,https://doi.org/10.1007/s11255-020-02664-y,International Urology and Nephrology,38,A1,Robotic ultrasound / sonography,机器人超声/超声扫查,Expanded (abstract-supported),OpenAlex; Europe PMC,W3089710225; MED:33006090
Learning rewards for robotic ultrasound scanning using probabilistic\n temporal ranking,2020,2020-02-04,10.48550/arxiv.2002.01240,,https://doi.org/10.48550/arxiv.2002.01240,arXiv (Cornell University),1,A1,Robotic ultrasound / sonography,机器人超声/超声扫查,Core (title-explicit),OpenAlex,W4382132587; W3026823840
Learning robotic ultrasound scanning using probabilistic temporal ranking.,2020,2020-02-04,,,https://openalex.org/W3005507249,arXiv (Cornell University),4,A1,Robotic ultrasound / sonography,机器人超声/超声扫查,Core (title-explicit),OpenAlex,W3005507249
MP68-18 CONSOLE-INTEGRATED REAL-TIME THREE-DIMENSIONAL (3D) PHYSICAL MODEL NAVIGATION FOR ROBOTIC PARTIAL NEPHRECTOMY IN PATIENT WITH HIGHLY COMPLEX RENAL TUMORS (RENAL NEPHROMETRY SCORE≥7): PROSPECTIVE CASE-MATCHED STUDY,2020,2020-04-01,10.1097/ju.0000000000000948.018,,https://doi.org/10.1097/ju.0000000000000948.018,The Journal of Urology,0,A1,Robotic ultrasound / sonography,机器人超声/超声扫查,Expanded (abstract-supported),OpenAlex,W3020936112
OC04.03: Telerobotic ultrasound to remotely provide obstetrical ultrasound services during the COVID‐19 pandemic,2020,2020-10-01,10.1002/uog.22222,,https://doi.org/10.1002/uog.22222,Ultrasound in Obstetrics and Gynecology,0,A1,Robotic ultrasound / sonography,机器人超声/超声扫查,Core (title-explicit),OpenAlex; Europe PMC,W3094501585; PMC:PMC7675643
Personalised three‐dimensional printed transparent kidney model for robot‐assisted partial nephrectomy in patients with complex renal tumours (R.E.N.A.L. nephrometry score ≥7): a prospective case‐matched study,2020,2020-11-04,10.1111/bju.15275,33064867.0,https://doi.org/10.1111/bju.15275,British Journal of Urology,17,A1,Robotic ultrasound / sonography,机器人超声/超声扫查,Expanded (abstract-supported),OpenAlex; Europe PMC,W3111169874; MED:33064867
Pilot Study of Robot-Assisted Teleultrasound Based on 5G Network: A New Feasible Strategy for Early Imaging Assessment During COVID-19 Pandemic,2020,2020-09-03,10.1109/tuffc.2020.3020721,32881685.0,https://doi.org/10.1109/tuffc.2020.3020721,IEEE Transactions on Ultrasonics Ferroelectrics and Frequency Control,69,A1,Robotic ultrasound / sonography,机器人超声/超声扫查,Expanded (abstract-supported),OpenAlex; Europe PMC,MED:32881685; W3082132120
Robot-Assisted Semi-Autonomous Ultrasound Imaging With Tactile Sensing and Convolutional Neural-Networks,2020,2020-12-24,10.1109/tmrb.2020.3047154,,https://doi.org/10.1109/tmrb.2020.3047154,IEEE Transactions on Medical Robotics and Bionics,18,A1,Robotic ultrasound / sonography,机器人超声/超声扫查,Core (title-explicit),OpenAlex,W3113980039
Robot-assisted Ultrasound-guided Tracking of Anatomical Structures for the Application of Focused Ultrasound,2020,2020-09-01,10.1515/cdbme-2020-3032,,https://doi.org/10.1515/cdbme-2020-3032,Current Directions in Biomedical Engineering,10,A1,Robotic ultrasound / sonography,机器人超声/超声扫查,Core (title-explicit),OpenAlex,W3130196539
Robot-assisted ultrasound navigation platform for 3D HIFU treatment planning: Initial evaluation for conformal interstitial ablation,2020,2020-08-01,10.1016/j.compbiomed.2020.103941,32818742.0,https://doi.org/10.1016/j.compbiomed.2020.103941,Computers in Biology and Medicine,10,A1,Robotic ultrasound / sonography,机器人超声/超声扫查,Core (title-explicit),OpenAlex; Europe PMC,MED:32818742; W3046583476
Robotic Ultrasound Tomography and Collaborative Control,2020,2020-05-08,,,https://openalex.org/W3093225697,,0,A1,Robotic ultrasound / sonography,机器人超声/超声扫查,Core (title-explicit),OpenAlex,W3093225697
Robotized Ultrasound Imaging of the Peripheral Arteries -- a Phantom\n Study,2020,2020-07-13,10.48550/arxiv.2007.06278,,https://doi.org/10.48550/arxiv.2007.06278,arXiv (Cornell University),0,A1,Robotic ultrasound / sonography,机器人超声/超声扫查,Core (title-explicit),OpenAlex,W4286787701
Robotized ultrasound imaging of the peripheral arteries – a phantom study,2020,2020-09-01,10.1515/cdbme-2020-0033,,https://doi.org/10.1515/cdbme-2020-0033,DOAJ (DOAJ: Directory of Open Access Journals),14,A1,Robotic ultrasound / sonography,机器人超声/超声扫查,Core (title-explicit),OpenAlex,W3091414563; W3041904324
Role of 5G-powered remote robotic ultrasound during the COVID-19 outbreak: insights from two cases.,2020,2020-07-01,10.26355/eurrev_202007_22283,32744706.0,https://doi.org/10.26355/eurrev_202007_22283,PubMed,21,A1,Robotic ultrasound / sonography,机器人超声/超声扫查,Core (title-explicit),OpenAlex; Europe PMC,W3046590135; MED:32744706
Role of intraoperative ultrasound in robotic-assisted radical nephrectomy with inferior vena cava thrombectomy in renal cell carcinoma,2020,2020-03-05,10.1007/s00345-020-03141-y,,https://doi.org/10.1007/s00345-020-03141-y,World Journal of Urology,11,A1,Robotic ultrasound / sonography,机器人超声/超声扫查,Expanded (abstract-supported),OpenAlex,W3009982958
Sonography of the Lungs: Diagnosis and Surveillance of Patients With COVID-19,2020,2020-04-21,10.1177/8756479320917107,,https://doi.org/10.1177/8756479320917107,Journal of diagnostic medical sonography,22,A1,Robotic ultrasound / sonography,机器人超声/超声扫查,Expanded (abstract-supported),OpenAlex,W3017340315
Telerobotic Sonography for Remote Diagnostic Imaging,2020,2020-10-14,10.1002/jum.15525,33058242.0,https://doi.org/10.1002/jum.15525,Journal of Ultrasound in Medicine,50,A1,Robotic ultrasound / sonography,机器人超声/超声扫查,Core (title-explicit),OpenAlex; Europe PMC,MED:33058242; W3092867968
Telerobotic ultrasound to provide obstetrical ultrasound services remotely during the COVID-19 pandemic,2020,2020-10-20,10.1177/1357633x20965422,33076753.0,https://doi.org/10.1177/1357633x20965422,Journal of Telemedicine and Telecare,48,A1,Robotic ultrasound / sonography,机器人超声/超声扫查,Core (title-explicit),OpenAlex; Europe PMC,W3092780268; MED:33076753
Towards the automation of robotic ultrasound scanning : using simulation to tune and test optimal robot control during tissue interaction,2020,2020-06-06,,,https://openalex.org/W3193311957,,0,A1,Robotic ultrasound / sonography,机器人超声/超声扫查,Core (title-explicit),OpenAlex,W3193311957
A Constant-Force End-Effector With Online Force Adjustment for Robotic Ultrasonography,2021,2021-02-23,10.1109/lra.2021.3061329,33748416.0,https://doi.org/10.1109/lra.2021.3061329,IEEE Robotics and Automation Letters,29,A1,Robotic ultrasound / sonography,机器人超声/超声扫查,Core (title-explicit),OpenAlex; Europe PMC,MED:33748416; W3130510843
A Toolkit for Haptic Force Feedback in a Telerobotic Ultrasound System,2021,2021-06-24,10.21203/rs.3.rs-646007/v1,34689794.0,https://doi.org/10.21203/rs.3.rs-646007/v1,Research Square,2,A1,Robotic ultrasound / sonography,机器人超声/超声扫查,Core (title-explicit),OpenAlex; Europe PMC,W3177182816; PPR:PPR361170; W4232569186; MED:34689794
A novel complementation method of an acoustic shadow region utilizing a convolutional neural network for ultrasound-guided therapy,2021,2021-11-21,10.1007/s11548-021-02525-8,34802143.0,https://doi.org/10.1007/s11548-021-02525-8,International Journal of Computer Assisted Radiology and Surgery,3,A1,Robotic ultrasound / sonography,机器人超声/超声扫查,Expanded (abstract-supported),OpenAlex; Europe PMC,W3216446656; MED:34802143
An Improved Sensing Method of a Robotic Ultrasound System for Real-Time Force and Angle Calibration,2021,2021-04-22,10.3390/s21092927,33922012.0,https://doi.org/10.3390/s21092927,Sensors,14,A1,Robotic ultrasound / sonography,机器人超声/超声扫查,Core (title-explicit),OpenAlex; Europe PMC,MED:33922012; W3155267607
Artificial Intelligence and Robotics in Regional Anaesthesia: Do they have a role?,2021,2021-01-01,10.22514/sv.2021.192,,https://doi.org/10.22514/sv.2021.192,Signa Vitae,4,A1,Robotic ultrasound / sonography,机器人超声/超声扫查,Expanded (abstract-supported),OpenAlex,W3199196557
Automatic 3-D Imaging and Measurement of Human Spines With a Robotic Ultrasound System,2021,2021-01-01,10.1109/tim.2021.3085110,,https://doi.org/10.1109/tim.2021.3085110,IEEE Transactions on Instrumentation and Measurement,48,A1,Robotic ultrasound / sonography,机器人超声/超声扫查,Core (title-explicit),OpenAlex,W3171622331
Autonomic Robotic Ultrasound Imaging System Based on Reinforcement Learning,2021,2021-01-26,10.1109/tbme.2021.3054413,33497322.0,https://doi.org/10.1109/tbme.2021.3054413,IEEE Transactions on Biomedical Engineering,94,A1,Robotic ultrasound / sonography,机器人超声/超声扫查,Core (title-explicit),OpenAlex; Europe PMC,MED:33497322; W3125472763
Autonomous Scanning Target Localization for Robotic Lung Ultrasound Imaging.,2021,2021-09-01,10.1109/iros51168.2021.9635902,35965637.0,https://doi.org/10.1109/iros51168.2021.9635902,Proceedings of the ... IEEE/RSJ International Conference on Intelligent Robots and Systems. IEEE/RSJ International Conference on Intelligent Robots and Systems,11,A1,Robotic ultrasound / sonography,机器人超声/超声扫查,Expanded (abstract-supported),Europe PMC,MED:35965637
Erratum: Use of 3D Robotic Ultrasound for In Vivo Analysis of Mouse Kidneys.,2021,2021-10-06,10.3791/6479,34612855.0,https://doi.org/10.3791/6479,Journal of visualized experiments : JoVE,0,A1,Robotic ultrasound / sonography,机器人超声/超声扫查,Core (title-explicit),Europe PMC,MED:34612855
Force-guided autonomous robotic ultrasound scanning control method for soft uncertain environment,2021,2021-08-09,10.1007/s11548-021-02462-6,34373973.0,https://doi.org/10.1007/s11548-021-02462-6,International Journal of Computer Assisted Radiology and Surgery,35,A1,Robotic ultrasound / sonography,机器人超声/超声扫查,Core (title-explicit),OpenAlex; Europe PMC,W3191221135; MED:34373973
Highlights of the development in ultrasound during the last 70 years: A historical review,2021,2021-11-01,10.1177/02841851211050859,,https://doi.org/10.1177/02841851211050859,Acta Radiologica,43,A1,Robotic ultrasound / sonography,机器人超声/超声扫查,Expanded (abstract-supported),OpenAlex,W3213917921
Image-Guided Navigation of a Robotic Ultrasound Probe for Autonomous Spinal Sonography Using a Shadow-aware Dual-Agent Framework,2021,2021-11-03,10.1109/tmrb.2021.3127015,,https://doi.org/10.1109/tmrb.2021.3127015,arXiv (Cornell University),45,A1,Robotic ultrasound / sonography,机器人超声/超声扫查,Core (title-explicit),OpenAlex,W3213118596; W3209068503
"Improving access to ultrasound imaging in northern, remote communities",2021,2021-08-01,,,https://openalex.org/W3196345917,University Library - University of Saskatchewan (University of Saskatchewan),0,A1,Robotic ultrasound / sonography,机器人超声/超声扫查,Expanded (abstract-supported),OpenAlex,W3196345917
Industrial robot-based system design of thickness scanning measurement using ultrasonic,2021,2021-05-12,10.5194/ms-12-479-2021,,https://doi.org/10.5194/ms-12-479-2021,Mechanical sciences,6,A1,Robotic ultrasound / sonography,机器人超声/超声扫查,Expanded (abstract-supported),OpenAlex,W3161212107
Integrating robot‐assisted ultrasound tracking and 3D needle shape prediction for real‐time tracking of the needle tip in needle steering procedures,2021,2021-05-06,10.1002/rcs.2272,33951748.0,https://doi.org/10.1002/rcs.2272,International Journal of Medical Robotics and Computer Assisted Surgery,29,A1,Robotic ultrasound / sonography,机器人超声/超声扫查,Expanded (abstract-supported),OpenAlex; Europe PMC,MED:33951748; W3157172568
Kinematic Optimization for the Design of a Collaborative Robot End-Effector for Tele-Echography,2021,2021-01-01,10.3390/robotics10010008,,https://doi.org/10.3390/robotics10010008,Robotics,8,A1,Robotic ultrasound / sonography,机器人超声/超声扫查,Expanded (abstract-supported),OpenAlex,W3116369102
Learning Robotic Ultrasound Scanning Skills via Human Demonstrations and Guided Explorations,2021,2021-11-02,10.48550/arxiv.2111.01625,,https://doi.org/10.48550/arxiv.2111.01625,arXiv (Cornell University),1,A1,Robotic ultrasound / sonography,机器人超声/超声扫查,Core (title-explicit),OpenAlex,W4309444529
Medical Robotics for Ultrasound Imaging: Current Systems and Future Trends,2021,2021-02-22,10.1007/s43154-020-00037-y,34977593.0,https://doi.org/10.1007/s43154-020-00037-y,Current Robotics Reports,134,A1,Robotic ultrasound / sonography,机器人超声/超声扫查,Expanded (abstract-supported),OpenAlex; Europe PMC,W3133068115; MED:34977593
Mirage of Emerging Medical Technologies for Remote Diagnosis and Monitoring,2021,2021-09-01,,,https://openalex.org/W4380142410,DOAJ (DOAJ: Directory of Open Access Journals),0,A1,Robotic ultrasound / sonography,机器人超声/超声扫查,Expanded (abstract-supported),OpenAlex,W4380142410
Preliminary examination of the potential of robot-assisted sonography - An ergonomic tool for obstetric sonographers,2021,2021-06-11,10.1016/j.apergo.2021.103479,34126571.0,https://doi.org/10.1016/j.apergo.2021.103479,Applied Ergonomics,12,A1,Robotic ultrasound / sonography,机器人超声/超声扫查,Core (title-explicit),OpenAlex; Europe PMC,MED:34126571; W3169802070
Probe contact forces during obstetric ultrasound scans - A design parameter for robot-assisted ultrasound,2021,2021-09-30,10.1016/j.ergon.2021.103224,,https://doi.org/10.1016/j.ergon.2021.103224,International Journal of Industrial Ergonomics,10,A1,Robotic ultrasound / sonography,机器人超声/超声扫查,Core (title-explicit),OpenAlex,W3199866477
Quantitative Evaluation of a Telerobotic System for Vascular Ultrasound Measurement on a Short Arm Human Centrifuge,2021,2021-01-23,10.1007/s12217-020-09850-8,33519098.0,https://doi.org/10.1007/s12217-020-09850-8,Microgravity Science and Technology,6,A1,Robotic ultrasound / sonography,机器人超声/超声扫查,Core (title-explicit),OpenAlex; Europe PMC,MED:33519098; W3121663886
RobUSt–An Autonomous Robotic Ultrasound System for Medical Imaging,2021,2021-01-01,10.1109/access.2021.3077037,,https://doi.org/10.1109/access.2021.3077037,IEEE Access,60,A1,Robotic ultrasound / sonography,机器人超声/超声扫查,Core (title-explicit),OpenAlex,W3159554907
Robot-assisted Magnetic Resonance Imaging-ultrasound Fusion Transperineal Targeted Biopsy,2021,2021-06-26,10.1016/j.urology.2021.06.008,34186128.0,https://doi.org/10.1016/j.urology.2021.06.008,Urology,6,A1,Robotic ultrasound / sonography,机器人超声/超声扫查,Expanded (abstract-supported),OpenAlex; Europe PMC,MED:34186128; W3173845577
Robot-assisted biopsies on mr-detected lesions,2021,2021-12-16,10.3990/1.9789036553223,,https://doi.org/10.3990/1.9789036553223,,0,A1,Robotic ultrasound / sonography,机器人超声/超声扫查,Expanded (abstract-supported),OpenAlex,W4200018010
Robotic Ultrasound Scanning With Real-Time Image-Based Force Adjustment: Quick Response for Enabling Physical Distancing During the COVID-19 Pandemic,2021,2021-03-22,10.3389/frobt.2021.645424,33829043.0,https://doi.org/10.3389/frobt.2021.645424,Frontiers in Robotics and AI,41,A1,Robotic ultrasound / sonography,机器人超声/超声扫查,Core (title-explicit),OpenAlex; Europe PMC,MED:33829043; W3139460796
Tele-Operative Low-Cost Robotic Lung Ultrasound Scanning Platform for Triage of COVID-19 Patients,2021,2021-03-24,10.1109/lra.2021.3068702,34532570.0,https://doi.org/10.1109/lra.2021.3068702,IEEE Robotics and Automation Letters,55,A1,Robotic ultrasound / sonography,机器人超声/超声扫查,Expanded (abstract-supported),OpenAlex; Europe PMC,MED:34532570; W3094155404
Tele-operated robotic ultrasound system for medical diagnosis,2021,2021-07-16,10.1016/j.bspc.2021.102900,,https://doi.org/10.1016/j.bspc.2021.102900,Biomedical Signal Processing and Control,39,A1,Robotic ultrasound / sonography,机器人超声/超声扫查,Core (title-explicit),OpenAlex,W3185513125
Three-Dimensional Carpal Arch Morphology Using Robot-Assisted Ultrasonography,2021,2021-08-30,10.1109/tbme.2021.3108720,34460363.0,https://doi.org/10.1109/tbme.2021.3108720,IEEE Transactions on Biomedical Engineering,10,A1,Robotic ultrasound / sonography,机器人超声/超声扫查,Core (title-explicit),OpenAlex; Europe PMC,MED:34460363; W3196345461
Towards Fully Autonomous Ultrasound Scanning Robot With Imitation Learning Based on Clinical Protocols,2021,2021-03-08,10.1109/lra.2021.3064283,,https://doi.org/10.1109/lra.2021.3064283,IEEE Robotics and Automation Letters,69,A1,Robotic ultrasound / sonography,机器人超声/超声扫查,Core (title-explicit),OpenAlex,W3135545534
Towards automated ultrasound imaging—robotic image acquisition in liver and prostate for long-term motion monitoring,2021,2021-03-26,10.1088/1361-6560/abf277,33770768.0,https://doi.org/10.1088/1361-6560/abf277,Physics in Medicine and Biology,39,A1,Robotic ultrasound / sonography,机器人超声/超声扫查,Expanded (abstract-supported),OpenAlex; Europe PMC,W3139404660; MED:33770768
Use of 3D Robotic Ultrasound for &lt;em&gt;In Vivo&lt;/em&gt; Analysis of Mouse Kidneys,2021,2021-08-12,10.3791/62682,34459826.0,https://doi.org/10.3791/62682,Journal of Visualized Experiments,3,A1,Robotic ultrasound / sonography,机器人超声/超声扫查,Core (title-explicit),OpenAlex; Europe PMC,W4213021067; W3194833211; MED:34459826
34 - Transrectal ultrasound guided hydro dissection of the rectum-vesicular layer before robot assisted radical prostatectomy: Proposal of a new technique to improve early recovery of continence,2022,2022-06-01,10.1016/j.cont.2022.100075,,https://doi.org/10.1016/j.cont.2022.100075,Continence,0,A1,Robotic ultrasound / sonography,机器人超声/超声扫查,Expanded (abstract-supported),OpenAlex,W4283168291
A Flexible and Fully Autonomous Breast Ultrasound Scanning System,2022,2022-07-15,10.1109/tase.2022.3189339,,https://doi.org/10.1109/tase.2022.3189339,IEEE Transactions on Automation Science and Engineering,38,A1,Robotic ultrasound / sonography,机器人超声/超声扫查,Core (title-explicit),OpenAlex,W4285505126
A Telerobotic Ultrasound Clinic Model of Ultrasound Service Delivery to Improve Access to Imaging in Rural and Remote Communities,2022,2022-01-01,10.1016/j.jacr.2021.07.023,35033305.0,https://doi.org/10.1016/j.jacr.2021.07.023,Journal of the American College of Radiology,30,A1,Robotic ultrasound / sonography,机器人超声/超声扫查,Core (title-explicit),OpenAlex; Europe PMC,MED:35033305; W4206000389
A VS ultrasound diagnostic system with kidney image evaluation functions,2022,2022-10-05,10.1007/s11548-022-02759-0,36198998.0,https://doi.org/10.1007/s11548-022-02759-0,International Journal of Computer Assisted Radiology and Surgery,9,A1,Robotic ultrasound / sonography,机器人超声/超声扫查,Expanded (abstract-supported),OpenAlex; Europe PMC,MED:36198998; W4302027115
A multimodal user interface for touchless control of robotic ultrasound,2022,2022-12-24,10.1007/s11548-022-02810-0,36565368.0,https://doi.org/10.1007/s11548-022-02810-0,International Journal of Computer Assisted Radiology and Surgery,14,A1,Robotic ultrasound / sonography,机器人超声/超声扫查,Core (title-explicit),OpenAlex; Europe PMC,W4312129163; MED:36565368
A-SEE: Active-Sensing End-Effector Enabled Probe Self-Normal-Positioning for Robotic Ultrasound Imaging Applications,2022,2022-10-01,10.1109/lra.2022.3218183,37325198.0,https://doi.org/10.1109/lra.2022.3218183,IEEE Robotics and Automation Letters,29,A1,Robotic ultrasound / sonography,机器人超声/超声扫查,Core (title-explicit),OpenAlex; Europe PMC,MED:37325198; W4309326651
AI-based optimization for US-guided radiation therapy of the prostate,2022,2022-05-20,10.1007/s11548-022-02664-6,35593988.0,https://doi.org/10.1007/s11548-022-02664-6,International Journal of Computer Assisted Radiology and Surgery,4,A1,Robotic ultrasound / sonography,机器人超声/超声扫查,Expanded (abstract-supported),OpenAlex; Europe PMC,MED:35593988; W4281252766
Acoustic Shadowing Aware Robotic Ultrasound: Lighting up the Dark,2022,2022-01-10,10.1109/lra.2022.3141451,,https://doi.org/10.1109/lra.2022.3141451,IEEE Robotics and Automation Letters,9,A1,Robotic ultrasound / sonography,机器人超声/超声扫查,Core (title-explicit),OpenAlex,W4206018727
Automatic Generation of Autonomous Ultrasound Scanning Trajectory Based on 3-D Point Cloud,2022,2022-11-01,10.1109/tmrb.2022.3214493,,https://doi.org/10.1109/tmrb.2022.3214493,IEEE Transactions on Medical Robotics and Bionics,24,A1,Robotic ultrasound / sonography,机器人超声/超声扫查,Core (title-explicit),OpenAlex,W4309677235
Clinical application of a 5G-based telerobotic ultrasound system for thyroid examination on a rural island: a prospective study,2022,2022-02-18,10.1007/s12020-022-03011-0,35182363.0,https://doi.org/10.1007/s12020-022-03011-0,Endocrine,19,A1,Robotic ultrasound / sonography,机器人超声/超声扫查,Core (title-explicit),OpenAlex; Europe PMC,MED:35182363; W4213060782
Current Applications of Robot-Assisted Ultrasound Examination,2022,2022-10-19,10.1016/j.jcmg.2022.07.018,36648034.0,https://doi.org/10.1016/j.jcmg.2022.07.018,JACC. Cardiovascular imaging,39,A1,Robotic ultrasound / sonography,机器人超声/超声扫查,Core (title-explicit),OpenAlex; Europe PMC,W4306827115; MED:36648034
Development and Testing of a Durable and Novel Breast Phantom for Robotic Autonomous Ultrasound Systems,2022,2022-11-16,10.1142/s2424905x22410100,,https://doi.org/10.1142/s2424905x22410100,Journal of Medical Robotics Research,2,A1,Robotic ultrasound / sonography,机器人超声/超声扫查,Core (title-explicit),OpenAlex,W4309324755
Digital Twin-Based Skill Training With a Hands-On User Interaction Device to Assist in Manual and Robotic Ultrasound Scanning,2022,2022-01-01,10.1109/jrfid.2022.3205049,,https://doi.org/10.1109/jrfid.2022.3205049,IEEE Journal of Radio Frequency Identification,12,A1,Robotic ultrasound / sonography,机器人超声/超声扫查,Core (title-explicit),OpenAlex,W4294982489
Dose- and time-dependent effects of collagenase clostridium histolyticum injection on transverse carpal ligament elastic modulus and thickness in vitro,2022,2022-12-01,10.1371/journal.pone.0277187,36454942.0,https://doi.org/10.1371/journal.pone.0277187,PLoS ONE,0,A1,Robotic ultrasound / sonography,机器人超声/超声扫查,Expanded (abstract-supported),OpenAlex; Europe PMC,MED:36454942; W4310529693
Economic Evaluation of Telerobotic Ultrasound Technology to Remotely Provide Ultrasound Services in Rural and Remote Communities,2022,2022-07-30,10.1002/jum.16070,35906950.0,https://doi.org/10.1002/jum.16070,Journal of Ultrasound in Medicine,12,A1,Robotic ultrasound / sonography,机器人超声/超声扫查,Core (title-explicit),OpenAlex; Europe PMC,MED:35906950; W4288902617
Follow the Curve: Robotic Ultrasound Navigation With Learning-Based Localization of Spinous Processes for Scoliosis Assessment,2022,2022-01-01,10.1109/access.2022.3165936,,https://doi.org/10.1109/access.2022.3165936,IEEE Access,28,A1,Robotic ultrasound / sonography,机器人超声/超声扫查,Core (title-explicit),OpenAlex,W4298197250; W3201252943
Full-Coverage Path Planning and Stable Interaction Control for Automated Robotic Breast Ultrasound Scanning,2022,2022-09-13,10.1109/tie.2022.3204967,,https://doi.org/10.1109/tie.2022.3204967,IEEE Transactions on Industrial Electronics,56,A1,Robotic ultrasound / sonography,机器人超声/超声扫查,Expanded (abstract-supported),OpenAlex,W4295832261
Functional and surgical outcomes of Aquablation in elderly men,2022,2022-08-30,10.1007/s00345-022-04137-6,36040501.0,https://doi.org/10.1007/s00345-022-04137-6,World Journal of Urology,16,A1,Robotic ultrasound / sonography,机器人超声/超声扫查,Expanded (abstract-supported),OpenAlex; Europe PMC,MED:36040501; W4293553773
Impedance Control on Arbitrary Surfaces for Ultrasound Scanning Using Discrete Differential Geometry,2022,2022-06-22,10.1109/lra.2022.3184800,,https://doi.org/10.1109/lra.2022.3184800,IEEE Robotics and Automation Letters,29,A1,Robotic ultrasound / sonography,机器人超声/超声扫查,Expanded (abstract-supported),OpenAlex,W4285307466
Intravascular Tracking of Micro-Agents Using Medical Ultrasound: Towards Clinical Applications,2022,2022-05-23,10.1109/tbme.2022.3176746,35604994.0,https://doi.org/10.1109/tbme.2022.3176746,IEEE Transactions on Biomedical Engineering,18,A1,Robotic ultrasound / sonography,机器人超声/超声扫查,Expanded (abstract-supported),OpenAlex; Europe PMC,W4282921429; MED:35604994
Learning ultrasound scanning skills from human demonstrations,2022,2022-06-27,10.1007/s11432-021-3363-0,,https://doi.org/10.1007/s11432-021-3363-0,Science China Information Sciences,12,A1,Robotic ultrasound / sonography,机器人超声/超声扫查,Expanded (abstract-supported),OpenAlex,W3214604758; W4225634427
MP01-16 FUNCTIONAL AND SURGICAL OUTCOMES OF AQUABLATION IN ELDERLY MEN,2022,2022-04-07,10.1097/ju.0000000000002513.16,,https://doi.org/10.1097/ju.0000000000002513.16,The Journal of Urology,0,A1,Robotic ultrasound / sonography,机器人超声/超声扫查,Expanded (abstract-supported),OpenAlex,W4225259944
Medical Ultrasound Image Quality Assessment for Autonomous Robotic Screening,2022,2022-04-26,10.1109/lra.2022.3170209,,https://doi.org/10.1109/lra.2022.3170209,IEEE Robotics and Automation Letters,22,A1,Robotic ultrasound / sonography,机器人超声/超声扫查,Expanded (abstract-supported),OpenAlex,W4226514657
Novel Translational Approaches To Study Kidney Disease,2022,2022-08-30,10.3791/64711,,https://doi.org/10.3791/64711,Journal of Visualized Experiments,0,A1,Robotic ultrasound / sonography,机器人超声/超声扫查,Expanded (abstract-supported),OpenAlex,W4317823535
Precise Repositioning of Robotic Ultrasound: Improving Registration-Based Motion Compensation Using Ultrasound Confidence Optimization,2022,2022-01-01,10.1109/tim.2022.3200360,,https://doi.org/10.1109/tim.2022.3200360,IEEE Transactions on Instrumentation and Measurement,40,A1,Robotic ultrasound / sonography,机器人超声/超声扫查,Core (title-explicit),OpenAlex,W4292793935
Quantitative stiffness assessment of cardiac grafts using ultrasound in a porcine model: A tissue biomarker for heart transplantation,2022,2022-08-03,10.1016/j.ebiom.2022.104201,,https://doi.org/10.1016/j.ebiom.2022.104201,EBioMedicine,11,A1,Robotic ultrasound / sonography,机器人超声/超声扫查,Expanded (abstract-supported),OpenAlex,W4289636889
ROBotic assisted UltraSonography sysTem (ROBUST)for radiographers in the healthcare industry,2022,2022-06-22,10.1016/j.jmir.2022.03.098,,https://doi.org/10.1016/j.jmir.2022.03.098,Journal of medical imaging and radiation sciences,0,A1,Robotic ultrasound / sonography,机器人超声/超声扫查,Core (title-explicit),OpenAlex,W4283276325
RSV: Robotic Sonography for Thyroid Volumetry,2022,2022-01-27,10.1109/lra.2022.3146542,,https://doi.org/10.1109/lra.2022.3146542,IEEE Robotics and Automation Letters,30,A1,Robotic ultrasound / sonography,机器人超声/超声扫查,Core (title-explicit),OpenAlex,W4210703720; W4226269459
Redundancy Exploitation of an 8-DoF Robotic Assistant for Doppler Sonography,2022,2022-01-24,10.3390/act11020033,,https://doi.org/10.3390/act11020033,Actuators,5,A1,Robotic ultrasound / sonography,机器人超声/超声扫查,Expanded (abstract-supported),OpenAlex,W4210335571
Reliability of Robotic Ultrasound Scanning for Scoliosis Assessment in Comparison with Manual Scanning,2022,2022-05-07,10.48550/arxiv.2205.03566,,https://doi.org/10.48550/arxiv.2205.03566,arXiv (Cornell University),0,A1,Robotic ultrasound / sonography,机器人超声/超声扫查,Core (title-explicit),OpenAlex,W4280573505
Robot-assisted Ultrasound Reconstruction for Minimally Invasive Spine Surgery: from Bench-top to Pre-clinical Study,2022,2022-11-09,10.36227/techrxiv.21511521.v1,,https://doi.org/10.36227/techrxiv.21511521.v1,,4,A1,Robotic ultrasound / sonography,机器人超声/超声扫查,Core (title-explicit),OpenAlex,W4308718892
Robotic CME in obese patients: advantage of robotic ultrasound scan for vascular dissection,2022,2022-04-15,10.1007/s11701-022-01398-6,35428945.0,https://doi.org/10.1007/s11701-022-01398-6,Journal of Robotic Surgery,10,A1,Robotic ultrasound / sonography,机器人超声/超声扫查,Core (title-explicit),OpenAlex; Europe PMC,W4224026819; MED:35428945
Robotic ultrasound: An initial feasibility study,2022,2022-07-14,10.5662/wjm.v12.i4.274,36159101.0,https://doi.org/10.5662/wjm.v12.i4.274,World Journal of Methodology,11,A1,Robotic ultrasound / sonography,机器人超声/超声扫查,Core (title-explicit),OpenAlex; Europe PMC,MED:36159101; W4285385385
SAPM: Self-Adaptive Parallel Manipulator With Pose and Force Adjustment for Robotic Ultrasonography,2022,2022-11-14,10.1109/tie.2022.3220864,37323755.0,https://doi.org/10.1109/tie.2022.3220864,IEEE Transactions on Industrial Electronics,18,A1,Robotic ultrasound / sonography,机器人超声/超声扫查,Core (title-explicit),OpenAlex; Europe PMC,MED:37323755; W4312892945
Spatial Relationship of the Median Nerve and Transverse Carpal Ligament in Asymptomatic Hands,2022,2022-11-23,10.1115/1.4056290,36416297.0,https://doi.org/10.1115/1.4056290,Journal of Biomechanical Engineering,3,A1,Robotic ultrasound / sonography,机器人超声/超声扫查,Expanded (abstract-supported),OpenAlex; Europe PMC,MED:36416297; W4309765402
Strategy for automatic ultrasound (US) probe positioning in robot-assisted ultrasound guided radiation therapy,2022,2022-12-30,10.1088/1361-6560/acaf46,36584398.0,https://doi.org/10.1088/1361-6560/acaf46,Physics in Medicine and Biology,4,A1,Robotic ultrasound / sonography,机器人超声/超声扫查,Core (title-explicit),OpenAlex; Europe PMC,MED:36584398; W4313339806
Study on automatic ultrasound scanning of lumbar spine and visualization system for path planning in lumbar puncture surgery,2022,2022-01-01,10.3934/mbe.2023028,,https://doi.org/10.3934/mbe.2023028,Mathematical Biosciences & Engineering,7,A1,Robotic ultrasound / sonography,机器人超声/超声扫查,Expanded (abstract-supported),OpenAlex,W4312695376
The lateral meniscus extrudes with and without root tear evaluated using ultrasound,2022,2022-09-29,10.1016/j.jisako.2022.08.001,,https://doi.org/10.1016/j.jisako.2022.08.001,Journal of ISAKOS Joint Disorders & Orthopaedic Sports Medicine,10,A1,Robotic ultrasound / sonography,机器人超声/超声扫查,Expanded (abstract-supported),OpenAlex,W4297535984
Total robotic lateral pancreaticojejunostomy and modified Frey’s procedure for chronic calcific pancreatitis,2022,2022-12-23,10.1007/s00423-022-02735-x,36576590.0,https://doi.org/10.1007/s00423-022-02735-x,Langenbeck s Archives of Surgery,1,A1,Robotic ultrasound / sonography,机器人超声/超声扫查,Expanded (abstract-supported),OpenAlex; Europe PMC,W4312223245; MED:36576590
Towards Autonomous Atlas-Based Ultrasound Acquisitions in Presence of Articulated Motion,2022,2022-06-08,10.1109/lra.2022.3180440,,https://doi.org/10.1109/lra.2022.3180440,IEEE Robotics and Automation Letters,37,A1,Robotic ultrasound / sonography,机器人超声/超声扫查,Core (title-explicit),OpenAlex,W4285194566; W4290855801
Towards Autonomous Robotic Minimally Invasive Ultrasound Scanning and Vessel Reconstruction on Non-Planar Surfaces,2022,2022-10-11,10.3389/frobt.2022.940062,36304794.0,https://doi.org/10.3389/frobt.2022.940062,Frontiers in Robotics and AI,14,A1,Robotic ultrasound / sonography,机器人超声/超声扫查,Core (title-explicit),OpenAlex; Europe PMC,W4304187370; MED:36304794
Towards a real-time control of robotic ultrasound using haptic force feedback,2022,2022-07-01,10.1515/cdbme-2022-0021,,https://doi.org/10.1515/cdbme-2022-0021,Current Directions in Biomedical Engineering,8,A1,Robotic ultrasound / sonography,机器人超声/超声扫查,Core (title-explicit),OpenAlex,W4288738263
V05-01 3D AUGMENTED REALITY-GUIDED ROBOTIC-ASSISTED KIDNEY TRANSPLANTATION: REVEALING THE CONCEALED,2022,2022-04-07,10.1097/ju.0000000000002579.01,,https://doi.org/10.1097/ju.0000000000002579.01,The Journal of Urology,0,A1,Robotic ultrasound / sonography,机器人超声/超声扫查,Expanded (abstract-supported),OpenAlex,W4226461783
Varying rate adaptive hybrid position–impedance control for robot-assisted ultrasonic examination system,2022,2022-06-20,10.5194/ms-13-559-2022,,https://doi.org/10.5194/ms-13-559-2022,Mechanical sciences,5,A1,Robotic ultrasound / sonography,机器人超声/超声扫查,Expanded (abstract-supported),OpenAlex,W4283218703
[Comprehensive evaluation method of real-time non-reference ultrasound image involving soft tissue deformation].,2022,2022-06-25,10.7507/1001-5515.202011077,35788517.0,https://doi.org/10.7507/1001-5515.202011077,PubMed,0,A1,Robotic ultrasound / sonography,机器人超声/超声扫查,Expanded (abstract-supported),OpenAlex; Europe PMC,MED:35788517; W4283824880
5G-Based Telerobotic Ultrasound System Improves Access to Breast Examination in Rural and Remote Areas: A Prospective and Two-Scenario Study,2023,2023-01-18,10.3390/diagnostics13030362,36766467.0,https://doi.org/10.3390/diagnostics13030362,Diagnostics,21,A1,Robotic ultrasound / sonography,机器人超声/超声扫查,Core (title-explicit),OpenAlex; Europe PMC,W4317517871; MED:36766467
A 5G-based telerobotic ultrasound system provides qualified abdominal ultrasound services for patients on a rural island: a prospective and comparative study of 401 patients,2023,2023-12-15,10.1007/s00261-023-04123-5,38102443.0,https://doi.org/10.1007/s00261-023-04123-5,Abdominal Radiology,15,A1,Robotic ultrasound / sonography,机器人超声/超声扫查,Core (title-explicit),OpenAlex; Europe PMC,W4389778127; MED:38102443
A Model to Predict Deflection of an Active Tendon-Driven Notched Needle Inside Soft Tissue,2023,2023-08-17,10.1115/1.4063205,37860157.0,https://doi.org/10.1115/1.4063205,Journal of Engineering and Science in Medical Diagnostics and Therapy,10,A1,Robotic ultrasound / sonography,机器人超声/超声扫查,Expanded (abstract-supported),OpenAlex; Europe PMC,W4385952219; MED:37860157
A novel recognition of artificial intelligence in regional anaesthesia,2023,2023-06-01,10.1097/dm-2023-00003,,https://doi.org/10.1097/dm-2023-00003,Digital Medicine,2,A1,Robotic ultrasound / sonography,机器人超声/超声扫查,Expanded (abstract-supported),OpenAlex,W4381136762
APP-RUSS: Automated Path Planning for Robotic Ultrasound System,2023,2023-10-22,10.48550/arxiv.2310.14297,,https://doi.org/10.48550/arxiv.2310.14297,arXiv (Cornell University),0,A1,Robotic ultrasound / sonography,机器人超声/超声扫查,Core (title-explicit),OpenAlex,W4387928969
An Artificial Intelligence-Aided Robotic Platform for Ultrasound-Guided Transcarotid Revascularization,2023,2023-03-02,10.1109/lra.2023.3251844,,https://doi.org/10.1109/lra.2023.3251844,IEEE Robotics and Automation Letters,30,A1,Robotic ultrasound / sonography,机器人超声/超声扫查,Expanded (abstract-supported),OpenAlex,W4323022362
An Ultra-Fast Intrinsic Contact Sensing Method for Medical Instruments With Arbitrary Shape,2023,2023-09-07,10.1109/lra.2023.3313067,,https://doi.org/10.1109/lra.2023.3313067,IEEE Robotics and Automation Letters,6,A1,Robotic ultrasound / sonography,机器人超声/超声扫查,Expanded (abstract-supported),OpenAlex,W4386524666
Anatomical liver resection using the ultrasound-guided compression technique in minimal access surgery,2023,2023-11-13,10.1007/s00464-023-10523-x,37957299.0,https://doi.org/10.1007/s00464-023-10523-x,Surgical Endoscopy,7,A1,Robotic ultrasound / sonography,机器人超声/超声扫查,Expanded (abstract-supported),OpenAlex; Europe PMC,MED:37957299; W4388627588
Automated Image Acquisition of Parasternal Long-Axis View With Robotic Echocardiography,2023,2023-07-05,10.1109/lra.2023.3292568,,https://doi.org/10.1109/lra.2023.3292568,IEEE Robotics and Automation Letters,18,A1,Robotic ultrasound / sonography,机器人超声/超声扫查,Expanded (abstract-supported),OpenAlex,W4383200144
Autonomous Robotic Ultrasound Vascular Imaging System With Decoupled Control Strategy for External-Vision-Free Environments,2023,2023-05-25,10.1109/tbme.2023.3279114,37227912.0,https://doi.org/10.1109/tbme.2023.3279114,IEEE Transactions on Biomedical Engineering,26,A1,Robotic ultrasound / sonography,机器人超声/超声扫查,Core (title-explicit),OpenAlex; Europe PMC,MED:37227912; W4378195137
Autonomous Trajectory Planning for Ultrasound-Guided Real-Time Tracking of Suspicious Breast Tumor Targets,2023,2023-04-03,10.1109/tase.2023.3262844,,https://doi.org/10.1109/tase.2023.3262844,IEEE Transactions on Automation Science and Engineering,16,A1,Robotic ultrasound / sonography,机器人超声/超声扫查,Core (title-explicit),OpenAlex,W4362500678
Basic performance of domestic surgical robot and the safety and effectiveness of integrated energy equipment.,2023,2023-02-01,10.11817/j.issn.1672-7347.2023.220053,36999469.0,https://doi.org/10.11817/j.issn.1672-7347.2023.220053,Zhong nan da xue xue bao. Yi xue ban = Journal of Central South University. Medical sciences,0,A1,Robotic ultrasound / sonography,机器人超声/超声扫查,Expanded (abstract-supported),Europe PMC,MED:36999469
Bridging the simulation-to-real gap for AI-based needle and target detection in robot-assisted ultrasound-guided interventions,2023,2023-06-19,10.1186/s41747-023-00344-x,37332035.0,https://doi.org/10.1186/s41747-023-00344-x,European Radiology Experimental,13,A1,Robotic ultrasound / sonography,机器人超声/超声扫查,Core (title-explicit),OpenAlex; Europe PMC,W4381149754; MED:37332035
Cerebral microembolic signal burden during pulsed field ablation: preliminary results from robotically-assisted transcranial doppler and magnetic resonance imaging,2023,2023-05-24,10.1093/europace/euad122.134,,https://doi.org/10.1093/europace/euad122.134,EP Europace,1,A1,Robotic ultrasound / sonography,机器人超声/超声扫查,Expanded (abstract-supported),OpenAlex,W4377984296
Closed-Loop Magnetic Manipulation for Robotic Transesophageal Echocardiography,2023,2023-06-20,10.1109/tro.2023.3281477,,https://doi.org/10.1109/tro.2023.3281477,IEEE Transactions on Robotics,17,A1,Robotic ultrasound / sonography,机器人超声/超声扫查,Expanded (abstract-supported),OpenAlex,W4317440186; W4378772057
Collaborative Robotic Ultrasound Tissue Scanning for Surgical Resection Guidance in Neurosurgery,2023,2023-01-19,10.48550/arxiv.2301.08174,,https://doi.org/10.48550/arxiv.2301.08174,elib (German Aerospace Center),0,A1,Robotic ultrasound / sonography,机器人超声/超声扫查,Core (title-explicit),OpenAlex,W4317672161
Comparison of telerobotic and conventional ultrasonography in children: a crossover bicentric pilot study,2023,2023-04-25,10.21037/tp-22-569,37305713.0,https://doi.org/10.21037/tp-22-569,Translational Pediatrics,6,A1,Robotic ultrasound / sonography,机器人超声/超声扫查,Core (title-explicit),OpenAlex; Europe PMC,MED:37305713; W4366968055
Compliant Joint Based Robotic Ultrasound Scanning System for Imaging Human Spine,2023,2023-08-01,10.1109/lra.2023.3300592,,https://doi.org/10.1109/lra.2023.3300592,IEEE Robotics and Automation Letters,11,A1,Robotic ultrasound / sonography,机器人超声/超声扫查,Core (title-explicit),OpenAlex,W4385453480
Correction: Bridging the simulation-to-real gap for AI-based needle and target detection in robot-assisted ultrasound-guided interventions.,2023,2023-07-19,10.1186/s41747-023-00367-4,37466737.0,https://doi.org/10.1186/s41747-023-00367-4,European radiology experimental,0,A1,Robotic ultrasound / sonography,机器人超声/超声扫查,Core (title-explicit),Europe PMC,MED:37466737
Development and evaluation of robot‐assisted ultrasound navigation system for pedicle screw placement: An ex‐vivo animal validation,2023,2023-10-24,10.1002/rcs.2590,37876140.0,https://doi.org/10.1002/rcs.2590,International Journal of Medical Robotics and Computer Assisted Surgery,8,A1,Robotic ultrasound / sonography,机器人超声/超声扫查,Expanded (abstract-supported),OpenAlex; Europe PMC,MED:37876140; W4387931854
Diagnostic posture control system for seated-style echocardiography robot,2023,2023-03-07,10.1007/s11548-022-02829-3,36881353.0,https://doi.org/10.1007/s11548-022-02829-3,International Journal of Computer Assisted Radiology and Surgery,9,A1,Robotic ultrasound / sonography,机器人超声/超声扫查,Expanded (abstract-supported),OpenAlex; Europe PMC,W4307416512; W4323348293; MED:36881353
DopUS-Net: Quality-Aware Robotic Ultrasound Imaging Based on Doppler Signal,2023,2023-06-14,10.1109/tase.2023.3277331,,https://doi.org/10.1109/tase.2023.3277331,IEEE Transactions on Automation Science and Engineering,18,A1,Robotic ultrasound / sonography,机器人超声/超声扫查,Core (title-explicit),OpenAlex,W4376988517; W4380607050
Efficient Incremental Offline Reinforcement Learning With Sparse Broad Critic Approximation,2023,2023-09-01,10.1109/tsmc.2023.3305498,,https://doi.org/10.1109/tsmc.2023.3305498,IEEE Transactions on Systems Man and Cybernetics Systems,15,A1,Robotic ultrasound / sonography,机器人超声/超声扫查,Expanded (abstract-supported),OpenAlex,W4386363016
Enabling Mammography with Co-Robotic Ultrasound,2023,2023-12-16,10.48550/arxiv.2312.10309,,https://doi.org/10.48550/arxiv.2312.10309,arXiv (Cornell University),0,A1,Robotic ultrasound / sonography,机器人超声/超声扫查,Core (title-explicit),OpenAlex,W4389982797
Fast calibration for ultrasound imaging guidance based on depth camera,2023,2023-08-10,10.48550/arxiv.2308.05401,,https://doi.org/10.48550/arxiv.2308.05401,arXiv (Cornell University),0,A1,Robotic ultrasound / sonography,机器人超声/超声扫查,Expanded (abstract-supported),OpenAlex,W4385774858
Identifying visible tissue in intraoperative ultrasound: a method and application,2023,2023-06-01,10.48550/arxiv.2306.01190,40580392.0,https://doi.org/10.48550/arxiv.2306.01190,arXiv (Cornell University),3,A1,Robotic ultrasound / sonography,机器人超声/超声扫查,Expanded (abstract-supported),OpenAlex; Europe PMC,W4411746836; W4379469862; MED:40580392
Implicit Neural Representations for Breathing-compensated Volume Reconstruction in Robotic Ultrasound,2023,2023-11-08,10.48550/arxiv.2311.04999,,https://doi.org/10.48550/arxiv.2311.04999,arXiv (Cornell University),0,A1,Robotic ultrasound / sonography,机器人超声/超声扫查,Core (title-explicit),OpenAlex,W4388584686
Inverse-Reinforcement-Learning-Based Robotic Ultrasound Active Compliance Control in Uncertain Environments,2023,2023-03-06,10.1109/tie.2023.3250767,,https://doi.org/10.1109/tie.2023.3250767,IEEE Transactions on Industrial Electronics,42,A1,Robotic ultrasound / sonography,机器人超声/超声扫查,Core (title-explicit),OpenAlex,W4323338439
Learning Autonomous Ultrasound via Latent Task Representation and Robotic Skills Adaptation,2023,2023-07-25,10.48550/arxiv.2307.13323,,https://doi.org/10.48550/arxiv.2307.13323,arXiv (Cornell University),1,A1,Robotic ultrasound / sonography,机器人超声/超声扫查,Core (title-explicit),OpenAlex,W4385292373
Learning rewards from exploratory demonstrations using probabilistic temporal ranking,2023,2023-07-10,10.1007/s10514-023-10120-w,,https://doi.org/10.1007/s10514-023-10120-w,Autonomous Robots,15,A1,Robotic ultrasound / sonography,机器人超声/超声扫查,Expanded (abstract-supported),OpenAlex,W4383755721
Motion Magnification in Robotic Sonography: Enabling Pulsation-Aware Artery Segmentation,2023,2023-07-07,10.48550/arxiv.2307.03698,,https://doi.org/10.48550/arxiv.2307.03698,arXiv (Cornell University),2,A1,Robotic ultrasound / sonography,机器人超声/超声扫查,Core (title-explicit),OpenAlex,W4383860854
Multimodal Imaging of the Bimatoprost Sustained Release Implant (Durysta) after Intracameral and Middle Segment Delivery,2023,2023-12-20,10.20944/preprints202312.1519.v1,,https://doi.org/10.20944/preprints202312.1519.v1,Preprints.org,1,A1,Robotic ultrasound / sonography,机器人超声/超声扫查,Expanded (abstract-supported),OpenAlex; Europe PMC,W4390080846; PPR:PPR777801
Nerve Block Target Localization and Needle Guidance for Autonomous Robotic Ultrasound Guided Regional Anesthesia,2023,2023-08-07,10.48550/arxiv.2308.03717,,https://doi.org/10.48550/arxiv.2308.03717,arXiv (Cornell University),0,A1,Robotic ultrasound / sonography,机器人超声/超声扫查,Core (title-explicit),OpenAlex,W4385682153
On mimicking human’s manipulation for robot-assisted spine ultrasound imaging,2023,2023-08-04,10.1108/ria-02-2023-0012,,https://doi.org/10.1108/ria-02-2023-0012,Robotic Intelligence and Automation,25,A1,Robotic ultrasound / sonography,机器人超声/超声扫查,Expanded (abstract-supported),OpenAlex,W4385595204
On the importance of patient acceptance for medical robotic imaging,2023,2023-05-29,10.1007/s11548-023-02948-5,37248427.0,https://doi.org/10.1007/s11548-023-02948-5,International Journal of Computer Assisted Radiology and Surgery,9,A1,Robotic ultrasound / sonography,机器人超声/超声扫查,Expanded (abstract-supported),OpenAlex; Europe PMC,MED:37248427; W4320854451; W4378714019
Path Re-planning for Robotic Ultrasound Imaging of Bony Structures,2023,2023-07-10,10.36227/techrxiv.23599437.v1,,https://doi.org/10.36227/techrxiv.23599437.v1,,1,A1,Robotic ultrasound / sonography,机器人超声/超声扫查,Core (title-explicit),OpenAlex,W4383820524; W4383695705
Robot-assisted ultrasound reconstruction for spine surgery: from bench-top to pre-clinical study,2023,2023-05-12,10.1007/s11548-023-02932-z,37171662.0,https://doi.org/10.1007/s11548-023-02932-z,International Journal of Computer Assisted Radiology and Surgery,28,A1,Robotic ultrasound / sonography,机器人超声/超声扫查,Core (title-explicit),OpenAlex; Europe PMC,W4376225447; W4308644651; W4313892500; MED:37171662
Style Transfer Enabled Sim2Real Framework for Efficient Learning of Robotic Ultrasound Image Analysis Using Simulated Data,2023,2023-05-16,10.48550/arxiv.2305.09169,,https://doi.org/10.48550/arxiv.2305.09169,arXiv (Cornell University),1,A1,Robotic ultrasound / sonography,机器人超声/超声扫查,Core (title-explicit),OpenAlex,W4376988762
Superficial venous morphometry in the antecubital fossa: An autonomous robotic ultrasound-based analysis,2023,2023-07-13,10.1177/11297298231186651,37448206.0,https://doi.org/10.1177/11297298231186651,The Journal of Vascular Access,1,A1,Robotic ultrasound / sonography,机器人超声/超声扫查,Core (title-explicit),OpenAlex; Europe PMC,W4384276957; MED:37448206
Task Space Compliant Control and Six-Dimensional Force Regulation Toward Automated Robotic Ultrasound Imaging,2023,2023-06-12,10.1109/tase.2023.3282974,,https://doi.org/10.1109/tase.2023.3282974,IEEE Transactions on Automation Science and Engineering,23,A1,Robotic ultrasound / sonography,机器人超声/超声扫查,Core (title-explicit),OpenAlex,W4380318419
The feasibility and satisfaction study of 5G-based robotic teleultrasound diagnostic system in health check-ups,2023,2023-07-10,10.3389/fpubh.2023.1149964,37497023.0,https://doi.org/10.3389/fpubh.2023.1149964,Frontiers in Public Health,14,A1,Robotic ultrasound / sonography,机器人超声/超声扫查,Expanded (abstract-supported),OpenAlex; Europe PMC,MED:37497023; W4384132543
Towards Safe and Collaborative Robotic Ultrasound Tissue Scanning in Neurosurgery,2023,2023-12-13,10.48550/arxiv.2312.08409,,https://doi.org/10.48550/arxiv.2312.08409,arXiv (Cornell University),0,A1,Robotic ultrasound / sonography,机器人超声/超声扫查,Core (title-explicit),OpenAlex,W4389814149
Towards a Simple Framework of Skill Transfer Learning for Robotic Ultrasound-guidance Procedures,2023,2023-05-06,10.48550/arxiv.2305.04004,,https://doi.org/10.48550/arxiv.2305.04004,arXiv (Cornell University),0,A1,Robotic ultrasound / sonography,机器人超声/超声扫查,Core (title-explicit),OpenAlex,W4375957570
Ultrasound-based Dynamic Bone Tracking to Enhance Clinical Assessments of Knee Kinematics,2023,2023-11-16,10.31224/3352,,https://doi.org/10.31224/3352,,0,A1,Robotic ultrasound / sonography,机器人超声/超声扫查,Expanded (abstract-supported),OpenAlex,W4388723608
11278 Intraoperative Ultrasound-Guided Robotic Excision of Sacral Plexus Deep Infiltrating Endometriosis: A Case-Report,2024,2024-11-01,10.1016/j.jmig.2024.09.728,,https://doi.org/10.1016/j.jmig.2024.09.728,Journal of Minimally Invasive Gynecology,0,A1,Robotic ultrasound / sonography,机器人超声/超声扫查,Expanded (abstract-supported),OpenAlex,W4404347535
3D Image Reconstruction Using Force-Controlled Robot-Assisted Ultrasound Scanning.,2024,2024-07-01,10.1109/embc53108.2024.10781744,40039920.0,https://doi.org/10.1109/embc53108.2024.10781744,Annual International Conference of the IEEE Engineering in Medicine and Biology Society. IEEE Engineering in Medicine and Biology Society. Annual International Conference,1,A1,Robotic ultrasound / sonography,机器人超声/超声扫查,Core (title-explicit),Europe PMC,MED:40039920
A Multimodal Point Cloud-Based Method for Tumor Localization in Robotic Ultrasound-Guided Radiotherapy,2024,2024-01-01,10.1177/15330338241273149,39155658.0,https://doi.org/10.1177/15330338241273149,Technology in Cancer Research & Treatment,1,A1,Robotic ultrasound / sonography,机器人超声/超声扫查,Core (title-explicit),OpenAlex; Europe PMC,MED:39155658; W4401708948
A Portable Robot-Assisted Device With Built-In Intelligence for Autonomous Ultrasound Acquisitions in Follow-Up Diagnosis,2024,2024-01-01,10.1109/tim.2024.3400342,,https://doi.org/10.1109/tim.2024.3400342,IEEE Transactions on Instrumentation and Measurement,9,A1,Robotic ultrasound / sonography,机器人超声/超声扫查,Core (title-explicit),OpenAlex,W4396877696
A Simultaneous Ultrasound-Robot Calibration Approach for Dual-Robot Intervention by Solving the AXP = YCQ Problem,2024,2024-01-01,10.1109/tim.2024.3369147,,https://doi.org/10.1109/tim.2024.3369147,IEEE Transactions on Instrumentation and Measurement,9,A1,Robotic ultrasound / sonography,机器人超声/超声扫查,Expanded (abstract-supported),OpenAlex,W4392114241
A Unified Interaction Control Framework for Safe Robotic Ultrasound Scanning with Human-Intention-Aware Compliance,2024,2024-11-29,10.48550/arxiv.2411.19545,,https://doi.org/10.48550/arxiv.2411.19545,arXiv (Cornell University),0,A1,Robotic ultrasound / sonography,机器人超声/超声扫查,Core (title-explicit),OpenAlex,W4405030538
A comprehensive evaluation tool to assess community capacity and readiness for virtual care implementation,2024,2024-11-19,10.1177/1357633x241293854,39563105.0,https://doi.org/10.1177/1357633x241293854,Journal of Telemedicine and Telecare,5,A1,Robotic ultrasound / sonography,机器人超声/超声扫查,Expanded (abstract-supported),OpenAlex; Europe PMC,MED:39563105; W4404551018
A fully autonomous robotic ultrasound system for thyroid scanning,2024,2024-05-11,10.1038/s41467-024-48421-y,38734697.0,https://doi.org/10.1038/s41467-024-48421-y,Nature Communications,64,A1,Robotic ultrasound / sonography,机器人超声/超声扫查,Core (title-explicit),OpenAlex; Europe PMC,PPR:PPR610882; W4396821882; W4318756550; MED:38734697
A sensor fusion approach to autonomous ultrasound imaging of the lumbar region,2024,2024-11-25,10.1016/j.bspc.2024.106818,,https://doi.org/10.1016/j.bspc.2024.106818,Biomedical Signal Processing and Control,2,A1,Robotic ultrasound / sonography,机器人超声/超声扫查,Core (title-explicit),OpenAlex,W4404697579
Analyzing the image quality using a quantitative index for the robotic ultrasound probe maneuver system,2024,2024-10-14,10.1080/01691864.2024.2415090,,https://doi.org/10.1080/01691864.2024.2415090,Advanced Robotics,0,A1,Robotic ultrasound / sonography,机器人超声/超声扫查,Core (title-explicit),OpenAlex,W4403388693
Automatic robotic doppler sonography of leg arteries,2024,2024-07-25,10.1007/s11548-024-03235-7,39052197.0,https://doi.org/10.1007/s11548-024-03235-7,International Journal of Computer Assisted Radiology and Surgery,3,A1,Robotic ultrasound / sonography,机器人超声/超声扫查,Expanded (abstract-supported),OpenAlex; Europe PMC,W4400986291; MED:39052197
Autonomous Robotic Ultrasound Approach for Fetoscope Tracking by Fusing Optical and 2D Ultrasound Data,2024,2024-07-15,10.1109/lra.2024.3427556,,https://doi.org/10.1109/lra.2024.3427556,IEEE Robotics and Automation Letters,5,A1,Robotic ultrasound / sonography,机器人超声/超声扫查,Core (title-explicit),OpenAlex,W4400645477
Autonomous Robotic Ultrasound System for Liver Follow-up Diagnosis: Pilot Phantom Study,2024,2024-05-09,10.48550/arxiv.2405.05787,,https://doi.org/10.48550/arxiv.2405.05787,arXiv (Cornell University),0,A1,Robotic ultrasound / sonography,机器人超声/超声扫查,Core (title-explicit),OpenAlex,W4396822405
Autonomous control of an ultrasound probe for intra-operative ultrasonography using vision-based shape sensing of pneumatically attachable flexible rails,2024,2024-05-22,10.1007/s11548-024-03178-z,38777945.0,https://doi.org/10.1007/s11548-024-03178-z,International Journal of Computer Assisted Radiology and Surgery,5,A1,Robotic ultrasound / sonography,机器人超声/超声扫查,Core (title-explicit),OpenAlex; Europe PMC,W4398200065; MED:38777945
Autonomous ultrasound scanning robotic system based on human posture recognition and image servo control: an application for cardiac imaging,2024,2024-05-07,10.3389/frobt.2024.1383732,38774468.0,https://doi.org/10.3389/frobt.2024.1383732,Frontiers in Robotics and AI,8,A1,Robotic ultrasound / sonography,机器人超声/超声扫查,Core (title-explicit),OpenAlex; Europe PMC,MED:38774468; W4396704118
CACTUSS: Common Anatomical CT-US Space for US examinations,2024,2024-01-25,10.1007/s11548-024-03060-y,38270811.0,https://doi.org/10.1007/s11548-024-03060-y,International Journal of Computer Assisted Radiology and Surgery,10,A1,Robotic ultrasound / sonography,机器人超声/超声扫查,Expanded (abstract-supported),OpenAlex; Europe PMC,MED:38270811; W4391226294
Cable-Driven Light-Weighting and Portable System for Robotic Medical Ultrasound Imaging,2024,2024-07-03,10.1109/tmrb.2024.3422608,,https://doi.org/10.1109/tmrb.2024.3422608,IEEE Transactions on Medical Robotics and Bionics,4,A1,Robotic ultrasound / sonography,机器人超声/超声扫查,Expanded (abstract-supported),OpenAlex,W4400275476
Class-Aware Cartilage Segmentation for Autonomous US-CT Registration in Robotic Intercostal Ultrasound Imaging,2024,2024-06-20,10.1109/tase.2024.3411784,,https://doi.org/10.1109/tase.2024.3411784,IEEE Transactions on Automation Science and Engineering,10,A1,Robotic ultrasound / sonography,机器人超声/超声扫查,Expanded (abstract-supported),OpenAlex,W4399849384
Coaching a Robotic Sonographer: Learning Robotic Ultrasound With Sparse Expert’s Feedback,2024,2024-09-20,10.1109/tmrb.2024.3464698,,https://doi.org/10.1109/tmrb.2024.3464698,IEEE Transactions on Medical Robotics and Bionics,6,A1,Robotic ultrasound / sonography,机器人超声/超声扫查,Core (title-explicit),OpenAlex,W4402673279
Combining RGB-D Sensing With Adaptive Force Control in a Robotic Ultrasound System for Automated Real-Time Fistula Stenosis Evaluation,2024,2024-12-25,10.1109/jsen.2024.3520483,,https://doi.org/10.1109/jsen.2024.3520483,IEEE Sensors Journal,3,A1,Robotic ultrasound / sonography,机器人超声/超声扫查,Core (title-explicit),OpenAlex,W4405784856
Comparing conventional abdominal ultrasound scanning versus a ROBotic assisted UltraSonography sysTem (ROBUST),2024,2024-03-19,10.1016/j.wfumbo.2024.100040,,https://doi.org/10.1016/j.wfumbo.2024.100040,WFUMB Ultrasound Open,4,A1,Robotic ultrasound / sonography,机器人超声/超声扫查,Core (title-explicit),OpenAlex,W4392947171
Corrigendum: SonoBox: development of a robotic ultrasound tomograph for the ultrasound diagnosis of paediatric forearm fractures.,2024,2024-10-15,10.3389/frobt.2024.1505171,39473445.0,https://doi.org/10.3389/frobt.2024.1505171,Frontiers in robotics and AI,0,A1,Robotic ultrasound / sonography,机器人超声/超声扫查,Core (title-explicit),Europe PMC,MED:39473445
Cross-Modality Registration using Bone Surface Pointcloud for Robotic Ultrasound-Guided Spine Surgery,2024,2024-12-14,10.1142/s2424905x25400045,40687495.0,https://doi.org/10.1142/s2424905x25400045,Journal of Medical Robotics Research,4,A1,Robotic ultrasound / sonography,机器人超声/超声扫查,Core (title-explicit),OpenAlex; Europe PMC,MED:40687495; W4405386576
Deep Learning-based Detection and Tracking of Capsule Robots using Ultrasound Feedback in Gastrointestinal Tract,2024,2024-06-01,,,https://openalex.org/W7132985750,TSpace (University of Toronto),0,A1,Robotic ultrasound / sonography,机器人超声/超声扫查,Expanded (abstract-supported),OpenAlex,W7132985750
Deep-Learning Model for Quality Assessment of Urinary Bladder Ultrasound Images Using Multiscale and Higher-Order Processing,2024,2024-04-10,10.1109/tuffc.2024.3386919,38598406.0,https://doi.org/10.1109/tuffc.2024.3386919,IEEE Transactions on Ultrasonics Ferroelectrics and Frequency Control,10,A1,Robotic ultrasound / sonography,机器人超声/超声扫查,Expanded (abstract-supported),OpenAlex; Europe PMC,W4394698450; MED:38598406
Design and Hierarchical Control of a Homocentric Variable-Stiffness Magnetic Catheter for Multiarm Robotic Ultrasound-Assisted Coronary Intervention,2024,2024-01-01,10.1109/tro.2024.3378442,,https://doi.org/10.1109/tro.2024.3378442,IEEE Transactions on Robotics,41,A1,Robotic ultrasound / sonography,机器人超声/超声扫查,Core (title-explicit),OpenAlex,W4392932636
Design and Quantitative Assessment of Teleoperation-Based Human–Robot Collaboration Method for Robot-Assisted Sonography,2024,2024-01-12,10.1109/tase.2024.3350524,,https://doi.org/10.1109/tase.2024.3350524,IEEE Transactions on Automation Science and Engineering,33,A1,Robotic ultrasound / sonography,机器人超声/超声扫查,Core (title-explicit),OpenAlex,W4390787987
Development of a Robotic Ultrasound System to Assist Ultrasound Examination of Pregnant Women,2024,2024-04-10,10.1109/tmrb.2024.3387047,,https://doi.org/10.1109/tmrb.2024.3387047,IEEE Transactions on Medical Robotics and Bionics,6,A1,Robotic ultrasound / sonography,机器人超声/超声扫查,Core (title-explicit),OpenAlex,W4394674231
Enhanced Uncertainty Estimation in Ultrasound Image Segmentation with MSU-Net,2024,2024-07-31,10.48550/arxiv.2407.21273,,https://doi.org/10.48550/arxiv.2407.21273,arXiv (Cornell University),0,A1,Robotic ultrasound / sonography,机器人超声/超声扫查,Expanded (abstract-supported),OpenAlex,W4401306521
Enhancing Surgical Robots with Embodied Intelligence for Autonomous Ultrasound Scanning,2024,2024-05-01,10.48550/arxiv.2405.00461,,https://doi.org/10.48550/arxiv.2405.00461,arXiv (Cornell University),3,A1,Robotic ultrasound / sonography,机器人超声/超声扫查,Core (title-explicit),OpenAlex,W4396623897
Evaluation and modeling of diaphragm displacement using ultrasound imaging for wearable respiratory assistive robot,2024,2024-08-16,10.3389/fbioe.2024.1436702,,https://doi.org/10.3389/fbioe.2024.1436702,Frontiers in Bioengineering and Biotechnology,2,A1,Robotic ultrasound / sonography,机器人超声/超声扫查,Expanded (abstract-supported),OpenAlex,W4401650911
Feasibility and Safety of Percutaneous Puncture Guided by a 5G-Based Telerobotic Ultrasound System: An Experimental Study,2024,2024-04-09,10.1007/s00270-024-03681-5,38592415.0,https://doi.org/10.1007/s00270-024-03681-5,CardioVascular and Interventional Radiology,2,A1,Robotic ultrasound / sonography,机器人超声/超声扫查,Core (title-explicit),OpenAlex; Europe PMC,MED:38592415; W4394602742
Force Tracking Control Method for Robotic Ultrasound Scanning System under Soft Uncertain Environment,2024,2024-02-06,10.3390/act13020062,,https://doi.org/10.3390/act13020062,Actuators,18,A1,Robotic ultrasound / sonography,机器人超声/超声扫查,Core (title-explicit),OpenAlex,W4391566397
Guiding the Last Centimeter: Novel Anatomy-Aware Probe Servoing for Standardized Imaging Plane Navigation in Robotic Lung Ultrasound,2024,2024-09-10,10.1109/tase.2024.3448241,,https://doi.org/10.1109/tase.2024.3448241,IEEE Transactions on Automation Science and Engineering,9,A1,Robotic ultrasound / sonography,机器人超声/超声扫查,Expanded (abstract-supported),OpenAlex,W4402389318
HaptiScan: A Haptically-Enabled Robotic Ultrasound System for Remote Medical Diagnostics,2024,2024-11-10,10.3390/robotics13110164,,https://doi.org/10.3390/robotics13110164,Robotics,10,A1,Robotic ultrasound / sonography,机器人超声/超声扫查,Core (title-explicit),OpenAlex,W4404247107
Imitation Learning for Robotic Assisted Ultrasound Examination of Deep Venous Thrombosis using Kernelized Movement Primitives,2024,2024-07-11,10.48550/arxiv.2407.08506,,https://doi.org/10.48550/arxiv.2407.08506,arXiv (Cornell University),0,A1,Robotic ultrasound / sonography,机器人超声/超声扫查,Core (title-explicit),OpenAlex,W4400611927
Imitation Learning of Compression Pattern in Robotic-Assisted Ultrasound Examination Using Kernelized Movement Primitives,2024,2024-10-03,10.1109/tmrb.2024.3472856,,https://doi.org/10.1109/tmrb.2024.3472856,IEEE Transactions on Medical Robotics and Bionics,9,A1,Robotic ultrasound / sonography,机器人超声/超声扫查,Core (title-explicit),OpenAlex,W4403094292
Increasing Reachability in Robotic Ultrasound Through Base Placement and Tool Design,2024,2024-12-27,10.1002/rcs.70037,39729575.0,https://doi.org/10.1002/rcs.70037,International Journal of Medical Robotics and Computer Assisted Surgery,1,A1,Robotic ultrasound / sonography,机器人超声/超声扫查,Core (title-explicit),OpenAlex; Europe PMC,MED:39729575; W4405839025
Learning Freehand Ultrasound Through Multimodal Representation and Skill Adaptation,2024,2024-06-24,10.1109/tase.2024.3416827,,https://doi.org/10.1109/tase.2024.3416827,IEEE Transactions on Automation Science and Engineering,6,A1,Robotic ultrasound / sonography,机器人超声/超声扫查,Expanded (abstract-supported),OpenAlex,W4399938940
MSK-TIM: A Telerobotic Ultrasound System for Assessing the Musculoskeletal System,2024,2024-04-08,10.3390/s24072368,38610578.0,https://doi.org/10.3390/s24072368,Sensors,6,A1,Robotic ultrasound / sonography,机器人超声/超声扫查,Core (title-explicit),OpenAlex; Europe PMC,W4394570857; MED:38610578
Machine Learning in Robotic Ultrasound Imaging: Challenges and Perspectives,2024,2024-01-02,10.1146/annurev-control-091523-100042,,https://doi.org/10.1146/annurev-control-091523-100042,Annual Review of Control Robotics and Autonomous Systems,45,A1,Robotic ultrasound / sonography,机器人超声/超声扫查,Core (title-explicit),OpenAlex,W4390632026; W4390495662
Multi-Modal Autonomous Ultrasound Scanning for Efficient Human–Machine Fusion Interaction,2024,2024-02-29,10.1109/tase.2024.3370728,,https://doi.org/10.1109/tase.2024.3370728,IEEE Transactions on Automation Science and Engineering,13,A1,Robotic ultrasound / sonography,机器人超声/超声扫查,Core (title-explicit),OpenAlex,W4392309551
Needle Segmentation Using GAN: Restoring Thin Instrument Visibility in Robotic Ultrasound,2024,2024-01-01,10.1109/tim.2024.3451569,,https://doi.org/10.1109/tim.2024.3451569,IEEE Transactions on Instrumentation and Measurement,12,A1,Robotic ultrasound / sonography,机器人超声/超声扫查,Core (title-explicit),OpenAlex,W4402963177; W4403938270
Nullspace Control for Automatic Ultrasound Gel Supply,2024,2024-09-12,10.1515/cdbme-2024-1063,,https://doi.org/10.1515/cdbme-2024-1063,Current Directions in Biomedical Engineering,0,A1,Robotic ultrasound / sonography,机器人超声/超声扫查,Expanded (abstract-supported),OpenAlex,W4402488701
Real-Time Deformable Registration for Robotic Ultrasound Surgical Guidance Based on Vectorized Trust-Region Optimization,2024,2024-01-01,10.1109/tim.2024.3413148,,https://doi.org/10.1109/tim.2024.3413148,IEEE Transactions on Instrumentation and Measurement,1,A1,Robotic ultrasound / sonography,机器人超声/超声扫查,Core (title-explicit),OpenAlex,W4400111943
Real-Time Robotic Force Control for Automation of Ultrasound Scanning,2024,2024-01-01,10.14569/ijacsa.2024.0150879,,https://doi.org/10.14569/ijacsa.2024.0150879,International Journal of Advanced Computer Science and Applications,1,A1,Robotic ultrasound / sonography,机器人超声/超声扫查,Expanded (abstract-supported),OpenAlex,W4402319623
Robot-Assisted Autonomous Ultrasound Imaging for Carotid Artery,2024,2024-01-01,10.1109/tim.2024.3353836,,https://doi.org/10.1109/tim.2024.3353836,IEEE Transactions on Instrumentation and Measurement,29,A1,Robotic ultrasound / sonography,机器人超声/超声扫查,Core (title-explicit),OpenAlex,W4390873692
Robot-Assisted Deep Venous Thrombosis Ultrasound Examination Using Virtual Fixture,2024,2024-01-12,10.1109/tase.2024.3351076,,https://doi.org/10.1109/tase.2024.3351076,IEEE Transactions on Automation Science and Engineering,17,A1,Robotic ultrasound / sonography,机器人超声/超声扫查,Expanded (abstract-supported),OpenAlex,W4390689957; W4390788260
Robotic Assisted Ultrasound‐Guided Endovascular Stent Implantation in a Vascular Model,2024,2024-11-06,10.1002/rcs.70005,39501897.0,https://doi.org/10.1002/rcs.70005,International Journal of Medical Robotics and Computer Assisted Surgery,2,A1,Robotic ultrasound / sonography,机器人超声/超声扫查,Core (title-explicit),OpenAlex; Europe PMC,MED:39501897; W4404115908
Robotic Ultrasound and Novel Collagen Analyses for Polycystic Kidney Disease Research Using Mice,2024,2024-08-12,10.34067/kid.0000000000000542,39145639.0,https://doi.org/10.34067/kid.0000000000000542,Kidney360,1,A1,Robotic ultrasound / sonography,机器人超声/超声扫查,Core (title-explicit),OpenAlex; Europe PMC,W4401503951; MED:39145639
"Robotic Ultrasound-Guided Central Pancreatectomy with Main Pancreatic Duct Endoscopy Evaluation for High-Risk, Mixed-Type Intraductal Papillary Mucinous Neoplasm",2024,2024-03-31,10.1245/s10434-024-15231-x,38556599.0,https://doi.org/10.1245/s10434-024-15231-x,Annals of Surgical Oncology,2,A1,Robotic ultrasound / sonography,机器人超声/超声扫查,Core (title-explicit),OpenAlex; Europe PMC,MED:38556599; W4393352515
Robotic Ultrasound-Guided Instrument Localization in Fetoscopy,2024,2024-05-30,10.1109/tmrb.2024.3407330,,https://doi.org/10.1109/tmrb.2024.3407330,IEEE Transactions on Medical Robotics and Bionics,0,A1,Robotic ultrasound / sonography,机器人超声/超声扫查,Core (title-explicit),OpenAlex,W4399168132
Robotic assisted common bile duct exploration for management of complex gallstone disease,2024,2024-06-19,10.1097/js9.0000000000001817,38896861.0,https://doi.org/10.1097/js9.0000000000001817,International Journal of Surgery,16,A1,Robotic ultrasound / sonography,机器人超声/超声扫查,Expanded (abstract-supported),OpenAlex; Europe PMC,MED:38896861; W4399797087
S-CycleGAN: Semantic Segmentation Enhanced CT-Ultrasound Image-to-Image Translation for Robotic Ultrasonography,2024,2024-06-03,10.48550/arxiv.2406.01191,,https://doi.org/10.48550/arxiv.2406.01191,arXiv (Cornell University),0,A1,Robotic ultrasound / sonography,机器人超声/超声扫查,Core (title-explicit),OpenAlex,W4399400918
Safe Contact Force Generation for Robotic Thyroid Ultrasound Imaging,2024,2024-01-04,10.1109/lra.2024.3349959,,https://doi.org/10.1109/lra.2024.3349959,IEEE Robotics and Automation Letters,15,A1,Robotic ultrasound / sonography,机器人超声/超声扫查,Expanded (abstract-supported),OpenAlex,W4390577974
Safe Learning by Constraint-Aware Policy Optimization for Robotic Ultrasound Imaging,2024,2024-03-25,10.1109/tase.2024.3378915,,https://doi.org/10.1109/tase.2024.3378915,IEEE Transactions on Automation Science and Engineering,10,A1,Robotic ultrasound / sonography,机器人超声/超声扫查,Core (title-explicit),OpenAlex,W4393139813
Sliced Online Model Checking for Optimizing the Beam Scheduling Problem in Robotic Radiation Therapy,2024,2024-03-26,10.4204/eptcs.399.9,,https://doi.org/10.4204/eptcs.399.9,Electronic Proceedings in Theoretical Computer Science,0,A1,Robotic ultrasound / sonography,机器人超声/超声扫查,Expanded (abstract-supported),OpenAlex,W4393188865
SonoBox: development of a robotic ultrasound tomograph for the ultrasound diagnosis of paediatric forearm fractures,2024,2024-08-21,10.3389/frobt.2024.1405169,39233849.0,https://doi.org/10.3389/frobt.2024.1405169,Frontiers in Robotics and AI,0,A1,Robotic ultrasound / sonography,机器人超声/超声扫查,Core (title-explicit),OpenAlex; Europe PMC,MED:39233849; W4401747513
Telerobotic Versus Standard Ultrasound in the Assessment of the Abdomen and Pelvis: A Real‐World Prospective Study,2024,2024-01-01,10.1155/ijta/1482326,39713775.0,https://doi.org/10.1155/ijta/1482326,International Journal of Telemedicine and Applications,2,A1,Robotic ultrasound / sonography,机器人超声/超声扫查,Core (title-explicit),OpenAlex; Europe PMC,MED:39713775; W4405399004
Time- Delay Control of UR5 Robot and Application in Telerobotic Ultrasound,2024,2024-08-27,10.1007/s42979-024-03205-5,,https://doi.org/10.1007/s42979-024-03205-5,SN Computer Science,4,A1,Robotic ultrasound / sonography,机器人超声/超声扫查,Core (title-explicit),OpenAlex,W4401906936
Toward Safe and Collaborative Robotic Ultrasound Tissue Scanning in Neurosurgery,2024,2024-01-04,10.1109/tmrb.2024.3349626,,https://doi.org/10.1109/tmrb.2024.3349626,IEEE Transactions on Medical Robotics and Bionics,13,A1,Robotic ultrasound / sonography,机器人超声/超声扫查,Core (title-explicit),OpenAlex,W4390576606
TransVFS: A spatio-temporal local–global transformer for vision-based force sensing during ultrasound-guided prostate biopsy,2024,2024-03-02,10.1016/j.media.2024.103130,38437787.0,https://doi.org/10.1016/j.media.2024.103130,Medical Image Analysis,7,A1,Robotic ultrasound / sonography,机器人超声/超声扫查,Expanded (abstract-supported),OpenAlex; Europe PMC,MED:38437787; W4392349834
Ultrasound-Guided Robotic Autonomous Operation Based on Real-Time Deformation Tracking and Prediction,2024,2024-11-07,10.1109/tii.2024.3477549,,https://doi.org/10.1109/tii.2024.3477549,IEEE Transactions on Industrial Informatics,5,A1,Robotic ultrasound / sonography,机器人超声/超声扫查,Expanded (abstract-supported),OpenAlex,W4404132652
Ultrasound‐based bone tracking using cross‐correlation enables dynamic measurements of knee kinematics during clinical assessments,2024,2024-06-06,10.1002/jeo2.12050,,https://doi.org/10.1002/jeo2.12050,Journal of Experimental Orthopaedics,3,A1,Robotic ultrasound / sonography,机器人超声/超声扫查,Expanded (abstract-supported),OpenAlex,W4399388141
3D Reconstruction and Visualization of Tissue Structure and Elasticity Using Robot-Assisted Ultrasound and Shear Wave Elastography Imaging<sup/>.,2025,2025-07-01,10.1109/embc58623.2025.11253631,41335818.0,https://doi.org/10.1109/embc58623.2025.11253631,Annual International Conference of the IEEE Engineering in Medicine and Biology Society. IEEE Engineering in Medicine and Biology Society. Annual International Conference,0,A1,Robotic ultrasound / sonography,机器人超声/超声扫查,Core (title-explicit),Europe PMC,MED:41335818
3D Reconstruction of the Kidney and Lesions from 2D Ultrasound Images Using Robotic Ultrasound Diagnostic System.,2025,2025-07-01,10.1109/embc58623.2025.11252663,41336912.0,https://doi.org/10.1109/embc58623.2025.11252663,Annual International Conference of the IEEE Engineering in Medicine and Biology Society. IEEE Engineering in Medicine and Biology Society. Annual International Conference,0,A1,Robotic ultrasound / sonography,机器人超声/超声扫查,Core (title-explicit),Europe PMC,MED:41336912
3D Robotics Ultrasound Scan Machine For Multiple Task,2025,2025-03-01,10.63056/acad.004.01.0380,,https://doi.org/10.63056/acad.004.01.0380,ACADEMIA International Journal for Social Sciences,0,A1,Robotic ultrasound / sonography,机器人超声/超声扫查,Expanded (abstract-supported),OpenAlex,W4412155774
635 Title: Robotic Partial Nephrectomy in Patients with a Single Functioning Kidney: An Effective and Safe Intervention to Preserve Kidney Function,2025,2025-06-01,10.1093/bjs/znaf128.720,,https://doi.org/10.1093/bjs/znaf128.720,British journal of surgery,0,A1,Robotic ultrasound / sonography,机器人超声/超声扫查,Expanded (abstract-supported),OpenAlex,W4411707069
A Calibration Procedure for Robotic Ultrasound Systems,2025,2025-04-01,10.1109/tmrb.2025.3556549,,https://doi.org/10.1109/tmrb.2025.3556549,IEEE Transactions on Medical Robotics and Bionics,2,A1,Robotic ultrasound / sonography,机器人超声/超声扫查,Core (title-explicit),OpenAlex,W4409077274
A Controllable‐Stiffness Tensegrity Robot Joint for Robust Compliant Manipulation,2025,2025-05-08,10.1002/rob.22576,,https://doi.org/10.1002/rob.22576,Journal of Field Robotics,2,A1,Robotic ultrasound / sonography,机器人超声/超声扫查,Expanded (abstract-supported),OpenAlex,W4410211670
A Novel Wireless Magnetic Leader Device for Six-DoF Robotic Teleoperation Control With Expandable Workspace,2025,2025-01-01,10.1109/tase.2025.3628650,,https://doi.org/10.1109/tase.2025.3628650,IEEE Transactions on Automation Science and Engineering,0,A1,Robotic ultrasound / sonography,机器人超声/超声扫查,Expanded (abstract-supported),OpenAlex,W7103900635
A Roadmap and Case Study of Haptic-Enabled Tele-Ultrasound Systems: From Concept to Clinical Feasibility,2025,2025-12-12,10.1109/mim.2025.11224807,,https://doi.org/10.1109/mim.2025.11224807,IEEE Instrumentation & Measurement Magazine,0,A1,Robotic ultrasound / sonography,机器人超声/超声扫查,Expanded (abstract-supported),OpenAlex,W7114924314
A Survey of Autonomous Robotic Ultrasound Scanning Systems,2025,2025-01-01,10.1109/access.2025.3574464,,https://doi.org/10.1109/access.2025.3574464,IEEE Access,6,A1,Robotic ultrasound / sonography,机器人超声/超声扫查,Core (title-explicit),OpenAlex,W4410808733
A-SEE2.0: Active-Sensing End-Effector for Robotic Ultrasound Systems with Dense Contact Surface Perception Enabled Probe Orientation Adjustment,2025,2025-08-01,10.1109/lra.2025.3595036,40995401.0,https://doi.org/10.1109/lra.2025.3595036,IEEE Robotics and Automation Letters,1,A1,Robotic ultrasound / sonography,机器人超声/超声扫查,Core (title-explicit),OpenAlex; Europe PMC,MED:40995401; W4412836811
"AI-Powered Robotic Ultrasound: Electronic Hardware, Algorithms, and Applications",2025,2025-01-01,10.1109/access.2025.3605105,,https://doi.org/10.1109/access.2025.3605105,IEEE Access,1,A1,Robotic ultrasound / sonography,机器人超声/超声扫查,Core (title-explicit),OpenAlex,W4413925418
AIA-UltraNeRF:Acoustic-Impedance-Aware Neural Radiance Field with Hash Encodings for Robotic Ultrasound Reconstruction and Localization,2025,2025-11-23,10.48550/arxiv.2511.18293,,https://openalex.org/W7106783107,arXiv (Cornell University),0,A1,Robotic ultrasound / sonography,机器人超声/超声扫查,Core (title-explicit),OpenAlex,W7106715188; W7106783107
Advanced Functional Soft Miniature Robotic Systems for Biomedical Applications,2025,2025-01-01,10.3929/ethz-c-000789663,,https://doi.org/10.3929/ethz-c-000789663,Repository for Publications and Research Data (ETH Zurich),0,A1,Robotic ultrasound / sonography,机器人超声/超声扫查,Expanded (abstract-supported),OpenAlex,W7114929828
An Efficient Deep Reinforcement Learning Approach for Autonomous Ultrasound Scanning Robot Based on Multimodal Sensing and Distance ProbSparse Self-Attention,2025,2025-06-05,10.1109/tmech.2025.3572571,,https://doi.org/10.1109/tmech.2025.3572571,IEEE/ASME Transactions on Mechatronics,3,A1,Robotic ultrasound / sonography,机器人超声/超声扫查,Core (title-explicit),OpenAlex,W4411055431
Artificial intelligence in cardiac imaging: the future is now,2025,2025-08-08,10.1093/eurheartj/ehaf621,,https://doi.org/10.1093/eurheartj/ehaf621,European Heart Journal,0,A1,Robotic ultrasound / sonography,机器人超声/超声扫查,Expanded (abstract-supported),OpenAlex,W4414795347
AuSoScan: Automatic Scoliosis Assessment by Ultrasound Scanning With Soft Contact Control,2025,2025-07-16,10.1109/tmech.2025.3583041,,https://doi.org/10.1109/tmech.2025.3583041,IEEE/ASME Transactions on Mechatronics,1,A1,Robotic ultrasound / sonography,机器人超声/超声扫查,Expanded (abstract-supported),OpenAlex,W4413074057
Automated ultrasound system ARTHUR V.2.0 with AI analysis DIANA V.2.0 matches expert rheumatologist in hand joint assessment of rheumatoid arthritis patients,2025,2025-07-01,10.1136/rmdopen-2025-005805,40764087.0,https://doi.org/10.1136/rmdopen-2025-005805,RMD Open,9,A1,Robotic ultrasound / sonography,机器人超声/超声扫查,Expanded (abstract-supported),OpenAlex; Europe PMC,W4412984827; MED:40764087
Automatic Cannulation of Femoral Vessels in a Porcine Shock Model,2025,2025-06-17,10.48550/arxiv.2506.14467,,https://doi.org/10.48550/arxiv.2506.14467,arXiv (Cornell University),0,A1,Robotic ultrasound / sonography,机器人超声/超声扫查,Expanded (abstract-supported),OpenAlex,W4415311890
Automatic Robotic Ultrasound for 3D Musculoskeletal Reconstruction: A Comprehensive Framework,2025,2025-02-08,10.3390/technologies13020070,,https://doi.org/10.3390/technologies13020070,Technologies,18,A1,Robotic ultrasound / sonography,机器人超声/超声扫查,Core (title-explicit),OpenAlex,W4407392146
Autonomous robotic ultrasound scanning system: a key to enhancing image analysis reproducibility and observer consistency in ultrasound imaging,2025,2025-02-05,10.3389/frobt.2025.1527686,39975565.0,https://doi.org/10.3389/frobt.2025.1527686,Frontiers in Robotics and AI,16,A1,Robotic ultrasound / sonography,机器人超声/超声扫查,Core (title-explicit),OpenAlex; Europe PMC,W4407183492; MED:39975565
Breaking the Latency Barrier: Synergistic Perception and Control for High-Frequency 3D Ultrasound Servoing,2025,2025-11-02,10.48550/arxiv.2511.00983,,https://doi.org/10.48550/arxiv.2511.00983,arXiv (Cornell University),0,A1,Robotic ultrasound / sonography,机器人超声/超声扫查,Expanded (abstract-supported),OpenAlex,W4416434642
CREATION OF A PERSONALIZED ULTRASOUND IMAGE DATABASE AND 3D MODEL RECONSTRUCTION USING ARTIFICIAL INTELLIGENCE,2025,2025-12-18,10.5281/zenodo.17975716,,https://doi.org/10.5281/zenodo.17975716,Zenodo (CERN European Organization for Nuclear Research),0,A1,Robotic ultrasound / sonography,机器人超声/超声扫查,Expanded (abstract-supported),OpenAlex,W7116069313; W7116096375
Closing the Sim-to-Real Gap: An End-to-End Robotic Ultrasound System Leveraging In Vivo Reinforcement Learning and 3D-Prior Guided Hybrid Control,2025,2025-12-19,10.64898/2025.12.17.694846,,https://doi.org/10.64898/2025.12.17.694846,bioRxiv (Cold Spring Harbor Laboratory),0,A1,Robotic ultrasound / sonography,机器人超声/超声扫查,Core (title-explicit),OpenAlex; Europe PMC,W4417518303; PPR:PPR1230820
Collaborative Multirobot Navigation‐Assisted Magnetic Catheter Guidance and Shape Perception with Vascular Ultrasound and Electromagnetic Tracking,2025,2025-05-23,10.1002/aisy.202500193,,https://doi.org/10.1002/aisy.202500193,Advanced Intelligent Systems,8,A1,Robotic ultrasound / sonography,机器人超声/超声扫查,Expanded (abstract-supported),OpenAlex,W4410716930
Continuous Robotic Ultrasound Hepatectomy (CRUSH): A Novel Approach for Parenchyma-Sparing Liver Surgery,2025,2025-11-17,10.1245/s10434-025-18757-w,41249745.0,https://doi.org/10.1245/s10434-025-18757-w,Annals of Surgical Oncology,1,A1,Robotic ultrasound / sonography,机器人超声/超声扫查,Core (title-explicit),OpenAlex; Europe PMC,W4416291827; MED:41249745
Current Status and Pending Developments of Robotic Tele-Echocardiography,2025,2025-08-06,10.1016/j.jcmg.2025.07.002,40772926.0,https://doi.org/10.1016/j.jcmg.2025.07.002,JACC. Cardiovascular imaging,3,A1,Robotic ultrasound / sonography,机器人超声/超声扫查,Expanded (abstract-supported),OpenAlex; Europe PMC,W4413012634; MED:40772926
DEVELOPMENT OF AN INTELLIGENT MEDICAL ROBOT FOR ULTRASOUND DIAGNOSTIC STUDIES,2025,2025-06-20,10.47390/issn3030-3702v3i3y2025n02,,https://doi.org/10.47390/issn3030-3702v3i3y2025n02,Techscience.uz.,0,A1,Robotic ultrasound / sonography,机器人超声/超声扫查,Expanded (abstract-supported),OpenAlex,W4411500666
Deep Multimodal Imitation Learning-Based Framework for Robot-Assisted Medical Examination,2025,2025-08-12,10.1109/tie.2025.3589442,,https://doi.org/10.1109/tie.2025.3589442,IEEE Transactions on Industrial Electronics,5,A1,Robotic ultrasound / sonography,机器人超声/超声扫查,Expanded (abstract-supported),OpenAlex,W4413156778
Design and development of a haptic-enabled telerobotic system for improved ultrasonography,2025,2025-09-06,10.1007/s11370-025-00642-w,,https://doi.org/10.1007/s11370-025-00642-w,Intelligent Service Robotics,1,A1,Robotic ultrasound / sonography,机器人超声/超声扫查,Core (title-explicit),OpenAlex,W4414036011
Design of a Cost-Effective Ultrasound Force Sensor and Force Control System for Robotic Extra-Body Ultrasound Imaging,2025,2025-01-15,10.3390/s25020468,39860838.0,https://doi.org/10.3390/s25020468,Sensors,10,A1,Robotic ultrasound / sonography,机器人超声/超声扫查,Expanded (abstract-supported),OpenAlex; Europe PMC,MED:39860838; W4406406153
Diagnostic performance and reliability of robotic ultrasonography and artificial intelligence-driven synovitis assessment in rheumatoid arthritis: results from the Controlled ARTHUR Trial,2025,2025-10-01,10.1136/rmdopen-2025-006099,41219128.0,https://doi.org/10.1136/rmdopen-2025-006099,RMD Open,2,A1,Robotic ultrasound / sonography,机器人超声/超声扫查,Core (title-explicit),OpenAlex; Europe PMC,MED:41219128; W4416113063
Enhancing Patient Acceptance of Robotic Ultrasound through Conversational Virtual Agent and Immersive Visualizations,2025,2025-03-07,10.1109/tvcg.2025.3549181,40053648.0,https://doi.org/10.1109/tvcg.2025.3549181,IEEE Transactions on Visualization and Computer Graphics,11,A1,Robotic ultrasound / sonography,机器人超声/超声扫查,Core (title-explicit),OpenAlex; Europe PMC,W4407632596; MED:40053648; W4408235540
Evaluate the perceptions of novel global robotic ultrasound techniques to create a sonographic degree field in Jordan,2025,2025-03-31,10.21203/rs.3.rs-5686254/v1,,https://doi.org/10.21203/rs.3.rs-5686254/v1,Research Square,0,A1,Robotic ultrasound / sonography,机器人超声/超声扫查,Core (title-explicit),OpenAlex; Europe PMC,W4409002039; PPR:PPR996938
Evaluation of robot kinematic performance under motion constraints in a teleoperated robotic ultrasound system,2025,2025-02-10,10.1016/j.mechmachtheory.2025.105952,,https://doi.org/10.1016/j.mechmachtheory.2025.105952,Mechanism and Machine Theory,4,A1,Robotic ultrasound / sonography,机器人超声/超声扫查,Core (title-explicit),OpenAlex,W4407302193
Evaluation of the reconstruction accuracy of 3D robotic ultrasound on in-vitro phantoms for the geometrical characterization of abdominal aortic aneurysms,2025,2025-09-01,10.1515/cdbme-2025-0231,,https://doi.org/10.1515/cdbme-2025-0231,Current Directions in Biomedical Engineering,0,A1,Robotic ultrasound / sonography,机器人超声/超声扫查,Core (title-explicit),OpenAlex,W4415956902
Extended Reality Check: Evaluating XR Prototyping for Human-Robot Interaction in Contact-Intensive Tasks,2025,2025-10-02,10.1109/tvcg.2025.3616753,41037555.0,https://doi.org/10.1109/tvcg.2025.3616753,IEEE Transactions on Visualization and Computer Graphics,1,A1,Robotic ultrasound / sonography,机器人超声/超声扫查,Expanded (abstract-supported),OpenAlex; Europe PMC,MED:41037555; W4414758302
Feasibility of remote robot empowered teleultrasound scanning for radioactive patients,2025,2025-02-03,10.1038/s41598-024-76441-7,39900945.0,https://doi.org/10.1038/s41598-024-76441-7,Scientific Reports,2,A1,Robotic ultrasound / sonography,机器人超声/超声扫查,Expanded (abstract-supported),OpenAlex; Europe PMC,PPR:PPR781146; W4407101313; W4390528157; MED:39900945
Fully automated robotic ultrasound gallbladder imaging with subcostal scanning,2025,2025-12-10,10.1038/s41598-025-31892-4,41372569.0,https://doi.org/10.1038/s41598-025-31892-4,Scientific Reports,1,A1,Robotic ultrasound / sonography,机器人超声/超声扫查,Core (title-explicit),OpenAlex; Europe PMC,MED:41372569; W4417186273
Gaze-Guided Robotic Vascular Ultrasound Leveraging Human Intention Estimation,2025,2025-02-07,10.1109/lra.2025.3539546,,https://doi.org/10.1109/lra.2025.3539546,IEEE Robotics and Automation Letters,8,A1,Robotic ultrasound / sonography,机器人超声/超声扫查,Expanded (abstract-supported),OpenAlex,W4407310263; W4407247107
HERCULES: Haptically-Enabled Remotely Controlled Ultrasound Examination System,2025,2025-01-01,10.1109/access.2025.3565231,,https://doi.org/10.1109/access.2025.3565231,IEEE Access,3,A1,Robotic ultrasound / sonography,机器人超声/超声扫查,Expanded (abstract-supported),OpenAlex,W4409916892
Image-Driven Imitation Learning: Acquiring Expert Scanning Skills in Robotics Ultrasound,2025,2025-01-01,10.1109/tase.2025.3545043,,https://doi.org/10.1109/tase.2025.3545043,IEEE Transactions on Automation Science and Engineering,8,A1,Robotic ultrasound / sonography,机器人超声/超声扫查,Expanded (abstract-supported),OpenAlex,W4407899931
Image-Guided Robotic Surgery for Sentinel Lymph Node Status Assessment in Uterine Cancers Using Ultrasound Drop-in Probe: Surgical Technique in 10 Steps,2025,2025-02-01,10.1245/s10434-025-16912-x,39893338.0,https://doi.org/10.1245/s10434-025-16912-x,Annals of Surgical Oncology,9,A1,Robotic ultrasound / sonography,机器人超声/超声扫查,Expanded (abstract-supported),OpenAlex; Europe PMC,W4407052566; W4407646762; MED:39893338
Initial Transducer Placement for Automated Robotic Ultrasound Examinations,2025,2025-12-01,10.1515/cdbme-2025-0321,,https://doi.org/10.1515/cdbme-2025-0321,Current Directions in Biomedical Engineering,1,A1,Robotic ultrasound / sonography,机器人超声/超声扫查,Core (title-explicit),OpenAlex,W7124748521
Intelligent Virtual Sonographer (IVS): Enhancing Physician-Robot-Patient Communication,2025,2025-07-17,10.48550/arxiv.2507.13052,,https://doi.org/10.48550/arxiv.2507.13052,arXiv (Cornell University),0,A1,Robotic ultrasound / sonography,机器人超声/超声扫查,Expanded (abstract-supported),OpenAlex,W4415310106
Intraoperative ultrasound in minimally invasive surgery for deep endometriosis: time for new approaches,2025,2025-03-22,10.1002/uog.29212,,https://doi.org/10.1002/uog.29212,Ultrasound in Obstetrics and Gynecology,5,A1,Robotic ultrasound / sonography,机器人超声/超声扫查,Expanded (abstract-supported),OpenAlex,W4408751029
Introduction of robot‐assisted obstetric ultrasound in rural Northern Norway,2025,2025-11-27,10.1111/aogs.70099,41311004.0,https://doi.org/10.1111/aogs.70099,Acta Obstetricia Et Gynecologica Scandinavica,2,A1,Robotic ultrasound / sonography,机器人超声/超声扫查,Expanded (abstract-supported),OpenAlex; Europe PMC,W4416775226; MED:41311004
"Machine Learning in Medical Robotics of Diagnostics, Surgery and Rehabilitation",2025,2025-08-26,10.61173/mg827c09,,https://doi.org/10.61173/mg827c09,Science and Technology of Engineering Chemistry and Environmental Protection,0,A1,Robotic ultrasound / sonography,机器人超声/超声扫查,Expanded (abstract-supported),OpenAlex,W4413715512
Machine learning-enhanced multifunctional graphene electronic patches for gesture recognition and human-robots ultrasound encryption communication,2025,2025-03-01,10.1016/j.cej.2025.161141,,https://doi.org/10.1016/j.cej.2025.161141,Chemical Engineering Journal,7,A1,Robotic ultrasound / sonography,机器人超声/超声扫查,Expanded (abstract-supported),OpenAlex,W4408068806
Method of Forearm Muscles 3D Modeling Using Robotic Ultrasound Scanning,2025,2025-04-04,10.3390/s25072298,40218810.0,https://doi.org/10.3390/s25072298,Sensors,5,A1,Robotic ultrasound / sonography,机器人超声/超声扫查,Core (title-explicit),OpenAlex; Europe PMC,W4409161124; MED:40218810
Multi-Modal Computer- and Robot-Assisted Navigation in Spinal Surgery,2025,2025-10-23,10.5167/uzh-280172,,https://doi.org/10.5167/uzh-280172,,0,A1,Robotic ultrasound / sonography,机器人超声/超声扫查,Expanded (abstract-supported),OpenAlex,W7106394754
Optimizing Reachability and Wrench Estimation in Robotic Ultrasound via Probe Holder Geometry,2025,2025-09-01,10.1515/cdbme-2025-0227,,https://doi.org/10.1515/cdbme-2025-0227,Current Directions in Biomedical Engineering,0,A1,Robotic ultrasound / sonography,机器人超声/超声扫查,Core (title-explicit),OpenAlex,W4415956781
Optimizing Variable Admittance Control for Remote Ultrasound Scanning Under Uncertain Environment,2025,2025-01-01,10.1109/access.2025.3568150,,https://doi.org/10.1109/access.2025.3568150,IEEE Access,4,A1,Robotic ultrasound / sonography,机器人超声/超声扫查,Expanded (abstract-supported),OpenAlex,W4410204315
PADReg: Physics-Aware Deformable Registration Guided by Contact Force for Ultrasound Sequences,2025,2025-08-12,10.48550/arxiv.2508.08685,,https://doi.org/10.48550/arxiv.2508.08685,arXiv (Cornell University),0,A1,Robotic ultrasound / sonography,机器人超声/超声扫查,Expanded (abstract-supported),OpenAlex,W4416863265
Personalized scan path planning for robotic ultrasound in head and neck lesions,2025,2025-12-27,10.1007/s11548-025-03563-2,41455055.0,https://doi.org/10.1007/s11548-025-03563-2,International Journal of Computer Assisted Radiology and Surgery,0,A1,Robotic ultrasound / sonography,机器人超声/超声扫查,Core (title-explicit),OpenAlex; Europe PMC,MED:41455055; W7117364674
Preoperative Endoscopic Ultrasound Strain Elastography Has Limited Value for Predicting Intraoperative Pancreatic Texture: A Single‐Operator Pilot Study,2025,2025-11-01,10.1002/jgh3.70304,,https://doi.org/10.1002/jgh3.70304,JGH Open,0,A1,Robotic ultrasound / sonography,机器人超声/超声扫查,Expanded (abstract-supported),OpenAlex,W4416538928
Quality and Safety Assessments of 5G‐Powered Telerobotic Ultrasound System for Multi‐Organ Screening: A Prospective Pilot Study,2025,2025-08-01,10.1002/rcs.70099,40842191.0,https://doi.org/10.1002/rcs.70099,International Journal of Medical Robotics and Computer Assisted Surgery,0,A1,Robotic ultrasound / sonography,机器人超声/超声扫查,Core (title-explicit),OpenAlex; Europe PMC,MED:40842191; W4413436835
Quasi-Static Elastography-Driven Automated Robotic Ultrasound Screening and Localization,2025,2025-12-08,10.1109/tbme.2025.3634552,41359732.0,https://doi.org/10.1109/tbme.2025.3634552,IEEE Transactions on Biomedical Engineering,0,A1,Robotic ultrasound / sonography,机器人超声/超声扫查,Core (title-explicit),OpenAlex; Europe PMC,W4417131675; MED:41359732
Radiation Safety in Musculoskeletal Radiology: Addressing Challenges and Implementing Solutions,2025,2025-09-30,10.1177/09760016251372680,,https://doi.org/10.1177/09760016251372680,Apollo Medicine,0,A1,Robotic ultrasound / sonography,机器人超声/超声扫查,Expanded (abstract-supported),OpenAlex,W4414645325
Reinforcement Learning for Robot Assisted Live Ultrasound Examination,2025,2025-09-19,10.3390/electronics14183709,,https://doi.org/10.3390/electronics14183709,Electronics,2,A1,Robotic ultrasound / sonography,机器人超声/超声扫查,Expanded (abstract-supported),OpenAlex; Europe PMC,W4413533233; W4414358731; PPR:PPR1072514
Remote and Telerobotic Ultrasound Imaging,2025,2025-01-01,10.14797/mdcvj.1645,41078853.0,https://doi.org/10.14797/mdcvj.1645,Methodist DeBakey Cardiovascular Journal,2,A1,Robotic ultrasound / sonography,机器人超声/超声扫查,Core (title-explicit),OpenAlex; Europe PMC,MED:41078853; W4414883222
Respiratory Motion-Robust Robotic Ultrasound Acquisitions via Vision-Haptic Fusion Control and 3-D Compensation,2025,2025-01-01,10.1109/tim.2025.3612625,,https://doi.org/10.1109/tim.2025.3612625,IEEE Transactions on Instrumentation and Measurement,2,A1,Robotic ultrasound / sonography,机器人超声/超声扫查,Core (title-explicit),OpenAlex,W4414603892
Robot-Assisted Automatic Ultrasound Calibration Without External Trackers,2025,2025-01-01,10.1109/tim.2025.3548800,,https://doi.org/10.1109/tim.2025.3548800,IEEE Transactions on Instrumentation and Measurement,3,A1,Robotic ultrasound / sonography,机器人超声/超声扫查,Expanded (abstract-supported),OpenAlex,W4408182677
Robot-assisted ultrasound probe calibration for image-guided interventions,2025,2025-04-04,10.1007/s11548-025-03347-8,40183862.0,https://doi.org/10.1007/s11548-025-03347-8,International Journal of Computer Assisted Radiology and Surgery,1,A1,Robotic ultrasound / sonography,机器人超声/超声扫查,Core (title-explicit),OpenAlex; Europe PMC,MED:40183862; W4409182718
Robotic CBCT meets robotic ultrasound,2025,2025-03-12,10.1007/s11548-025-03336-x,40072764.0,https://doi.org/10.1007/s11548-025-03336-x,International Journal of Computer Assisted Radiology and Surgery,7,A1,Robotic ultrasound / sonography,机器人超声/超声扫查,Core (title-explicit),OpenAlex; Europe PMC,W4408351365; W4407759030; MED:40072764
Robotic Path Re-Planning for US Reconstruction of the Spine,2025,2025-03-19,10.1109/tmrb.2025.3550662,,https://doi.org/10.1109/tmrb.2025.3550662,IEEE Transactions on Medical Robotics and Bionics,2,A1,Robotic ultrasound / sonography,机器人超声/超声扫查,Expanded (abstract-supported),OpenAlex,W4408609954
Robotic Respiratory Liver Motion Compensation for Stable Ultrasound Imaging of Small Lesions,2025,2025-01-01,10.1109/jsen.2025.3598958,,https://doi.org/10.1109/jsen.2025.3598958,IEEE Sensors Journal,0,A1,Robotic ultrasound / sonography,机器人超声/超声扫查,Expanded (abstract-supported),OpenAlex,W4413371345
Robotic Ultrasound Diagnostic System for Non-Destructive Testing in Highly Variable Production,2025,2025-05-20,10.3390/electronics14102063,,https://doi.org/10.3390/electronics14102063,Electronics,2,A1,Robotic ultrasound / sonography,机器人超声/超声扫查,Core (title-explicit),OpenAlex,W4410519733
Robotic Ultrasound Scanning End-Effector with Adjustable Constant Contact Force,2025,2025-01-01,10.34133/cbsystems.0251,40321899.0,https://doi.org/10.34133/cbsystems.0251,Cyborg and Bionic Systems,10,A1,Robotic ultrasound / sonography,机器人超声/超声扫查,Core (title-explicit),OpenAlex; Europe PMC,MED:40321899; W4408403938; PMC:PMC12046132
SensARy Substitution: Augmented Reality Techniques to Enhance Force Perception in Touchless Robot Control,2025,2025-03-14,10.1109/tvcg.2025.3549856,40085451.0,https://doi.org/10.1109/tvcg.2025.3549856,IEEE Transactions on Visualization and Computer Graphics,6,A1,Robotic ultrasound / sonography,机器人超声/超声扫查,Expanded (abstract-supported),OpenAlex; Europe PMC,W4408442497; MED:40085451
Sensorless Force Imbalance Prediction Based on Visual Information for Robotic Ultrasound Scanning,2025,2025-09-01,10.1109/lra.2025.3604730,,https://doi.org/10.1109/lra.2025.3604730,IEEE Robotics and Automation Letters,2,A1,Robotic ultrasound / sonography,机器人超声/超声扫查,Core (title-explicit),OpenAlex,W4413887117
Shape Completion and Real-Time Visualization in Robotic Ultrasound Spine Acquisitions,2025,2025-08-12,10.48550/arxiv.2508.08923,,https://doi.org/10.48550/arxiv.2508.08923,arXiv (Cornell University),0,A1,Robotic ultrasound / sonography,机器人超声/超声扫查,Core (title-explicit),OpenAlex,W4416243780
Single-filament spatial calibration for robotic ultrasound,2025,2025-12-17,10.18416/automed.2026.2515,,https://doi.org/10.18416/automed.2026.2515,Infinite Science GmbH,0,A1,Robotic ultrasound / sonography,机器人超声/超声扫查,Core (title-explicit),OpenAlex,W7135383173
Smooth Path Planning and Dynamic Contact Force Regulation for Robotic Ultrasound Scanning,2025,2025-09-02,10.1109/lra.2025.3604746,,https://doi.org/10.1109/lra.2025.3604746,IEEE Robotics and Automation Letters,12,A1,Robotic ultrasound / sonography,机器人超声/超声扫查,Core (title-explicit),OpenAlex,W4413925431
SonoGym: High Performance Simulation for Challenging Surgical Tasks with Robotic Ultrasound,2025,2025-07-01,10.48550/arxiv.2507.01152,,https://doi.org/10.48550/arxiv.2507.01152,arXiv (Cornell University),0,A1,Robotic ultrasound / sonography,机器人超声/超声扫查,Core (title-explicit),OpenAlex,W4417182593
Standardizing Virtual Healthcare Deployment: Insights From the Implementation of Telerobotic Ultrasound to Bridge Healthcare Inequities in Rural and Remote Communities Across Canada.,2025,2025-01-01,10.1177/21501319251329314,40146915.0,https://doi.org/10.1177/21501319251329314,Journal of primary care & community health,3,A1,Robotic ultrasound / sonography,机器人超声/超声扫查,Core (title-explicit),Europe PMC,MED:40146915
Thenar and hypothenar muscle origins on the transverse carpal ligament,2025,2025-09-30,10.1111/joa.70054,41029003.0,https://doi.org/10.1111/joa.70054,Journal of Anatomy,0,A1,Robotic ultrasound / sonography,机器人超声/超声扫查,Expanded (abstract-supported),OpenAlex; Europe PMC,W4414715999; MED:41029003
Three-dimensional Needle Shape Reconstruction Using Robotic Ultrasound Tracking System With U-Net-based Segmentation Model,2025,2025-08-13,10.1007/s12555-025-0252-x,,https://doi.org/10.1007/s12555-025-0252-x,International Journal of Control Automation and Systems,1,A1,Robotic ultrasound / sonography,机器人超声/超声扫查,Core (title-explicit),OpenAlex,W4413170901
Tissue-View Map for Robotic Carotid Artery Ultrasound Scanning Using Reinforcement Learning,2025,2025-03-31,10.1109/lra.2025.3555865,,https://doi.org/10.1109/lra.2025.3555865,IEEE Robotics and Automation Letters,1,A1,Robotic ultrasound / sonography,机器人超声/超声扫查,Expanded (abstract-supported),OpenAlex,W4409014132
Toward Clinical Applications of Intelligent Robotic Ultrasound Systems,2025,2025-10-02,10.1109/rbme.2025.3610605,41037550.0,https://doi.org/10.1109/rbme.2025.3610605,IEEE Reviews in Biomedical Engineering,2,A1,Robotic ultrasound / sonography,机器人超声/超声扫查,Core (title-explicit),OpenAlex; Europe PMC,W4414758108; MED:41037550
Toward Lung Ultrasound Automation: Fully Autonomous Robotic Longitudinal and Transverse Scans Along Intercostal Spaces,2025,2025-03-12,10.1109/tmrb.2025.3550663,,https://doi.org/10.1109/tmrb.2025.3550663,IEEE Transactions on Medical Robotics and Bionics,2,A1,Robotic ultrasound / sonography,机器人超声/超声扫查,Expanded (abstract-supported),OpenAlex,W4408358615
Toward eFAST autonomous robotic ultrasound imaging: system integrations and experimental studies,2025,2025-02-12,10.1007/s11432-024-4288-3,,https://doi.org/10.1007/s11432-024-4288-3,Science China Information Sciences,3,A1,Robotic ultrasound / sonography,机器人超声/超声扫查,Core (title-explicit),OpenAlex,W4407565851
Towards Autonomous Cardiac Ultrasound Scanning: Combining Physician Expertise and Machine Intelligence,2025,2025-04-01,10.1109/tmrb.2025.3556539,,https://doi.org/10.1109/tmrb.2025.3556539,IEEE Transactions on Medical Robotics and Bionics,1,A1,Robotic ultrasound / sonography,机器人超声/超声扫查,Core (title-explicit),OpenAlex,W4409077118
Trajectory-aware feedforward admittance control for contact force tracking with time-varying reference trajectory in a teleoperated robotic ultrasound system,2025,2025-12-06,10.1016/j.conengprac.2025.106674,,https://doi.org/10.1016/j.conengprac.2025.106674,Control Engineering Practice,1,A1,Robotic ultrasound / sonography,机器人超声/超声扫查,Core (title-explicit),OpenAlex,W4417070314
Transformer-based robotic ultrasound 3D tracking for capsule robot in GI tract,2025,2025-06-09,10.1007/s11548-025-03445-7,40490591.0,https://doi.org/10.1007/s11548-025-03445-7,International Journal of Computer Assisted Radiology and Surgery,2,A1,Robotic ultrasound / sonography,机器人超声/超声扫查,Core (title-explicit),OpenAlex; Europe PMC,W4411142321; MED:40490591
Tumbling Magnetic Microrobots for Targeted In Vivo Drug Delivery in the GI Tract,2025,2025-10-22,10.1002/adrr.202500135,,https://doi.org/10.1002/adrr.202500135,Advanced Robotics Research,6,A1,Robotic ultrasound / sonography,机器人超声/超声扫查,Expanded (abstract-supported),OpenAlex,W4415455846
USPilot: An Embodied Robotic Assistant Ultrasound System With a Large Language Model Enhanced Graph Planner,2025,2025-08-13,10.1109/lra.2025.3598625,,https://doi.org/10.1109/lra.2025.3598625,IEEE Robotics and Automation Letters,2,A1,Robotic ultrasound / sonography,机器人超声/超声扫查,Expanded (abstract-supported),OpenAlex,W4413157121
USPilot: An Embodied Robotic Assistant Ultrasound System with Large Language Model Enhanced Graph Planner,2025,2025-02-18,10.48550/arxiv.2502.12498,,https://doi.org/10.48550/arxiv.2502.12498,arXiv (Cornell University),0,A1,Robotic ultrasound / sonography,机器人超声/超声扫查,Expanded (abstract-supported),OpenAlex,W4407759455
Ultra-Malin: Robotic Ultrasound Mapping and Localization via Implicit Neural Representation,2025,2025-01-01,10.1109/tim.2025.3550997,,https://doi.org/10.1109/tim.2025.3550997,IEEE Transactions on Instrumentation and Measurement,2,A1,Robotic ultrasound / sonography,机器人超声/超声扫查,Core (title-explicit),OpenAlex,W4408441960
UltraDP: Generalizable Carotid Ultrasound Scanning with Force-Aware Diffusion Policy,2025,2025-11-19,10.48550/arxiv.2511.15550,,https://openalex.org/W7106476507,arXiv (Cornell University),0,A1,Robotic ultrasound / sonography,机器人超声/超声扫查,Expanded (abstract-supported),OpenAlex,W7106476507; W7106234420
UltraHiT: A Hierarchical Transformer Architecture for Generalizable Internal Carotid Artery Robotic Ultrasonography,2025,2025-09-17,10.48550/arxiv.2509.13832,,https://doi.org/10.48550/arxiv.2509.13832,arXiv (Cornell University),0,A1,Robotic ultrasound / sonography,机器人超声/超声扫查,Core (title-explicit),OpenAlex,W4416255047
"Ultrasound-guided, organ-sparing, robotic resection of gastrointestinal stromal tumors of the stomach",2025,2025-07-23,10.1016/j.gassur.2025.102167,40712976.0,https://doi.org/10.1016/j.gassur.2025.102167,Journal of Gastrointestinal Surgery,4,A1,Robotic ultrasound / sonography,机器人超声/超声扫查,Expanded (abstract-supported),OpenAlex; Europe PMC,W4412599731; MED:40712976
Unveiling the real benefits of robot-assisted surgery in gynaecology: from telesurgery to image-guided surgery and artificial intelligence,2025,2025-04-07,10.52054/fvvo.2024.13522,40297947.0,https://doi.org/10.52054/fvvo.2024.13522,Facts Views and Vision in ObGyn,20,A1,Robotic ultrasound / sonography,机器人超声/超声扫查,Expanded (abstract-supported),OpenAlex; Europe PMC,MED:40297947; W4409238126
Validation and integration of a FEM model for probe-soft tissue interaction in robotic ultrasound applications,2025,2025-11-03,,,https://openalex.org/W7110623861,elib (German Aerospace Center),0,A1,Robotic ultrasound / sonography,机器人超声/超声扫查,Core (title-explicit),OpenAlex,W7110623861
Validation of a tele-robotic ultrasound system for abdomen and thyroid gland explorations: a comparison with standard ultrasound,2025,2025-01-13,10.1186/s13089-025-00408-6,39804501.0,https://doi.org/10.1186/s13089-025-00408-6,The Ultrasound Journal,4,A1,Robotic ultrasound / sonography,机器人超声/超声扫查,Core (title-explicit),OpenAlex; Europe PMC,MED:39804501; W4406314181
Vibration-Based Energy Metric for Restoring Needle Alignment in Autonomous Robotic Ultrasound,2025,2025-08-09,10.48550/arxiv.2508.06921,,https://doi.org/10.48550/arxiv.2508.06921,arXiv (Cornell University),0,A1,Robotic ultrasound / sonography,机器人超声/超声扫查,Core (title-explicit),OpenAlex,W4414457902
Visual-Haptic Model Mediated Teleoperation for Remote Ultrasound,2025,2025-02-11,10.48550/arxiv.2502.07922,,https://doi.org/10.48550/arxiv.2502.07922,arXiv (Cornell University),0,A1,Robotic ultrasound / sonography,机器人超声/超声扫查,Expanded (abstract-supported),OpenAlex,W4407569658
“How I Do It:” Robotic Transduodenal Ampullectomy for an Ampullary Adenoma,2025,2025-08-29,10.1002/jhbp.70002,,https://doi.org/10.1002/jhbp.70002,Journal of Hepato-Biliary-Pancreatic Sciences,0,A1,Robotic ultrasound / sonography,机器人超声/超声扫查,Expanded (abstract-supported),OpenAlex,W4413809896
A Polynomial Model for Estimation of Ex-Vivo HIFU Thermal Lesion Dynamics Based on Pressure Amplitude and Sonication Time,2026,2026-02-12,10.3390/app16041847,,https://doi.org/10.3390/app16041847,Applied Sciences,0,A1,Robotic ultrasound / sonography,机器人超声/超声扫查,Expanded (abstract-supported),OpenAlex,W7128693087
A Robotic Ultrasound System for Automated Abdominal Aorta Screening: Feasibility Study in Healthy Volunteers,2026,2026-07-13,10.3390/s26144452,42515336.0,https://doi.org/10.3390/s26144452,Sensors,0,A1,Robotic ultrasound / sonography,机器人超声/超声扫查,Core (title-explicit),OpenAlex; Europe PMC,W7168169062; MED:42515336
A Vision-Language-Action Model for Adaptive Ultrasound-Guided Needle Insertion and Needle Tracking,2026,2026-04-22,10.48550/arxiv.2604.20347,,https://doi.org/10.48550/arxiv.2604.20347,arXiv (Cornell University),0,A1,Robotic ultrasound / sonography,机器人超声/超声扫查,Expanded (abstract-supported),OpenAlex,W7155396280; W7155573703
AURA-CVC: Autonomous Ultrasound-guided Robotic Assistance for Central Venous Catheterization,2026,2026-02-25,10.1007/s11548-026-03572-9,41739357.0,https://doi.org/10.1007/s11548-026-03572-9,International Journal of Computer Assisted Radiology and Surgery,1,A1,Robotic ultrasound / sonography,机器人超声/超声扫查,Core (title-explicit),OpenAlex; Europe PMC,MED:41739357; W7131353126; W4416061767
Action-Conditioned World Model for Goal Plane Probe Guidance in Robotic Ultrasound,2026,2026-07-24,10.48550/arxiv.2607.21918,,https://doi.org/10.48550/arxiv.2607.21918,arXiv (Cornell University),0,A1,Robotic ultrasound / sonography,机器人超声/超声扫查,Core (title-explicit),OpenAlex,W7171455032; W7171601317
Adaptive Admittance Control for Robotic Ultrasound Examination Based on a Breast Biomechanical Model,2026,2026-06-30,10.1002/rcs.70197,42379153.0,https://doi.org/10.1002/rcs.70197,International Journal of Medical Robotics and Computer Assisted Surgery,0,A1,Robotic ultrasound / sonography,机器人超声/超声扫查,Core (title-explicit),OpenAlex; Europe PMC,W7166664677; MED:42379153
Advances in new ultrasound technologies in targeted prostate biopsy (Review),2026,2026-03-19,10.3892/etm.2026.13136,,https://doi.org/10.3892/etm.2026.13136,Experimental and Therapeutic Medicine,0,A1,Robotic ultrasound / sonography,机器人超声/超声扫查,Expanded (abstract-supported),OpenAlex,W7138910892
An AI based mobile robot for autonomous ultrasound in legal medicine,2026,2026-07-16,10.15480/882.17683,,https://doi.org/10.15480/882.17683,TUHH Open Research,0,A1,Robotic ultrasound / sonography,机器人超声/超声扫查,Core (title-explicit),OpenAlex,W7171803949; W7168615459
"An Autonomous Robotic System for Operator-Free, Standardized Breast Ultrasound",2026,2026-01-01,10.2139/ssrn.6201886,,https://doi.org/10.2139/ssrn.6201886,SSRN Electronic Journal,0,A1,Robotic ultrasound / sonography,机器人超声/超声扫查,Expanded (abstract-supported),OpenAlex,W7128474294
Anatomical Prior-Driven Framework for Autonomous Robotic Cardiac Ultrasound Standard View Acquisition,2026,2026-03-22,10.48550/arxiv.2603.21134,,https://openalex.org/W7140347409,arXiv (Cornell University),0,A1,Robotic ultrasound / sonography,机器人超声/超声扫查,Core (title-explicit),OpenAlex,W7140197241; W7140347409
Anatomy-Aware Robotic Ultrasound Path Planning With Diffusion-Based View Completion,2026,2026-02-13,10.1109/lra.2026.3664606,,https://doi.org/10.1109/lra.2026.3664606,IEEE Robotics and Automation Letters,0,A1,Robotic ultrasound / sonography,机器人超声/超声扫查,Core (title-explicit),OpenAlex,W7128772886
Automated segmentation of thyroid tissue and carotid artery in ultrasound videos using expert-in-the-loop deep learning: a foundational step toward AI-assisted thyroid diagnostics,2026,2026-07-31,10.1007/s13304-026-02782-9,42536309.0,https://doi.org/10.1007/s13304-026-02782-9,Updates in Surgery,0,A1,Robotic ultrasound / sonography,机器人超声/超声扫查,Expanded (abstract-supported),OpenAlex; Europe PMC,MED:42536309; W7171982974
Automated ultrasound with AI for osteophyte grading in hand osteoarthritis: comparison with expert rheumatologist assessment,2026,2026-05-21,10.1186/s41927-026-00654-8,42169082.0,https://doi.org/10.1186/s41927-026-00654-8,BMC Rheumatology,0,A1,Robotic ultrasound / sonography,机器人超声/超声扫查,Expanded (abstract-supported),OpenAlex; Europe PMC,W7161962415; MED:42169082
Autonomous Robotic Liver Ultrasound via Vision-Guided Initialization and Imitation Learning,2026,2026-04-06,10.1109/tmrb.2026.3680972,,https://doi.org/10.1109/tmrb.2026.3680972,IEEE Transactions on Medical Robotics and Bionics,0,A1,Robotic ultrasound / sonography,机器人超声/超声扫查,Core (title-explicit),OpenAlex,W7150961611
Autonomous path planning for intercostal robotic ultrasound imaging using reinforcement learning,2026,2026-02-11,10.1038/s41598-026-37702-9,41673226.0,https://doi.org/10.1038/s41598-026-37702-9,Scientific Reports,0,A1,Robotic ultrasound / sonography,机器人超声/超声扫查,Core (title-explicit),OpenAlex; Europe PMC,MED:41673226; W4394868293; W7128598646
Bridging the sensory gap: intraoperative lung ultrasound for deep pulmonary nodule localization in totally endoscopic robotic thoracic surgery,2026,2026-01-05,10.1007/s13304-025-02492-8,,https://doi.org/10.1007/s13304-025-02492-8,Updates in Surgery,0,A1,Robotic ultrasound / sonography,机器人超声/超声扫查,Expanded (abstract-supported),OpenAlex,W7118161230
DAISS: Phase-Aware Imitation Learning for Dual-Arm Robotic Ultrasound-Guided Interventions,2026,2026-03-08,10.48550/arxiv.2603.07663,,https://openalex.org/W7134860255,arXiv (Cornell University),0,A1,Robotic ultrasound / sonography,机器人超声/超声扫查,Core (title-explicit),OpenAlex,W7134860255; W7134851631
Design and Evaluation of a Compliant Quasi-Direct Drive End-Effector for Safe Robotic Ultrasound Imaging,2026,2026-01-01,10.1109/tmrb.2026.3699216,,https://doi.org/10.1109/tmrb.2026.3699216,IEEE Transactions on Medical Robotics and Bionics,0,A1,Robotic ultrasound / sonography,机器人超声/超声扫查,Core (title-explicit),OpenAlex,W4403885671
Development of an end-effector for robotic ultrasound measurement of pipe wall thickness using digital twins,2026,2026-04-06,10.1016/j.pnucene.2026.106391,,https://doi.org/10.1016/j.pnucene.2026.106391,Progress in Nuclear Energy,0,A1,Robotic ultrasound / sonography,机器人超声/超声扫查,Core (title-explicit),OpenAlex,W7150754273
Dual-Robot Ultrasound-Guided Drilling System Calibration for Accurate Spine Surgery,2026,2026-01-01,10.1109/tmrb.2026.3699209,,https://doi.org/10.1109/tmrb.2026.3699209,IEEE Transactions on Medical Robotics and Bionics,0,A1,Robotic ultrasound / sonography,机器人超声/超声扫查,Core (title-explicit),OpenAlex,W7164136997
EmbodiedUS-FS: Fast Slow Intelligence for Ultrasound Robotics,2026,2026-06-21,10.48550/arxiv.2606.22319,,https://doi.org/10.48550/arxiv.2606.22319,arXiv (Cornell University),0,A1,Robotic ultrasound / sonography,机器人超声/超声扫查,Expanded (abstract-supported),OpenAlex,W7165818287; W7165661500
Evaluation of the Bimatoprost Sustained Release Implant (DURYSTA®) After Posterior Chamber Implantation,2026,2026-02-09,10.46889/joar.2026.7105,,https://doi.org/10.46889/joar.2026.7105,Journal of Ophthalmology and Advance Research,0,A1,Robotic ultrasound / sonography,机器人超声/超声扫查,Expanded (abstract-supported),OpenAlex,W7128453351
Explicit force-based control strategies for compliant robot-assisted ultrasound imaging,2026,2026-05-01,10.1177/02783649261441635,,https://doi.org/10.1177/02783649261441635,The International Journal of Robotics Research,0,A1,Robotic ultrasound / sonography,机器人超声/超声扫查,Core (title-explicit),OpenAlex,W7160298333
Feasibility and preliminary validation of an autonomous robotic ultrasound system for thyroid nodule screening: a pilot prospective study,2026,2026-07-04,10.1007/s10396-026-01667-z,42401697.0,https://doi.org/10.1007/s10396-026-01667-z,Journal of Medical Ultrasonics,0,A1,Robotic ultrasound / sonography,机器人超声/超声扫查,Core (title-explicit),OpenAlex; Europe PMC,MED:42401697; W7167328246
Feasibility of Augmented Reality-Guided Robotic Ultrasound with Cone-Beam CT Integration for Spine Procedures,2026,2026-03-23,10.48550/arxiv.2603.22174,,https://openalex.org/W7140347366,arXiv (Cornell University),0,A1,Robotic ultrasound / sonography,机器人超声/超声扫查,Core (title-explicit),OpenAlex,W7140162424; W7140347366
From Avoiding Empty Packets to Real-Time Diagnosis: The Value of Robotic Ultrasound-Guided Surgery in Sentinel Lymph Node Dissection,2026,2026-01-20,10.1245/s10434-025-19028-4,41559460.0,https://doi.org/10.1245/s10434-025-19028-4,Annals of Surgical Oncology,0,A1,Robotic ultrasound / sonography,机器人超声/超声扫查,Core (title-explicit),OpenAlex; Europe PMC,W7124944667; W7129712494; MED:41559460
From Recognition to Action: Integrating Deep Learning and Robotic Control in Transthoracic Echocardiography,2026,2026-01-13,10.1016/j.ultrasmedbio.2025.12.007,41530021.0,https://doi.org/10.1016/j.ultrasmedbio.2025.12.007,Ultrasound in Medicine & Biology,0,A1,Robotic ultrasound / sonography,机器人超声/超声扫查,Expanded (abstract-supported),OpenAlex; Europe PMC,MED:41530021; W7123339284
From Scanning Guidelines to Action: A Robotic Ultrasound Agent with LLM-Based Reasoning,2026,2026-03-15,10.48550/arxiv.2603.14393,,https://doi.org/10.48550/arxiv.2603.14393,arXiv (Cornell University),0,A1,Robotic ultrasound / sonography,机器人超声/超声扫查,Core (title-explicit),OpenAlex,W7138312747; W7139146940
IP06-01 ROBOTIC-ASSISTED ULTRASOUND-GUIDED PERCUTANEOUS NEPHROLITHOTOMY: INITIAL CLINICAL EXPERIENCE FROM A CONSECUTIVE SERIES OF TEN CASES,2026,2026-04-27,10.1097/01.ju.0001191292.44613.d7.01,,https://doi.org/10.1097/01.ju.0001191292.44613.d7.01,The Journal of Urology,0,A1,Robotic ultrasound / sonography,机器人超声/超声扫查,Core (title-explicit),OpenAlex,W7156176136
Learning-Based Hybrid Needle Tip Tracking and Visualization Framework for Robotic Ultrasound-Guided Interventions,2026,2026-01-14,10.1109/tmrb.2026.3654277,,https://doi.org/10.1109/tmrb.2026.3654277,IEEE Transactions on Medical Robotics and Bionics,1,A1,Robotic ultrasound / sonography,机器人超声/超声扫查,Core (title-explicit),OpenAlex,W7124177703
Multimodal Cross-Attention Fusion of B-Mode Ultrasound and Strain Elastography for Tumor Segmentation in Robotics-Assisted Surgery,2026,2026-04-06,10.1109/tmrb.2026.3681001,42292980.0,https://doi.org/10.1109/tmrb.2026.3681001,IEEE Transactions on Medical Robotics and Bionics,0,A1,Robotic ultrasound / sonography,机器人超声/超声扫查,Expanded (abstract-supported),OpenAlex; Europe PMC,W7150834546; MED:42292980
Multimodal Deep Learning for Continuous Hand Motion Estimation Using Electromyography and Ultrasound Toward Dexterous Prosthetics and Adaptive Rehabilitation,2026,2026-01-01,,,https://openalex.org/W7161364849,DigitalCommons - Kennesaw State University (Kennesaw State University),0,A1,Robotic ultrasound / sonography,机器人超声/超声扫查,Expanded (abstract-supported),OpenAlex,W7161364849
Observer-based sliding mode admittance control for ultrasound robot force-tracking in complex interaction environments,2026,2026-01-13,10.1016/j.conengprac.2026.106764,,https://doi.org/10.1016/j.conengprac.2026.106764,Control Engineering Practice,3,A1,Robotic ultrasound / sonography,机器人超声/超声扫查,Expanded (abstract-supported),OpenAlex,W7123713864
Open-H-Embodiment: A Large-Scale Dataset for Enabling Foundation Models in Medical Robotics,2026,2026-04-22,10.48550/arxiv.2604.21017,,https://doi.org/10.48550/arxiv.2604.21017,arXiv (Cornell University),1,A1,Robotic ultrasound / sonography,机器人超声/超声扫查,Expanded (abstract-supported),OpenAlex,W7155518926; W7155654593
Patient Acceptability of Automated Robotic Ultrasound by Patient Profile,2026,2026-02-07,10.3390/robotics15020037,,https://doi.org/10.3390/robotics15020037,Robotics,0,A1,Robotic ultrasound / sonography,机器人超声/超声扫查,Core (title-explicit),OpenAlex,W7128198968
Quantitative Shear Wave Elastography: A Phantom—Based Comparison of Two Ultrasound Systems,2026,2026-02-13,10.3390/bioengineering13020214,,https://doi.org/10.3390/bioengineering13020214,Bioengineering,2,A1,Robotic ultrasound / sonography,机器人超声/超声扫查,Expanded (abstract-supported),OpenAlex,W7128796673
RAG-RUSS: A Retrieval-Augmented Robotic Ultrasound for Autonomous Carotid Examination,2026,2026-03-01,10.48550/arxiv.2603.01153,,https://openalex.org/W7133364192,arXiv (Cornell University),0,A1,Robotic ultrasound / sonography,机器人超声/超声扫查,Core (title-explicit),OpenAlex,W7133329320; W7133364192
ROBOTIC ULTRASOUND-GUIDED REPAIR OF SYMPTOMATIC UTERINE ISTHMOCELES: A MINIMALLY INVASIVE CASE REPORT,2026,2026-07-01,10.1016/j.fertnstert.2026.05.144,,https://doi.org/10.1016/j.fertnstert.2026.05.144,Fertility and Sterility,0,A1,Robotic ultrasound / sonography,机器人超声/超声扫查,Core (title-explicit),OpenAlex,W7167570614
ReXSonoVQA: A Video QA Benchmark for Procedure-Centric Ultrasound Understanding,2026,2026-04-13,10.48550/arxiv.2604.10916,,https://openalex.org/W7154655788,arXiv (Cornell University),0,A1,Robotic ultrasound / sonography,机器人超声/超声扫查,Expanded (abstract-supported),OpenAlex,W7154655788; W7154268446
Real-Time Coverage Path Planning for Bone-Aware Robotic Ultrasound Scanning,2026,2026-02-16,10.1109/lra.2026.3665067,,https://doi.org/10.1109/lra.2026.3665067,IEEE Robotics and Automation Letters,0,A1,Robotic ultrasound / sonography,机器人超声/超声扫查,Core (title-explicit),OpenAlex,W7129112580
Real-Time and Precise 3-D Lesion Reconstruction With Boundary Point Clouds for Robotic Ultrasound Scanning,2026,2026-01-29,10.1016/j.ultrasmedbio.2025.12.012,41617541.0,https://doi.org/10.1016/j.ultrasmedbio.2025.12.012,Ultrasound in Medicine & Biology,0,A1,Robotic ultrasound / sonography,机器人超声/超声扫查,Core (title-explicit),OpenAlex; Europe PMC,MED:41617541; W7126028248
Research on Robotic Force Control for Infant Hip Ultrasound,2026,2026-06-11,10.3390/act15060333,,https://doi.org/10.3390/act15060333,Actuators,0,A1,Robotic ultrasound / sonography,机器人超声/超声扫查,Expanded (abstract-supported),OpenAlex,W7164306099
Robot Learning System Based on Target Localization and Human Demonstration for Medical Examination,2026,2026-01-01,10.1109/tmech.2026.3658866,,https://doi.org/10.1109/tmech.2026.3658866,IEEE/ASME Transactions on Mechatronics,1,A1,Robotic ultrasound / sonography,机器人超声/超声扫查,Expanded (abstract-supported),OpenAlex,W7130366576
Robot-geassisteerde intra-uteriene geaugmenteerde fetoscopie,2026,2026-02-20,,,https://openalex.org/W7128558307,Lirias,0,A1,Robotic ultrasound / sonography,机器人超声/超声扫查,Expanded (abstract-supported),OpenAlex,W7128558307
Robotic Ultrasound Makes CBCT Alive,2026,2026-03-10,10.48550/arxiv.2603.10220,,https://openalex.org/W7135156353,arXiv (Cornell University),0,A1,Robotic ultrasound / sonography,机器人超声/超声扫查,Core (title-explicit),OpenAlex,W7135156353; W7135083228
Robotic Ultrasound‐Guided Musculoskeletal Injections: The Next Frontier in Precision Medicine,2026,2026-01-01,10.1111/1756-185x.70557,41566657.0,https://doi.org/10.1111/1756-185x.70557,International Journal of Rheumatic Diseases,1,A1,Robotic ultrasound / sonography,机器人超声/超声扫查,Core (title-explicit),OpenAlex; Europe PMC,MED:41566657; W7125435091
Robotic guidance for ultrasound-guided percutaneous procedures: a prospective multispecialty feasibility study,2026,2026-07-25,10.1007/s00345-026-06618-4,42501105.0,https://doi.org/10.1007/s00345-026-06618-4,World Journal of Urology,0,A1,Robotic ultrasound / sonography,机器人超声/超声扫查,Expanded (abstract-supported),OpenAlex; Europe PMC,MED:42501105; W7162653519; W7171199946; PPR:PPR1240770
"Robotic ultrasound scanning platform with autonomous control, multimodal human–machine interface and real-time image analysis",2026,2026-07-30,10.1007/s11548-026-03763-4,42533186.0,https://doi.org/10.1007/s11548-026-03763-4,International Journal of Computer Assisted Radiology and Surgery,0,A1,Robotic ultrasound / sonography,机器人超声/超声扫查,Core (title-explicit),OpenAlex; Europe PMC,MED:42533186; W7171798853
Robot‐assisted ultrasound‐guided <scp>PCNL</scp> : initial experience in 10 consecutive cases,2026,2026-01-30,10.1111/bju.70162,41618629.0,https://doi.org/10.1111/bju.70162,British Journal of Urology,2,A1,Robotic ultrasound / sonography,机器人超声/超声扫查,Expanded (abstract-supported),OpenAlex; Europe PMC,W7126170959; MED:41618629
SAMe: A Semantic Anatomy Mapping Engine for Robotic Ultrasound,2026,2026-04-28,10.48550/arxiv.2604.25646,,https://doi.org/10.48550/arxiv.2604.25646,arXiv (Cornell University),0,A1,Robotic ultrasound / sonography,机器人超声/超声扫查,Core (title-explicit),OpenAlex,W7159547037; W7158277037
Safe Variable Force Control for Robotic Ultrasound Scanning via ℓ <sub>2</sub> -Regularized Fuzzy Broad Offline Reinforcement Learning,2026,2026-01-01,10.1109/tmrb.2026.3699233,,https://doi.org/10.1109/tmrb.2026.3699233,IEEE Transactions on Medical Robotics and Bionics,0,A1,Robotic ultrasound / sonography,机器人超声/超声扫查,Core (title-explicit),OpenAlex,W7163132243
Safety and Performance Co-Optimization in Human–Robot Interaction: An Adaptive Energy Tank Design With Dynamic Control Barrier Functions,2026,2026-01-01,10.1109/tmech.2026.3689092,,https://doi.org/10.1109/tmech.2026.3689092,IEEE/ASME Transactions on Mechatronics,0,A1,Robotic ultrasound / sonography,机器人超声/超声扫查,Expanded (abstract-supported),OpenAlex,W7162493989
Simplifying Robotic Ultrasound Calibration via Conic Sections Geometry,2026,2026-01-01,10.1109/tro.2026.3695989,,https://doi.org/10.1109/tro.2026.3695989,IEEE Transactions on Robotics,0,A1,Robotic ultrasound / sonography,机器人超声/超声扫查,Core (title-explicit),OpenAlex,W7162076589
Surgical Robot Learning from Human Demonstrations,2026,2026-01-01,10.7939/84565,,https://doi.org/10.7939/84565,University of Alberta Library,0,A1,Robotic ultrasound / sonography,机器人超声/超声扫查,Expanded (abstract-supported),OpenAlex,W7164878581
Symmetry-Optimized Image Guidance and Biomechanics-Driven Force Measurement for Robotic Ultrasound: A Control Framework Enhancing Sonographic Quality,2026,2026-01-01,10.1109/tim.2026.3676192,,https://doi.org/10.1109/tim.2026.3676192,IEEE Transactions on Instrumentation and Measurement,0,A1,Robotic ultrasound / sonography,机器人超声/超声扫查,Core (title-explicit),OpenAlex,W7139965776
"Technical challenges in autonomous robotic ultrasound examinations: perception, planning, and control",2026,2026-05-30,10.1007/s11701-026-03509-z,42217071.0,https://doi.org/10.1007/s11701-026-03509-z,Journal of Robotic Surgery,0,A1,Robotic ultrasound / sonography,机器人超声/超声扫查,Core (title-explicit),OpenAlex; Europe PMC,W7162846370; MED:42217071
The Impact of Multisensory Feedback on Supporting Physicians in Robotic Ultrasound Interaction,2026,2026-01-01,10.1109/access.2026.3711373,,https://doi.org/10.1109/access.2026.3711373,IEEE Access,0,A1,Robotic ultrasound / sonography,机器人超声/超声扫查,Core (title-explicit),OpenAlex,W7167730453
Towards Autonomous Robotic Kidney Ultrasound: Spatial-Efficient Volumetric Imaging via Template Guided Optimal Pivoting,2026,2026-02-18,10.48550/arxiv.2602.16641,,https://openalex.org/W7130617723,arXiv (Cornell University),0,A1,Robotic ultrasound / sonography,机器人超声/超声扫查,Core (title-explicit),OpenAlex,W7130617723; W7130560728
"Transforming hemodialysis care: a tripartite collaboration model among medical staff, AI agents, and robots",2026,2026-06-11,10.1007/s10157-026-02903-z,42271122.0,https://doi.org/10.1007/s10157-026-02903-z,Clinical and Experimental Nephrology,0,A1,Robotic ultrasound / sonography,机器人超声/超声扫查,Expanded (abstract-supported),OpenAlex; Europe PMC,W7164143667; MED:42271122; W7124931404
Ultrasound-guided real-time spinal motion visualization for spinal instability assessment,2026,2026-04-17,10.1007/s11548-026-03627-x,41998435.0,https://doi.org/10.1007/s11548-026-03627-x,International Journal of Computer Assisted Radiology and Surgery,0,A1,Robotic ultrasound / sonography,机器人超声/超声扫查,Expanded (abstract-supported),OpenAlex; Europe PMC,W7154725392; W7129180787; MED:41998435; W7129038095
User-centered design of graphical user interfaces for telemedical robotic systems: development and usability study,2026,2026-06-15,10.1007/s11548-026-03701-4,42295609.0,https://doi.org/10.1007/s11548-026-03701-4,International Journal of Computer Assisted Radiology and Surgery,0,A1,Robotic ultrasound / sonography,机器人超声/超声扫查,Expanded (abstract-supported),OpenAlex; Europe PMC,MED:42295609; W7165527371; W7164822915
Visuotactile and Explicitly Force-Controlled Robotic Ultrasound for Abdominal Volumetric Reconstruction,2026,2026-06-04,10.48550/arxiv.2606.05848,,https://openalex.org/W7163777409,arXiv (Cornell University),0,A1,Robotic ultrasound / sonography,机器人超声/超声扫查,Core (title-explicit),OpenAlex,W7163691998; W7163777409
Computerized detection of lumen boundary in robotic colonoscopy for medical diagnosis,1995,1995-01-01,,,https://openalex.org/W2290437446,DR-NTU (Nanyang Technological University),2,A2,Robotic endoscopic search / navigation,机器人内镜搜索/导航,Core (title-explicit),OpenAlex,W2290437446
<i>In situ</i> force distribution in the glenohumeral joint capsule during anterior‐posterior loading,1999,1999-09-01,10.1002/jor.1100170523,,https://doi.org/10.1002/jor.1100170523,Journal of Orthopaedic Research®,99,A2,Robotic endoscopic search / navigation,机器人内镜搜索/导航,Expanded (abstract-supported),OpenAlex,W2050809867
Modeling and experiments for a class of robotic endoscopes.,1999,1999-01-01,10.7907/ng6v-td44.,,https://doi.org/10.7907/ng6v-td44.,Europe PMC (PubMed Central),8,A2,Robotic endoscopic search / navigation,机器人内镜搜索/导航,Expanded (abstract-supported),OpenAlex,W1888295459
Robotic endoscope and an autonomous pipe robot for performing endoscopic  procedures,2000,1998-12-07,,,,,0,A2,Robotic endoscopic search / navigation,机器人内镜搜索/导航,Expanded (abstract-supported),Europe PMC,PAT:US6162171
A new robotic endoscope manipulator,2001,2001-09-01,10.1007/s00464-001-0033-3,11605107.0,https://doi.org/10.1007/s00464-001-0033-3,Surgical Endoscopy,25,A2,Robotic endoscopic search / navigation,机器人内镜搜索/导航,Expanded (abstract-supported),OpenAlex; Europe PMC,W2010303133; MED:11605107
A preliminary trial to evaluate the performance of a voice-operated industrial robot and a human assistant in several simulated and real endoscopic operations,2001,2001-01-01,,,https://openalex.org/W2186233131,,3,A2,Robotic endoscopic search / navigation,机器人内镜搜索/导航,Expanded (abstract-supported),OpenAlex,W2186233131
A NOVEL MINIATURE ROBOTIC ENDOSCOPE DESIGN FOR INTESTINAL INSPECTIN BASED ON EARTHWORM,2002,2002-01-01,,,https://openalex.org/W2375152638,Robot,0,A2,Robotic endoscopic search / navigation,机器人内镜搜索/导航,Core (title-explicit),OpenAlex,W2375152638
Design and Performance Evaluation of Impact Type Actuator Using Magnetic Force,2002,2002-07-01,10.3795/ksme-a.2002.26.7.1438,,https://doi.org/10.3795/ksme-a.2002.26.7.1438,Transactions of the Korean Society of Mechanical Engineers A,0,A2,Robotic endoscopic search / navigation,机器人内镜搜索/导航,Expanded (abstract-supported),OpenAlex,W1984493513
[A novel miniature robotic endoscope design for intestinal inspection].,2002,2002-03-01,,16104301.0,https://openalex.org/W2387892583,PubMed,0,A2,Robotic endoscopic search / navigation,机器人内镜搜索/导航,Core (title-explicit),OpenAlex; Europe PMC,MED:16104301; W2387892583
자기력을 이용한 충격형 액추에이터의 설계 및 성능 평가,2002,2002-07-01,,,https://openalex.org/W1946703317,,0,A2,Robotic endoscopic search / navigation,机器人内镜搜索/导航,Expanded (abstract-supported),OpenAlex,W1946703317
Development of a laboratory phantom and study of a novel locomotion technique for robotic colonoscopy,2003,2003-01-01,,,https://openalex.org/W2258334639,DR-NTU (Nanyang Technological University),0,A2,Robotic endoscopic search / navigation,机器人内镜搜索/导航,Core (title-explicit),OpenAlex,W2258334639
From wired to wireless: a miniature robot for intestinal inspection,2003,2003-01-01,10.1080/03091900210156823,12745914.0,https://doi.org/10.1080/03091900210156823,Journal of Medical Engineering & Technology,25,A2,Robotic endoscopic search / navigation,机器人内镜搜索/导航,Expanded (abstract-supported),OpenAlex; Europe PMC,MED:12745914; W2070838175
Robotically assisted endoscopic ovarian transposition.,2003,2003-10-23,,,https://openalex.org/W2409498379,PubMed,47,A2,Robotic endoscopic search / navigation,机器人内镜搜索/导航,Expanded (abstract-supported),OpenAlex,W2409498379
Totally Endoscopic Robotically Enhanced Coronary Artery Bypass on the Beating Heart,2003,2003-08-01,10.1177/014107680309600810,,https://doi.org/10.1177/014107680309600810,Journal of the Royal Society of Medicine,6,A2,Robotic endoscopic search / navigation,机器人内镜搜索/导航,Expanded (abstract-supported),OpenAlex,W1990173905; W4235342437
A micro creeping robot for colonoscopy based on the earthworm,2004,2004-08-12,10.1080/03091900410001662341,15764374.0,https://doi.org/10.1080/03091900410001662341,Journal of Medical Engineering & Technology,62,A2,Robotic endoscopic search / navigation,机器人内镜搜索/导航,Core (title-explicit),OpenAlex; Europe PMC,MED:15764374; W2037244693
Design of flexible mobile mechanism for endoscopic robot,2004,2004-01-01,,,https://openalex.org/W2367423235,Journal of Machine Design,0,A2,Robotic endoscopic search / navigation,机器人内镜搜索/导航,Expanded (abstract-supported),OpenAlex,W2367423235
Endoscopic robot-assisted extended thymectomy by subxiphoid approach with sternal lifting: Feasibility in the pig,2004,2004-04-22,10.1007/s00464-003-9161-2,15108110.0,https://doi.org/10.1007/s00464-003-9161-2,Surgical Endoscopy,11,A2,Robotic endoscopic search / navigation,机器人内镜搜索/导航,Expanded (abstract-supported),OpenAlex; Europe PMC,W1980587296; MED:15108110
Modeling and Experimental Validation of the Locomotion of Endoscopic Robots in the Colon,2004,2004-04-01,10.1177/0278364904042204,,https://doi.org/10.1177/0278364904042204,The International Journal of Robotics Research,118,A2,Robotic endoscopic search / navigation,机器人内镜搜索/导航,Expanded (abstract-supported),OpenAlex,W2117926783
"One-lung ventilation, partial bypass and totally endoscopic CABG",2004,2004-05-01,10.1017/s0265021504245112,,https://doi.org/10.1017/s0265021504245112,European Journal of Anaesthesiology,0,A2,Robotic endoscopic search / navigation,机器人内镜搜索/导航,Expanded (abstract-supported),OpenAlex,W4236521018; W2047539901
Totally endoscopic robot-assisted transmyocardial revascularization,2005,2005-07-01,10.1016/j.jtcvs.2004.11.027,15999050.0,https://doi.org/10.1016/j.jtcvs.2004.11.027,Journal of Thoracic and Cardiovascular Surgery,16,A2,Robotic endoscopic search / navigation,机器人内镜搜索/导航,Expanded (abstract-supported),OpenAlex; Europe PMC,W2029720949; MED:15999050
Wide FOV wedge prism endoscope.,2005,2005-01-01,10.1109/iembs.2005.1615796,17281566.0,https://doi.org/10.1109/iembs.2005.1615796,Conference proceedings : ... Annual International Conference of the IEEE Engineering in Medicine and Biology Society. IEEE Engineering in Medicine and Biology Society. Annual Conference,5,A2,Robotic endoscopic search / navigation,机器人内镜搜索/导航,Expanded (abstract-supported),Europe PMC,MED:17281566
Extracorporeal magnetic driving of micro medical robot and control system,2006,2006-01-01,,,https://openalex.org/W2351410088,Journal of Shenzhen Institute of Information Technology,0,A2,Robotic endoscopic search / navigation,机器人内镜搜索/导航,Expanded (abstract-supported),OpenAlex,W2351410088
Locomotion techniques for robotic colonoscopy,2006,2006-05-01,10.1109/memb.2006.1636351,16764431.0,https://doi.org/10.1109/memb.2006.1636351,IEEE Engineering in Medicine and Biology Magazine,100,A2,Robotic endoscopic search / navigation,机器人内镜搜索/导航,Core (title-explicit),OpenAlex; Europe PMC,W2157564578; MED:16764431
Robotic Virtual Endoscopy: Development of a Multidirectional Rigid Endoscope,2006,2006-07-01,10.1227/01.neu.0000220684.16997.31,18596445.0,https://doi.org/10.1227/01.neu.0000220684.16997.31,Operative Neurosurgery,24,A2,Robotic endoscopic search / navigation,机器人内镜搜索/导航,Expanded (abstract-supported),OpenAlex; Europe PMC,MED:18596445; MED:16888544; W2021981025
The Importance of Posterior Capsule During the Tibial Inlay PCL Reconstruction (SS‐09),2006,2006-06-01,10.1016/j.arthro.2006.04.011,,https://doi.org/10.1016/j.arthro.2006.04.011,Arthroscopy The Journal of Arthroscopic and Related Surgery,0,A2,Robotic endoscopic search / navigation,机器人内镜搜索/导航,Expanded (abstract-supported),OpenAlex,W2057376698
Three-Year Experience with Totally Endoscopic Robotic Thymectomy,2006,2006-03-01,10.1097/01243895-200600130-00003,,https://doi.org/10.1097/01243895-200600130-00003,Innovations Technology and Techniques in Cardiothoracic and Vascular Surgery,6,A2,Robotic endoscopic search / navigation,机器人内镜搜索/导航,Expanded (abstract-supported),OpenAlex,W4246093333; W2022008204
Microrobotics for future gastrointestinal endoscopy,2007,2007-01-01,10.1080/13645700701266982,17474052.0,https://doi.org/10.1080/13645700701266982,Minimally Invasive Therapy & Allied Technologies,68,A2,Robotic endoscopic search / navigation,机器人内镜搜索/导航,Expanded (abstract-supported),OpenAlex; Europe PMC,W2036479922; MED:17474052
A Wireless Robotic Endoscope for Gastrointestine,2008,2008-02-01,10.1109/tro.2008.915418,,https://doi.org/10.1109/tro.2008.915418,IEEE Transactions on Robotics,87,A2,Robotic endoscopic search / navigation,机器人内镜搜索/导航,Expanded (abstract-supported),OpenAlex,W2138299709
"An Earthworm-Like Robotic Endoscope System for Human Intestine: Design, Analysis, and Experiment",2008,2008-11-11,10.1007/s10439-008-9597-6,19003537.0,https://doi.org/10.1007/s10439-008-9597-6,Annals of Biomedical Engineering,85,A2,Robotic endoscopic search / navigation,机器人内镜搜索/导航,Expanded (abstract-supported),OpenAlex; Europe PMC,MED:19003537; W2006097298
An active endoscopic robot based on wireless power transmission and electromagnetic localization,2008,2008-10-27,10.1002/rcs.220,18956414.0,https://doi.org/10.1002/rcs.220,International Journal of Medical Robotics and Computer Assisted Surgery,45,A2,Robotic endoscopic search / navigation,机器人内镜搜索/导航,Expanded (abstract-supported),OpenAlex; Europe PMC,MED:18956414; W2081624534
ROBOTIC VIRTUAL ENDOSCOPY,2008,2008-02-01,10.1227/01.neu.0000316263.51973.a7,,https://doi.org/10.1227/01.neu.0000316263.51973.a7,Neurosurgery,3,A2,Robotic endoscopic search / navigation,机器人内镜搜索/导航,Expanded (abstract-supported),OpenAlex,W2613853059
Robotic retroperitoneal lower para‐aortic lymphadenectomy in cervical carcinoma: First report on the technique used in 5 patients,2008,2008-07-01,10.1080/00016340802146946,,https://doi.org/10.1080/00016340802146946,Acta Obstetricia Et Gynecologica Scandinavica,77,A2,Robotic endoscopic search / navigation,机器人内镜搜索/导航,Expanded (abstract-supported),OpenAlex,W2128423701
Sensor-based guidance control of a continuum robot for a semi-autonomous colonoscopy,2008,2008-11-26,10.1016/j.robot.2008.11.001,,https://doi.org/10.1016/j.robot.2008.11.001,Robotics and Autonomous Systems,100,A2,Robotic endoscopic search / navigation,机器人内镜搜索/导航,Core (title-explicit),OpenAlex,W1995166423
Study on Wireless Powered Microrobot for Gastrointestinal Detection,2008,2008-01-01,,,https://openalex.org/W2371625162,Robot,2,A2,Robotic endoscopic search / navigation,机器人内镜搜索/导航,Expanded (abstract-supported),OpenAlex,W2371625162
Whole Skin Locomotion Inspired by Amoeboid Motility Mechanisms,2008,2008-09-05,10.1115/1.2976368,,https://doi.org/10.1115/1.2976368,Journal of Mechanisms and Robotics,24,A2,Robotic endoscopic search / navigation,机器人内镜搜索/导航,Expanded (abstract-supported),OpenAlex,W4237388881
"Functional Evaluation of the Endotics System, a New Disposable Self-Propelled Robotic Colonoscope: <i>in vitro</i> tests and clinical trial",2009,2009-08-01,10.1177/039139880903200806,19844894.0,https://doi.org/10.1177/039139880903200806,The International Journal of Artificial Organs,74,A2,Robotic endoscopic search / navigation,机器人内镜搜索/导航,Core (title-explicit),OpenAlex; Europe PMC,W1884177653; MED:19844894
Simultaneous Physiological Motion Cancellation and Depth Adaptation in Flexible Endoscopy,2009,2009-06-16,10.1109/tbme.2009.2024213,,https://doi.org/10.1109/tbme.2009.2024213,IEEE Transactions on Biomedical Engineering,7,A2,Robotic endoscopic search / navigation,机器人内镜搜索/导航,Expanded (abstract-supported),OpenAlex,W2129947295
The study and development of squirmy inserted endoscopic robot,2009,2009-01-01,,,https://openalex.org/W2359142546,Machinery Design and Manufacture,0,A2,Robotic endoscopic search / navigation,机器人内镜搜索/导航,Expanded (abstract-supported),OpenAlex,W2359142546
APPARATUS FOR ROBOTIC COLONOSCOPY,2010,2008-10-15,,,,,0,A2,Robotic endoscopic search / navigation,机器人内镜搜索/导航,Core (title-explicit),Europe PMC,PAT:KR20100042185
Development of a colon endoscope robot that adjusts its locomotion through the use of reinforcement learning,2010,2010-05-17,10.1007/s11548-010-0481-0,20480247.0,https://doi.org/10.1007/s11548-010-0481-0,International Journal of Computer Assisted Radiology and Surgery,36,A2,Robotic endoscopic search / navigation,机器人内镜搜索/导航,Expanded (abstract-supported),OpenAlex; Europe PMC,W2167121883; MED:20480247
Force adaptive multi-spectral imaging with an articulated robotic endoscope.,2010,2010-01-01,10.1007/978-3-642-15711-0_31,20879406.0,https://doi.org/10.1007/978-3-642-15711-0_31,Medical image computing and computer-assisted intervention : MICCAI ... International Conference on Medical Image Computing and Computer-Assisted Intervention,8,A2,Robotic endoscopic search / navigation,机器人内镜搜索/导航,Expanded (abstract-supported),Europe PMC,MED:20879406
Hybrid coronary revascularization: which patients? when? how?,2010,2010-09-30,10.1097/hco.0b013e32833f02fb,,https://doi.org/10.1097/hco.0b013e32833f02fb,Current Opinion in Cardiology,46,A2,Robotic endoscopic search / navigation,机器人内镜搜索/导航,Expanded (abstract-supported),OpenAlex,W2021653844
"The intelligent, painless, “germ-free” colonoscopy: A Columbus’ egg for increasing population adherence to colorectal cancer screening?",2010,2010-08-05,10.1016/j.dld.2010.06.007,20688586.0,https://doi.org/10.1016/j.dld.2010.06.007,Digestive and Liver Disease,8,A2,Robotic endoscopic search / navigation,机器人内镜搜索/导航,Expanded (abstract-supported),OpenAlex; Europe PMC,W1988551966; MED:20688586
ViKY Robotic Scope Holder: Initial Clinical Experience and Preliminary Results Using Instrument Tracking,2010,2010-11-23,10.1109/tmech.2010.2080683,,https://doi.org/10.1109/tmech.2010.2080683,IEEE/ASME Transactions on Mechatronics,80,A2,Robotic endoscopic search / navigation,机器人内镜搜索/导航,Expanded (abstract-supported),OpenAlex,W2138355347
A robotic endoscope based on minimally invasive locomotion and wireless techniques for human colon,2011,2011-05-11,10.1002/rcs.389,21563284.0,https://doi.org/10.1002/rcs.389,International Journal of Medical Robotics and Computer Assisted Surgery,25,A2,Robotic endoscopic search / navigation,机器人内镜搜索/导航,Expanded (abstract-supported),OpenAlex; Europe PMC,MED:21563284; W1971644415
An approach to the capsule endoscopic robot with active drive motion,2011,2011-03-01,10.1631/jzus.a1000141,,https://doi.org/10.1631/jzus.a1000141,Journal of Zhejiang University. Science A,13,A2,Robotic endoscopic search / navigation,机器人内镜搜索/导航,Core (title-explicit),OpenAlex,W3139740984; W2109882223
Análise Cinemática e Planificação de Movimentos de um Robô Endoscópico Accionado Electromagneticamente,2011,2011-01-01,,,https://openalex.org/W848940206,"Portuguese National Funding Agency for Science, Research and Technology (RCAAP Project by FCT)",1,A2,Robotic endoscopic search / navigation,机器人内镜搜索/导航,Expanded (abstract-supported),OpenAlex,W848940206
COLLISION AVOIDANCE AND DETECTION USING DISTANCE SENSORS,2011,2010-10-04,,,,,0,A2,Robotic endoscopic search / navigation,机器人内镜搜索/导航,Expanded (abstract-supported),Europe PMC,PAT:WO2011055245
METHOD AND SYSTEM FOR AUTOMATICALLY MAINTAINING AN OPERATOR SELECTED ROLL ORIENTATION AT A DISTAL TIP OF A ROBOTIC ENDOSCOPE,2011,2011-01-26,,,,,0,A2,Robotic endoscopic search / navigation,机器人内镜搜索/导航,Expanded (abstract-supported),Europe PMC,PAT:WO2011100110; PAT:US2011196199
Robotic Assistance to Flexible Endoscopy by Physiological-Motion Tracking,2011,2011-01-21,10.1109/tro.2010.2098623,,https://doi.org/10.1109/tro.2010.2098623,IEEE Transactions on Robotics,95,A2,Robotic endoscopic search / navigation,机器人内镜搜索/导航,Expanded (abstract-supported),OpenAlex,W2133450663
Robotics for spinal operations: reality or Alice in Wonderland?,2011,2011-11-22,10.1002/rcs.433,,https://doi.org/10.1002/rcs.433,International Journal of Medical Robotics and Computer Assisted Surgery,4,A2,Robotic endoscopic search / navigation,机器人内镜搜索/导航,Expanded (abstract-supported),OpenAlex,W1897941883
Robust feature tracking on the beating heart for a robotic‐guided endoscope,2011,2011-10-07,10.1002/rcs.418,22113979.0,https://doi.org/10.1002/rcs.418,International Journal of Medical Robotics and Computer Assisted Surgery,22,A2,Robotic endoscopic search / navigation,机器人内镜搜索/导航,Expanded (abstract-supported),OpenAlex; Europe PMC,W1552469846; MED:22113979
S152022 Development of an Endoscopic Robot and Experiments in the large intestine of a Dead Swine,2011,2011-01-01,10.1299/jsmemecj.2011._s152022-1,,https://doi.org/10.1299/jsmemecj.2011._s152022-1,The Proceedings of Mechanical Engineering Congress Japan,0,A2,Robotic endoscopic search / navigation,机器人内镜搜索/导航,Expanded (abstract-supported),OpenAlex,W2681161521
"Commentaire de travail de Z. Wang et al, pp. 690",2012,2012-06-21,10.1055/s-0032-1309989,,https://doi.org/10.1055/s-0032-1309989,Endoscopy,0,A2,Robotic endoscopic search / navigation,机器人内镜搜索/导航,Expanded (abstract-supported),OpenAlex,W4233188578
Evaluation of Small Bowel Lumen Friction Forces for Applications in In vivo Robotic Capsule Endoscopy,2012,2012-01-01,,,https://openalex.org/W10105201,Medical economics,5,A2,Robotic endoscopic search / navigation,机器人内镜搜索/导航,Core (title-explicit),OpenAlex,W10105201
Robot-assisted transvaginal peritoneoscopy using confocal endomicroscopy: a feasibility study in a porcine model,2012,2012-04-25,10.1007/s00464-012-2228-1,22534738.0,https://doi.org/10.1007/s00464-012-2228-1,Surgical Endoscopy,27,A2,Robotic endoscopic search / navigation,机器人内镜搜索/导航,Expanded (abstract-supported),OpenAlex; Europe PMC,MED:22534738; W2005275267
Wireless technologies for robotic endoscope in gastrointestinal tract,2012,2012-05-18,10.3109/03091902.2012.673687,22594607.0,https://doi.org/10.3109/03091902.2012.673687,Journal of Medical Engineering & Technology,2,A2,Robotic endoscopic search / navigation,机器人内镜搜索/导航,Expanded (abstract-supported),OpenAlex; Europe PMC,W2142630371; MED:22594607
Development of Bellows-Type Artificial Rubber Muscle and Application to Peristaltic Crawling Endoscopic Robot,2013,2013-08-20,10.20965/jrm.2013.p0748,,https://doi.org/10.20965/jrm.2013.p0748,Journal of Robotics and Mechatronics,8,A2,Robotic endoscopic search / navigation,机器人内镜搜索/导航,Expanded (abstract-supported),OpenAlex,W2575601135
Probe-based confocal endomicroscopy: technical challenges and clinical applications,2013,2013-12-01,10.25560/24746,,https://doi.org/10.25560/24746,Spiral (Imperial College London),0,A2,Robotic endoscopic search / navigation,机器人内镜搜索/导航,Expanded (abstract-supported),OpenAlex,W1463185349
Non-recurrent inferior laryngeal nerve identification during robotic thyroidectomy,2014,2014-01-30,10.1017/s0022215114000012,24479986.0,https://doi.org/10.1017/s0022215114000012,The Journal of Laryngology & Otology,9,A2,Robotic endoscopic search / navigation,机器人内镜搜索/导航,Expanded (abstract-supported),OpenAlex; Europe PMC,MED:24479986; W2069693466
Technological Trend of Endoscopic Robots,2014,2014-03-01,10.5302/j.icros.2014.14.9021,,https://doi.org/10.5302/j.icros.2014.14.9021,Journal of Institute of Control Robotics and Systems,0,A2,Robotic endoscopic search / navigation,机器人内镜搜索/导航,Expanded (abstract-supported),OpenAlex,W2140940973
What’s in a Name?: Providing Clarity in the Definition of Minimally Invasive Parathyroidectomy,2014,2014-12-01,10.1007/s00268-014-2902-7,,https://doi.org/10.1007/s00268-014-2902-7,World Journal of Surgery,23,A2,Robotic endoscopic search / navigation,机器人内镜搜索/导航,Expanded (abstract-supported),OpenAlex,W2010712251
내시경 로봇의 기술 동향,2014,2014-03-01,,,https://openalex.org/W1488371185,Journal of Institute of Control Robotics and Systems,0,A2,Robotic endoscopic search / navigation,机器人内镜搜索/导航,Expanded (abstract-supported),OpenAlex,W1488371185
Characterising the Mechanical Properties of Large Intestine,2015,2015-08-01,,,https://openalex.org/W2340914779,"White Rose eTheses Online (University of Leeds, The University of Sheffield, University of York)",0,A2,Robotic endoscopic search / navigation,机器人内镜搜索/导航,Expanded (abstract-supported),OpenAlex; Europe PMC,W2340914779; ETH:682743
Computerized three dimensional mapping and robotic maneuvering through the human large intestine trajectory with magnetic capsule endoscopy using reference tracking control,2015,2015-05-12,10.1055/s-0035-1551852,,https://doi.org/10.1055/s-0035-1551852,Zeitschrift für Gastroenterologie,0,A2,Robotic endoscopic search / navigation,机器人内镜搜索/导航,Core (title-explicit),OpenAlex,W2619995362
Design and experiment of an intestinal anchoring mechanism,2015,2015-01-01,,,https://openalex.org/W3140960603,Optics and Precision Engineering,0,A2,Robotic endoscopic search / navigation,机器人内镜搜索/导航,Expanded (abstract-supported),OpenAlex,W3140960603
Design of wormlike automated robotic endoscope: dynamic interaction between endoscopic balloon and surrounding tissues,2015,2015-05-27,10.1007/s00464-015-4224-8,26017907.0,https://doi.org/10.1007/s00464-015-4224-8,Surgical Endoscopy,26,A2,Robotic endoscopic search / navigation,机器人内镜搜索/导航,Expanded (abstract-supported),OpenAlex; Europe PMC,W2153597975; MED:26017907
Development of a novel endoscopic manipulation system: the Endoscopic Operation Robot ver.3,2015,2015-04-24,10.1055/s-0034-1391973,25910062.0,https://doi.org/10.1055/s-0034-1391973,Endoscopy,53,A2,Robotic endoscopic search / navigation,机器人内镜搜索/导航,Expanded (abstract-supported),OpenAlex; Europe PMC,W1980617453; MED:25910062
Development of an Endoscopic Support Device Using Veering-out Tube with Stiffening Capability by Granular Jamming,2015,2015-01-01,10.9746/sicetr.51.290,,https://doi.org/10.9746/sicetr.51.290,Transactions of the Society of Instrument and Control Engineers,4,A2,Robotic endoscopic search / navigation,机器人内镜搜索/导航,Expanded (abstract-supported),OpenAlex,W2703565340
Feasibility of automated target centralization in colonoscopy,2015,2015-10-08,10.1007/s11548-015-1301-3,,https://doi.org/10.1007/s11548-015-1301-3,International Journal of Computer Assisted Radiology and Surgery,9,A2,Robotic endoscopic search / navigation,机器人内镜搜索/导航,Expanded (abstract-supported),OpenAlex,W2139622240
"Intestinal Manometry Force Sensor for Robotic Capsule Endoscopy: An Acute, Multipatient In vivo Animal and Human Study",2015,2015-09-18,10.1109/tbme.2015.2479607,26394411.0,https://doi.org/10.1109/tbme.2015.2479607,IEEE Transactions on Biomedical Engineering,8,A2,Robotic endoscopic search / navigation,机器人内镜搜索/导航,Core (title-explicit),OpenAlex; Europe PMC,W2337857680; MED:26394411
Ongoing Development and Directions in Flexible Robotic Endoscopy,2015,2015-06-01,10.7888/juoeh.37.149,26073504.0,https://doi.org/10.7888/juoeh.37.149,Journal of UOEH,1,A2,Robotic endoscopic search / navigation,机器人内镜搜索/导航,Expanded (abstract-supported),OpenAlex; Europe PMC,W2475116306; MED:26073504
Unroofed coronary sinus atrial septal defect: a multi-modality imaging approach:,2015,2015-07-30,10.1093/ehjci/jev190,,https://doi.org/10.1093/ehjci/jev190,European Heart Journal - Cardiovascular Imaging,2,A2,Robotic endoscopic search / navigation,机器人内镜搜索/导航,Expanded (abstract-supported),OpenAlex,W2147501030
軟性内視鏡ロボットの現況と方向性,2015,2015-06-01,,,https://openalex.org/W7146501718,Institutional Repositories DataBase (IRDB),0,A2,Robotic endoscopic search / navigation,机器人内镜搜索/导航,Expanded (abstract-supported),OpenAlex,W7146501718
"Development of a Robotic Colonoscopic Manipulation System, Using Haptic Feedback Algorithm",2016,2016-11-17,10.3349/ymj.2017.58.1.139,27873506.0,https://doi.org/10.3349/ymj.2017.58.1.139,Yonsei Medical Journal,20,A2,Robotic endoscopic search / navigation,机器人内镜搜索/导航,Core (title-explicit),OpenAlex; Europe PMC,W2553775536; MED:27873506
Flexible robotic endoscopy: current and original devices,2016,2016-01-01,10.1080/24699322.2016.1242654,27973963.0,https://doi.org/10.1080/24699322.2016.1242654,Computer Assisted Surgery,29,A2,Robotic endoscopic search / navigation,机器人内镜搜索/导航,Expanded (abstract-supported),OpenAlex; Europe PMC,MED:27973963; W2547553476
Jacobian-Based Iterative Method for Magnetic Localization in Robotic Capsule Endoscopy,2016,2016-03-10,10.1109/tro.2016.2522433,27087799.0,https://doi.org/10.1109/tro.2016.2522433,IEEE Transactions on Robotics,111,A2,Robotic endoscopic search / navigation,机器人内镜搜索/导航,Core (title-explicit),OpenAlex; Europe PMC,MED:27087799; W2333051748
Painless Colonoscopy: Available Techniques and Instruments,2016,2016-09-30,10.5946/ce.2016.132,27744665.0,https://doi.org/10.5946/ce.2016.132,Clinical Endoscopy,16,A2,Robotic endoscopic search / navigation,机器人内镜搜索/导航,Expanded (abstract-supported),OpenAlex; Europe PMC,W2526391905; MED:27744665
Quantitative assessment of colorectal morphology: Implications for robotic colonoscopy,2016,2016-01-04,10.1016/j.medengphy.2015.11.018,26762775.0,https://doi.org/10.1016/j.medengphy.2015.11.018,Medical Engineering & Physics,60,A2,Robotic endoscopic search / navigation,机器人内镜搜索/导航,Core (title-explicit),OpenAlex; Europe PMC,W2222811342; MED:26762775
A Novel Robotic Meshworm With Segment-Bending Anchoring for Colonoscopy,2017,2017-03-06,10.1109/lra.2017.2678540,,https://doi.org/10.1109/lra.2017.2678540,IEEE Robotics and Automation Letters,80,A2,Robotic endoscopic search / navigation,机器人内镜搜索/导航,Core (title-explicit),OpenAlex,W2594399172
An innovative robotic platform for magnetically-driven painless colonoscopy,2017,2017-11-01,10.21037/atm.2017.09.15,,https://doi.org/10.21037/atm.2017.09.15,Annals of Translational Medicine,20,A2,Robotic endoscopic search / navigation,机器人内镜搜索/导航,Core (title-explicit),OpenAlex,W2767120573
Bio-Medical Application of Wireless Power Transmission System,2017,2017-01-13,,,https://openalex.org/W2621651316,SSRN Electronic Journal,6,A2,Robotic endoscopic search / navigation,机器人内镜搜索/导航,Expanded (abstract-supported),OpenAlex,W2621651316
"Design and preliminary evaluation of a self-steering, pneumatically driven colonoscopy robot",2017,2017-01-26,10.1080/03091902.2016.1275853,28122477.0,https://doi.org/10.1080/03091902.2016.1275853,Journal of Medical Engineering & Technology,45,A2,Robotic endoscopic search / navigation,机器人内镜搜索/导航,Core (title-explicit),OpenAlex; Europe PMC,W2582509576; MED:28122477
Evolution in Visualization for Sinus and Skull Base Surgery,2017,2017-04-25,10.1016/j.otc.2017.01.003,28389019.0,https://doi.org/10.1016/j.otc.2017.01.003,Otolaryngologic Clinics of North America,19,A2,Robotic endoscopic search / navigation,机器人内镜搜索/导航,Expanded (abstract-supported),OpenAlex; Europe PMC,W2606782314; MED:28389019
Full-driving soft robotic colonoscope in compliant colon tissue,2017,2017-11-09,10.1080/03091902.2017.1394387,29117761.0,https://doi.org/10.1080/03091902.2017.1394387,Journal of Medical Engineering & Technology,14,A2,Robotic endoscopic search / navigation,机器人内镜搜索/导航,Core (title-explicit),OpenAlex; Europe PMC,W2767906291; MED:29117761
Management of early colonic neoplasia: where are we now and where are we heading?,2017,2017-01-05,10.1080/17474124.2017.1279051,28052695.0,https://doi.org/10.1080/17474124.2017.1279051,Expert Review of Gastroenterology & Hepatology,5,A2,Robotic endoscopic search / navigation,机器人内镜搜索/导航,Expanded (abstract-supported),OpenAlex; Europe PMC,W2568319168; MED:28052695
Sparse-then-dense alignment-based 3D map reconstruction method for endoscopic capsule robots,2017,2017-12-27,10.1007/s00138-017-0905-8,,https://doi.org/10.1007/s00138-017-0905-8,Machine Vision and Applications,36,A2,Robotic endoscopic search / navigation,机器人内镜搜索/导航,Core (title-explicit),OpenAlex,W2751326577
Through the Eustachian Tube and Beyond: A New Miniature Robotic Endoscope to See Into the Middle Ear,2017,2017-02-14,10.1109/lra.2017.2668468,29202035.0,https://doi.org/10.1109/lra.2017.2668468,IEEE Robotics and Automation Letters,39,A2,Robotic endoscopic search / navigation,机器人内镜搜索/导航,Expanded (abstract-supported),OpenAlex; Europe PMC,W2588775902; MED:29202035
Use of robotic colonoscopy in patients with previous incomplete colonoscopy.,2017,2017-02-01,,28272700.0,https://openalex.org/W2990419766,PubMed,34,A2,Robotic endoscopic search / navigation,机器人内镜搜索/导航,Core (title-explicit),OpenAlex; Europe PMC,W2990419766; MED:28272700
A Modular Endoscopy Simulation Apparatus (MESA) for Robotic Medical Device Sensing and Control Validation,2018,2018-08-10,10.1109/lra.2018.2861015,,https://doi.org/10.1109/lra.2018.2861015,IEEE Robotics and Automation Letters,13,A2,Robotic endoscopic search / navigation,机器人内镜搜索/导航,Expanded (abstract-supported),OpenAlex,W2886201857
"A Platform for Developing Robotic Navigation Strategies in a Deformable, Dynamic Environment",2018,2018-04-16,10.1109/lra.2018.2827168,,https://doi.org/10.1109/lra.2018.2827168,IEEE Robotics and Automation Letters,22,A2,Robotic endoscopic search / navigation,机器人内镜搜索/导航,Expanded (abstract-supported),OpenAlex,W2802434253
Health of Your Airways,2018,2018-03-20,10.1097/lbr.0000000000000488,,https://doi.org/10.1097/lbr.0000000000000488,Journal of Bronchology & Interventional Pulmonology,0,A2,Robotic endoscopic search / navigation,机器人内镜搜索/导航,Expanded (abstract-supported),OpenAlex,W2792559828
New Robotic Technologies in Cancer Colon Screening,2018,2018-12-21,10.2174/2212697x06666181220130020,,https://doi.org/10.2174/2212697x06666181220130020,Clinical Cancer Drugs,2,A2,Robotic endoscopic search / navigation,机器人内镜搜索/导航,Expanded (abstract-supported),OpenAlex,W2906494644
Robotic Endoscopic Airway Challenge: REACH Assessment,2018,2018-02-24,10.1016/j.athoracsur.2018.01.051,29486178.0,https://doi.org/10.1016/j.athoracsur.2018.01.051,The Annals of Thoracic Surgery,113,A2,Robotic endoscopic search / navigation,机器人内镜搜索/导航,Expanded (abstract-supported),OpenAlex; Europe PMC,W2788922940; MED:29486178
Robotic Endoscopy,2018,2018-01-01,10.1159/000486121,29594169.0,https://doi.org/10.1159/000486121,Visceral Medicine,75,A2,Robotic endoscopic search / navigation,机器人内镜搜索/导航,Expanded (abstract-supported),OpenAlex; Europe PMC,W4251124249; MED:29594169; PAT:US5662587; PAT:US5337732
35. A referred case of probable PMR with a different outcome,2019,2019-09-01,10.1093/rap/rkz028.004,,https://doi.org/10.1093/rap/rkz028.004,Rheumatology Advances in Practice,0,A2,Robotic endoscopic search / navigation,机器人内镜搜索/导航,Expanded (abstract-supported),OpenAlex,W2975505068
A Prospective Randomized Comparative Study of Three Guided Bronchoscopic Approaches for Investigating Pulmonary Nodules,2019,2019-11-01,10.1016/j.chest.2019.10.016,31678307.0,https://doi.org/10.1016/j.chest.2019.10.016,CHEST Journal,147,A2,Robotic endoscopic search / navigation,机器人内镜搜索/导航,Expanded (abstract-supported),OpenAlex; Europe PMC,W2988394346; MED:31678307
A Soft Pneumatic Inchworm Double balloon (SPID) for colonoscopy,2019,2019-07-31,10.1038/s41598-019-47320-3,31367005.0,https://doi.org/10.1038/s41598-019-47320-3,Scientific Reports,100,A2,Robotic endoscopic search / navigation,机器人内镜搜索/导航,Expanded (abstract-supported),OpenAlex; Europe PMC,MED:31367005; W2965005738
Accuracy of a Robotic Endoscopic System in Cadaver Models with Simulated Tumor Targets: ACCESS Study,2019,2019-12-05,10.1159/000504181,,https://doi.org/10.1159/000504181,Respiration,58,A2,Robotic endoscopic search / navigation,机器人内镜搜索/导航,Core (title-explicit),OpenAlex,W2992341656
Assessment of technical parameters and skills training to inform a simulation-based training program for semi-automated robotic colonoscopy,2019,2019-01-01,10.1055/a-0774-4554,30648134.0,https://doi.org/10.1055/a-0774-4554,Endoscopy International Open,2,A2,Robotic endoscopic search / navigation,机器人内镜搜索/导航,Core (title-explicit),OpenAlex; Europe PMC,MED:30648134; W2908229120
Auditory Display for Image-Guided Medical Interventions,2019,2019-03-22,,,https://openalex.org/W2946024241,,0,A2,Robotic endoscopic search / navigation,机器人内镜搜索/导航,Expanded (abstract-supported),OpenAlex,W2946024241
Clinical research on magnetically controlled capsule endoscopy in early diagnosis of small bowel Crohn′s disease,2019,2019-02-15,10.3877/cma.j.issn.2095-7157.2019.01.002,,https://doi.org/10.3877/cma.j.issn.2095-7157.2019.01.002,,0,A2,Robotic endoscopic search / navigation,机器人内镜搜索/导航,Core (title-explicit),OpenAlex,W3031884082
Development of a novel angular sensor for medical tracking systems,2019,2019-07-26,,,https://openalex.org/W2986358639,,0,A2,Robotic endoscopic search / navigation,机器人内镜搜索/导航,Expanded (abstract-supported),OpenAlex,W2986358639
Esophageal and Gastric Diseases With Robotically Controlled Magnetic Capsule Endoscopy,2019,2019-08-26,10.31525/ct1-nct04068480,,https://doi.org/10.31525/ct1-nct04068480,Case Medical Research,0,A2,Robotic endoscopic search / navigation,机器人内镜搜索/导航,Core (title-explicit),OpenAlex,W4241780282
Feasibility Study of a Novel Single Use Robotic Colonoscopy System,2019,2019-06-07,10.31525/ct1-nct03979690,,https://doi.org/10.31525/ct1-nct03979690,Case Medical Research,0,A2,Robotic endoscopic search / navigation,机器人内镜搜索/导航,Core (title-explicit),OpenAlex,W4243596183
"MULTICENTER, PROSPECTIVE PILOT AND FEASIBILITY STUDY OF ROBOTIC-ASSISTED BRONCHOSCOPY FOR PERIPHERAL PULMONARY LESIONS",2019,2019-10-01,10.1016/j.chest.2019.08.313,,https://doi.org/10.1016/j.chest.2019.08.313,CHEST Journal,9,A2,Robotic endoscopic search / navigation,机器人内镜搜索/导航,Core (title-explicit),OpenAlex,W2971201359
ROBOTIC BRONCHOSCOPY: AN INITIAL EXPERIENCE AT A TERTIARY CENTER,2019,2019-10-01,10.1016/j.chest.2019.08.1538,,https://doi.org/10.1016/j.chest.2019.08.1538,CHEST Journal,2,A2,Robotic endoscopic search / navigation,机器人内镜搜索/导航,Expanded (abstract-supported),OpenAlex,W2980437418
Robotic Bronchoscopy,2019,2019-03-04,10.1080/10463356.2019.1573071,,https://doi.org/10.1080/10463356.2019.1573071,Oncology Issues,2,A2,Robotic endoscopic search / navigation,机器人内镜搜索/导航,Expanded (abstract-supported),OpenAlex,W4236819954; W4253612535
Towards a steerable multi-module soft robotic endoscope for NOTES applications,2019,2019-01-01,,,https://openalex.org/W2955411723,,2,A2,Robotic endoscopic search / navigation,机器人内镜搜索/导航,Expanded (abstract-supported),OpenAlex,W2955411723
V09-08 LAPAROSCOPIC (ROBOT-ASSISTED) VEIL - A SINGLE CENTRE EXPERIENCE - SAPHENOUS SPARING VS NON SAPHENOUS SPARING,2019,2019-04-01,10.1097/01.ju.0000556988.23478.61,,https://doi.org/10.1097/01.ju.0000556988.23478.61,The Journal of Urology,0,A2,Robotic endoscopic search / navigation,机器人内镜搜索/导航,Expanded (abstract-supported),OpenAlex,W2941083098
A Novel Flexible Robotic Endoscope With Constrained Tendon-Driven Continuum Mechanism,2020,2020-01-21,10.1109/lra.2020.2967737,,https://doi.org/10.1109/lra.2020.2967737,IEEE Robotics and Automation Letters,62,A2,Robotic endoscopic search / navigation,机器人内镜搜索/导航,Expanded (abstract-supported),OpenAlex,W3001735078
A Novel Robotic Endoscopic Device Used for Operative Hysteroscopy,2020,2020-06-12,10.1016/j.jmig.2020.06.009,32540499.0,https://doi.org/10.1016/j.jmig.2020.06.009,Journal of Minimally Invasive Gynecology,19,A2,Robotic endoscopic search / navigation,机器人内镜搜索/导航,Expanded (abstract-supported),OpenAlex; Europe PMC,W4229969650; MED:32540499; W2980417667
A Real-Time State Dependent Region Estimator for Autonomous Endoscope Navigation,2020,2020-12-10,10.1109/tro.2020.3038709,,https://doi.org/10.1109/tro.2020.3038709,IEEE Transactions on Robotics,35,A2,Robotic endoscopic search / navigation,机器人内镜搜索/导航,Expanded (abstract-supported),OpenAlex,W3112952488
A novel robotic colonoscopy system integrating feeding and steering mechanisms with self-propelled paddling locomotion: A pilot study,2020,2020-12-18,10.1016/j.mechatronics.2020.102478,,https://doi.org/10.1016/j.mechatronics.2020.102478,Mechatronics,13,A2,Robotic endoscopic search / navigation,机器人内镜搜索/导航,Core (title-explicit),OpenAlex,W3111385792
Automated tracheal intubation in an airway manikin using a robotic endoscope: a proof of concept study,2020,2020-01-03,10.1111/anae.14945,31900928.0,https://doi.org/10.1111/anae.14945,Anaesthesia,69,A2,Robotic endoscopic search / navigation,机器人内镜搜索/导航,Expanded (abstract-supported),OpenAlex; Europe PMC,W2998557641; MED:31900928
Clinical adoption of robotics in endoscopy: Challenges and solutions,2020,2020-09-09,10.1002/jgh3.12412,33102746.0,https://doi.org/10.1002/jgh3.12412,JGH Open,23,A2,Robotic endoscopic search / navigation,机器人内镜搜索/导航,Expanded (abstract-supported),OpenAlex; Europe PMC,W3088241038; MED:33102746
Computational Optimization of Notch Spacing for a Transnasal Ear Endoscopy Continuum Robot.,2020,2020-11-01,10.1109/ismr48331.2020.9312937,36844884.0,https://doi.org/10.1109/ismr48331.2020.9312937,... International Symposium on Medical Robotics. International Symposium on Medical Robotics,4,A2,Robotic endoscopic search / navigation,机器人内镜搜索/导航,Expanded (abstract-supported),Europe PMC,MED:36844884
Enabling Autonomous Colonoscopy Intervention Using a Robotic Endoscope Platform,2020,2020-12-10,10.1109/tbme.2020.3043388,33296299.0,https://doi.org/10.1109/tbme.2020.3043388,IEEE Transactions on Biomedical Engineering,24,A2,Robotic endoscopic search / navigation,机器人内镜搜索/导航,Core (title-explicit),OpenAlex; Europe PMC,W3111063888; MED:33296299
Laparoscopic and robotic video endoscopic inguinal lymphadenectomy by the lateral approach,2020,2020-11-16,10.1111/ases.12898,,https://doi.org/10.1111/ases.12898,Asian Journal of Endoscopic Surgery,8,A2,Robotic endoscopic search / navigation,机器人内镜搜索/导航,Expanded (abstract-supported),OpenAlex,W3104689395
Multiplanar <scp>3D</scp> fluoroscopy redefines tool–lesion relationship during robotic‐assisted bronchoscopy,2020,2020-11-02,10.1111/resp.13966,,https://doi.org/10.1111/resp.13966,Respirology,29,A2,Robotic endoscopic search / navigation,机器人内镜搜索/导航,Core (title-explicit),OpenAlex,W3095706003
Proof of concept of a novel absolute rotary encoder,2020,2020-05-30,10.1016/j.sna.2020.112100,,https://doi.org/10.1016/j.sna.2020.112100,Sensors and Actuators A Physical,16,A2,Robotic endoscopic search / navigation,机器人内镜搜索/导航,Expanded (abstract-supported),OpenAlex,W3030613288
RARE CASE OF PULMONARY SPINDLE CELL SARCOMA DIAGNOSED WITH ROBOTIC ASSISTED BRONCHOSCOPY,2020,2020-10-01,10.1016/j.chest.2020.08.1364,,https://doi.org/10.1016/j.chest.2020.08.1364,CHEST Journal,0,A2,Robotic endoscopic search / navigation,机器人内镜搜索/导航,Core (title-explicit),OpenAlex,W3093236166
REALITI: A Robotic Endoscope Automated via Laryngeal Imaging for Tracheal Intubation,2020,2020-01-24,10.1109/tmrb.2020.2969291,,https://doi.org/10.1109/tmrb.2020.2969291,IEEE Transactions on Medical Robotics and Bionics,50,A2,Robotic endoscopic search / navigation,机器人内镜搜索/导航,Expanded (abstract-supported),OpenAlex,W3001232631
Repositioning Gastroenterology Services during COVID-19 Pandemic,2020,2020-01-01,10.17554/j.issn.2224-3992.2020.09.962,,https://doi.org/10.17554/j.issn.2224-3992.2020.09.962,Journal of Gastroenterology and Hepatology Research,0,A2,Robotic endoscopic search / navigation,机器人内镜搜索/导航,Expanded (abstract-supported),OpenAlex,W3111361068
Robotic Colonoscopy: Comparative Analysis of Costs Compared to Painless Conventional Colonoscopy,2020,2020-11-12,10.21203/rs.3.rs-104356/v1,,https://doi.org/10.21203/rs.3.rs-104356/v1,Research Square,2,A2,Robotic endoscopic search / navigation,机器人内镜搜索/导航,Core (title-explicit),OpenAlex; Europe PMC,PPR:PPR237296; W4235069295
Robotic Transfer of the Latissimus Dorsi Associated With Levator Scapulae and Rhomboid Minor Mini‐Open Transfers for Trapezium Palsy,2020,2020-11-01,10.1016/j.eats.2020.07.016,,https://doi.org/10.1016/j.eats.2020.07.016,Arthroscopy Techniques,7,A2,Robotic endoscopic search / navigation,机器人内镜搜索/导航,Expanded (abstract-supported),OpenAlex,W3110358352
Robotic colonoscopy in a case of severe dolichocolon and the first case of robotic ileoscopy,2020,2020-04-04,10.1007/s10151-020-02205-w,32248364.0,https://doi.org/10.1007/s10151-020-02205-w,Techniques in Coloproctology,1,A2,Robotic endoscopic search / navigation,机器人内镜搜索/导航,Core (title-explicit),OpenAlex; Europe PMC,MED:32248364; W3014764971
"Robotic colonoscopy: efficacy, tolerability and safety. Preliminary clinical results from a pilot study",2020,2020-01-13,10.1007/s00464-019-07332-6,31932942.0,https://doi.org/10.1007/s00464-019-07332-6,Surgical Endoscopy,17,A2,Robotic endoscopic search / navigation,机器人内镜搜索/导航,Core (title-explicit),OpenAlex; Europe PMC,MED:31932942; W2999956099
Robotic endoscopy in gastroenterology: Has it come of age?,2020,2020-10-01,10.1002/jgh3.12413,33102744.0,https://doi.org/10.1002/jgh3.12413,JGH Open,2,A2,Robotic endoscopic search / navigation,机器人内镜搜索/导航,Expanded (abstract-supported),OpenAlex; Europe PMC,W3094378343; MED:33102744
Robotic-Assisted Colonoscopy Platform with a Magnetically-Actuated Soft-Tethered Capsule,2020,2020-09-02,10.3390/cancers12092485,,https://doi.org/10.3390/cancers12092485,Cancers,52,A2,Robotic endoscopic search / navigation,机器人内镜搜索/导航,Core (title-explicit),OpenAlex,W3082262248
Technologies for targeting the peripheral pulmonary nodule including robotics,2020,2020-02-26,10.1111/resp.13791,32103596.0,https://doi.org/10.1111/resp.13791,Respirology,37,A2,Robotic endoscopic search / navigation,机器人内镜搜索/导航,Expanded (abstract-supported),OpenAlex; Europe PMC,W3008595117; MED:32103596
Visual Servoing for Tracking Cartilage with a Robotic Endoscope,2020,2020-02-13,,,https://openalex.org/W3010066285,,0,A2,Robotic endoscopic search / navigation,机器人内镜搜索/导航,Expanded (abstract-supported),OpenAlex,W3010066285
easyEndo robotic endoscopy system: Development and usability test in a randomized controlled trial with novices and physicians,2020,2020-09-02,10.1002/rcs.2158,32875670.0,https://doi.org/10.1002/rcs.2158,International Journal of Medical Robotics and Computer Assisted Surgery,18,A2,Robotic endoscopic search / navigation,机器人内镜搜索/导航,Expanded (abstract-supported),OpenAlex; Europe PMC,W3081555567; MED:32875670; W32875670
A Multi-Contact-Aided Continuum Manipulator With Anisotropic Shapes,2021,2021-03-24,10.1109/lra.2021.3068648,,https://doi.org/10.1109/lra.2021.3068648,IEEE Robotics and Automation Letters,25,A2,Robotic endoscopic search / navigation,机器人内镜搜索/导航,Expanded (abstract-supported),OpenAlex,W3143989206
An Integrated Kinematic Modeling and Experimental Approach for an Active Endoscope,2021,2021-06-28,10.3389/frobt.2021.667205,,https://doi.org/10.3389/frobt.2021.667205,Frontiers in Robotics and AI,5,A2,Robotic endoscopic search / navigation,机器人内镜搜索/导航,Expanded (abstract-supported),OpenAlex,W3175233056
An adult patient with previously undiagnosed sinus venosus atrial septal defect presenting with brain abscess: a case report,2021,2021-07-01,10.1093/ehjcr/ytab267,34377913.0,https://doi.org/10.1093/ehjcr/ytab267,European Heart Journal - Case Reports,0,A2,Robotic endoscopic search / navigation,机器人内镜搜索/导航,Expanded (abstract-supported),OpenAlex; Europe PMC,W3183243939; MED:34377913
Automatic tip detection of surgical instruments in biportal endoscopic spine surgery,2021,2021-04-14,10.1016/j.compbiomed.2021.104384,33864974.0,https://doi.org/10.1016/j.compbiomed.2021.104384,Computers in Biology and Medicine,38,A2,Robotic endoscopic search / navigation,机器人内镜搜索/导航,Expanded (abstract-supported),OpenAlex; Europe PMC,W3155103512; MED:33864974; W2988419337
Combining the Use of Robotic Bronchoscopy with Augmented Fluoroscopy to Diagnose Peripheral Pulmonary Lesions,2021,2021-05-25,,,https://openalex.org/W3174680195,Clinics in Oncology,0,A2,Robotic endoscopic search / navigation,机器人内镜搜索/导航,Core (title-explicit),OpenAlex,W3174680195
Deep learning driven colorectal lesion detection in gastrointestinal endoscopic and pathological imaging,2021,2021-10-29,10.12998/wjcc.v9.i31.9376,34877273.0,https://doi.org/10.12998/wjcc.v9.i31.9376,World Journal of Clinical Cases,7,A2,Robotic endoscopic search / navigation,机器人内镜搜索/导航,Expanded (abstract-supported),OpenAlex; Europe PMC,W3210360820; MED:34877273
Early clinical adoption of a flexible robotic endoscope for local excision of rectal lesions,2021,2021-05-04,10.1093/bjs/znab193,34109388.0,https://doi.org/10.1093/bjs/znab193,British journal of surgery,7,A2,Robotic endoscopic search / navigation,机器人内镜搜索/导航,Core (title-explicit),OpenAlex; Europe PMC,W3167948710; MED:34109388
Flexible and Deployable Colon Support Structure for Endoluminal Interventions,2021,2021-01-01,10.1109/access.2021.3090411,,https://doi.org/10.1109/access.2021.3090411,IEEE Access,3,A2,Robotic endoscopic search / navigation,机器人内镜搜索/导航,Expanded (abstract-supported),OpenAlex,W3173359609
Homography-based Visual Servoing with Remote Center of Motion for Semi-autonomous Robotic Endoscope Manipulation,2021,2021-10-25,10.48550/arxiv.2110.13245,39351396.0,https://doi.org/10.48550/arxiv.2110.13245,arXiv (Cornell University),0,A2,Robotic endoscopic search / navigation,机器人内镜搜索/导航,Expanded (abstract-supported),OpenAlex; Europe PMC,MED:39351396; W4286895197
Hybrid 6-DoF Magnetic Localization for Robotic Capsule Endoscopes Compatible With High-Grade Magnetic Field Navigation,2021,2021-12-20,10.1109/access.2021.3136796,,https://doi.org/10.1109/access.2021.3136796,IEEE Access,15,A2,Robotic endoscopic search / navigation,机器人内镜搜索/导航,Core (title-explicit),OpenAlex,W4206801220
Hybrid coronary revascularization—back to the future,2021,2021-04-07,10.1093/ejcts/ezab207,,https://doi.org/10.1093/ejcts/ezab207,European Journal of Cardio-Thoracic Surgery,3,A2,Robotic endoscopic search / navigation,机器人内镜搜索/导航,Expanded (abstract-supported),OpenAlex,W3177209888
Image-Guided Control of an Endoscopic Robot for OCT Path Scanning,2021,2021-07-01,10.1109/lra.2021.3087085,,https://doi.org/10.1109/lra.2021.3087085,IEEE Robotics and Automation Letters,27,A2,Robotic endoscopic search / navigation,机器人内镜搜索/导航,Expanded (abstract-supported),OpenAlex,W3174683534; W4287123986
Invasive modalities for the diagnosis of peripheral lung nodules,2021,2021-04-26,10.1080/17476348.2021.1913059,33899654.0,https://doi.org/10.1080/17476348.2021.1913059,Expert Review of Respiratory Medicine,8,A2,Robotic endoscopic search / navigation,机器人内镜搜索/导航,Expanded (abstract-supported),OpenAlex; Europe PMC,W3158901161; MED:33899654
Ion: Technology and Techniques for Shape-sensing Robotic-assisted Bronchoscopy,2021,2021-08-08,10.1016/j.athoracsur.2021.06.086,,https://doi.org/10.1016/j.athoracsur.2021.06.086,The Annals of Thoracic Surgery,104,A2,Robotic endoscopic search / navigation,机器人内镜搜索/导航,Expanded (abstract-supported),OpenAlex,W3192042947
Management of Lung Nodules: A Paradigm Shift,2021,2021-01-01,10.1007/978-3-030-80298-1_3,,https://doi.org/10.1007/978-3-030-80298-1_3,,0,A2,Robotic endoscopic search / navigation,机器人内镜搜索/导航,Expanded (abstract-supported),OpenAlex,W3204445080
Management of Significant Airway Bleeding during Robotic Assisted Bronchoscopy: A Tailored Approach,2021,2021-01-01,10.1159/000514830,33774623.0,https://doi.org/10.1159/000514830,Respiration,14,A2,Robotic endoscopic search / navigation,机器人内镜搜索/导航,Expanded (abstract-supported),OpenAlex; Europe PMC,W3139877099; MED:33774623
ROBOTIC BRONCHOSCOPY: OUR FIRST 100 NODULES,2021,2021-10-01,10.1016/j.chest.2021.07.1811,,https://doi.org/10.1016/j.chest.2021.07.1811,CHEST Journal,3,A2,Robotic endoscopic search / navigation,机器人内镜搜索/导航,Core (title-explicit),OpenAlex,W3205255610
Robotic Bronchoscopy for Diagnosing Peripheral Lung Lesions,2021,2021-09-01,10.1016/j.chest.2021.04.075,34488987.0,https://doi.org/10.1016/j.chest.2021.04.075,CHEST Journal,6,A2,Robotic endoscopic search / navigation,机器人内镜搜索/导航,Core (title-explicit),OpenAlex; Europe PMC,MED:34488987; W3197368064
Robotic Colonoscopy Endotics with Colon Wash: Two Performing Technologies in a Winning Combination,2021,2021-01-01,10.47690/wjghe.2021.3401,,https://doi.org/10.47690/wjghe.2021.3401,"World journal of gastroenterology, hepatology and endoscopy",1,A2,Robotic endoscopic search / navigation,机器人内镜搜索/导航,Core (title-explicit),OpenAlex,W3140739300
Robotic autonomy for magnetic colonoscopy,2021,2021-01-01,,,,,0,A2,Robotic endoscopic search / navigation,机器人内镜搜索/导航,Core (title-explicit),Europe PMC,ETH:849913
Robotic bronchoscopy: is it classic?,2021,2021-01-01,10.21037/jtd-20-3088,33569221.0,https://doi.org/10.21037/jtd-20-3088,Journal of Thoracic Disease,2,A2,Robotic endoscopic search / navigation,机器人内镜搜索/导航,Expanded (abstract-supported),OpenAlex; Europe PMC,W3119633079; MED:33569221
Robotic transmaxillary approach to the lateral infratemporal fossa: A preclinical cadaveric study using a next‐generation single‐port robotic system,2021,2021-03-25,10.1002/hed.26680,33764626.0,https://doi.org/10.1002/hed.26680,Head & Neck,3,A2,Robotic endoscopic search / navigation,机器人内镜搜索/导航,Expanded (abstract-supported),OpenAlex; Europe PMC,W3136604571; MED:33764626
Robotics in Gastrointestinal Endoscopy,2021,2021-11-30,10.3390/app112311351,,https://doi.org/10.3390/app112311351,Applied Sciences,18,A2,Robotic endoscopic search / navigation,机器人内镜搜索/导航,Expanded (abstract-supported),OpenAlex,W2040698961; W3214950865
SHAPE-SENSING ROBOTIC ASSISTED BRONCHOSCOPY FOR THE DIAGNOSIS OF PERIPHERAL PULMONARY LESIONS,2021,2021-10-01,10.1016/j.chest.2021.07.1484,,https://doi.org/10.1016/j.chest.2021.07.1484,CHEST Journal,10,A2,Robotic endoscopic search / navigation,机器人内镜搜索/导航,Core (title-explicit),OpenAlex,W3205821626
Shape-Sensing Robotic-Assisted Bronchoscopy in the Diagnosis of Pulmonary Parenchymal Lesions,2021,2021-08-09,10.1016/j.chest.2021.07.2169,,https://doi.org/10.1016/j.chest.2021.07.2169,CHEST Journal,190,A2,Robotic endoscopic search / navigation,机器人内镜搜索/导航,Core (title-explicit),OpenAlex,W3188233649
THE COMBINATION OF SHAPE SENSING ROBOTIC BRONCHOSCOPY WITH MOBILE 3D IMAGING TO VERIFY TOOL-IN-LESION AND ASSESS DIVERGENCE,2021,2021-10-01,10.1016/j.chest.2021.08.032,,https://doi.org/10.1016/j.chest.2021.08.032,CHEST Journal,2,A2,Robotic endoscopic search / navigation,机器人内镜搜索/导航,Core (title-explicit),OpenAlex,W3207923163
"Technique, Pearls, and Pitfalls of the Transaxillary Approach for Robotic Thyroidectomy (With Video)",2021,2021-09-28,10.1002/lary.29753,,https://doi.org/10.1002/lary.29753,The Laryngoscope,5,A2,Robotic endoscopic search / navigation,机器人内镜搜索/导航,Expanded (abstract-supported),OpenAlex,W3204803765
The Detective Value of Magnetically Controlled Robotic Capsule Endoscopy in Patients With Suspected Small Intestinal Disease,2021,2021-05-25,10.3389/fmed.2021.610563,34113626.0,https://doi.org/10.3389/fmed.2021.610563,Frontiers in Medicine,8,A2,Robotic endoscopic search / navigation,机器人内镜搜索/导航,Core (title-explicit),OpenAlex; Europe PMC,W3165614417; MED:34113626
Towards achieving mastery in advanced endoscopic procedures: Standardized training programs and improved endoscopic systems,2021,2021-07-01,10.1002/jgh3.12603,,https://doi.org/10.1002/jgh3.12603,JGH Open,1,A2,Robotic endoscopic search / navigation,机器人内镜搜索/导航,Expanded (abstract-supported),OpenAlex,W3177927583
Visual Tactile Sensor Based on Infrared Controllable Variable Stiffness Structure,2021,2021-10-19,10.1109/jsen.2021.3121308,,https://doi.org/10.1109/jsen.2021.3121308,IEEE Sensors Journal,9,A2,Robotic endoscopic search / navigation,机器人内镜搜索/导航,Expanded (abstract-supported),OpenAlex,W3207089033
What should we realistically expect from robotic bronchoscopy in the near future?,2021,2021-01-01,10.21037/jtd-20-3323,33570511.0,https://doi.org/10.21037/jtd-20-3323,Journal of Thoracic Disease,5,A2,Robotic endoscopic search / navigation,机器人内镜搜索/导航,Expanded (abstract-supported),OpenAlex; Europe PMC,MED:33570511; W3120497660
[Application of robotic-assisted bronchoscopy in the diagnosis of peripheral lung lesions].,2021,2021-12-12,10.3760/cma.j.cn112147-20210827-00596,,https://doi.org/10.3760/cma.j.cn112147-20210827-00596,PubMed,0,A2,Robotic endoscopic search / navigation,机器人内镜搜索/导航,Core (title-explicit),OpenAlex,W4200442935
[Effectiveness and safety of robotic assisted-bronchoscopy system in locating and removing spring coils placed in the peripheral lung of beagle dogs: a pilot study].,2021,2021-12-12,10.3760/cma.j.cn112147-20210802-00541,34915620.0,https://doi.org/10.3760/cma.j.cn112147-20210802-00541,PubMed,1,A2,Robotic endoscopic search / navigation,机器人内镜搜索/导航,Expanded (abstract-supported),OpenAlex; Europe PMC,W4200156746; MED:34915620
A Kinematic Modeling and Control Scheme for Different Robotic Endoscopes: A Rudimentary Research Prototype,2022,2022-06-27,10.1109/lra.2022.3186758,,https://doi.org/10.1109/lra.2022.3186758,IEEE Robotics and Automation Letters,7,A2,Robotic endoscopic search / navigation,机器人内镜搜索/导航,Core (title-explicit),OpenAlex,W4285983667
ADJUNCTIVE USE OF DISPOSABLE 1.1-MM CRYOPROBE WITH ROBOTIC-ASSISTED BRONCHOSCOPY,2022,2022-10-01,10.1016/j.chest.2022.08.1712,,https://doi.org/10.1016/j.chest.2022.08.1712,CHEST Journal,3,A2,Robotic endoscopic search / navigation,机器人内镜搜索/导航,Expanded (abstract-supported),OpenAlex,W4304149026
COMBINING REAL-TIME 3-D IMAGING AND AUGMENTED FLUOROSCOPY WITH ROBOTIC BRONCHOSCOPY FOR THE DIAGNOSIS OF PERIPHERAL LUNG NODULES,2022,2022-10-01,10.1016/j.chest.2022.08.1720,,https://doi.org/10.1016/j.chest.2022.08.1720,CHEST Journal,10,A2,Robotic endoscopic search / navigation,机器人内镜搜索/导航,Core (title-explicit),OpenAlex,W4304146097
Current Engineering Developments for Robotic Systems in Flexible Endoscopy,2022,2022-12-05,10.1016/j.tige.2022.11.006,,https://doi.org/10.1016/j.tige.2022.11.006,Techniques and Innovations in Gastrointestinal Endoscopy,20,A2,Robotic endoscopic search / navigation,机器人内镜搜索/导航,Expanded (abstract-supported),OpenAlex,W4310713305
Current investigative modalities for detecting and staging lung cancers: a comprehensive summary,2022,2022-12-01,10.1007/s12055-022-01430-2,36590039.0,https://doi.org/10.1007/s12055-022-01430-2,Indian Journal of Thoracic and Cardiovascular Surgery,11,A2,Robotic endoscopic search / navigation,机器人内镜搜索/导航,Expanded (abstract-supported),OpenAlex; Europe PMC,MED:36590039; W4310536039
DIAGNOSTIC ACCURACY OF ROBOTIC-ASSISTED BRONCHOSCOPY USING SHAPE-SENSING TECHNOLOGY WITH CONE-BEAM CT IMAGING IN EVALUATION OF PULMONARY LESIONS: A RETROSPECTIVE REVIEW,2022,2022-10-01,10.1016/j.chest.2022.08.1365,,https://doi.org/10.1016/j.chest.2022.08.1365,CHEST Journal,1,A2,Robotic endoscopic search / navigation,机器人内镜搜索/导航,Core (title-explicit),OpenAlex,W4303985105
Design and experimental investigation of a vibro-impact self-propelled capsule robot with orientation control,2022,2022-02-23,10.48550/arxiv.2202.11784,,https://doi.org/10.48550/arxiv.2202.11784,arXiv (Cornell University),0,A2,Robotic endoscopic search / navigation,机器人内镜搜索/导航,Core (title-explicit),OpenAlex,W4292466666
Efficient procedure planning for comprehensive lymph node staging bronchoscopy,2022,2022-09-06,10.1117/1.jmi.9.5.055001,,https://doi.org/10.1117/1.jmi.9.5.055001,Journal of medical imaging,3,A2,Robotic endoscopic search / navigation,机器人内镜搜索/导航,Expanded (abstract-supported),OpenAlex,W4294770314
Eye tracking technology in endoscopy: Looking to the future,2022,2022-10-25,10.1111/den.14461,36281784.0,https://doi.org/10.1111/den.14461,Digestive Endoscopy,16,A2,Robotic endoscopic search / navigation,机器人内镜搜索/导航,Expanded (abstract-supported),OpenAlex; Europe PMC,MED:36281784; W4307233603
Feasibility of shape-sensing robotic-assisted bronchoscopy for biomarker identification in patients with thoracic malignancies,2022,2022-11-25,10.1016/j.jtcvs.2022.10.059,,https://doi.org/10.1016/j.jtcvs.2022.10.059,Journal of Thoracic and Cardiovascular Surgery,16,A2,Robotic endoscopic search / navigation,机器人内镜搜索/导航,Expanded (abstract-supported),OpenAlex,W4310065134
Interventional Pulmonary,2022,2022-08-01,10.1055/s-0042-1753472,,https://doi.org/10.1055/s-0042-1753472,Seminars in Respiratory and Critical Care Medicine,0,A2,Robotic endoscopic search / navigation,机器人内镜搜索/导航,Expanded (abstract-supported),OpenAlex,W4295768361
Intuitive endoscopic robot master device with image orientation correction,2022,2022-05-05,10.1002/rcs.2415,35512295.0,https://doi.org/10.1002/rcs.2415,International Journal of Medical Robotics and Computer Assisted Surgery,5,A2,Robotic endoscopic search / navigation,机器人内镜搜索/导航,Expanded (abstract-supported),OpenAlex; Europe PMC,MED:35512295; W4229007560
Intuitive master device for endoscopic robots with visual‐motor correspondence,2022,2022-03-29,10.1002/rcs.2397,,https://doi.org/10.1002/rcs.2397,International Journal of Medical Robotics and Computer Assisted Surgery,5,A2,Robotic endoscopic search / navigation,机器人内镜搜索/导航,Expanded (abstract-supported),OpenAlex,W4220895048
Lateral Decubitus Positioning for Mobile CT-guided Robotic Bronchoscopy,2022,2022-06-22,10.1097/lbr.0000000000000844,35730780.0,https://doi.org/10.1097/lbr.0000000000000844,Journal of Bronchology & Interventional Pulmonology,19,A2,Robotic endoscopic search / navigation,机器人内镜搜索/导航,Expanded (abstract-supported),OpenAlex; Europe PMC,MED:35730780; W4283330531
Novel Robotic-Assisted Cryobiopsy for Peripheral Pulmonary Lesions,2022,2022-10-10,10.1007/s00408-022-00578-3,36216921.0,https://doi.org/10.1007/s00408-022-00578-3,Lung,85,A2,Robotic endoscopic search / navigation,机器人内镜搜索/导航,Expanded (abstract-supported),OpenAlex; Europe PMC,W4304098574; MED:36216921
O-arm CT for Confirmation of Successful Navigation During Robotic Assisted Bronchoscopy,2022,2022-09-06,10.1097/lbr.0000000000000894,,https://doi.org/10.1097/lbr.0000000000000894,Journal of Bronchology & Interventional Pulmonology,26,A2,Robotic endoscopic search / navigation,机器人内镜搜索/导航,Expanded (abstract-supported),OpenAlex,W4294786479
Optimising the locomotion of a vibro-impact capsule robot self-propelling in the small intestine,2022,2022-07-04,10.1016/j.cnsns.2022.106696,,https://doi.org/10.1016/j.cnsns.2022.106696,Communications in Nonlinear Science and Numerical Simulation,24,A2,Robotic endoscopic search / navigation,机器人内镜搜索/导航,Core (title-explicit),OpenAlex,W4283802683
"PROSPECTIVE, MULTICENTER ANALYSIS OF SHAPE-SENSING ROBOTIC-ASSISTED BRONCHOSCOPY: UPDATES FROM THE PRECISE STUDY",2022,2022-10-01,10.1016/j.chest.2022.08.2168,,https://doi.org/10.1016/j.chest.2022.08.2168,CHEST Journal,7,A2,Robotic endoscopic search / navigation,机器人内镜搜索/导航,Expanded (abstract-supported),OpenAlex,W4304150340
Panorama mapping of the colon – a phantom study with robotic endoscopy,2022,2022-07-01,10.1515/cdbme-2022-0029,,https://doi.org/10.1515/cdbme-2022-0029,Current Directions in Biomedical Engineering,0,A2,Robotic endoscopic search / navigation,机器人内镜搜索/导航,Core (title-explicit),OpenAlex,W4288740036
Percutaneous Endoscopic Robot-Assisted Transforaminal Lumbar Interbody Fusion (PE RA-TLIF) for Lumbar Spondylolisthesis: A Technical Note and Two Years Clinical Results.,2022,2022-01-01,,35051154.0,https://openalex.org/W4206886824,PubMed,41,A2,Robotic endoscopic search / navigation,机器人内镜搜索/导航,Expanded (abstract-supported),OpenAlex; Europe PMC,W4206886824; MED:35051154
Proof of concept: Shape-sensing robotic-assisted bronchoscopy performed under moderate sedation,2022,2022-12-01,10.1016/j.rmcr.2022.101787,36561963.0,https://doi.org/10.1016/j.rmcr.2022.101787,Respiratory Medicine Case Reports,3,A2,Robotic endoscopic search / navigation,机器人内镜搜索/导航,Expanded (abstract-supported),OpenAlex; Europe PMC,W4312082870; MED:36561963
ROBOTIC-ASSISTED BRONCHOSCOPY: A POTENTIAL NEW TOOL FOR CAVITARY PULMONARY LESIONS,2022,2022-10-01,10.1016/j.chest.2022.08.1729,,https://doi.org/10.1016/j.chest.2022.08.1729,CHEST Journal,0,A2,Robotic endoscopic search / navigation,机器人内镜搜索/导航,Core (title-explicit),OpenAlex,W4304146091
Robot-assisted magnetic capsule endoscopy; navigating colorectal inclinations,2022,2022-02-03,10.1080/13645706.2022.2032181,35112641.0,https://doi.org/10.1080/13645706.2022.2032181,Minimally Invasive Therapy & Allied Technologies,6,A2,Robotic endoscopic search / navigation,机器人内镜搜索/导航,Core (title-explicit),OpenAlex; Europe PMC,MED:35112641; W4212923236
Robotic Assisted Bronchoscopy: The Ultimate Solution for Peripheral Pulmonary Nodules?,2022,2022-01-01,10.1159/000522516,,https://doi.org/10.1159/000522516,Respiration,6,A2,Robotic endoscopic search / navigation,机器人内镜搜索/导航,Core (title-explicit),OpenAlex,W4220896157
Robotic Transfer of the Latissimus Dorsi for Irreparable Subscapularis Tear,2022,2022-05-16,10.1016/j.eats.2022.02.011,,https://doi.org/10.1016/j.eats.2022.02.011,Arthroscopy Techniques,4,A2,Robotic endoscopic search / navigation,机器人内镜搜索/导航,Expanded (abstract-supported),OpenAlex,W4280526467
Robotic excision of gigantic left atrial myxoma,2022,2022-05-10,10.1093/ejcts/ezac308,,https://doi.org/10.1093/ejcts/ezac308,European Journal of Cardio-Thoracic Surgery,1,A2,Robotic endoscopic search / navigation,机器人内镜搜索/导航,Expanded (abstract-supported),OpenAlex,W4280562212
Robotic-assisted Bronchoscopy to Diagnose Malakoplakia,2022,2022-08-02,10.1097/lbr.0000000000000861,,https://doi.org/10.1097/lbr.0000000000000861,Journal of Bronchology & Interventional Pulmonology,0,A2,Robotic endoscopic search / navigation,机器人内镜搜索/导航,Core (title-explicit),OpenAlex,W4289522656
Robotics in therapeutic endoscopy (with video),2022,2022-06-03,10.1016/j.gie.2022.05.019,,https://doi.org/10.1016/j.gie.2022.05.019,Gastrointestinal Endoscopy,27,A2,Robotic endoscopic search / navigation,机器人内镜搜索/导航,Expanded (abstract-supported),OpenAlex,W35667390; W4281756781
Robotic‐assisted bronchoscopy approaches for peripheral pulmonary lesions,2022,2022-09-27,10.1111/resp.14385,,https://doi.org/10.1111/resp.14385,Respirology,5,A2,Robotic endoscopic search / navigation,机器人内镜搜索/导航,Core (title-explicit),OpenAlex,W4297459695
Shape-Sensing Robotic-Assisted Bronchoscopy vs Digital Tomosynthesis-Corrected Electromagnetic Navigation Bronchoscopy,2022,2022-10-29,10.1016/j.chest.2022.10.019,,https://doi.org/10.1016/j.chest.2022.10.019,CHEST Journal,78,A2,Robotic endoscopic search / navigation,机器人内镜搜索/导航,Expanded (abstract-supported),OpenAlex,W4308158802
Shape-Sensing Robotic-Assisted Bronchoscopy with Concurrent use of Radial Endobronchial Ultrasound and Cone Beam Computed Tomography in the Evaluation of Pulmonary Lesions,2022,2022-11-11,10.1007/s00408-022-00590-7,,https://doi.org/10.1007/s00408-022-00590-7,Lung,65,A2,Robotic endoscopic search / navigation,机器人内镜搜索/导航,Core (title-explicit),OpenAlex,W4308834288
"Small-sized versus standard magnetic capsule endoscopy in adults: a two-center, double-blinded randomized controlled trial",2022,2022-07-12,10.1055/a-1881-4369,35820437.0,https://doi.org/10.1055/a-1881-4369,Endoscopy,10,A2,Robotic endoscopic search / navigation,机器人内镜搜索/导航,Core (title-explicit),OpenAlex; Europe PMC,W4285093989; MED:35820437
Surgical instrument detection and tracking technologies: Automating dataset labeling for surgical skill assessment,2022,2022-11-04,10.3389/frobt.2022.1030846,36405072.0,https://doi.org/10.3389/frobt.2022.1030846,Frontiers in Robotics and AI,36,A2,Robotic endoscopic search / navigation,机器人内镜搜索/导航,Expanded (abstract-supported),OpenAlex; Europe PMC,W4308072139; MED:36405072
The Feasibility of Using the “Artery Sign” for Pre-Procedural Planning in Navigational Bronchoscopy for Parenchymal Pulmonary Lesion Sampling,2022,2022-12-06,10.3390/diagnostics12123059,,https://doi.org/10.3390/diagnostics12123059,Diagnostics,11,A2,Robotic endoscopic search / navigation,机器人内镜搜索/导航,Expanded (abstract-supported),OpenAlex,W4311718304
Therapeutic Use of Robotic Bronchoscopy System to Treat Chronic Invasive Pulmonary Aspergillosis,2022,2022-06-22,10.1097/lbr.0000000000000773,35730783.0,https://doi.org/10.1097/lbr.0000000000000773,Journal of Bronchology & Interventional Pulmonology,1,A2,Robotic endoscopic search / navigation,机器人内镜搜索/导航,Expanded (abstract-supported),OpenAlex; Europe PMC,W4283273383; MED:35730783
Vision–Kinematics Interaction for Robotic-Assisted Bronchoscopy Navigation,2022,2022-07-15,10.1109/tmi.2022.3191317,,https://doi.org/10.1109/tmi.2022.3191317,IEEE Transactions on Medical Imaging,33,A2,Robotic endoscopic search / navigation,机器人内镜搜索/导航,Expanded (abstract-supported),OpenAlex,W4285589149
4-DOF Visual Servoing of a Robotic Flexible Endoscope With a Predefined-Time Convergent and Noise-Immune Adaptive Neural Network,2023,2023-07-10,10.1109/tmech.2023.3286850,,https://doi.org/10.1109/tmech.2023.3286850,IEEE/ASME Transactions on Mechatronics,43,A2,Robotic endoscopic search / navigation,机器人内镜搜索/导航,Expanded (abstract-supported),OpenAlex,W4383752712
A Framework for the Evaluation of Human Machine Interfaces of Robot-Assisted Colonoscopy,2023,2023-08-03,10.1109/tbme.2023.3301741,37535479.0,https://doi.org/10.1109/tbme.2023.3301741,IEEE Transactions on Biomedical Engineering,13,A2,Robotic endoscopic search / navigation,机器人内镜搜索/导航,Core (title-explicit),OpenAlex; Europe PMC,W4385517352; MED:37535479
A Novel Distal Hybrid Pneumatic/Cable‐Driven Continuum Joint with Variable Stiffness Capacity for Flexible Gastrointestinal Endoscopy,2023,2023-06-01,10.1002/aisy.202370022,,https://doi.org/10.1002/aisy.202370022,Advanced Intelligent Systems,37,A2,Robotic endoscopic search / navigation,机器人内镜搜索/导航,Expanded (abstract-supported),OpenAlex,W4327590807; W4382463287
A RARE CASE OF ASPERGILLUS NODULE IN IMMUNOCOMPETENT HOST DIAGNOSED WITH ROBOT-ASSISTED BRONCHOSCOPY,2023,2023-10-01,10.1016/j.chest.2023.07.763,,https://doi.org/10.1016/j.chest.2023.07.763,CHEST Journal,0,A2,Robotic endoscopic search / navigation,机器人内镜搜索/导航,Core (title-explicit),OpenAlex,W4387254564
A feasibility study of bending technology of motorized flexible gastroscope,2023,2023-11-30,10.61940/jimt.230002,,https://doi.org/10.61940/jimt.230002,Journal of Innovative Medical Technology,0,A2,Robotic endoscopic search / navigation,机器人内镜搜索/导航,Expanded (abstract-supported),OpenAlex,W4389485555
A lumen-adapted navigation scheme with spatial awareness from monocular vision for autonomous robotic endoscopy,2023,2023-04-26,10.1016/j.robot.2023.104444,,https://doi.org/10.1016/j.robot.2023.104444,Robotics and Autonomous Systems,13,A2,Robotic endoscopic search / navigation,机器人内镜搜索/导航,Expanded (abstract-supported),OpenAlex,W4367040751
A unique case of hybrid SEF-LGFMS with a EWSR1-CREB3L1 Fusion and robotic-assisted bronchoscopy in an 11-year-old,2023,2023-05-03,10.22541/au.168309943.37091955/v1,,https://doi.org/10.22541/au.168309943.37091955/v1,,0,A2,Robotic endoscopic search / navigation,机器人内镜搜索/导航,Expanded (abstract-supported),OpenAlex,W4367844477
"ACCESSING AORTOPULMONARY LYMPH NODES VIA ROBOTIC-ASSISTED BRONCHOSCOPY: A NEW ""WINDOW"" OF OPPORTUNITY",2023,2023-10-01,10.1016/j.chest.2023.07.3397,,https://doi.org/10.1016/j.chest.2023.07.3397,CHEST Journal,3,A2,Robotic endoscopic search / navigation,机器人内镜搜索/导航,Expanded (abstract-supported),OpenAlex,W4387247800
ACHIEVABLE DISTANCE TO NODULE MEASUREMENT IN REAL-WORLD ROBOTIC-ASSISTED BRONCHOSCOPY DATA,2023,2023-10-01,10.1016/j.chest.2023.07.2686,,https://doi.org/10.1016/j.chest.2023.07.2686,CHEST Journal,0,A2,Robotic endoscopic search / navigation,机器人内镜搜索/导航,Core (title-explicit),OpenAlex,W4387248112
Advances in navigating to the nodule and targeting,2023,2023-11-06,10.1097/mcp.0000000000001021,,https://doi.org/10.1097/mcp.0000000000001021,Current Opinion in Pulmonary Medicine,4,A2,Robotic endoscopic search / navigation,机器人内镜搜索/导航,Expanded (abstract-supported),OpenAlex,W4388409493
An End-to-End Learning-Based Control Signal Prediction for Autonomous Robotic Colonoscopy,2023,2023-12-07,10.1109/access.2023.3340677,,https://doi.org/10.1109/access.2023.3340677,IEEE Access,3,A2,Robotic endoscopic search / navigation,机器人内镜搜索/导航,Core (title-explicit),OpenAlex,W4389459447
Automatic hands-free visualization of a six degrees of freedom agent within a complex anatomical space,2023,2023-03-28,10.5821/dissertation-2117-398048,,https://doi.org/10.5821/dissertation-2117-398048,,0,A2,Robotic endoscopic search / navigation,机器人内镜搜索/导航,Expanded (abstract-supported),OpenAlex,W4389791125
COMMUNITY HOSPITAL EXPERIENCE WITH ROBOTIC BRONCHOSCOPY: AN ANALYSIS OF UTILIZATION PATTERNS,2023,2023-10-01,10.1016/j.chest.2023.07.3383,,https://doi.org/10.1016/j.chest.2023.07.3383,CHEST Journal,0,A2,Robotic endoscopic search / navigation,机器人内镜搜索/导航,Expanded (abstract-supported),OpenAlex,W4387250018
Capsule endoscopy robotics and SLAM technology,2023,2023-09-22,10.54254/2755-2721/12/20230299,,https://doi.org/10.54254/2755-2721/12/20230299,Applied and Computational Engineering,1,A2,Robotic endoscopic search / navigation,机器人内镜搜索/导航,Core (title-explicit),OpenAlex,W4386961207
Demonstration of Flexible Rotary Shaft Power Transmission for Robotic Pull Colonoscopy,2023,2023-08-05,,,https://openalex.org/W7113053678,CU Scholar (University of Colorado Boulder),0,A2,Robotic endoscopic search / navigation,机器人内镜搜索/导航,Core (title-explicit),OpenAlex,W7113053678
Design and Evaluation of the SoftSCREEN Capsule for Colonoscopy,2023,2023-02-02,10.1109/lra.2023.3241811,,https://doi.org/10.1109/lra.2023.3241811,IEEE Robotics and Automation Letters,24,A2,Robotic endoscopic search / navigation,机器人内镜搜索/导航,Expanded (abstract-supported),OpenAlex,W4221140549; W4319990531
Development and image-guided control of a robotic endoscope system for nasotracheal intubation,2023,2023-10-06,10.1016/j.mechatronics.2023.103059,,https://doi.org/10.1016/j.mechatronics.2023.103059,Mechatronics,6,A2,Robotic endoscopic search / navigation,机器人内镜搜索/导航,Expanded (abstract-supported),OpenAlex,W4387419450
"ERS International Congress 2023: highlights from the Clinical Techniques, Imaging and Endoscopy Assembly",2023,2023-12-07,10.1183/23120541.00836-2023,,https://doi.org/10.1183/23120541.00836-2023,ERJ Open Research,2,A2,Robotic endoscopic search / navigation,机器人内镜搜索/导航,Expanded (abstract-supported),OpenAlex,W4389431154
Endoscopic Technologies for Peripheral Pulmonary Lesions: From Diagnosis to Therapy,2023,2023-01-17,10.3390/life13020254,36836612.0,https://doi.org/10.3390/life13020254,Life,17,A2,Robotic endoscopic search / navigation,机器人内镜搜索/导航,Expanded (abstract-supported),OpenAlex; Europe PMC,W4316806151; MED:36836612
Five‐year survival of resectable stage IIIA non‐small cell lung cancer in Brazil,2023,2023-07-13,10.1002/jso.27394,37448240.0,https://doi.org/10.1002/jso.27394,Journal of Surgical Oncology,0,A2,Robotic endoscopic search / navigation,机器人内镜搜索/导航,Expanded (abstract-supported),OpenAlex; Europe PMC,W4384277044; MED:37448240
"Functional Interaction of the Cruciate Ligaments, Posteromedial and Posterolateral Capsule, Oblique Popliteal Ligament, and Other Structures in Preventing Abnormal Knee Hyperextension",2023,2023-02-23,10.1177/03635465231155203,,https://doi.org/10.1177/03635465231155203,The American Journal of Sports Medicine,11,A2,Robotic endoscopic search / navigation,机器人内镜搜索/导航,Expanded (abstract-supported),OpenAlex,W4321611609
INTELLIGENT BIOMEDICAL MEASUREMENT SYSTEM,2023,2023-03-16,10.55858/ijimh0201(04)2023-49,,https://doi.org/10.55858/ijimh0201(04)2023-49,INTERNATIONAL JOURNAL OF INNOVATIVE MEDICINE & HEALTHCARE,0,A2,Robotic endoscopic search / navigation,机器人内镜搜索/导航,Expanded (abstract-supported),OpenAlex,W4328051842
Inheritance and innovation of the diagnosis of peripheral pulmonary lesions,2023,2023-01-01,10.1177/20406223221146723,,https://doi.org/10.1177/20406223221146723,Therapeutic Advances in Chronic Disease,9,A2,Robotic endoscopic search / navigation,机器人内镜搜索/导航,Expanded (abstract-supported),OpenAlex,W4318311887
Interventional pneumology—Where we have come from and where we are going,2023,2023-09-14,10.1111/resp.14602,,https://doi.org/10.1111/resp.14602,Respirology,0,A2,Robotic endoscopic search / navigation,机器人内镜搜索/导航,Expanded (abstract-supported),OpenAlex,W4386725950
MANAGEMENT OF ANTIBIOTIC-REFRACTORY LUNG ABSCESS USING ION ROBOTIC-GUIDED NAVIGATIONAL BRONCHOSCOPY,2023,2023-10-01,10.1016/j.chest.2023.07.3499,,https://doi.org/10.1016/j.chest.2023.07.3499,CHEST Journal,0,A2,Robotic endoscopic search / navigation,机器人内镜搜索/导航,Expanded (abstract-supported),OpenAlex,W4387247843
Magnetic-controlled capsule endoscopy performance in aging patients,2023,2023-08-11,10.1186/s12876-023-02914-0,37568133.0,https://doi.org/10.1186/s12876-023-02914-0,BMC Gastroenterology,4,A2,Robotic endoscopic search / navigation,机器人内镜搜索/导航,Core (title-explicit),OpenAlex; Europe PMC,MED:37568133; W4385769229
NOVEL APPLICATION OF LARYNGEAL MASK AIRWAY (LMA) TO FACILITATE ACCESS TO SUPERIOR PARATRACHEAL LYMPH NODES DURING ROBOTIC NAVIGATION BRONCHOSCOPY,2023,2023-10-01,10.1016/j.chest.2023.07.3500,,https://doi.org/10.1016/j.chest.2023.07.3500,CHEST Journal,0,A2,Robotic endoscopic search / navigation,机器人内镜搜索/导航,Expanded (abstract-supported),OpenAlex,W4387248006
OUTCOMES OF ATYPICAL PATHOLOGIC CHANGES FOLLOWING ROBOTIC-ASSISTED BRONCHOSCOPY,2023,2023-10-01,10.1016/j.chest.2023.07.3438,,https://doi.org/10.1016/j.chest.2023.07.3438,CHEST Journal,0,A2,Robotic endoscopic search / navigation,机器人内镜搜索/导航,Expanded (abstract-supported),OpenAlex,W4387268672
PERIPHERAL LUNG LESION SAMPLING SIZE THRESHOLDS ACROSS LEGACY ELECTROMAGNETIC NAVIGATION SYSTEM AND ROBOTIC-ASSISTED BRONCHOSCOPY ERAS,2023,2023-10-01,10.1016/j.chest.2023.07.3411,,https://doi.org/10.1016/j.chest.2023.07.3411,CHEST Journal,0,A2,Robotic endoscopic search / navigation,机器人内镜搜索/导航,Core (title-explicit),OpenAlex,W4387247954
Path Planning and Navigation of Miniature Serpentine Robot for Bronchoscopy Application,2023,2023-04-28,10.3390/mi14050969,37241594.0,https://doi.org/10.3390/mi14050969,Micromachines,4,A2,Robotic endoscopic search / navigation,机器人内镜搜索/导航,Expanded (abstract-supported),OpenAlex; Europe PMC,MED:37241594; W4367678780
Pediatric interventional bronchoscopy: from early limitations to achievable opportunities,2023,2023-11-07,10.1097/mcp.0000000000001029,37933635.0,https://doi.org/10.1097/mcp.0000000000001029,Current Opinion in Pulmonary Medicine,12,A2,Robotic endoscopic search / navigation,机器人内镜搜索/导航,Expanded (abstract-supported),OpenAlex; Europe PMC,W4388463454; MED:37933635
Place de l’endoscopie dans les gestions des nodules périphériques. Partie 1 : diagnostic,2023,2023-10-03,10.1016/j.rmr.2023.09.001,37798173.0,https://doi.org/10.1016/j.rmr.2023.09.001,Revue des Maladies Respiratoires,2,A2,Robotic endoscopic search / navigation,机器人内镜搜索/导航,Expanded (abstract-supported),OpenAlex; Europe PMC,MED:37798173; W4387311145
ROBOTIC-ASSISTED ION BRONCHOSCOPY IN THE DIAGNOSIS OF EARLY-STAGE LUNG ADENOCARCINOMA WITH ICG-FIDUCIAL MARKER FOR SURGICAL VS RADIATION PLANNING,2023,2023-10-01,10.1016/j.chest.2023.07.3527,,https://doi.org/10.1016/j.chest.2023.07.3527,CHEST Journal,0,A2,Robotic endoscopic search / navigation,机器人内镜搜索/导航,Core (title-explicit),OpenAlex,W4387247925
Real‐time fundus reconstruction and intraocular mapping using an ophthalmic endoscope,2023,2023-01-10,10.1002/rcs.2496,36626270.0,https://doi.org/10.1002/rcs.2496,International Journal of Medical Robotics and Computer Assisted Surgery,5,A2,Robotic endoscopic search / navigation,机器人内镜搜索/导航,Expanded (abstract-supported),OpenAlex; Europe PMC,W4315436836; MED:36626270
Robotic Assisted Bronchoscopy: An Institutional Retrospective Correlation Between Cytopathology and Surgical Pathology Diagnoses,2023,2023-09-01,10.1016/j.jasc.2023.07.062,,https://doi.org/10.1016/j.jasc.2023.07.062,Journal of the American Society of Cytopathology,0,A2,Robotic endoscopic search / navigation,机器人内镜搜索/导航,Core (title-explicit),OpenAlex,W4387329201
Robotic Colonoscopy and Beyond: Insights into Modern Lower Gastrointestinal Endoscopy,2023,2023-07-23,10.3390/diagnostics13142452,37510196.0,https://doi.org/10.3390/diagnostics13142452,Diagnostics,14,A2,Robotic endoscopic search / navigation,机器人内镜搜索/导航,Core (title-explicit),OpenAlex; Europe PMC,W4385216326; MED:37510196
Robotic endoscope with double-balloon and double-bend tube for colonoscopy,2023,2023-06-28,10.1038/s41598-023-37566-3,37380716.0,https://doi.org/10.1038/s41598-023-37566-3,Scientific Reports,13,A2,Robotic endoscopic search / navigation,机器人内镜搜索/导航,Core (title-explicit),OpenAlex; Europe PMC,PPR:PPR599367; W4382394589; W4317436556; MED:37380716
Robotically controlled magnetic capsule endoscopy,2023,2023-09-28,10.14232/phd.11586,,https://doi.org/10.14232/phd.11586,,0,A2,Robotic endoscopic search / navigation,机器人内镜搜索/导航,Core (title-explicit),OpenAlex,W4400502213
Robotics in the diagnosis and staging of lung cancer,2023,2023-01-11,10.1002/jso.27189,36630090.0,https://doi.org/10.1002/jso.27189,Journal of Surgical Oncology,3,A2,Robotic endoscopic search / navigation,机器人内镜搜索/导航,Expanded (abstract-supported),OpenAlex; Europe PMC,MED:36630090; W4315619094
SAFETY AND FEASIBILITY OF ROBOTIC NAVIGATIONAL BRONCHOSCOPY IN A RURAL TERTIARY CARE HOSPITAL WITHOUT INTERVENTIONAL PULMONOLOGY SUPPORT,2023,2023-10-01,10.1016/j.chest.2023.07.3400,,https://doi.org/10.1016/j.chest.2023.07.3400,CHEST Journal,0,A2,Robotic endoscopic search / navigation,机器人内镜搜索/导航,Expanded (abstract-supported),OpenAlex,W4387248817
SHAPE-SENSING ROBOTIC-ASSISTED BRONCHOSCOPY AND NOVEL 1.1 MM CRYOPROBE FOR DIAGNOSING PERIPHERAL PULMONARY NODULES,2023,2023-10-01,10.1016/j.chest.2023.07.3436,,https://doi.org/10.1016/j.chest.2023.07.3436,CHEST Journal,1,A2,Robotic endoscopic search / navigation,机器人内镜搜索/导航,Core (title-explicit),OpenAlex,W4387251758
SHAPE-SENSING ROBOTIC-ASSISTED BRONCHOSCOPY AND ROBOTIC SEGMENTECTOMY FACILITATES STAGE-SHIFT IN A COMMUNITY LUNG CANCER SCREENING PROGRAM,2023,2023-10-01,10.1016/j.chest.2023.07.3399,,https://doi.org/10.1016/j.chest.2023.07.3399,CHEST Journal,1,A2,Robotic endoscopic search / navigation,机器人内镜搜索/导航,Core (title-explicit),OpenAlex,W4387247862
Shape‐sensing robotic bronchoscopy in the diagnosis of pulmonary lesions in children,2023,2023-01-31,10.1002/ppul.26341,,https://doi.org/10.1002/ppul.26341,Pediatric Pulmonology,12,A2,Robotic endoscopic search / navigation,机器人内镜搜索/导航,Core (title-explicit),OpenAlex,W4318672028
The Protective Effect of Omega-3 Fatty Acids in Attenuating Lung Function Decline,2023,2023-08-02,10.1164/rccm.202307-1222ed,,https://doi.org/10.1164/rccm.202307-1222ed,American Journal of Respiratory and Critical Care Medicine,1,A2,Robotic endoscopic search / navigation,机器人内镜搜索/导航,Expanded (abstract-supported),OpenAlex,W4385480261
The diversity of skills that are needed in different environments,2023,2023-09-20,10.3389/fsurg.2023.1240154,,https://doi.org/10.3389/fsurg.2023.1240154,Frontiers in Surgery,0,A2,Robotic endoscopic search / navigation,机器人内镜搜索/导航,Expanded (abstract-supported),OpenAlex,W4386930654
The role of the diagnostic wedge resection in the era of segmentectomy,2023,2023-10-01,10.1093/ejcts/ezad346,,https://doi.org/10.1093/ejcts/ezad346,European Journal of Cardio-Thoracic Surgery,0,A2,Robotic endoscopic search / navigation,机器人内镜搜索/导航,Expanded (abstract-supported),OpenAlex,W4387661671
Towards Semi-Autonomous Colon Screening Using an Electromagnetically Actuated Soft-Tethered Colonoscope Based on Visual Servo Control,2023,2023-07-05,10.1109/tbme.2023.3292336,37405889.0,https://doi.org/10.1109/tbme.2023.3292336,IEEE Transactions on Biomedical Engineering,18,A2,Robotic endoscopic search / navigation,机器人内镜搜索/导航,Core (title-explicit),OpenAlex; Europe PMC,W4383220374; MED:37405889
"A PROSPECTIVE, MULTICENTER EVALUATION OF SAFETY AND DIAGNOSTIC OUTCOMES WITH ROBOTIC-ASSISTED BRONCHOSCOPY: RESULTS FROM THE TARGET TRIAL",2024,2024-09-18,10.1016/j.chest.2024.06.3136,,https://doi.org/10.1016/j.chest.2024.06.3136,CHEST Journal,5,A2,Robotic endoscopic search / navigation,机器人内镜搜索/导航,Core (title-explicit),OpenAlex,W4402583140
A RARE CASE OF CARDIOPULMONARY ARREST PRECIPITATED BY RECRUITMENT MANEUVER DURING ROBOTIC BRONCHOSCOPY,2024,2024-09-18,10.1016/j.chest.2024.06.1481,,https://doi.org/10.1016/j.chest.2024.06.1481,CHEST Journal,1,A2,Robotic endoscopic search / navigation,机器人内镜搜索/导航,Expanded (abstract-supported),OpenAlex,W4402585829
A Self-Decoupling Three-Segment Continuum Flexible Robot Based on Stiffness Difference,2024,2024-09-19,10.1109/tmech.2024.3454204,,https://doi.org/10.1109/tmech.2024.3454204,IEEE/ASME Transactions on Mechatronics,4,A2,Robotic endoscopic search / navigation,机器人内镜搜索/导航,Expanded (abstract-supported),OpenAlex,W4402627325
A Simultaneous Polyp and Lumen Detection Framework Toward Autonomous Robotic Colonoscopy,2024,2024-01-04,10.1109/tmrb.2024.3349623,,https://doi.org/10.1109/tmrb.2024.3349623,IEEE Transactions on Medical Robotics and Bionics,11,A2,Robotic endoscopic search / navigation,机器人内镜搜索/导航,Core (title-explicit),OpenAlex,W4390576442
AI-Guided Anatomical Landmark and Abnormality Detection for Autonomous Endoscopy Examination,2024,2024-06-19,10.3844/jcssp.2024.858.871,,https://doi.org/10.3844/jcssp.2024.858.871,Journal of Computer Science,0,A2,Robotic endoscopic search / navigation,机器人内镜搜索/导航,Core (title-explicit),OpenAlex,W4399809767
"AMBIENT NOISE DURING BRONCHOSCOPY PROCEDURES: COMPARATIVE ANALYSIS OF FLEXIBLE, ROBOTIC-ASSISTED, AND RIGID BRONCHOSCOPY",2024,2024-09-18,10.1016/j.chest.2024.06.2374,,https://doi.org/10.1016/j.chest.2024.06.2374,CHEST Journal,0,A2,Robotic endoscopic search / navigation,机器人内镜搜索/导航,Expanded (abstract-supported),OpenAlex,W4402583337
"Adaptable, shape-conforming robotic endoscope",2024,2024-09-14,10.48550/arxiv.2409.09557,,https://doi.org/10.48550/arxiv.2409.09557,arXiv (Cornell University),0,A2,Robotic endoscopic search / navigation,机器人内镜搜索/导航,Expanded (abstract-supported),OpenAlex,W4403667663
Advances in thoracic surgery: from diagnosing nodules to treating locally advanced lung cancer,2024,2024-03-25,10.23866/brnrev:2024-m0101,,https://doi.org/10.23866/brnrev:2024-m0101,Barcelona Respiratory Network,0,A2,Robotic endoscopic search / navigation,机器人内镜搜索/导航,Expanded (abstract-supported),OpenAlex,W4393163438
An MRI-Conditional Flexible Endoscopic Robot with a Hydraulic Tendon-Driven Actuation System,2024,2024-02-18,10.1142/s2424905x24400038,,https://doi.org/10.1142/s2424905x24400038,Journal of Medical Robotics Research,2,A2,Robotic endoscopic search / navigation,机器人内镜搜索/导航,Expanded (abstract-supported),OpenAlex,W4391918027
Antagonistic Series Elastic Actuation for a Variable Stiffness Robotic Endoscope,2024,2024-11-18,10.1109/tmech.2024.3484583,,https://doi.org/10.1109/tmech.2024.3484583,IEEE/ASME Transactions on Mechatronics,4,A2,Robotic endoscopic search / navigation,机器人内镜搜索/导航,Expanded (abstract-supported),OpenAlex,W4404480109
Breaking New Ground in Interventional Pulmonology: Integrating Cone Beam CT and Robotic-Assisted Bronchoscopy for High-Risk Pneumothorax in Peripherally Located Solitary Pulmonary Nodules,2024,2024-06-17,10.7759/cureus.62532,,https://doi.org/10.7759/cureus.62532,Cureus,1,A2,Robotic endoscopic search / navigation,机器人内镜搜索/导航,Core (title-explicit),OpenAlex,W4399736444
Breathing Compensation in Magnetic Robotic Bronchoscopy via Shape Forming,2024,2024-07-10,10.1109/lra.2024.3426385,,https://doi.org/10.1109/lra.2024.3426385,IEEE Robotics and Automation Letters,7,A2,Robotic endoscopic search / navigation,机器人内镜搜索/导航,Expanded (abstract-supported),OpenAlex,W4400488043
BronchoCopilot: Towards Autonomous Robotic Bronchoscopy via Multimodal Reinforcement Learning,2024,2024-03-03,10.48550/arxiv.2403.01483,,https://doi.org/10.48550/arxiv.2403.01483,arXiv (Cornell University),0,A2,Robotic endoscopic search / navigation,机器人内镜搜索/导航,Expanded (abstract-supported),OpenAlex,W4392487960
"CHARACTERIZING DIVERGENCE IN SHAPE-SENSING ROBOTIC-ASSISTED BRONCHOSCOPY INTEGRATED WITH MOBILE CONE-BEAM CT: RESULTS FROM A PROSPECTIVE, MULTICENTER STUDY",2024,2024-09-18,10.1016/j.chest.2024.07.087,,https://doi.org/10.1016/j.chest.2024.07.087,CHEST Journal,0,A2,Robotic endoscopic search / navigation,机器人内镜搜索/导航,Expanded (abstract-supported),OpenAlex,W4402583308
Characterizing a learning curve for robotic-assisted bronchoscopy: Analysis of skills acquisition in a high-volume academic center,2024,2024-06-25,10.1016/j.jtcvs.2024.06.018,,https://doi.org/10.1016/j.jtcvs.2024.06.018,Journal of Thoracic and Cardiovascular Surgery,22,A2,Robotic endoscopic search / navigation,机器人内镜搜索/导航,Expanded (abstract-supported),OpenAlex,W4400000083
Colon Lumen Center Detection Enables Autonomous Navigation of an Electromagnetically Actuated Soft-Tethered Colonoscope,2024,2024-01-01,10.1109/tim.2024.3403172,,https://doi.org/10.1109/tim.2024.3403172,IEEE Transactions on Instrumentation and Measurement,4,A2,Robotic endoscopic search / navigation,机器人内镜搜索/导航,Core (title-explicit),OpenAlex,W4398187593
Combining transoral fundoplication and robotic cruroplasty: a novel robotic-assisted endoscopy,2024,2024-09-04,10.1055/a-2387-3881,,https://doi.org/10.1055/a-2387-3881,Endoscopy,0,A2,Robotic endoscopic search / navigation,机器人内镜搜索/导航,Expanded (abstract-supported),OpenAlex,W4402216301
Constrained Visual Predictive Control of a Robotic Flexible Endoscope With Visibility and Joint Limits Constraints,2024,2024-12-25,10.1109/lra.2024.3521679,,https://doi.org/10.1109/lra.2024.3521679,IEEE Robotics and Automation Letters,5,A2,Robotic endoscopic search / navigation,机器人内镜搜索/导航,Expanded (abstract-supported),OpenAlex,W4405778701
Determinants of radiation exposure during mobile cone‐beam <scp>CT</scp>‐guided robotic‐assisted bronchoscopy,2024,2024-05-28,10.1111/resp.14765,,https://doi.org/10.1111/resp.14765,Respirology,15,A2,Robotic endoscopic search / navigation,机器人内镜搜索/导航,Expanded (abstract-supported),OpenAlex,W4399136859
Development of a flexible endoscopic robot with autonomous tracking control ability using machine vision and deep learning,2024,2024-04-02,10.5194/ms-15-223-2024,,https://doi.org/10.5194/ms-15-223-2024,Mechanical sciences,2,A2,Robotic endoscopic search / navigation,机器人内镜搜索/导航,Expanded (abstract-supported),OpenAlex,W4393437508
Diagnostic performance of Shape-Sensing Robotic-Assisted bronchoscopy with mobile Cone-Beam CT for cystic and cavitary pulmonary lesions,2024,2024-11-17,10.1016/j.lungcan.2024.108029,,https://doi.org/10.1016/j.lungcan.2024.108029,Lung Cancer,11,A2,Robotic endoscopic search / navigation,机器人内镜搜索/导航,Core (title-explicit),OpenAlex,W4404454275
Direct endoscopic visualization of small peripheral lung nodules using a miniaturized videoendoscopy probe,2024,2024-07-15,10.1111/resp.14798,,https://doi.org/10.1111/resp.14798,Respirology,6,A2,Robotic endoscopic search / navigation,机器人内镜搜索/导航,Expanded (abstract-supported),OpenAlex,W4400698178
Guided Bronchoscopy for Peripheral Pulmonary Lesion Sampling: The Pros and Cons of Electromagnetic Navigation Bronchoscopy and Robotic-Assisted Bronchoscopy,2024,2024-01-04,10.1007/s13665-023-00330-z,,https://doi.org/10.1007/s13665-023-00330-z,Current Pulmonology Reports,3,A2,Robotic endoscopic search / navigation,机器人内镜搜索/导航,Core (title-explicit),OpenAlex,W4390587453
Image guided lung biopsy,2024,2024-04-29,10.1016/j.lungcan.2024.107803,38749073.0,https://doi.org/10.1016/j.lungcan.2024.107803,Lung Cancer,5,A2,Robotic endoscopic search / navigation,机器人内镜搜索/导航,Expanded (abstract-supported),OpenAlex; Europe PMC,MED:38749073; W4396216515
Imaging Diagnosis of Retroperitoneal Müllerian Duct-derived Cyst Complicatedby Diaphragmatic Hernia: A Case Report,2024,2024-05-17,10.2174/0115734056303445240509061437,38757328.0,https://doi.org/10.2174/0115734056303445240509061437,Current Medical Imaging Formerly Current Medical Imaging Reviews,0,A2,Robotic endoscopic search / navigation,机器人内镜搜索/导航,Expanded (abstract-supported),OpenAlex; Europe PMC,W4397010623; MED:38757328
Improving Shape-Sensing Robotic-Assisted Bronchoscopy Outcomes with Mobile Cone-Beam Computed Tomography Guidance,2024,2024-09-04,10.3390/diagnostics14171955,,https://doi.org/10.3390/diagnostics14171955,Diagnostics,25,A2,Robotic endoscopic search / navigation,机器人内镜搜索/导航,Expanded (abstract-supported),OpenAlex,W4402231196
Keeping Up With Technological Innovation,2024,2024-11-20,10.1016/j.chest.2024.11.010,39577764.0,https://doi.org/10.1016/j.chest.2024.11.010,CHEST Journal,8,A2,Robotic endoscopic search / navigation,机器人内镜搜索/导航,Expanded (abstract-supported),OpenAlex; Europe PMC,MED:39577764; W4404565686
MANTLE CELL LYMPHOMA MANIFESTING AS CAVITARY LESION IN THE LUNG: A RARE FINDING,2024,2024-02-01,10.36106/ijsr/6021956,,https://doi.org/10.36106/ijsr/6021956,INTERNATIONAL JOURNAL OF SCIENTIFIC RESEARCH,0,A2,Robotic endoscopic search / navigation,机器人内镜搜索/导航,Expanded (abstract-supported),OpenAlex,W4391964093
MonoLoT: Self-Supervised Monocular Depth Estimation in Low-Texture Scenes for Automatic Robotic Endoscopy,2024,2024-07-05,10.1109/jbhi.2024.3423791,38968011.0,https://doi.org/10.1109/jbhi.2024.3423791,IEEE Journal of Biomedical and Health Informatics,12,A2,Robotic endoscopic search / navigation,机器人内镜搜索/导航,Expanded (abstract-supported),OpenAlex; Europe PMC,MED:38968011; W4400351747
MorphGI: A Self-Propelling Soft Robotic Endoscope Through Morphing Shape,2024,2024-03-14,10.1089/soro.2023.0096,38484296.0,https://doi.org/10.1089/soro.2023.0096,Soft Robotics,14,A2,Robotic endoscopic search / navigation,机器人内镜搜索/导航,Expanded (abstract-supported),OpenAlex; Europe PMC,MED:38484296; W4392794048
NODULAR AND ENDOBRONCHIAL SARCOIDOSIS DIAGNOSED VIA ROBOTIC BRONCHOSCOPY,2024,2024-09-18,10.1016/j.chest.2024.06.3284,,https://doi.org/10.1016/j.chest.2024.06.3284,CHEST Journal,0,A2,Robotic endoscopic search / navigation,机器人内镜搜索/导航,Core (title-explicit),OpenAlex,W4402584810
Novel Strategies for Lung Cancer Interventional Diagnostics,2024,2024-11-27,10.3390/jcm13237207,39685665.0,https://doi.org/10.3390/jcm13237207,Journal of Clinical Medicine,5,A2,Robotic endoscopic search / navigation,机器人内镜搜索/导航,Expanded (abstract-supported),OpenAlex; Europe PMC,MED:39685665; W4404756353
OUTCOMES OF NONINFECTIOUS GRANULOMAS FOUND ON ROBOTIC BRONCHOSCOPY WITH CBCT,2024,2024-09-18,10.1016/j.chest.2024.06.3058,,https://doi.org/10.1016/j.chest.2024.06.3058,CHEST Journal,0,A2,Robotic endoscopic search / navigation,机器人内镜搜索/导航,Expanded (abstract-supported),OpenAlex,W4402585995
Papers from the 17th Joint Workshop on Augmented Environments for Computer Assisted Interventions at MICCAI 2023: Guest Editors’ Foreword,2024,2024-02-28,10.1049/htl2.12082,,https://doi.org/10.1049/htl2.12082,Healthcare Technology Letters,0,A2,Robotic endoscopic search / navigation,机器人内镜搜索/导航,Expanded (abstract-supported),OpenAlex,W4392293088
"ROBOTIC BRONCHOSCOPY FOR DIAGNOSIS OF POLYMORPHOUS, PARENCHYMAL, POSTTRANSPLANT LYMPHOPROLIFERATIVE DISORDER (PTLD)",2024,2024-09-18,10.1016/j.chest.2024.06.3115,,https://doi.org/10.1016/j.chest.2024.06.3115,CHEST Journal,1,A2,Robotic endoscopic search / navigation,机器人内镜搜索/导航,Core (title-explicit),OpenAlex,W4402583100
"ROBOTIC COLONOSCOPY TO IMPROVE PAIN, DISCOMFORT AND COMPLETION RATE IN A UK COHORT",2024,2024-06-01,10.1016/j.gie.2024.04.1821,,https://doi.org/10.1016/j.gie.2024.04.1821,Gastrointestinal Endoscopy,0,A2,Robotic endoscopic search / navigation,机器人内镜搜索/导航,Core (title-explicit),OpenAlex,W4399673904
ROBOTIC-ASSISTED BRONCHOSCOPY WITH SHAPE SENSING TECHNOLOGY AND RADIAL EBUS: A SINGLE-CENTER RETROSPECTIVE COHORT STUDY,2024,2024-09-18,10.1016/j.chest.2024.06.3091,,https://doi.org/10.1016/j.chest.2024.06.3091,CHEST Journal,1,A2,Robotic endoscopic search / navigation,机器人内镜搜索/导航,Expanded (abstract-supported),OpenAlex,W4402605398
Robotic Assisted Bronchoscopy: An Institutional Correlation Between Cytopathology and Surgical Resection Diagnoses,2024,2024-05-01,10.32873/unmc.dc.gmerj.6.1.055,,https://doi.org/10.32873/unmc.dc.gmerj.6.1.055,Graduate Medical Education Research Journal,0,A2,Robotic endoscopic search / navigation,机器人内镜搜索/导航,Core (title-explicit),OpenAlex,W4400272214
Robotic versus Electromagnetic bronchoscopy for pulmonary LesIon AssessmeNT: the RELIANT pragmatic randomized trial,2024,2024-01-19,10.1186/s13063-023-07863-3,,https://doi.org/10.1186/s13063-023-07863-3,Trials,18,A2,Robotic endoscopic search / navigation,机器人内镜搜索/导航,Core (title-explicit),OpenAlex,W4386216895; W4391028963
SHAPE-SENSING ROBOTIC-ASSISTED BRONCHOSCOPY AND EARLY-STAGE LUNG CANCER DIAGNOSIS: REAL-WORLD OUTCOMES FROM THE ION REGISTRY,2024,2024-09-18,10.1016/j.chest.2024.07.057,,https://doi.org/10.1016/j.chest.2024.07.057,CHEST Journal,0,A2,Robotic endoscopic search / navigation,机器人内镜搜索/导航,Core (title-explicit),OpenAlex,W4402599196
SYNCHRONOUS MULTIPLE PRIMARY LUNG CANCERS DIAGNOSED WITH ROBOTIC BRONCHOSCOPY WITH O-ARM CT ASSISSTANCE,2024,2024-09-18,10.1016/j.chest.2024.06.2669,,https://doi.org/10.1016/j.chest.2024.06.2669,CHEST Journal,0,A2,Robotic endoscopic search / navigation,机器人内镜搜索/导航,Core (title-explicit),OpenAlex,W4402584131
Special Issue on 2023 Augmented Environments for Computer-Assisted Interventions (AE-CAI): Guest Editors’ Foreword,2024,2024-03-31,10.22541/au.171186125.53819367/v1,,https://doi.org/10.22541/au.171186125.53819367/v1,,0,A2,Robotic endoscopic search / navigation,机器人内镜搜索/导航,Expanded (abstract-supported),OpenAlex; Europe PMC,PPR:PPR830788; W4393355173
The incremental contribution of mobile cone-beam computed tomography to the tool–lesion relationship during shape-sensing robotic-assisted bronchoscopy,2024,2024-02-29,10.1183/23120541.00993-2023,,https://doi.org/10.1183/23120541.00993-2023,ERJ Open Research,19,A2,Robotic endoscopic search / navigation,机器人内镜搜索/导航,Core (title-explicit),OpenAlex,W4392297936
The valuable role of cardio-pulmonary exercise testing in the diagnosis of atrial septal defect in a competitive triathlete: a case report,2024,2024-06-01,10.1093/ehjcr/ytae278,,https://doi.org/10.1093/ehjcr/ytae278,European Heart Journal - Case Reports,1,A2,Robotic endoscopic search / navigation,机器人内镜搜索/导航,Expanded (abstract-supported),OpenAlex,W4399363410
UpToDate®,2024,2024-12-30,10.1097/01.cot.0001097220.49086.b8,,https://doi.org/10.1097/01.cot.0001097220.49086.b8,Oncology Times,0,A2,Robotic endoscopic search / navigation,机器人内镜搜索/导航,Expanded (abstract-supported),OpenAlex,W4405893073
[Advances in the application of robotic-assisted bronchoscopy].,2024,2024-08-12,10.3760/cma.j.cn112147-20240204-00069,,https://doi.org/10.3760/cma.j.cn112147-20240204-00069,PubMed,0,A2,Robotic endoscopic search / navigation,机器人内镜搜索/导航,Expanded (abstract-supported),OpenAlex,W4401103308
163eP AI-enhanced prediction of diagnostic failure in early-stage lung cancer: Preprocedural score for ION robotic bronchoscopy,2025,2025-11-01,10.1016/j.esmorw.2025.100360,,https://doi.org/10.1016/j.esmorw.2025.100360,ESMO Real World Data and Digital Oncology,0,A2,Robotic endoscopic search / navigation,机器人内镜搜索/导航,Core (title-explicit),OpenAlex,W4416780988
68 First year experience of Robotic-assisted bronchoscopy implementation for lung cancer,2025,2025-02-01,10.1016/j.lungcan.2025.108178,,https://doi.org/10.1016/j.lungcan.2025.108178,Lung Cancer,0,A2,Robotic endoscopic search / navigation,机器人内镜搜索/导航,Expanded (abstract-supported),OpenAlex,W4408067390
A Control Framework for a Robotic Endoscope Holder Based on Lightweight Foundational Segmentation Models,2025,2025-05-23,10.1109/tmrb.2025.3573049,,https://doi.org/10.1109/tmrb.2025.3573049,IEEE Transactions on Medical Robotics and Bionics,1,A2,Robotic endoscopic search / navigation,机器人内镜搜索/导航,Expanded (abstract-supported),OpenAlex,W4410638924
A Pneumatic Force Sensor for Enhanced Force Feedback in Robotic Colonoscopy,2025,2025-07-16,10.1109/tmrb.2025.3589782,,https://doi.org/10.1109/tmrb.2025.3589782,IEEE Transactions on Medical Robotics and Bionics,6,A2,Robotic endoscopic search / navigation,机器人内镜搜索/导航,Core (title-explicit),OpenAlex,W4412482283
"A Real-Time, Semi-Autonomous Navigation Platform for Soft Robotic Bronchoscopy",2025,2025-03-26,10.1109/lra.2025.3554104,40969572.0,https://doi.org/10.1109/lra.2025.3554104,IEEE Robotics and Automation Letters,3,A2,Robotic endoscopic search / navigation,机器人内镜搜索/导航,Expanded (abstract-supported),OpenAlex; Europe PMC,W4408859577; MED:40969572
A UK single‐center pilot experience using a novel robotic inchworm colonoscopy system,2025,2025-04-29,10.1002/deo2.70123,40309042.0,https://doi.org/10.1002/deo2.70123,DEN Open,2,A2,Robotic endoscopic search / navigation,机器人内镜搜索/导航,Core (title-explicit),OpenAlex; Europe PMC,W4409955007; MED:40309042
Adaptive Hybrid Control for Backlash-Like Hysteresis and Marker-Based Pose Estimation in Endoscopic Robots,2025,2025-05-23,10.1109/lra.2025.3573193,,https://doi.org/10.1109/lra.2025.3573193,IEEE Robotics and Automation Letters,0,A2,Robotic endoscopic search / navigation,机器人内镜搜索/导航,Expanded (abstract-supported),OpenAlex,W4410639005
Airway Registration Approach and Other Determinants of Procedure Efficiency During Shape-Sensing Robotic-Assisted Bronchoscopy,2025,2025-08-20,10.1097/lbr.0000000000001028,,https://doi.org/10.1097/lbr.0000000000001028,Journal of Bronchology & Interventional Pulmonology,1,A2,Robotic endoscopic search / navigation,机器人内镜搜索/导航,Expanded (abstract-supported),OpenAlex,W4413351278
Automated Skill Evaluation of Bronchoscopy Operators Using Geometric Feature Analysis,2025,2025-06-13,10.1142/s2424905x25500072,,https://doi.org/10.1142/s2424905x25500072,Journal of Medical Robotics Research,0,A2,Robotic endoscopic search / navigation,机器人内镜搜索/导航,Expanded (abstract-supported),OpenAlex,W4411285973
BEYOND THE SCOPE: COST-BENEFIT AND DIAGNOSTIC FACTORS IN COMMUNITY-BASED ROBOTIC BRONCHOSCOPY,2025,2025-10-01,10.1016/j.chest.2025.09.116,,https://doi.org/10.1016/j.chest.2025.09.116,CHEST Journal,0,A2,Robotic endoscopic search / navigation,机器人内镜搜索/导航,Core (title-explicit),OpenAlex,W4416699958
CRAMER-RAO LOWER BOUND ANALYSIS FOR MAGNETIC LOCALIZATION OF A ROBOTIC CAPSULE ENDOSCOPE,2025,2025-05-31,10.36306/konjes.1585324,,https://doi.org/10.36306/konjes.1585324,Konya Journal of Engineering Sciences,0,A2,Robotic endoscopic search / navigation,机器人内镜搜索/导航,Core (title-explicit),OpenAlex,W4410912057
Characterizing the Learning Curve of ION Robotic Bronchoscopy,2025,2025-11-11,10.1097/lbr.0000000000001043,41216684.0,https://doi.org/10.1097/lbr.0000000000001043,Journal of Bronchology & Interventional Pulmonology,3,A2,Robotic endoscopic search / navigation,机器人内镜搜索/导航,Expanded (abstract-supported),OpenAlex; Europe PMC,MED:41216684; W4416104185
Comment on single anesthesia robotic bronchoscopy,2025,2025-09-27,10.1016/j.xjon.2025.09.026,41473088.0,https://doi.org/10.1016/j.xjon.2025.09.026,JTCVS Open,0,A2,Robotic endoscopic search / navigation,机器人内镜搜索/导航,Expanded (abstract-supported),OpenAlex; Europe PMC,W4414571823; MED:41473088
Comparative evaluation of guided shape-sensing robotic bronchoscopy vs. electromagnetic navigation with cone-beam computed tomography for pulmonary nodule diagnosis,2025,2025-01-01,,,https://openalex.org/W7130808486,OpenBU (Boston University),0,A2,Robotic endoscopic search / navigation,机器人内镜搜索/导航,Core (title-explicit),OpenAlex,W7130808486
Comparison of navigation bronchoscopy vs shape sensing robotic assisted bronchoscopy in terms of malignancy diagnoses and lung cancer staging in a safety-net healthcare system.,2025,2025-05-28,10.1200/jco.2025.43.16_suppl.e23156,,https://doi.org/10.1200/jco.2025.43.16_suppl.e23156,Journal of Clinical Oncology,0,A2,Robotic endoscopic search / navigation,机器人内镜搜索/导航,Core (title-explicit),OpenAlex,W4410811071
Contact-Aided Navigation of Flexible Robotic Endoscope Using Deep Reinforcement Learning in Dynamic Stomach,2025,2025-08-30,10.48550/arxiv.2509.00319,,https://doi.org/10.48550/arxiv.2509.00319,arXiv (Cornell University),0,A2,Robotic endoscopic search / navigation,机器人内镜搜索/导航,Expanded (abstract-supported),OpenAlex,W4416682807
Contemporary Concise Review 2024: New Techniques in Interventional Pulmonology,2025,2025-07-08,10.1111/resp.70084,,https://doi.org/10.1111/resp.70084,Respirology,4,A2,Robotic endoscopic search / navigation,机器人内镜搜索/导航,Expanded (abstract-supported),OpenAlex,W4412113069
"DIAGNOSIS OF EARLY-STAGE LUNG CANCER: ROBOTIC-ASSISTED BRONCHOSCOPY VS NAVIGATIONAL BRONCHOSCOPY, A SINGLE-CENTER RETROSPECTIVE REVIEW",2025,2025-10-01,10.1016/j.chest.2025.07.2713,,https://doi.org/10.1016/j.chest.2025.07.2713,CHEST Journal,0,A2,Robotic endoscopic search / navigation,机器人内镜搜索/导航,Core (title-explicit),OpenAlex,W4416696506
DIPNECH: The neuroendocrine enigma behind persistent respiratory symptoms in the post-COVID era,2025,2025-01-01,10.1016/j.rmcr.2025.102290,,https://doi.org/10.1016/j.rmcr.2025.102290,Respiratory Medicine Case Reports,0,A2,Robotic endoscopic search / navigation,机器人内镜搜索/导航,Expanded (abstract-supported),OpenAlex,W4414559690
Design and evaluation of new user control devices for improved ergonomics in flexible robotic endoscopy,2025,2025-03-24,10.3389/frobt.2025.1559574,40196841.0,https://doi.org/10.3389/frobt.2025.1559574,Frontiers in Robotics and AI,0,A2,Robotic endoscopic search / navigation,机器人内镜搜索/导航,Expanded (abstract-supported),OpenAlex; Europe PMC,W4408773186; MED:40196841
Design and preliminary evaluation of a track-based robotic colonoscope with a shape-adaptable tip for propulsion,2025,2025-04-14,10.3389/frobt.2025.1580692,40297610.0,https://doi.org/10.3389/frobt.2025.1580692,Frontiers in Robotics and AI,0,A2,Robotic endoscopic search / navigation,机器人内镜搜索/导航,Core (title-explicit),OpenAlex; Europe PMC,MED:40297610; W4409403131
Development and deployment of robots in a bronchoscopy suite,2025,2025-07-01,10.1183/20734735.0247-2024,,https://doi.org/10.1183/20734735.0247-2024,Breathe,2,A2,Robotic endoscopic search / navigation,机器人内镜搜索/导航,Expanded (abstract-supported),OpenAlex,W4412420630
Diagnosis of Invasive Pulmonary Fungal Infection Using Robotic Bronchoscopy,2025,2025-10-04,10.1016/j.arbres.2025.10.002,41107191.0,https://doi.org/10.1016/j.arbres.2025.10.002,Archivos de Bronconeumología,0,A2,Robotic endoscopic search / navigation,机器人内镜搜索/导航,Core (title-explicit),OpenAlex; Europe PMC,W4414816643; MED:41107191
Diagnostic approach for incidental pulmonary nodules,2025,2025-08-27,10.3904/kjim.2025.107,40859810.0,https://doi.org/10.3904/kjim.2025.107,The Korean Journal of Internal Medicine,2,A2,Robotic endoscopic search / navigation,机器人内镜搜索/导航,Expanded (abstract-supported),OpenAlex; Europe PMC,W4413739703; MED:40859810
Diagnostic yield: what is sufficient?,2025,2025-11-11,10.1097/mcp.0000000000001232,41221658.0,https://doi.org/10.1097/mcp.0000000000001232,Current Opinion in Pulmonary Medicine,0,A2,Robotic endoscopic search / navigation,机器人内镜搜索/导航,Expanded (abstract-supported),OpenAlex; Europe PMC,MED:41221658; W4416152061
ELECTROMAGNETIC NAVIGATION BRONCHOSCOPY VS ROBOTIC BRONCHOSCOPY: A RETROSPECTIVE STUDY COMPARING DIAGNOSTIC OUTCOMES AND PROCEDURAL COMPETENCY BETWEEN PLATFORMS,2025,2025-10-01,10.1016/j.chest.2025.07.3322,,https://doi.org/10.1016/j.chest.2025.07.3322,CHEST Journal,0,A2,Robotic endoscopic search / navigation,机器人内镜搜索/导航,Core (title-explicit),OpenAlex,W4416700085
EP.07.23 Single Port Robot and Navigational Bronchoscopy During Single Episode of Anesthesia: Less Is More,2025,2025-10-01,10.1016/j.jtho.2025.09.1404,,https://doi.org/10.1016/j.jtho.2025.09.1404,Journal of Thoracic Oncology,0,A2,Robotic endoscopic search / navigation,机器人内镜搜索/导航,Expanded (abstract-supported),OpenAlex,W4415519767
"EP.18.02 Multicenter, Prospective Study on the Precise Diagnosis and Treatment of Shape-Sensing Robotic-Assisted Bronchoscopy",2025,2025-10-01,10.1016/j.jtho.2025.09.1743,,https://doi.org/10.1016/j.jtho.2025.09.1743,Journal of Thoracic Oncology,0,A2,Robotic endoscopic search / navigation,机器人内镜搜索/导航,Core (title-explicit),OpenAlex,W4415520359
ERS Congress 2024: highlights from the Thoracic Oncology Assembly,2025,2025-03-01,10.1183/23120541.01171-2024,,https://doi.org/10.1183/23120541.01171-2024,ERJ Open Research,2,A2,Robotic endoscopic search / navigation,机器人内镜搜索/导航,Expanded (abstract-supported),OpenAlex,W4409676227
Enabling Robotic Capsule Endoscopy Through Effective in-Body Capsule Localization,2025,2025-04-14,10.1177/15533506251334690,40227091.0,https://doi.org/10.1177/15533506251334690,Surgical Innovation,0,A2,Robotic endoscopic search / navigation,机器人内镜搜索/导航,Core (title-explicit),OpenAlex; Europe PMC,MED:40227091; W4409412014
EndoMUST: Monocular Depth Estimation for Robotic Endoscopy via End-to-end Multi-step Self-supervised Training,2025,2025-06-19,10.48550/arxiv.2506.16017,,https://doi.org/10.48550/arxiv.2506.16017,arXiv (Cornell University),0,A2,Robotic endoscopic search / navigation,机器人内镜搜索/导航,Expanded (abstract-supported),OpenAlex,W4417537656
"Extracranial Spread of Meningiomas: Molecular Determinants, Diagnostic Pathways, and Lessons From Three Thoracic Metastases",2025,2025-12-16,10.7759/cureus.99420,41552249.0,https://doi.org/10.7759/cureus.99420,Cureus,0,A2,Robotic endoscopic search / navigation,机器人内镜搜索/导航,Expanded (abstract-supported),OpenAlex; Europe PMC,W4417416902; MED:41552249
First 50 Cases with the ION Robotic-Assisted Navigational Bronchoscopy System in Routine Clinical Use in Germany: The Bonn Experience,2025,2025-08-31,10.3390/jcm14176155,,https://doi.org/10.3390/jcm14176155,Journal of Clinical Medicine,0,A2,Robotic endoscopic search / navigation,机器人内镜搜索/导航,Expanded (abstract-supported),OpenAlex,W4413929435
Foreign body removal,2025,2025-10-10,10.1097/mcp.0000000000001225,,https://doi.org/10.1097/mcp.0000000000001225,Current Opinion in Pulmonary Medicine,1,A2,Robotic endoscopic search / navigation,机器人内镜搜索/导航,Expanded (abstract-supported),OpenAlex,W4415103979
Formsensor-unterstützte robotische Bronchoskopie: Steile Lernkurve bei der bioptischen Abklärung kleiner Lungenrundherde,2025,2025-10-06,10.1159/000547844,,https://doi.org/10.1159/000547844,Kompass Pneumologie,0,A2,Robotic endoscopic search / navigation,机器人内镜搜索/导航,Expanded (abstract-supported),OpenAlex,W4414855335
IMPACT OF SECOND-GENERATION ROBOTIC ELECTROMAGNETIC NAVIGATION BRONCHOSCOPY IN A COMMUNITY SETTING,2025,2025-10-01,10.1016/j.chest.2025.07.089,,https://doi.org/10.1016/j.chest.2025.07.089,CHEST Journal,0,A2,Robotic endoscopic search / navigation,机器人内镜搜索/导航,Expanded (abstract-supported),OpenAlex,W4416697052
IS IMPLEMENTING ROBOTIC BRONCHOSCOPY CHANGING CLINICAL PRACTICE? A QUALITY IMPROVEMENT PROJECT,2025,2025-10-01,10.1016/j.chest.2025.07.2546,,https://doi.org/10.1016/j.chest.2025.07.2546,CHEST Journal,0,A2,Robotic endoscopic search / navigation,机器人内镜搜索/导航,Expanded (abstract-supported),OpenAlex,W4416697267
Interventional pulmonology: anesthetic management and beyond,2025,2025-05-16,10.1097/aco.0000000000001516,40493772.0,https://doi.org/10.1097/aco.0000000000001516,Current Opinion in Anaesthesiology,0,A2,Robotic endoscopic search / navigation,机器人内镜搜索/导航,Expanded (abstract-supported),OpenAlex; Europe PMC,MED:40493772; W4411170148
Investigating Partial Registration for Optimizing Robotic-Assisted Bronchoscopy Evaluations of Peripheral Lung Nodules (I-PROBE),2025,2025-11-28,10.1016/j.chpulm.2025.100229,,https://doi.org/10.1016/j.chpulm.2025.100229,CHEST Pulmonary,0,A2,Robotic endoscopic search / navigation,机器人内镜搜索/导航,Core (title-explicit),OpenAlex,W7107857782
"LARGE, MULTISITE ACADEMIC CENTER'S ROBOTIC-ASSISTED BRONCHOSCOPY EXPERIENCE: WHAT HAPPENS TO SPECIFIC BENIGN DIAGNOSES?",2025,2025-10-01,10.1016/j.chest.2025.07.3310,,https://doi.org/10.1016/j.chest.2025.07.3310,CHEST Journal,0,A2,Robotic endoscopic search / navigation,机器人内镜搜索/导航,Core (title-explicit),OpenAlex,W4416696517
Minimally invasive management of lung metastases using robotic bronchoscopy: First French experience,2025,2025-08-05,10.1016/j.lers.2025.07.003,,https://doi.org/10.1016/j.lers.2025.07.003,Laparoscopic Endoscopic and Robotic Surgery,0,A2,Robotic endoscopic search / navigation,机器人内镜搜索/导航,Expanded (abstract-supported),OpenAlex,W4412983904
Modeling and Characterization of a Self‐Sensing Soft Hydraulic Muscle,2025,2025-12-17,10.1002/aisy.202501107,,https://doi.org/10.1002/aisy.202501107,Advanced Intelligent Systems,1,A2,Robotic endoscopic search / navigation,机器人内镜搜索/导航,Expanded (abstract-supported),OpenAlex,W4417422446
Navigating Atelectasis: Utilizing Transpulmonary Pressure to Enhance Robotic Bronchoscopy,2025,2025-07-01,10.1097/lbr.0000000000001017,40591660.0,https://doi.org/10.1097/lbr.0000000000001017,Journal of Bronchology & Interventional Pulmonology,1,A2,Robotic endoscopic search / navigation,机器人内镜搜索/导航,Expanded (abstract-supported),OpenAlex; Europe PMC,W4411866162; MED:40591660
On-chip magnetic sensor and readout design for 3D position tracking in image-guided interventions,2025,2025-01-01,,,https://openalex.org/W7152947072,"Cork Open Research Archive (University College Cork, Ireland)",0,A2,Robotic endoscopic search / navigation,机器人内镜搜索/导航,Expanded (abstract-supported),OpenAlex,W7152947072
P2.05.01 The Role of Robotic-Assisted Bronchoscopy and Endobronchial Ultrasound in Diagnosing and Staging Pulmonary Carcinoid,2025,2025-10-01,10.1016/j.jtho.2025.09.519,,https://doi.org/10.1016/j.jtho.2025.09.519,Journal of Thoracic Oncology,0,A2,Robotic endoscopic search / navigation,机器人内镜搜索/导航,Core (title-explicit),OpenAlex,W4415519415
Peripheral bronchoscopy: back to basics,2025,2025-10-31,10.1097/mcp.0000000000001229,41175036.0,https://doi.org/10.1097/mcp.0000000000001229,Current Opinion in Pulmonary Medicine,0,A2,Robotic endoscopic search / navigation,机器人内镜搜索/导航,Expanded (abstract-supported),OpenAlex; Europe PMC,W4415773253; MED:41175036
Precise localization techniques for small pulmonary nodules: what is next?,2025,2025-09-01,10.21037/jtd-2025-330,41158377.0,https://doi.org/10.21037/jtd-2025-330,Journal of Thoracic Disease,3,A2,Robotic endoscopic search / navigation,机器人内镜搜索/导航,Expanded (abstract-supported),OpenAlex; Europe PMC,W4414615889; MED:41158377
RELIANT 2 RCT Protocol 05-09-2025.,2025,2025-12-03,10.1371/journal.pone.0327611.s001,,https://doi.org/10.1371/journal.pone.0327611.s001,Figshare,0,A2,Robotic endoscopic search / navigation,机器人内镜搜索/导航,Expanded (abstract-supported),OpenAlex,W7111166972
RELIANT 2 SPIRIT 2025 checklist.,2025,2025-12-03,10.1371/journal.pone.0327611.s002,,https://doi.org/10.1371/journal.pone.0327611.s002,Figshare,0,A2,Robotic endoscopic search / navigation,机器人内镜搜索/导航,Expanded (abstract-supported),OpenAlex,W7111160945
ROBOTIC-ASSISTED BRONCHOSCOPY FOR MULTIPLE PULMONARY NODULES: MORE TISSUE CREATES MORE ISSUES,2025,2025-10-01,10.1016/j.chest.2025.07.2705,,https://doi.org/10.1016/j.chest.2025.07.2705,CHEST Journal,0,A2,Robotic endoscopic search / navigation,机器人内镜搜索/导航,Core (title-explicit),OpenAlex,W4416698530
"ROUTINE MEDIASTINAL STAGING DURING ROBOTIC-ASSISTED BRONCHOSCOPY IN SUSPECTED LUNG CANCER: PRACTICAL, YES. BUT COST EFFICIENT?",2025,2025-10-01,10.1016/j.chest.2025.07.3333,,https://doi.org/10.1016/j.chest.2025.07.3333,CHEST Journal,0,A2,Robotic endoscopic search / navigation,机器人内镜搜索/导航,Expanded (abstract-supported),OpenAlex,W4416699991
Rapid Identification of Cryptococcus Organisms Easily Possible with Stimulated Raman Histology on a Pulmonary Tiny Biopsy Specimen: A Case Report,2025,2025-01-01,10.4236/crcm.2025.142010,,https://doi.org/10.4236/crcm.2025.142010,Case Reports in Clinical Medicine,0,A2,Robotic endoscopic search / navigation,机器人内镜搜索/导航,Expanded (abstract-supported),OpenAlex,W4407796287
Recognizing Synchronous Multiple Primary Lung Cancer: A Case Report,2025,2025-06-10,10.7759/cureus.85729,40642683.0,https://doi.org/10.7759/cureus.85729,Cureus,1,A2,Robotic endoscopic search / navigation,机器人内镜搜索/导航,Expanded (abstract-supported),OpenAlex; Europe PMC,MED:40642683; W4411162873
Reply: Response to concerns regarding single-anesthesia robotic bronchoscopy for lung nodules.,2025,2025-10-14,10.1016/j.xjon.2025.10.002,41473037.0,https://doi.org/10.1016/j.xjon.2025.10.002,JTCVS open,0,A2,Robotic endoscopic search / navigation,机器人内镜搜索/导航,Core (title-explicit),Europe PMC,MED:41473037
Robotic Bronchoscopy in Children. Pushing the Boundaries of Airway Size and Robotic Bronchoscopy,2025,2025-11-01,10.1002/ppul.71396,41263192.0,https://doi.org/10.1002/ppul.71396,Pediatric Pulmonology,0,A2,Robotic endoscopic search / navigation,机器人内镜搜索/导航,Expanded (abstract-supported),OpenAlex; Europe PMC,W4416405092; MED:41263192
Robotic Navigational Bronchoscopy in a Real-World Clinical Setting: Insights Into the Strict Criteria,2025,2025-06-21,10.1016/j.athoracsur.2025.06.004,,https://doi.org/10.1016/j.athoracsur.2025.06.004,The Annals of Thoracic Surgery,0,A2,Robotic endoscopic search / navigation,机器人内镜搜索/导航,Expanded (abstract-supported),OpenAlex,W4411504412
Robotic-Assisted Bronchoscopy for Volume Reduction of Giant Emphysematous Bulla: A Case Report,2025,2025-12-01,10.2147/copd.s552360,,https://doi.org/10.2147/copd.s552360,International Journal of COPD,0,A2,Robotic endoscopic search / navigation,机器人内镜搜索/导航,Expanded (abstract-supported),OpenAlex,W7116654831
Robotic-assisted bronchoscopy for histopathologic subtyping of primary lung adenocarcinoma,2025,2025-07-28,10.1016/j.lungcan.2025.108681,,https://doi.org/10.1016/j.lungcan.2025.108681,Lung Cancer,2,A2,Robotic endoscopic search / navigation,机器人内镜搜索/导航,Expanded (abstract-supported),OpenAlex,W4409842269; W4412868899
Robotic-assisted bronchoscopy for the diagnosis of benign pulmonary tumors,2025,2025-01-25,10.1016/j.rmed.2025.107963,,https://doi.org/10.1016/j.rmed.2025.107963,Respiratory Medicine,2,A2,Robotic endoscopic search / navigation,机器人内镜搜索/导航,Core (title-explicit),OpenAlex,W4406824073
Robotic-assisted lung nodule diagnosis and resection,2025,2025-03-21,10.3389/fonc.2025.1555151,,https://doi.org/10.3389/fonc.2025.1555151,Frontiers in Oncology,4,A2,Robotic endoscopic search / navigation,机器人内镜搜索/导航,Expanded (abstract-supported),OpenAlex,W4408682773
Rundherddiagnostik: Fortschritt durch integrierte Tool-in-Lesion-Tomosynthese in der Roboter-Navigationsbronchoskopie,2025,2025-01-16,10.1159/000543411,,https://doi.org/10.1159/000543411,Kompass Pneumologie,3,A2,Robotic endoscopic search / navigation,机器人内镜搜索/导航,Expanded (abstract-supported),OpenAlex,W4406438275
Small Lung Abscess Drainage Through Robotic-Assisted Bronchoscopy and Mobile Cone-Beam CT,2025,2025-06-07,10.1016/j.arbres.2025.06.002,,https://doi.org/10.1016/j.arbres.2025.06.002,Archivos de Bronconeumología,1,A2,Robotic endoscopic search / navigation,机器人内镜搜索/导航,Expanded (abstract-supported),OpenAlex,W4411116609
THE UTILIZATION OF ROBOTIC-ASSISTED BRONCHOSCOPY (RAB) IN RURAL APPALACHIA WITHOUT INTERVENTIONAL PULMONOLOGY (IP) SUPPORT,2025,2025-10-01,10.1016/j.chest.2025.07.3318,,https://doi.org/10.1016/j.chest.2025.07.3318,CHEST Journal,0,A2,Robotic endoscopic search / navigation,机器人内镜搜索/导航,Expanded (abstract-supported),OpenAlex,W4416700774
The Role of Artificial Intelligence in Interventional Pulmonology,2025,2025-12-29,10.1097/lbr.0000000000001051,,https://doi.org/10.1097/lbr.0000000000001051,Journal of Bronchology & Interventional Pulmonology,2,A2,Robotic endoscopic search / navigation,机器人内镜搜索/导航,Expanded (abstract-supported),OpenAlex,W7117571553
"Toward Image-Guided, Robot-Assisted Focal Prostate Resection: Do Enhanced Dexterity and Visualization Improve Performance?",2025,2025-12-20,10.1142/s2424905x26500017,41675958.0,https://doi.org/10.1142/s2424905x26500017,Journal of Medical Robotics Research,0,A2,Robotic endoscopic search / navigation,机器人内镜搜索/导航,Expanded (abstract-supported),OpenAlex; Europe PMC,MED:41675958; W4417520490
Transforming lung cancer diagnosis: the role of robotic-assisted bronchoscopy in early detection and staging,2025,2025-07-01,10.1016/j.lungcan.2025.108646,,https://doi.org/10.1016/j.lungcan.2025.108646,Lung Cancer,10,A2,Robotic endoscopic search / navigation,机器人内镜搜索/导航,Core (title-explicit),OpenAlex,W4411858261
UpToDate®,2025,2025-02-28,10.1097/01.cot.0001108460.06618.ac,,https://doi.org/10.1097/01.cot.0001108460.06618.ac,Oncology Times,0,A2,Robotic endoscopic search / navigation,机器人内镜搜索/导航,Expanded (abstract-supported),OpenAlex,W4408053224
Variable Presentations of Sclerosing Pneumocytoma: Two Cases Highlighting Divergent Fluorodeoxyglucose Metabolism and Carcinoid Tumorlet Association,2025,2025-04-28,10.7759/cureus.83140,40438841.0,https://doi.org/10.7759/cureus.83140,Cureus,0,A2,Robotic endoscopic search / navigation,机器人内镜搜索/导航,Expanded (abstract-supported),OpenAlex; Europe PMC,MED:40438841; W4409882278
Vessel sign analysis paves the way to optimized CBCT application in interventional pulmonology: COMBINED algorithm as a one-stop-shop,2025,2025-03-21,10.7150/jca.109996,,https://doi.org/10.7150/jca.109996,Journal of Cancer,1,A2,Robotic endoscopic search / navigation,机器人内镜搜索/导航,Expanded (abstract-supported),OpenAlex,W4409300868
Virtual vs. reality in cone-beam CT-guided robotic-assisted bronchoscopy,2025,2025-10-01,10.21037/jtd-2025-1399,41229865.0,https://doi.org/10.21037/jtd-2025-1399,Journal of Thoracic Disease,2,A2,Robotic endoscopic search / navigation,机器人内镜搜索/导航,Expanded (abstract-supported),OpenAlex; Europe PMC,W4415731911; MED:41229865
Visual Localization for Robotic Bronchoscopy With Transferred Domain: A Fluoroscopy Validation,2025,2025-01-01,10.1109/tim.2025.3644537,,https://doi.org/10.1109/tim.2025.3644537,IEEE Transactions on Instrumentation and Measurement,0,A2,Robotic endoscopic search / navigation,机器人内镜搜索/导航,Expanded (abstract-supported),OpenAlex,W4417439213
2000 Peripheral Pulmonary Lesions Sampled by Shape-Sensing Robotic-Assisted Bronchoscopy and Mobile Cone-Beam Computed Tomography,2026,2026-03-05,10.1016/j.mayocp.2025.11.015,,https://doi.org/10.1016/j.mayocp.2025.11.015,Mayo Clinic Proceedings,1,A2,Robotic endoscopic search / navigation,机器人内镜搜索/导航,Core (title-explicit),OpenAlex,W7133862831
39 Robotic bronchoscopy: diagnostic and marking tool to improve surgical outcomes in management of small peripheral nodules,2026,2026-02-01,10.1016/j.lungcan.2026.108988,,https://doi.org/10.1016/j.lungcan.2026.108988,Lung Cancer,0,A2,Robotic endoscopic search / navigation,机器人内镜搜索/导航,Core (title-explicit),OpenAlex,W7131799104
85 Sampling Multiple Peripheral Pulmonary Nodules in a Single Procedure Using Shape-Sensing Robotic-Assisted Bronchoscopy,2026,2026-02-01,10.1016/j.lungcan.2026.109034,,https://doi.org/10.1016/j.lungcan.2026.109034,Lung Cancer,0,A2,Robotic endoscopic search / navigation,机器人内镜搜索/导航,Core (title-explicit),OpenAlex,W7131796354
86 Diagnostic Utility of Robotic-Assisted Bronchoscopy in Patients with Bilateral Pulmonary Nodules,2026,2026-02-01,10.1016/j.lungcan.2026.109035,,https://doi.org/10.1016/j.lungcan.2026.109035,Lung Cancer,0,A2,Robotic endoscopic search / navigation,机器人内镜搜索/导航,Core (title-explicit),OpenAlex,W7131786513
979b COLONOSCOPY WITH A ROBOTIC ENDOSCOPE (CARE) STUDY: 50-PATIENT FIRST-IN-HUMAN EXPERIENCE USING A NOVEL ROBOTIC COLONOSCOPY SYSTEM (TRITON),2026,2026-05-01,10.1016/s0016-5085(26)06748-x,,https://doi.org/10.1016/s0016-5085(26)06748-x,Gastroenterology,0,A2,Robotic endoscopic search / navigation,机器人内镜搜索/导航,Core (title-explicit),OpenAlex,W7160173519; W7160137370
A Comparative Study of Radiation Exposure in Conventional and Robotic Bronchoscopy,2026,2026-07-01,10.1016/j.chest.2026.04.062,42392503.0,https://doi.org/10.1016/j.chest.2026.04.062,CHEST Journal,0,A2,Robotic endoscopic search / navigation,机器人内镜搜索/导航,Expanded (abstract-supported),OpenAlex; Europe PMC,W7167018773; MED:42392503
A Dual‑Agent Learning Framework Enables Level 3+ Autonomous Robotic Bronchoscopy,2026,2026-02-05,10.21203/rs.3.rs-8414938/v1,,https://doi.org/10.21203/rs.3.rs-8414938/v1,Research Square,0,A2,Robotic endoscopic search / navigation,机器人内镜搜索/导航,Expanded (abstract-supported),OpenAlex; Europe PMC,W7127975480; PPR:PPR1151505
A Revolution in Robotic Bronchoscopy,2026,2026-04-01,10.1016/j.chest.2025.12.037,41963015.0,https://doi.org/10.1016/j.chest.2025.12.037,CHEST Journal,0,A2,Robotic endoscopic search / navigation,机器人内镜搜索/导航,Expanded (abstract-supported),OpenAlex; Europe PMC,MED:41963015; W7152060379
A Robust Point Cloud Registration Method Using Geometrical Information and Probabilistic Models for Robot-Assisted Bronchoscopy Navigation,2026,2026-01-01,10.1109/tmech.2026.3651322,,https://doi.org/10.1109/tmech.2026.3651322,IEEE/ASME Transactions on Mechatronics,0,A2,Robotic endoscopic search / navigation,机器人内镜搜索/导航,Expanded (abstract-supported),OpenAlex,W7126166735
A Soft Growing Robotic Endoscope for Painless and Strain-Free Insertion,2026,2026-01-16,10.1177/21695172251369693,40833842.0,https://doi.org/10.1177/21695172251369693,Soft Robotics,4,A2,Robotic endoscopic search / navigation,机器人内镜搜索/导航,Expanded (abstract-supported),OpenAlex; Europe PMC,W4413969373; MED:40833842
A UK single centre pilot experience using a novel robotic colonoscopy system,2026,2026-06-01,10.1055/s-0046-1821542,,https://doi.org/10.1055/s-0046-1821542,Endoscopy,0,A2,Robotic endoscopic search / navigation,机器人内镜搜索/导航,Core (title-explicit),OpenAlex,W7163636769
A42-06 Clearing the Smoke: Cavitary Organizing Pneumonia After Burn Pit Exposure,2026,2026-05-01,10.1093/ajrccm/aamag162.2304,,https://doi.org/10.1093/ajrccm/aamag162.2304,American Journal of Respiratory and Critical Care Medicine,0,A2,Robotic endoscopic search / navigation,机器人内镜搜索/导航,Expanded (abstract-supported),OpenAlex,W7161600634
A78-19 Delayed Symptoms Yet an Early Sequalae - Cavitary Lesion From Granulomatosis With Polyangiitis,2026,2026-05-01,10.1093/ajrccm/aamag162.2376,,https://doi.org/10.1093/ajrccm/aamag162.2376,American Journal of Respiratory and Critical Care Medicine,0,A2,Robotic endoscopic search / navigation,机器人内镜搜索/导航,Expanded (abstract-supported),OpenAlex,W7161606459
A80-3-16 A Curious Case of 64Cu-Dotatate Negative Pulmonary Carcinoid,2026,2026-05-01,10.1093/ajrccm/aamag162.3700,,https://doi.org/10.1093/ajrccm/aamag162.3700,American Journal of Respiratory and Critical Care Medicine,0,A2,Robotic endoscopic search / navigation,机器人内镜搜索/导航,Expanded (abstract-supported),OpenAlex,W7161574303
A80-3-26 Chronic Lymphocytic Leukemia in the Lung: A Nodular Presentation of a Systemic Disease,2026,2026-05-01,10.1093/ajrccm/aamag162.3408,,https://doi.org/10.1093/ajrccm/aamag162.3408,American Journal of Respiratory and Critical Care Medicine,0,A2,Robotic endoscopic search / navigation,机器人内镜搜索/导航,Expanded (abstract-supported),OpenAlex,W7161592456
"A80-4-15 A Rare Lung Impostor: Basaloid Carcinoma, Myoepithelial Type",2026,2026-05-01,10.1093/ajrccm/aamag162.3412,,https://doi.org/10.1093/ajrccm/aamag162.3412,American Journal of Respiratory and Critical Care Medicine,0,A2,Robotic endoscopic search / navigation,机器人内镜搜索/导航,Expanded (abstract-supported),OpenAlex,W7161585513
A80-4-25 A Case of Pulmonary Malt Lymphoma: Unveiling Rheumatoid Arthritis-Related Lung Involvement,2026,2026-05-01,10.1093/ajrccm/aamag162.3743,,https://doi.org/10.1093/ajrccm/aamag162.3743,American Journal of Respiratory and Critical Care Medicine,0,A2,Robotic endoscopic search / navigation,机器人内镜搜索/导航,Expanded (abstract-supported),OpenAlex,W7161606134
"A80-4-46 PPP, Can It Be? A Rare Case of Primary Pulmonary Plasmacytoma",2026,2026-05-01,10.1093/ajrccm/aamag162.3759,,https://doi.org/10.1093/ajrccm/aamag162.3759,American Journal of Respiratory and Critical Care Medicine,0,A2,Robotic endoscopic search / navigation,机器人内镜搜索/导航,Expanded (abstract-supported),OpenAlex,W7161553352
A80-4-51 Through the Ground Glass: Hidden Diagnosis of Pulmonary Malt Lymphoma,2026,2026-05-01,10.1093/ajrccm/aamag162.3764,,https://doi.org/10.1093/ajrccm/aamag162.3764,American Journal of Respiratory and Critical Care Medicine,0,A2,Robotic endoscopic search / navigation,机器人内镜搜索/导航,Expanded (abstract-supported),OpenAlex,W7161587595
A80-4-54 Pulmonary Sclerosing Pneumocytoma: A Rare Pulmonary Tumor,2026,2026-05-01,10.1093/ajrccm/aamag162.3767,,https://doi.org/10.1093/ajrccm/aamag162.3767,American Journal of Respiratory and Critical Care Medicine,0,A2,Robotic endoscopic search / navigation,机器人内镜搜索/导航,Expanded (abstract-supported),OpenAlex,W7161536962
Additional file 1 of Real-world comparison of shape-sensing robotic-assisted bronchoscopy and virtual bronchoscopic navigation for peripheral pulmonary lesions: a propensity score-matched study,2026,2026-05-12,10.6084/m9.figshare.32980089.v1,,https://doi.org/10.6084/m9.figshare.32980089.v1,Figshare,0,A2,Robotic endoscopic search / navigation,机器人内镜搜索/导航,Core (title-explicit),OpenAlex,W7168264745; W7168242257
Ambient Sound Pressure Levels in the Bronchoscopy Suite,2026,2026-05-25,10.1097/lbr.0000000000001078,42178925.0,https://doi.org/10.1097/lbr.0000000000001078,Journal of Bronchology & Interventional Pulmonology,0,A2,Robotic endoscopic search / navigation,机器人内镜搜索/导航,Expanded (abstract-supported),OpenAlex; Europe PMC,MED:42178925; W7162324511
An Intelligent Force-Sensing Method for Soft Parallel Robots in Gastrointestinal Endoscopy,2026,2026-01-01,10.1109/tim.2026.3654703,,https://doi.org/10.1109/tim.2026.3654703,IEEE Transactions on Instrumentation and Measurement,0,A2,Robotic endoscopic search / navigation,机器人内镜搜索/导航,Expanded (abstract-supported),OpenAlex,W7124420811
Anaesthesia for robot-assisted bronchoscopy,2026,2026-07-01,10.1016/j.bjae.2026.06.003,,https://doi.org/10.1016/j.bjae.2026.06.003,BJA Education,0,A2,Robotic endoscopic search / navigation,机器人内镜搜索/导航,Expanded (abstract-supported),OpenAlex,W7167926447
Artificial Intelligence in Interventional Pulmonology,2026,2026-07-29,10.1159/000551437,42525596.0,https://doi.org/10.1159/000551437,Respiration,0,A2,Robotic endoscopic search / navigation,机器人内镜搜索/导航,Expanded (abstract-supported),OpenAlex; Europe PMC,MED:42525596; W7171699364
Automatic OCT scanning of moving soft tissue using continuum endoscopic robots,2026,2026-01-01,10.1109/tmrb.2026.3680966,,https://openalex.org/W7134102133,HAL (Le Centre pour la Communication Scientifique Directe),0,A2,Robotic endoscopic search / navigation,机器人内镜搜索/导航,Expanded (abstract-supported),OpenAlex,W7150846496; W7134102133
Autonomous RCM-less endoscope control: integrating force-based pivoting with deep learning visual servoing,2026,2026-05-22,10.1038/s41598-026-54550-9,42174030.0,https://doi.org/10.1038/s41598-026-54550-9,Scientific Reports,0,A2,Robotic endoscopic search / navigation,机器人内镜搜索/导航,Expanded (abstract-supported),OpenAlex; Europe PMC,W7162133134; MED:42174030
Autonomous Robotic Colonoscopy: A Supervised Learning Approach for Enhanced Navigation and Collision Detection,2026,2026-02-10,10.1002/aisy.202500841,,https://doi.org/10.1002/aisy.202500841,Advanced Intelligent Systems,0,A2,Robotic endoscopic search / navigation,机器人内镜搜索/导航,Core (title-explicit),OpenAlex,W7128480925
B43-53 Granulomatous Lymphocytic Interstitial Lung Disease in Sjogren’s Syndrome: Expanding the Spectrum Beyond Cvid,2026,2026-05-01,10.1093/ajrccm/aamag162.2573,,https://doi.org/10.1093/ajrccm/aamag162.2573,American Journal of Respiratory and Critical Care Medicine,0,A2,Robotic endoscopic search / navigation,机器人内镜搜索/导航,Expanded (abstract-supported),OpenAlex,W7161576318
B57-10 When Home Becomes the Hazard: Non-occupational Silicosis From Cat Litter Mimicking Lung Cancer,2026,2026-05-01,10.1093/ajrccm/aamag162.5250,,https://doi.org/10.1093/ajrccm/aamag162.5250,American Journal of Respiratory and Critical Care Medicine,0,A2,Robotic endoscopic search / navigation,机器人内镜搜索/导航,Expanded (abstract-supported),OpenAlex,W7161538460
"B63-05 Kidneys, Eyes and Lungs: A Rare Rheumatologic Diagnosis With Associated Pulmonary Disease",2026,2026-05-01,10.1093/ajrccm/aamag162.816,,https://doi.org/10.1093/ajrccm/aamag162.816,American Journal of Respiratory and Critical Care Medicine,0,A2,Robotic endoscopic search / navigation,机器人内镜搜索/导航,Expanded (abstract-supported),OpenAlex,W7161548221
B71-02 Lower-lobe Pulmonary Tuberculosis Mimicking Malignancy: A Case Report Highlighting Diagnostic Challenges and Treatment,2026,2026-05-01,10.1093/ajrccm/aamag162.6744,,https://doi.org/10.1093/ajrccm/aamag162.6744,American Journal of Respiratory and Critical Care Medicine,0,A2,Robotic endoscopic search / navigation,机器人内镜搜索/导航,Expanded (abstract-supported),OpenAlex,W7161563566
"B72-46 Candida in the Blood, Aspergillus in the Lungs: A Chronologic Case of Dual Invasive Fungal Disease",2026,2026-05-01,10.1093/ajrccm/aamag162.4334,,https://doi.org/10.1093/ajrccm/aamag162.4334,American Journal of Respiratory and Critical Care Medicine,0,A2,Robotic endoscopic search / navigation,机器人内镜搜索/导航,Expanded (abstract-supported),OpenAlex,W7161559282
B80-4-18 Comparison Radiation Exposure Between Two Robotic Bronchoscopy Systems,2026,2026-05-01,10.1093/ajrccm/aamag162.3453,,https://doi.org/10.1093/ajrccm/aamag162.3453,American Journal of Respiratory and Critical Care Medicine,0,A2,Robotic endoscopic search / navigation,机器人内镜搜索/导航,Expanded (abstract-supported),OpenAlex,W7161541296
B80-4-21 Implementation of Robotic Bronchoscopy in a High Volume Tertiary Care Hospital: Process Analysis and Early Outcomes,2026,2026-05-01,10.1093/ajrccm/aamag162.3455,,https://doi.org/10.1093/ajrccm/aamag162.3455,American Journal of Respiratory and Critical Care Medicine,0,A2,Robotic endoscopic search / navigation,机器人内镜搜索/导航,Expanded (abstract-supported),OpenAlex,W7161585771
B80-4-24 Feasibility and Diagnostic Yield of Pulmonologist-Performed Ultrasound-Guided Fine Needle Aspiration of Supraclavicular and Axillary Lymph Nodes,2026,2026-05-01,10.1093/ajrccm/aamag162.3457,,https://doi.org/10.1093/ajrccm/aamag162.3457,American Journal of Respiratory and Critical Care Medicine,0,A2,Robotic endoscopic search / navigation,机器人内镜搜索/导航,Expanded (abstract-supported),OpenAlex,W7161551571
B80-5-25 Diffuse Idiopathic Pulmonary Neuroendocrine Cell Hyperplasia (dipnech) Beyond Its Classic Demographic: Expanding the Clinical Spectrum,2026,2026-05-01,10.1093/ajrccm/aamag162.3839,,https://doi.org/10.1093/ajrccm/aamag162.3839,American Journal of Respiratory and Critical Care Medicine,0,A2,Robotic endoscopic search / navigation,机器人内镜搜索/导航,Expanded (abstract-supported),OpenAlex,W7161600622
B80-5-39 Hidden in Plain Sight: An Unusual Presentation of Mucinous Lung Adenocarcinoma,2026,2026-05-01,10.1093/ajrccm/aamag162.3852,,https://doi.org/10.1093/ajrccm/aamag162.3852,American Journal of Respiratory and Critical Care Medicine,0,A2,Robotic endoscopic search / navigation,机器人内镜搜索/导航,Expanded (abstract-supported),OpenAlex,W7161593059
C23-17 Navigational Performance: Comparing Robotic and Conventional Bronchoscopy in Novice Pulmonary Trainees,2026,2026-05-01,10.1093/ajrccm/aamag162.3481,,https://doi.org/10.1093/ajrccm/aamag162.3481,American Journal of Respiratory and Critical Care Medicine,0,A2,Robotic endoscopic search / navigation,机器人内镜搜索/导航,Expanded (abstract-supported),OpenAlex,W7161555688
"C42-34 Pulmonary Nodulosis in a Rheumatoid Arthritis Patient, a Rare Side Effect of Leflunomide",2026,2026-05-01,10.1093/ajrccm/aamag162.3006,,https://doi.org/10.1093/ajrccm/aamag162.3006,American Journal of Respiratory and Critical Care Medicine,0,A2,Robotic endoscopic search / navigation,机器人内镜搜索/导航,Expanded (abstract-supported),OpenAlex,W7161564167
C77-39 Stage Shift Following Implementation of the Combined Lung Cancer Identification Program (CLIP) in a U.S. Community Hospital,2026,2026-05-01,10.1093/ajrccm/aamag162.3946,,https://doi.org/10.1093/ajrccm/aamag162.3946,American Journal of Respiratory and Critical Care Medicine,0,A2,Robotic endoscopic search / navigation,机器人内镜搜索/导航,Expanded (abstract-supported),OpenAlex,W7161567671
C78-43 Seeing Beyond the Obvious: A Pulmonologist’s Diagnostic Win,2026,2026-05-01,10.1093/ajrccm/aamag162.3972,,https://doi.org/10.1093/ajrccm/aamag162.3972,American Journal of Respiratory and Critical Care Medicine,0,A2,Robotic endoscopic search / navigation,机器人内镜搜索/导航,Expanded (abstract-supported),OpenAlex,W7161547662
C80-13 Primary Mediastinal Osteosarcoma: A Rare and Aggressive Tumor in an Unusual Location,2026,2026-05-01,10.1093/ajrccm/aamag162.3567,,https://doi.org/10.1093/ajrccm/aamag162.3567,American Journal of Respiratory and Critical Care Medicine,0,A2,Robotic endoscopic search / navigation,机器人内镜搜索/导航,Expanded (abstract-supported),OpenAlex,W7161562665
C80-23 Solitary Pulmonary Metastasis From Rectal Adenocarcinoma Managed by Robotic Right Middle Lobectomy Complicated by Chylothorax,2026,2026-05-01,10.1093/ajrccm/aamag162.4013,,https://doi.org/10.1093/ajrccm/aamag162.4013,American Journal of Respiratory and Critical Care Medicine,0,A2,Robotic endoscopic search / navigation,机器人内镜搜索/导航,Expanded (abstract-supported),OpenAlex,W7161562369
C80-41 A Rare Case of Pulmonary Carcinoid Tumor in an Older Patient With Neurofibromatosis Type 1,2026,2026-05-01,10.1093/ajrccm/aamag162.4026,,https://doi.org/10.1093/ajrccm/aamag162.4026,American Journal of Respiratory and Critical Care Medicine,0,A2,Robotic endoscopic search / navigation,机器人内镜搜索/导航,Expanded (abstract-supported),OpenAlex,W7161593314
C80-51 Calretinin-Positive Pleural Solitary Fibrous Tumors Mimicking Mesothelioma: A Diagnostic and Management Dilemma,2026,2026-05-01,10.1093/ajrccm/aamag162.4036,,https://doi.org/10.1093/ajrccm/aamag162.4036,American Journal of Respiratory and Critical Care Medicine,0,A2,Robotic endoscopic search / navigation,机器人内镜搜索/导航,Expanded (abstract-supported),OpenAlex,W7161559508
Comparison of learning curves between electromagnetic navigation bronchoscopy and Ion robotic bronchoscopy for preoperative localization,2026,2026-06-01,10.21037/jtd-2026-0777,42444869.0,https://doi.org/10.21037/jtd-2026-0777,Journal of Thoracic Disease,0,A2,Robotic endoscopic search / navigation,机器人内镜搜索/导航,Expanded (abstract-supported),OpenAlex; Europe PMC,W7166592071; MED:42444869
D24-14 The Claw: Removal of a Distal Foreign Body via Robotic Navigational Bronchoscopy,2026,2026-05-01,10.1093/ajrccm/aamag162.3594,,https://doi.org/10.1093/ajrccm/aamag162.3594,American Journal of Respiratory and Critical Care Medicine,0,A2,Robotic endoscopic search / navigation,机器人内镜搜索/导航,Expanded (abstract-supported),OpenAlex,W7161604509
Diagnostic yield from minimally invasive pediatric brain tumor biopsies in the molecular era,2026,2026-03-20,10.3171/2025.11.peds25373,41871435.0,https://doi.org/10.3171/2025.11.peds25373,Journal of Neurosurgery Pediatrics,0,A2,Robotic endoscopic search / navigation,机器人内镜搜索/导航,Expanded (abstract-supported),OpenAlex; Europe PMC,MED:41871435; W7140208336
Dual‐Modal Safety Framework for Robotic‐Assisted Bronchoscopy via Endoscopic Vision and Haptic Feedback,2026,2026-06-26,10.1002/rcs.70198,42360891.0,https://doi.org/10.1002/rcs.70198,International Journal of Medical Robotics and Computer Assisted Surgery,0,A2,Robotic endoscopic search / navigation,机器人内镜搜索/导航,Expanded (abstract-supported),OpenAlex; Europe PMC,W7166031582; MED:42360891
"ERS Congress 2025: highlights from the Clinical Techniques, Imaging and Endoscopy Assembly.",2026,2026-01-01,10.1183/23120541.01564-2025,41668876.0,https://doi.org/10.1183/23120541.01564-2025,ERJ open research,1,A2,Robotic endoscopic search / navigation,机器人内镜搜索/导航,Expanded (abstract-supported),Europe PMC,MED:41668876
Electrical Impedance Tomography and Neural Networks for Shape Sensing in Soft Continuum Endoscopic Robots,2026,2026-01-01,10.1109/lra.2026.3677715,,https://doi.org/10.1109/lra.2026.3677715,IEEE Robotics and Automation Letters,1,A2,Robotic endoscopic search / navigation,机器人内镜搜索/导航,Expanded (abstract-supported),OpenAlex,W7140294724
EndoDDC: Learning Sparse to Dense Reconstruction for Endoscopic Robotic Navigation via Diffusion Depth Completion,2026,2026-02-25,10.48550/arxiv.2602.21893,,https://openalex.org/W7131910331,arXiv (Cornell University),0,A2,Robotic endoscopic search / navigation,机器人内镜搜索/导航,Expanded (abstract-supported),OpenAlex,W7131910331; W7131617021
EndoWAM: A Grounded World-Action Model for Generalizable Endoscopic Navigation,2026,2026-08-02,10.48550/arxiv.2608.01221,,https://doi.org/10.48550/arxiv.2608.01221,arXiv (Cornell University),0,A2,Robotic endoscopic search / navigation,机器人内镜搜索/导航,Expanded (abstract-supported),OpenAlex,W7172448539
"Endobronchial Intratumoral Immuno- and Gene Therapies in Lung Cancer: Mechanisms of Local Delivery, Systemic Immune Effects, and Global Feasibility",2026,2026-08-04,10.3390/ijms27156988,,https://doi.org/10.3390/ijms27156988,International Journal of Molecular Sciences,0,A2,Robotic endoscopic search / navigation,机器人内镜搜索/导航,Expanded (abstract-supported),OpenAlex,W7172411023
Endoluminal Visualization of Distal Airway Abnormalities within a Ground-Glass Opacity During Robotic-Assisted Bronchoscopy,2026,2026-06-18,10.1093/ajrccm/aamag301,,https://doi.org/10.1093/ajrccm/aamag301,American Journal of Respiratory and Critical Care Medicine,0,A2,Robotic endoscopic search / navigation,机器人内镜搜索/导航,Core (title-explicit),OpenAlex,W7165668454
Exploratory evaluation of magnetic capsule endoscopy with detachable-string for detecting esophageal lesions including early squamous cell carcinoma,2026,2026-03-11,10.1055/a-2823-7782,42016520.0,https://doi.org/10.1055/a-2823-7782,Endoscopy International Open,1,A2,Robotic endoscopic search / navigation,机器人内镜搜索/导航,Core (title-explicit),OpenAlex; Europe PMC,W7135015444; MED:42016520
Foreign Body Retrieval Using Robotic Bronchoscopy,2026,2026-07-21,10.1093/annalsats/aaoag207,42482157.0,https://doi.org/10.1093/annalsats/aaoag207,Annals of the American Thoracic Society,0,A2,Robotic endoscopic search / navigation,机器人内镜搜索/导航,Expanded (abstract-supported),OpenAlex; Europe PMC,W7170045371; MED:42482157
Image-guided shape-sensing robotic-assisted bronchoscopy for subaortic and paraaortic mediastinal lesion sampling,2026,2026-01-22,10.1016/j.rmed.2026.108669,,https://doi.org/10.1016/j.rmed.2026.108669,Respiratory Medicine,0,A2,Robotic endoscopic search / navigation,机器人内镜搜索/导航,Core (title-explicit),OpenAlex,W7125394188
Inchiscope: A Modular Triple-Balloon Soft Robotic Endoscope for Navigating the Small Bowel,2026,2026-01-01,10.1109/tmech.2026.3694299,,https://doi.org/10.1109/tmech.2026.3694299,IEEE/ASME Transactions on Mechatronics,0,A2,Robotic endoscopic search / navigation,机器人内镜搜索/导航,Expanded (abstract-supported),OpenAlex,W7163891674
Inflammatory Myofibroblastic Tumor of the Lung: A Rare Find in an Elderly Female,2026,2026-03-01,10.1177/23247096261435539,41914218.0,https://doi.org/10.1177/23247096261435539,Journal of Investigative Medicine High Impact Case Reports,0,A2,Robotic endoscopic search / navigation,机器人内镜搜索/导航,Expanded (abstract-supported),OpenAlex; Europe PMC,W7143946563; MED:41914218
Intraoperative Nodule Localization in Non-Small-Cell Lung Cancer: Existing and Emerging Techniques,2026,2026-06-12,10.3390/cancers18121915,,https://doi.org/10.3390/cancers18121915,Cancers,1,A2,Robotic endoscopic search / navigation,机器人内镜搜索/导航,Expanded (abstract-supported),OpenAlex,W7164542360
Invasive diagnostic procedures for early-stage lung cancer: The clinical significance of novel navigational techniques in interventional bronchoscopy,2026,2026-01-01,10.2298/sarh251212006p,,https://doi.org/10.2298/sarh251212006p,Srpski arhiv za celokupno lekarstvo,0,A2,Robotic endoscopic search / navigation,机器人内镜搜索/导航,Expanded (abstract-supported),OpenAlex,W7125000285
Learning Shape-Sensing Robotic-Assisted Bronchoscopy after Mastering Advanced Image-Guided Navigation Bronchoscopy,2026,2026-01-08,10.1159/000550190,,https://doi.org/10.1159/000550190,Respiration,2,A2,Robotic endoscopic search / navigation,机器人内镜搜索/导航,Expanded (abstract-supported),OpenAlex,W7119837761
Letter to editor on “Navigating the lymphatic labyrinth: insights into lateral cervical metastasis patterns in papillary thyroid carcinoma: a multicenter study”,2026,2026-01-21,10.1097/js9.0000000000004896,,https://doi.org/10.1097/js9.0000000000004896,International Journal of Surgery,0,A2,Robotic endoscopic search / navigation,机器人内镜搜索/导航,Expanded (abstract-supported),OpenAlex,W7125133372
Lung Biopsy Techniques and Clinical Significance,2026,2022-06-28,,33085300.0,https://europepmc.org/article/MED/33085300,,0,A2,Robotic endoscopic search / navigation,机器人内镜搜索/导航,Expanded (abstract-supported),Europe PMC,MED:33085300
More work for the same pay: trends in urethroplasty reimbursement from the medicare physician fee schedule (2013–2023),2026,2026-03-03,10.1007/s11255-026-05072-w,,https://doi.org/10.1007/s11255-026-05072-w,International Urology and Nephrology,0,A2,Robotic endoscopic search / navigation,机器人内镜搜索/导航,Expanded (abstract-supported),OpenAlex,W7133329601
Nasal Robotic-Assisted Bronchoscopy for Lung Abscess Drainage via Endobronchial Pigtail Catheter Under Monitored Anesthesia Care,2026,2026-07-10,10.1093/annalsats/aaoag158,,https://doi.org/10.1093/annalsats/aaoag158,Annals of the American Thoracic Society,0,A2,Robotic endoscopic search / navigation,机器人内镜搜索/导航,Expanded (abstract-supported),OpenAlex,W7168027239
Navigating the Evidence for Robotic Bronchoscopy: A Revolution in Lung Cancer Diagnosis With Lingering Questions,2026,2026-04-01,10.1016/j.mayocp.2026.02.007,41920110.0,https://doi.org/10.1016/j.mayocp.2026.02.007,Mayo Clinic Proceedings,0,A2,Robotic endoscopic search / navigation,机器人内镜搜索/导航,Core (title-explicit),OpenAlex; Europe PMC,MED:41920110; W7147053037
OpenRC: An Open-Source Robotic Colonoscopy Framework for Multimodal Data Acquisition and Autonomy Research,2026,2026-04-04,10.48550/arxiv.2604.03781,,https://doi.org/10.48550/arxiv.2604.03781,arXiv (Cornell University),0,A2,Robotic endoscopic search / navigation,机器人内镜搜索/导航,Core (title-explicit),OpenAlex,W7152331245; W7151556028
Positron emission tomography evidence of tracheal tube‐induced posterior laryngeal pressure injury,2026,2026-01-01,10.1002/anr3.70064,42130705.0,https://doi.org/10.1002/anr3.70064,Anaesthesia Reports,0,A2,Robotic endoscopic search / navigation,机器人内镜搜索/导航,Expanded (abstract-supported),OpenAlex; Europe PMC,W7160923108; MED:42130705
Primary mediastinal osteosarcoma: a rare and aggressive tumor in an unusual location,2026,2026-07-10,10.12890/2026_006026,42466230.0,https://doi.org/10.12890/2026_006026,European Journal of Case Reports in Internal Medicine,0,A2,Robotic endoscopic search / navigation,机器人内镜搜索/导航,Expanded (abstract-supported),OpenAlex; Europe PMC,W7168263529; MED:42466230
Real-world comparison of shape-sensing robotic-assisted bronchoscopy and virtual bronchoscopic navigation for peripheral pulmonary lesions: a propensity score-matched study,2026,2026-05-12,10.1186/s12931-026-03713-3,,https://doi.org/10.1186/s12931-026-03713-3,Respiratory Research,0,A2,Robotic endoscopic search / navigation,机器人内镜搜索/导航,Core (title-explicit),OpenAlex,W7160932432
Reinforcement Learning for Follow-the-Leader Robotic Endoscopic Navigation via Synthetic Data,2026,2026-01-06,10.48550/arxiv.2601.02798,,https://doi.org/10.48550/arxiv.2601.02798,arXiv (Cornell University),0,A2,Robotic endoscopic search / navigation,机器人内镜搜索/导航,Expanded (abstract-supported),OpenAlex,W7119235559; W7119076230
Robotic Bronchoscopy and Lung Cancer Stage Shift,2026,2026-06-01,10.1016/j.chest.2025.11.032,42264571.0,https://doi.org/10.1016/j.chest.2025.11.032,CHEST Journal,0,A2,Robotic endoscopic search / navigation,机器人内镜搜索/导航,Expanded (abstract-supported),OpenAlex; Europe PMC,MED:42264571; W7163996171
Robotic Bronchoscopy for Multiple Pulmonary Nodules: Mitigating the Oversimplification Bias,2026,2026-08-03,10.1093/annalsats/aaoag214,42544772.0,https://doi.org/10.1093/annalsats/aaoag214,Annals of the American Thoracic Society,0,A2,Robotic endoscopic search / navigation,机器人内镜搜索/导航,Core (title-explicit),OpenAlex; Europe PMC,W7172324033; MED:42544772
Robotic Capsule Endoscopy: Simultaneous Gastric and Enteric Evaluation in Real-World Practice,2026,2026-06-01,10.1055/s-0046-1821199,41594308.0,https://doi.org/10.1055/s-0046-1821199,Endoscopy,0,A2,Robotic endoscopic search / navigation,机器人内镜搜索/导航,Core (title-explicit),OpenAlex; Europe PMC,MED:41594308; W7163703972; W7124983643
Robotic wireless video capsule endoscopy for gastrointestinal tract,2026,2026-01-01,,,https://openalex.org/W7162724391,DR-NTU (Nanyang Technological University),0,A2,Robotic endoscopic search / navigation,机器人内镜搜索/导航,Core (title-explicit),OpenAlex,W7162724391
Robotic-Assisted Bronchoscopy and Pulmonary Nodules Due to Atypical Infections in Coccidioidomycosis Endemic Area,2026,2026-05-01,10.1016/j.chpulm.2026.100263,,https://doi.org/10.1016/j.chpulm.2026.100263,CHEST Pulmonary,0,A2,Robotic endoscopic search / navigation,机器人内镜搜索/导航,Core (title-explicit),OpenAlex,W7160309428
Robotic-Assisted Navigational Bronchoscopy Complicated by Systemic Air Embolism,2026,2026-07-01,10.1016/j.jaccas.2026.109513,,https://doi.org/10.1016/j.jaccas.2026.109513,JACC Case Reports,0,A2,Robotic endoscopic search / navigation,机器人内镜搜索/导航,Expanded (abstract-supported),OpenAlex,W7171301538
SSTL: Self-Sensing Tendon Loop for Hysteresis Modeling and Compensation in Tendon-Sheath Mechanisms,2026,2026-05-16,10.48550/arxiv.2605.16870,,https://doi.org/10.48550/arxiv.2605.16870,arXiv (Cornell University),0,A2,Robotic endoscopic search / navigation,机器人内镜搜索/导航,Expanded (abstract-supported),OpenAlex,W7161915625; W7161711041
Shape-Sensing Robotic Bronchoscopy with Integrated Mobile Cone-Beam CT Guidance for Intraoperative Localization of Lung Tumors Using Indocyanine Green,2026,2026-06-18,10.3390/diagnostics16121893,42351552.0,https://doi.org/10.3390/diagnostics16121893,Diagnostics,0,A2,Robotic endoscopic search / navigation,机器人内镜搜索/导航,Expanded (abstract-supported),OpenAlex; Europe PMC,MED:42351552; PMC:PMC13297941; W7165145648
Shape-Sensing Robotic-Assisted Bronchoscopy vs. Electromagnetic Robotic-Assisted Bronchoscopy—A Comparative Cohort Study,2026,2026-02-05,10.3390/jcm15031284,,https://doi.org/10.3390/jcm15031284,Journal of Clinical Medicine,1,A2,Robotic endoscopic search / navigation,机器人内镜搜索/导航,Expanded (abstract-supported),OpenAlex,W7127979314
"Small nodules, big implications: rethinking diagnostic value in robotic-assisted bronchoscopy",2026,2026-02-05,10.1136/thorax-2025-224665,,https://doi.org/10.1136/thorax-2025-224665,Thorax,0,A2,Robotic endoscopic search / navigation,机器人内镜搜索/导航,Core (title-explicit),OpenAlex,W7128008869
Solitary but Sinister: A Pulmonary Nodule Detected Through Lung Cancer Screening Unveils Small Cell Lung Cancer,2026,2026-04-12,10.7759/cureus.106891,,https://doi.org/10.7759/cureus.106891,Cureus,0,A2,Robotic endoscopic search / navigation,机器人内镜搜索/导航,Expanded (abstract-supported),OpenAlex,W7153848523
Standardized anesthetic and ventilation protocol to prevent atelectasis during robotic-assisted bronchoscopy: retrospective observational study,2026,2026-03-06,10.1186/s12871-026-03737-8,,https://doi.org/10.1186/s12871-026-03737-8,BMC Anesthesiology,0,A2,Robotic endoscopic search / navigation,机器人内镜搜索/导航,Expanded (abstract-supported),OpenAlex,W7134044687
The Effectiveness and Safety of Robotic-Assisted Bronchoscopy Across Diverse Patient Heights,2026,2026-05-25,10.1097/lbr.0000000000001075,42178921.0,https://doi.org/10.1097/lbr.0000000000001075,Journal of Bronchology & Interventional Pulmonology,0,A2,Robotic endoscopic search / navigation,机器人内镜搜索/导航,Expanded (abstract-supported),OpenAlex; Europe PMC,W7162329785; MED:42178921
The Implications of 9th Lung Cancer <scp>TNM</scp> Classification on Interventional Pulmonology,2026,2026-03-24,10.1002/resp.70243,,https://doi.org/10.1002/resp.70243,Respirology,0,A2,Robotic endoscopic search / navigation,机器人内镜搜索/导航,Expanded (abstract-supported),OpenAlex,W7140177358
The match 2 study: Robotic assisted bronchoscopy with integrated imaging with assessment of digital tomosynthesis (DT) and augmented fluoroscopy (AF): Three-Dimensional accuracy as confirmed by cone beam computed tomography (CBCT),2026,2026-01-29,10.1016/j.rmed.2026.108693,,https://doi.org/10.1016/j.rmed.2026.108693,Respiratory Medicine,2,A2,Robotic endoscopic search / navigation,机器人内镜搜索/导航,Core (title-explicit),OpenAlex,W4417283314; W7126085720
Toward Automatic GI Tract Intervention With a Novel Shape-Aware Robotic Endoscope,2026,2026-01-01,10.1109/tie.2026.3684235,,https://doi.org/10.1109/tie.2026.3684235,IEEE Transactions on Industrial Electronics,0,A2,Robotic endoscopic search / navigation,机器人内镜搜索/导航,Expanded (abstract-supported),OpenAlex,W7161584300
Tumour Localisation With <scp>ICG</scp> ‐Soaked Embolisation Coils Without Robotic Bronchoscopy: First German Experience,2026,2026-01-30,10.1002/rcr2.70491,41908514.0,https://doi.org/10.1002/rcr2.70491,Respirology Case Reports,0,A2,Robotic endoscopic search / navigation,机器人内镜搜索/导航,Expanded (abstract-supported),OpenAlex; Europe PMC,MED:41908514; W7126445771
Virtually Supervised Depth-Aware Registration for Monocular Endoscopic Navigation,2026,2026-01-01,10.1109/tase.2026.3697239,,https://doi.org/10.1109/tase.2026.3697239,IEEE Transactions on Automation Science and Engineering,0,A2,Robotic endoscopic search / navigation,机器人内镜搜索/导航,Expanded (abstract-supported),OpenAlex,W7162432069
When Positron Emission Tomography (PET) Is Misleading: Ion™ Robotic Bronchoscopy Identifies Organizing Pneumonia and Unmasks a Rare Pulmonary Granular Cell Tumor,2026,2026-02-06,10.7759/cureus.103084,41664670.0,https://doi.org/10.7759/cureus.103084,Cureus,1,A2,Robotic endoscopic search / navigation,机器人内镜搜索/导航,Expanded (abstract-supported),OpenAlex; Europe PMC,MED:41664670; W7128163885
White bread as the final preexamination meal improves gastric cleanliness and visualization during magnetic capsule endoscopy,2026,2026-03-20,10.1097/md.0000000000048077,41861223.0,https://doi.org/10.1097/md.0000000000048077,Medicine,0,A2,Robotic endoscopic search / navigation,机器人内镜搜索/导航,Core (title-explicit),OpenAlex; Europe PMC,W7139938650; MED:41861223
Evaluation of a Completely Robotized Neurosurgical Operating Microscope,2012,2012-12-20,10.1227/neu.0b013e31827235f8,,https://doi.org/10.1227/neu.0b013e31827235f8,Neurosurgery,41,A3,Robotic OCT / ophthalmic imaging,机器人 OCT/眼科成像,Expanded (abstract-supported),OpenAlex,W2062744308
Steerable OCT catheter for real-time assistance during teleoperated endoscopic treatment of colorectal cancer,2019,2019-12-27,10.1364/boe.381357,,https://doi.org/10.1364/boe.381357,Biomedical Optics Express,27,A3,Robotic OCT / ophthalmic imaging,机器人 OCT/眼科成像,Expanded (abstract-supported),OpenAlex,W2997798741
Toward Autonomous Robotic Micro-Suturing using Optical Coherence Tomography Calibration and Path Planning,2020,2020-02-03,10.48550/arxiv.2002.00530,,https://doi.org/10.48550/arxiv.2002.00530,arXiv (Cornell University),3,A3,Robotic OCT / ophthalmic imaging,机器人 OCT/眼科成像,Expanded (abstract-supported),OpenAlex,W3003598883
Autofocusing and Autoaligning Robotic Optical Coherence Tomography,2021,2021-06-21,,,https://openalex.org/W3180649980,Investigative Ophthalmology & Visual Science,2,A3,Robotic OCT / ophthalmic imaging,机器人 OCT/眼科成像,Core (title-explicit),OpenAlex,W3180649980
Contactless optical coherence tomography of the eyes of freestanding individuals with a robotic scanner,2021,2021-07-12,10.1038/s41551-021-00753-6,34253888.0,https://doi.org/10.1038/s41551-021-00753-6,Nature Biomedical Engineering,55,A3,Robotic OCT / ophthalmic imaging,机器人 OCT/眼科成像,Expanded (abstract-supported),OpenAlex; Europe PMC,MED:34253888; W3177824328
Whole Brain Micro-Vascular Imaging Using Robot Assisted Optical Coherence Tomography Angiography,2022,2022-12-16,10.1109/jstqe.2022.3229659,,https://doi.org/10.1109/jstqe.2022.3229659,IEEE Journal of Selected Topics in Quantum Electronics,23,A3,Robotic OCT / ophthalmic imaging,机器人 OCT/眼科成像,Core (title-explicit),OpenAlex,W4312294187
Robotic Optical Coherence Tomography of Human Subjects with Posture-Invariant Head and Eye Alignment in Six Degrees of Freedom.,2023,2023-04-01,10.1109/ismr57123.2023.10130250,39092148.0,https://doi.org/10.1109/ismr57123.2023.10130250,... International Symposium on Medical Robotics. International Symposium on Medical Robotics,5,A3,Robotic OCT / ophthalmic imaging,机器人 OCT/眼科成像,Core (title-explicit),Europe PMC,MED:39092148
Active Motion Cancellation for Robotic Optical Coherence Tomography of Moving Eyes: A Nystagmus Phantom Study.,2024,2024-06-01,10.1109/ismr63436.2024.10585590,40308375.0,https://doi.org/10.1109/ismr63436.2024.10585590,... International Symposium on Medical Robotics. International Symposium on Medical Robotics,1,A3,Robotic OCT / ophthalmic imaging,机器人 OCT/眼科成像,Core (title-explicit),Europe PMC,MED:40308375
Donor kidney assessment by robotic optical coherence tomography,2024,2024-10-01,10.1038/s44222-024-00254-6,,https://doi.org/10.1038/s44222-024-00254-6,Nature Reviews Bioengineering,0,A3,Robotic OCT / ophthalmic imaging,机器人 OCT/眼科成像,Core (title-explicit),OpenAlex,W4403032682
First-in-human spinal cord tumor imaging with fast adaptive focus tracking robotic-OCT,2024,2024-10-29,10.48550/arxiv.2410.21809,,https://doi.org/10.48550/arxiv.2410.21809,arXiv (Cornell University),0,A3,Robotic OCT / ophthalmic imaging,机器人 OCT/眼科成像,Core (title-explicit),OpenAlex,W4404342108
Freeform robotic optical coherence tomography beyond the optical field-of-view limit,2024,2024-05-23,10.1101/2024.05.21.595073,,https://doi.org/10.1101/2024.05.21.595073,bioRxiv (Cold Spring Harbor Laboratory),5,A3,Robotic OCT / ophthalmic imaging,机器人 OCT/眼科成像,Core (title-explicit),OpenAlex; Europe PMC,PPR:PPR856751; W4398258337
Large area kidney imaging for pre-transplant evaluation using real-time robotic optical coherence tomography,2024,2024-09-02,10.1038/s44172-024-00264-7,39223332.0,https://doi.org/10.1038/s44172-024-00264-7,Communications Engineering,19,A3,Robotic OCT / ophthalmic imaging,机器人 OCT/眼科成像,Core (title-explicit),OpenAlex; Europe PMC,W4387669273; PPR:PPR742738; W4402148399; MED:39223332
Large area robotically assisted optical coherence tomography (LARA-OCT),2024,2024-05-17,10.1364/boe.525524,,https://doi.org/10.1364/boe.525524,Biomedical Optics Express,23,A3,Robotic OCT / ophthalmic imaging,机器人 OCT/眼科成像,Core (title-explicit),OpenAlex,W4397002329
Intraoperative Fast Adaptive Focus Tracking Robotic OCT Enables Real‐Time Tumor Grading and Large‐Area Microvascular Imaging in Human Spinal Cord Surgery,2025,2025-04-25,10.1002/advs.202503566,40278646.0,https://doi.org/10.1002/advs.202503566,Advanced Science,4,A3,Robotic OCT / ophthalmic imaging,机器人 OCT/眼科成像,Core (title-explicit),OpenAlex; Europe PMC,MED:40278646; W4409801766; W4413062668
Mobile Robotic Optical Coherence Tomography System for Ophthalmic Imaging in Clinical Environments.,2025,2025-05-01,10.1109/ismr67322.2025.11025963,40747362.0,https://doi.org/10.1109/ismr67322.2025.11025963,... International Symposium on Medical Robotics. International Symposium on Medical Robotics,0,A3,Robotic OCT / ophthalmic imaging,机器人 OCT/眼科成像,Core (title-explicit),Europe PMC,MED:40747362
Robotic Optical Coherence Tomography With Expanded Three-Dimensional Field-of-View Using Point-Cloud-Based Volumetric Montaging,2025,2025-06-17,10.1109/tmi.2025.3580383,40526559.0,https://doi.org/10.1109/tmi.2025.3580383,IEEE Transactions on Medical Imaging,4,A3,Robotic OCT / ophthalmic imaging,机器人 OCT/眼科成像,Core (title-explicit),OpenAlex; Europe PMC,MED:40526559; W4411359083
System Calibration and Probe Pose Optimization for Robotic‑Arm‑Assisted Optical Coherence Tomography,2025,2025-09-01,10.16337/j.1004⁃9037.2025.05.021,,https://doi.org/10.16337/j.1004⁃9037.2025.05.021,DOAJ (DOAJ: Directory of Open Access Journals),0,A3,Robotic OCT / ophthalmic imaging,机器人 OCT/眼科成像,Expanded (abstract-supported),OpenAlex,W7107986596
6D Robotic OCT Scanning of Curved Tissue Surfaces,2026,2026-03-23,10.48550/arxiv.2603.22012,,https://openalex.org/W7140345776,arXiv (Cornell University),0,A3,Robotic OCT / ophthalmic imaging,机器人 OCT/眼科成像,Core (title-explicit),OpenAlex,W7140168582; W7140345776
Autonomous OCT-Guided Robotic System for Vertical Needle Insertion and Big-Bubble Dissection in Corneal Transplantation,2026,2026-01-01,10.1109/tbme.2026.3681869,41945802.0,https://doi.org/10.1109/tbme.2026.3681869,IEEE Transactions on Biomedical Engineering,0,A3,Robotic OCT / ophthalmic imaging,机器人 OCT/眼科成像,Expanded (abstract-supported),OpenAlex; Europe PMC,MED:41945802; W7151285541
"Prospective multicenter comparative study of dermoscopic images of a standard dermatoscope and an Autonomous TBP/Dermoscopic Imaging device (DeviskanR) (""Deviskan QS""-Quality Study)",2024,2024-01-01,10.1016/j.ejcskn.2024.100102,,https://doi.org/10.1016/j.ejcskn.2024.100102,EJC Skin Cancer,0,A4,Robotic dermoscopy / skin scanning,机器人皮肤镜/全身皮肤扫描,Core (title-explicit),OpenAlex,W4399146016
Automated Heart and Lung Auscultation in Robotic Physical Examinations,2022,2022-02-08,10.1109/lra.2022.3149576,,https://doi.org/10.1109/lra.2022.3149576,IEEE Robotics and Automation Letters,17,A5,Robotic auscultation,机器人听诊,Core (title-explicit),OpenAlex,W4210919284; W4285661753
Development of a Collaborative Robotic Platform for Autonomous Auscultation,2023,2023-01-27,10.3390/app13031604,,https://doi.org/10.3390/app13031604,Applied Sciences,14,A5,Robotic auscultation,机器人听诊,Core (title-explicit),OpenAlex,W4318473649
Suppression of Clothing-Induced Acoustic Attenuation in Robotic Auscultation,2023,2023-02-17,10.3390/s23042260,36850859.0,https://doi.org/10.3390/s23042260,Sensors,3,A5,Robotic auscultation,机器人听诊,Core (title-explicit),OpenAlex; Europe PMC,MED:36850859; W4321232439
Design and Development of Hugging Mechanism for Capturing Chest and Back Auscultatory Sounds,2025,2025-02-06,10.3390/app15031669,,https://doi.org/10.3390/app15031669,Applied Sciences,1,A5,Robotic auscultation,机器人听诊,Expanded (abstract-supported),OpenAlex,W4407196102
Method of synthesizing and enhancing multiple auscultatory sounds for safe and efficient robotic auscultation.,2025,2025-07-01,10.1109/embc58623.2025.11254011,41336433.0,https://doi.org/10.1109/embc58623.2025.11254011,Annual International Conference of the IEEE Engineering in Medicine and Biology Society. IEEE Engineering in Medicine and Biology Society. Annual International Conference,0,A5,Robotic auscultation,机器人听诊,Core (title-explicit),Europe PMC,MED:41336433
Near Infrared Fluorescence Imaging with ICG in TECAB Surgery Using the da Vinci Si Surgical System in a Canine Model,2012,2012-02-28,10.1111/j.1540-8191.2011.01411.x,,https://doi.org/10.1111/j.1540-8191.2011.01411.x,Journal of Cardiac Surgery,12,A7,Robotic optical / spectral / thermal scanning,机器人光谱/热成像/表面扫描,Expanded (abstract-supported),OpenAlex,W2035944761; W22372818
Detection of Sentinel Nodes for Endometrial Cancer With Robotic Assisted Fluorescence Imaging: Cervical Versus Hysteroscopic Injection,2013,2013-09-14,10.1097/igc.0b013e3182a616f6,24177256.0,https://doi.org/10.1097/igc.0b013e3182a616f6,International Journal of Gynecological Cancer,121,A7,Robotic optical / spectral / thermal scanning,机器人光谱/热成像/表面扫描,Core (title-explicit),OpenAlex; Europe PMC,W2090471589; MED:24177256
The sensitivity of sentinel lymph nodes identified with robotic fluorescence imaging for detecting metastatic endometrial cancer: Interim results from the FIRES trial,2014,2014-06-01,10.1016/j.ygyno.2014.03.075,,https://doi.org/10.1016/j.ygyno.2014.03.075,Gynecologic Oncology,2,A7,Robotic optical / spectral / thermal scanning,机器人光谱/热成像/表面扫描,Core (title-explicit),OpenAlex,W2026343158
False positive identification of sentinel lymph nodes with robotic fluorescence imaging and ICG in endometrial and cervical cancers,2015,2015-04-01,10.1016/j.ygyno.2015.01.501,,https://doi.org/10.1016/j.ygyno.2015.01.501,Gynecologic Oncology,0,A7,Robotic optical / spectral / thermal scanning,机器人光谱/热成像/表面扫描,Core (title-explicit),OpenAlex,W3193635336
Bilateral SLN mapping for cervical cancer with ICG and robotic fluorescence imaging is associated with greater accuracy in detecting metastatic disease,2016,2016-06-01,10.1016/j.ygyno.2016.04.080,,https://doi.org/10.1016/j.ygyno.2016.04.080,Gynecologic Oncology,1,A7,Robotic optical / spectral / thermal scanning,机器人光谱/热成像/表面扫描,Core (title-explicit),OpenAlex,W2470075567
Sentinel Lymph Node Biopsy in Endometrial Cancer: a New Standard of Care?,2017,2017-09-18,10.1007/s11864-017-0503-z,28921419.0,https://doi.org/10.1007/s11864-017-0503-z,Current Treatment Options in Oncology,29,A7,Robotic optical / spectral / thermal scanning,机器人光谱/热成像/表面扫描,Expanded (abstract-supported),OpenAlex; Europe PMC,W2754601558; MED:28921419
Qualitative and Quantitative Study of Infrared Thermal Imaging of Acute Upper Respiratory Tract (Preprint),2020,2020-07-06,10.2196/preprints.22182,,https://doi.org/10.2196/preprints.22182,,0,A7,Robotic optical / spectral / thermal scanning,机器人光谱/热成像/表面扫描,Expanded (abstract-supported),OpenAlex,W4235113545
Three-Arm Robotic Lung Resection via the Open-Thoracotomy-View Approach Using Vertical Port Placement and Confronting Monitor Setting: Focusing on Segmentectomy,2022,2022-10-27,10.3390/jpm12111771,36579482.0,https://doi.org/10.3390/jpm12111771,Journal of Personalized Medicine,3,A7,Robotic optical / spectral / thermal scanning,机器人光谱/热成像/表面扫描,Expanded (abstract-supported),OpenAlex; Europe PMC,W4307705288; MED:36579482
Lung tissue-sparing resection of pulmonary sequestration by robot-assisted surgery combined by intraoperative fluorescence imaging: a case series,2023,2023-08-01,10.1055/s-0043-1771129,,https://doi.org/10.1055/s-0043-1771129,Zentralblatt für Chirurgie - Zeitschrift für Allgemeine Viszeral- Thorax- und Gefäßchirurgie,0,A7,Robotic optical / spectral / thermal scanning,机器人光谱/热成像/表面扫描,Core (title-explicit),OpenAlex,W4388208282
Interim Phase II Results Using Panitumumab-IRDye800CW during Transoral Robotic Surgery in Patients with Oropharyngeal Cancer,2024,2024-07-16,10.1158/1078-0432.ccr-24-0940,,https://doi.org/10.1158/1078-0432.ccr-24-0940,Clinical Cancer Research,20,A7,Robotic optical / spectral / thermal scanning,机器人光谱/热成像/表面扫描,Expanded (abstract-supported),OpenAlex,W4400676640
