task_code,task,paper_key,title,year,doi,sources,record_urls,public_available,public_urls,screening
A1,机器人超声,doi:10.26226/morressier.5c8f909fb5d368000a26b99d,1757 - Towards Robotic Knee Arthroscopy: Creating A 3D Ultrasound Based Knee Atlas To Introduce 4D Ultrasonography As Robotic Vision Modality For Guidance,2019,10.26226/morressier.5c8f909fb5d368000a26b99d,Crossref,https://doi.org/10.26226/morressier.5c8f909fb5d368000a26b99d,no_location_identified,,precision automated title candidate; manual verification pending
A1,机器人超声,doi:10.1109/biorob.2012.6290782,3D femur reconstruction using a robotized ultrasound probe,2012,10.1109/biorob.2012.6290782,Crossref; OpenAlex,https://doi.org/10.1109/biorob.2012.6290782; https://openalex.org/W2039860748,no_location_identified,,precision automated title candidate; manual verification pending
A1,机器人超声,doi:10.1109/embc53108.2024.10781744,3D Image Reconstruction Using Force-Controlled Robot-Assisted Ultrasound Scanning.,2024,10.1109/embc53108.2024.10781744,Europe PMC,https://europepmc.org/article/MED/40039920,no_location_identified,,precision automated title candidate; manual verification pending
A1,机器人超声,doi:10.1016/j.promfg.2019.02.002,3D-printing based Transducer Holder for Robotic Assisted Ultrasound Guided HIFU,2019,10.1016/j.promfg.2019.02.002,Crossref,https://doi.org/10.1016/j.promfg.2019.02.002,no_location_identified,,precision automated title candidate; manual verification pending
A1,机器人超声,doi:10.1109/embc58623.2025.11252663,3D Reconstruction of the Kidney and Lesions from 2D Ultrasound Images Using Robotic Ultrasound Diagnostic System.,2025,10.1109/embc58623.2025.11252663,Crossref; Europe PMC,https://doi.org/10.1109/embc58623.2025.11252663; https://europepmc.org/article/MED/41336912,no_location_identified,,precision automated title candidate; manual verification pending
A1,机器人超声,doi:10.1109/irc.2019.00049,3D Ultrasound Imaging of Scoliosis with Force-Sensitive Robotic Scanning,2019,10.1109/irc.2019.00049,Crossref; OpenAlex,https://doi.org/10.1109/irc.2019.00049; https://openalex.org/W2932459557,no_location_identified,,precision automated title candidate; manual verification pending
A1,机器人超声,doi:10.1201/9781420060478-25,3G/WLAN Cross-Layer Design for Ultrasound Video Transmission in a Robotic Tele-Ultrasonography System,2008,10.1201/9781420060478-25,Crossref,https://doi.org/10.1201/9781420060478-25,no_location_identified,,precision automated title candidate; manual verification pending
A1,机器人超声,doi:10.1109/access.2020.3014999,4D Ultrasound-Based Knee Joint Atlas for Robotic Knee Arthroscopy: A Feasibility Study,2020,10.1109/access.2020.3014999,OpenAlex,https://openalex.org/W3048113092,yes,https://ieeexplore.ieee.org/ielx7/6287639/8948470/09162020.pdf,precision automated title candidate; manual verification pending
A1,机器人超声,doi:10.3390/diagnostics13030362,5G-Based Telerobotic Ultrasound System Improves Access to Breast Examination in Rural and Remote Areas: A Prospective and Two-Scenario Study.,2023,10.3390/diagnostics13030362,Europe PMC,https://europepmc.org/article/MED/36766467,yes,https://pmc.ncbi.nlm.nih.gov/articles/PMC9913989/,precision automated title candidate; manual verification pending
A1,机器人超声,doi:10.1016/j.juro.2010.02.1058,671 HORMON RESISTANT PROSTATE CANCER TREATED BY ROBOTIC HIGH INTENSIVE ULTRASOUND,2010,10.1016/j.juro.2010.02.1058,Crossref,https://doi.org/10.1016/j.juro.2010.02.1058,no_location_identified,,precision automated title candidate; manual verification pending
A1,机器人超声,doi:10.1016/j.ultrasmedbio.2013.08.010,A 3-D Ultrasound Imaging Robotic System to Detect and Quantify Lower Limb Arterial Stenoses: In Vivo Feasibility,2014,10.1016/j.ultrasmedbio.2013.08.010,Crossref,https://doi.org/10.1016/j.ultrasmedbio.2013.08.010,no_location_identified,,precision automated title candidate; manual verification pending
A1,机器人超声,doi:10.1186/s13054-021-03563-z,A 5G-powered robot-assisted teleultrasound diagnostic system in an intensive care unit,2021,10.1186/s13054-021-03563-z,Europe PMC; OpenAlex,https://europepmc.org/article/MED/33827638; https://openalex.org/W3149045941,yes,https://ccforum.biomedcentral.com/track/pdf/10.1186/s13054-021-03563-z; https://pmc.ncbi.nlm.nih.gov/articles/PMC8025902/,precision automated title candidate; manual verification pending
A1,机器人超声,doi:10.1109/lra.2021.3061329,A Constant-Force End-Effector With Online Force Adjustment for Robotic Ultrasonography,2021,10.1109/lra.2021.3061329,Europe PMC; OpenAlex,https://europepmc.org/article/MED/33748416; https://openalex.org/W3130510843,yes,https://ieeexplore.ieee.org/ielx7/7083369/9285111/09361110.pdf; https://pmc.ncbi.nlm.nih.gov/articles/PMC7968128/,precision automated title candidate; manual verification pending
A1,机器人超声,doi:10.1109/lra.2022.3141451,Acoustic Shadowing Aware Robotic Ultrasound: Lighting up the Dark,2022,10.1109/lra.2022.3141451,OpenAlex,https://openalex.org/W4206018727,no_location_identified,,precision automated title candidate; manual verification pending
A1,机器人超声,title:actionconditionedworldmodelforgoalplaneprobeguidanceinroboticultrasound,Action-Conditioned World Model for Goal Plane Probe Guidance in Robotic Ultrasound,2026,,arXiv,http://arxiv.org/abs/2607.21918v2,yes,http://arxiv.org/pdf/2607.21918v2,precision automated title candidate; manual verification pending
A1,机器人超声,doi:10.1002/rcs.70197,Adaptive Admittance Control for Robotic Ultrasound Examination Based on a Breast Biomechanical Model.,2026,10.1002/rcs.70197,Europe PMC,https://europepmc.org/article/MED/42379153,no_location_identified,,precision automated title candidate; manual verification pending
A1,机器人超声,doi:10.1109/rcar61438.2024.10670924,A Dynamical System Approach to Robotic Ultrasound Imaging: Towards Intrinsically Stable Robotic Sonography,2024,10.1109/rcar61438.2024.10670924,Crossref,https://doi.org/10.1109/rcar61438.2024.10670924,no_location_identified,,precision automated title candidate; manual verification pending
A1,机器人超声,doi:10.1109/tase.2022.3189339,A Flexible and Fully Autonomous Breast Ultrasound Scanning System,2022,10.1109/tase.2022.3189339,Crossref; OpenAlex,https://doi.org/10.1109/tase.2022.3189339; https://openalex.org/W4285505126,no_location_identified,,precision automated title candidate; manual verification pending
A1,机器人超声,doi:10.1109/ur65550.2025.11078129,A Framework for 3D Ultrasound Reconstruction Using Robotic Ultrasound Diagnostic System,2025,10.1109/ur65550.2025.11078129,Crossref,https://doi.org/10.1109/ur65550.2025.11078129,no_location_identified,,precision automated title candidate; manual verification pending
A1,机器人超声,doi:10.1038/s41467-024-48421-y,A fully autonomous robotic ultrasound system for thyroid scanning,2024,10.1038/s41467-024-48421-y,Crossref; Europe PMC; OpenAlex,https://doi.org/10.1038/s41467-024-48421-y; https://europepmc.org/article/MED/38734697; https://openalex.org/W4396821882,yes,https://pmc.ncbi.nlm.nih.gov/articles/PMC11519952/; https://www.nature.com/articles/s41467-024-48421-y.pdf,precision automated title candidate; manual verification pending
A1,机器人超声,title:aiaultranerfacousticimpedanceawareneuralradiancefieldwithhashencodingsforroboticultrasoundreconstructionandlocalization,AIA-UltraNeRF:Acoustic-Impedance-Aware Neural Radiance Field with Hash Encodings for Robotic Ultrasound Reconstruction and Localization,2025,,arXiv,http://arxiv.org/abs/2511.18293v1,yes,http://arxiv.org/pdf/2511.18293v1,precision automated title candidate; manual verification pending
A1,机器人超声,doi:10.1109/access.2025.3605105,"AI-Powered Robotic Ultrasound: Electronic Hardware, Algorithms, and Applications",2025,10.1109/access.2025.3605105,Crossref,https://doi.org/10.1109/access.2025.3605105,no_location_identified,,precision automated title candidate; manual verification pending
A1,机器人超声,doi:10.36227/techrxiv.172263038.89626821/v1,All-Ultrasound-Guided Path Planning for Robotic Pedicle Screw Placement,2024,10.36227/techrxiv.172263038.89626821/v1,Crossref,https://doi.org/10.36227/techrxiv.172263038.89626821/v1,no_location_identified,,precision automated title candidate; manual verification pending
A1,机器人超声,doi:10.3390/app9091900,Analysis of a Customized Clutch Joint Designed for the Safety Management of an Ultrasound Robot,2019,10.3390/app9091900,Europe PMC; OpenAlex,https://europepmc.org/article/MED/32754346; https://openalex.org/W2943999241,yes,https://pmc.ncbi.nlm.nih.gov/articles/PMC7115904/; https://www.mdpi.com/2076-3417/9/9/1900/pdf?version=1557380701,precision automated title candidate; manual verification pending
A1,机器人超声,doi:10.1109/lra.2023.3251844,An Artificial Intelligence-Aided Robotic Platform for Ultrasound-Guided Transcarotid Revascularization,2023,10.1109/lra.2023.3251844,OpenAlex,https://openalex.org/W4323022362,yes,https://ieeexplore.ieee.org/ielx7/7083369/10049284/10057986.pdf,precision automated title candidate; manual verification pending
A1,机器人超声,title:anatomicalpriordrivenframeworkforautonomousroboticcardiacultrasoundstandardviewacquisition,Anatomical Prior-Driven Framework for Autonomous Robotic Cardiac Ultrasound Standard View Acquisition,2026,,arXiv,http://arxiv.org/abs/2603.21134v1,yes,http://arxiv.org/pdf/2603.21134v1,precision automated title candidate; manual verification pending
A1,机器人超声,doi:10.1109/tmech.2025.3572571,An Efficient Deep Reinforcement Learning Approach for Autonomous Ultrasound Scanning Robot Based on Multimodal Sensing and Distance ProbSparse Self-Attention,2025,10.1109/tmech.2025.3572571,Crossref; OpenAlex,https://doi.org/10.1109/tmech.2025.3572571; https://openalex.org/W4411055431,no_location_identified,,precision automated title candidate; manual verification pending
A1,机器人超声,doi:10.3390/s21092927,An Improved Sensing Method of a Robotic Ultrasound System for Real-Time Force and Angle Calibration,2021,10.3390/s21092927,Europe PMC; OpenAlex,https://europepmc.org/article/MED/33922012; https://openalex.org/W3155267607,yes,https://pmc.ncbi.nlm.nih.gov/articles/PMC8122492/; https://www.mdpi.com/1424-8220/21/9/2927/pdf?version=1619078661,precision automated title candidate; manual verification pending
A1,机器人超声,doi:10.1016/s0022-5347(08)60491-7,A NOVEL ROBOTIC INTRAOPERATIVE ULTRASOUND TILEPRO DEVICE FOR ROBOTIC PARTIAL NEPHRECTOMY,2008,10.1016/s0022-5347(08)60491-7,Crossref,https://doi.org/10.1016/s0022-5347(08)60491-7,no_location_identified,,precision automated title candidate; manual verification pending
A1,机器人超声,doi:10.1109/icra48506.2021.9561924,A Novel Robotic System for Ultrasound-guided Peripheral Vascular Localization,2021,10.1109/icra48506.2021.9561924,OpenAlex,https://openalex.org/W3207392316,no_location_identified,,precision automated title candidate; manual verification pending
A1,机器人超声,doi:10.1109/tim.2023.3239925,A Novel Ultrasound Robot With Force/Torque Measurement and Control for Safe and Efficient Scanning,2023,10.1109/tim.2023.3239925,Europe PMC; OpenAlex,https://europepmc.org/article/MED/37323850; https://openalex.org/W4319996939,yes,https://pmc.ncbi.nlm.nih.gov/articles/PMC7614653/; https://pmc.ncbi.nlm.nih.gov/articles/PMC7614653/pdf/EMS164661.pdf,precision automated title candidate; manual verification pending
A1,机器人超声,doi:10.3389/frobt.2016.00001,An Ultrasound Robotic System Using the Commercial Robot UR5,2016,10.3389/frobt.2016.00001,OpenAlex,https://openalex.org/W2254101695,yes,https://www.frontiersin.org/articles/10.3389/frobt.2016.00001/pdf,precision automated title candidate; manual verification pending
A1,机器人超声,doi:10.1109/tim.2024.3400342,A Portable Robot-Assisted Device With Built-In Intelligence for Autonomous Ultrasound Acquisitions in Follow-Up Diagnosis,2024,10.1109/tim.2024.3400342,OpenAlex,https://openalex.org/W4396877696,no_location_identified,,precision automated title candidate; manual verification pending
A1,机器人超声,doi:10.1002/jum.16041,Application of a Tele-Ultrasound Robot During COVID-19 Pandemic: A Feasibility Study.,2023,10.1002/jum.16041,Europe PMC,https://europepmc.org/article/MED/35689526,yes,https://pmc.ncbi.nlm.nih.gov/articles/PMC9349638/,precision automated title candidate; manual verification pending
A1,机器人超声,title:apprussautomatedpathplanningforroboticultrasoundsystem,APP-RUSS: Automated Path Planning for Robotic Ultrasound System,2023,,arXiv,http://arxiv.org/abs/2310.14297v1,yes,http://arxiv.org/pdf/2310.14297v1,precision automated title candidate; manual verification pending
A1,机器人超声,doi:10.1109/ical.2009.5262572,A preoperative ultrasound planning of robotic system for hepatic microwave coagulation,2009,10.1109/ical.2009.5262572,Crossref,https://doi.org/10.1109/ical.2009.5262572,no_location_identified,,precision automated title candidate; manual verification pending
A1,机器人超声,doi:10.1109/icra.2017.7989440,A robotic control framework for 3-D quantitative ultrasound elastography,2017,10.1109/icra.2017.7989440,Crossref,https://doi.org/10.1109/icra.2017.7989440,no_location_identified,,precision automated title candidate; manual verification pending
A1,机器人超声,doi:10.1109/ismr69606.2026.11536413,A Robotic Simulation Environment for Ultrasound Imaging of Soft Tissue,2026,10.1109/ismr69606.2026.11536413,Crossref,https://doi.org/10.1109/ismr69606.2026.11536413,no_location_identified,,precision automated title candidate; manual verification pending
A1,机器人超声,doi:10.1109/tuffc.2015.2499084,A Robotic Ultrasound Scanner for Automatic Vessel Tracking and Three-Dimensional Reconstruction of B-Mode Images,2015,10.1109/tuffc.2015.2499084,OpenAlex,https://openalex.org/W2215544116,no_location_identified,,precision automated title candidate; manual verification pending
A1,机器人超声,doi:10.1109/icarm54641.2022.9959421,A Robotic Ultrasound System Controlled by Human sEMG Signals,2022,10.1109/icarm54641.2022.9959421,Crossref,https://doi.org/10.1109/icarm54641.2022.9959421,no_location_identified,,precision automated title candidate; manual verification pending
A1,机器人超声,doi:10.3390/s26144452,A Robotic Ultrasound System for Automated Abdominal Aorta Screening: Feasibility Study in Healthy Volunteers.,2026,10.3390/s26144452,Europe PMC,https://europepmc.org/article/MED/42515336,no_location_identified,,precision automated title candidate; manual verification pending
A1,机器人超声,doi:10.1016/j.mechmachtheory.2011.03.002,A robotic wrist for remote ultrasound imaging,2011,10.1016/j.mechmachtheory.2011.03.002,Crossref; OpenAlex,https://doi.org/10.1016/j.mechmachtheory.2011.03.002; https://openalex.org/W1981497699,no_location_identified,,precision automated title candidate; manual verification pending
A1,机器人超声,doi:10.1007/978-1-4471-0765-1_24,A Robot System for Medical Ultrasound,2000,10.1007/978-1-4471-0765-1_24,OpenAlex,https://openalex.org/W2588812027,no_location_identified,,precision automated title candidate; manual verification pending
A1,机器人超声,doi:10.1109/lra.2025.3595036,A-SEE2.0: Active-Sensing End-Effector for Robotic Ultrasound Systems with Dense Contact Surface Perception Enabled Probe Orientation Adjustment.,2025,10.1109/lra.2025.3595036,Europe PMC,https://europepmc.org/article/MED/40995401,yes,https://pmc.ncbi.nlm.nih.gov/articles/PMC12456402/,precision automated title candidate; manual verification pending
A1,机器人超声,doi:10.1109/lra.2022.3218183,A-SEE: Active-Sensing End-Effector Enabled Probe Self-Normal-Positioning for Robotic Ultrasound Imaging Applications,2022,10.1109/lra.2022.3218183,Europe PMC; OpenAlex,https://europepmc.org/article/MED/37325198; https://openalex.org/W4309326651,yes,https://pmc.ncbi.nlm.nih.gov/articles/PMC10266708/; https://pmc.ncbi.nlm.nih.gov/articles/PMC10266708/pdf/nihms-1850615.pdf,precision automated title candidate; manual verification pending
A1,机器人超声,doi:10.1007/s13369-017-2893-4,A Simulation Study of Adaptive Force Controller for Medical Robotic Liver Ultrasound Guidance,2017,10.1007/s13369-017-2893-4,OpenAlex,https://openalex.org/W2766093896,no_location_identified,,precision automated title candidate; manual verification pending
A1,机器人超声,doi:10.1109/titb.2004.840062,A tele-operated mobile ultrasound scanner using a light-weight robot,2005,10.1109/titb.2004.840062,Europe PMC; OpenAlex,https://europepmc.org/article/MED/15787007; https://openalex.org/W2157998325,no_location_identified,,precision automated title candidate; manual verification pending
A1,机器人超声,doi:10.1109/icdl55364.2023.10364497,A Unified Deep Imitation Learning and Control Framework for Robot-Assisted Sonography,2023,10.1109/icdl55364.2023.10364497,OpenAlex,https://openalex.org/W4390188232,no_location_identified,,precision automated title candidate; manual verification pending
A1,机器人超声,doi:10.1109/iros58592.2024.10801755,A Unified Interaction Control Framework for Safe Robotic Ultrasound Scanning with Human-Intention-Aware Compliance,2024,10.1109/iros58592.2024.10801755,OpenAlex,https://openalex.org/W4405785794,no_location_identified,,precision automated title candidate; manual verification pending
A1,机器人超声,doi:10.1109/robot.2001.932831,A user interface for robot-assisted diagnostic ultrasound,2002,10.1109/robot.2001.932831,OpenAlex,https://openalex.org/W2123889479,no_location_identified,,precision automated title candidate; manual verification pending
A1,机器人超声,doi:10.1109/glbc.2017.7928899,Automated hand support system for robotic ultrasound hand scanner,2017,10.1109/glbc.2017.7928899,Crossref,https://doi.org/10.1109/glbc.2017.7928899,no_location_identified,,precision automated title candidate; manual verification pending
A1,机器人超声,doi:10.1109/icra40945.2020.9196736,Automated robotic breast ultrasound acquisition using ultrasound feedback,2020,10.1109/icra40945.2020.9196736,Crossref; OpenAlex,https://doi.org/10.1109/icra40945.2020.9196736; https://openalex.org/W3090509004,yes,https://ris.utwente.nl/ws/files/247785100/Welleweerd2020automatic.pdf,precision automated title candidate; manual verification pending
A1,机器人超声,doi:10.1109/tim.2021.3085110,Automatic 3-D Imaging and Measurement of Human Spines With a Robotic Ultrasound System,2021,10.1109/tim.2021.3085110,OpenAlex,https://openalex.org/W3171622331,no_location_identified,,precision automated title candidate; manual verification pending
A1,机器人超声,doi:10.1109/tie.2020.3036215,Automatic Force-Based Probe Positioning for Precise Robotic Ultrasound Acquisition,2020,10.1109/tie.2020.3036215,OpenAlex,https://openalex.org/W3098362553,no_location_identified,,precision automated title candidate; manual verification pending
A1,机器人超声,doi:10.1109/iros.2016.7759101,Automatic force-compliant robotic ultrasound screening of abdominal aortic aneurysms,2016,10.1109/iros.2016.7759101,OpenAlex,https://openalex.org/W2564163422,no_location_identified,,precision automated title candidate; manual verification pending
A1,机器人超声,doi:10.1109/tmrb.2022.3214493,Automatic Generation of Autonomous Ultrasound Scanning Trajectory Based on 3-D Point Cloud,2022,10.1109/tmrb.2022.3214493,OpenAlex,https://openalex.org/W4309677235,no_location_identified,,precision automated title candidate; manual verification pending
A1,机器人超声,doi:10.1109/lra.2020.2967682,Automatic Normal Positioning of Robotic Ultrasound Probe Based Only on Confidence Map Optimization and Force Measurement,2020,10.1109/lra.2020.2967682,OpenAlex,https://openalex.org/W3002801921,no_location_identified,,precision automated title candidate; manual verification pending
A1,机器人超声,doi:10.3390/technologies13020070,Automatic Robotic Ultrasound for 3D Musculoskeletal Reconstruction: A Comprehensive Framework,2025,10.3390/technologies13020070,Crossref; OpenAlex,https://doi.org/10.3390/technologies13020070; https://openalex.org/W4407392146,yes,https://doi.org/10.3390/technologies13020070,precision automated title candidate; manual verification pending
A1,机器人超声,doi:10.1109/icosr57188.2022.00039,Automatic ultrasound scanning for the Carotid Artery by robotic system,2022,10.1109/icosr57188.2022.00039,Crossref; OpenAlex,https://doi.org/10.1109/icosr57188.2022.00039; https://openalex.org/W4378965935,no_location_identified,,precision automated title candidate; manual verification pending
A1,机器人超声,doi:10.1007/s11432-018-9664-3,Automatic ultrasound scanning system based on robotic arm,2019,10.1007/s11432-018-9664-3,Crossref; OpenAlex,https://doi.org/10.1007/s11432-018-9664-3; https://openalex.org/W2919490311,no_location_identified,,precision automated title candidate; manual verification pending
A1,机器人超声,doi:10.1109/tbme.2021.3054413,Autonomic Robotic Ultrasound Imaging System Based on Reinforcement Learning,2021,10.1109/tbme.2021.3054413,OpenAlex,https://openalex.org/W3125472763,no_location_identified,,precision automated title candidate; manual verification pending
A1,机器人超声,doi:10.1007/s11548-024-03178-z,Autonomous control of an ultrasound probe for intra-operative ultrasonography using vision-based shape sensing of pneumatically attachable flexible rails,2024,10.1007/s11548-024-03178-z,Europe PMC; OpenAlex,https://europepmc.org/article/MED/38777945; https://openalex.org/W4398200065,yes,https://link.springer.com/content/pdf/10.1007/s11548-024-03178-z.pdf; https://pmc.ncbi.nlm.nih.gov/articles/PMC11230978/,precision automated title candidate; manual verification pending
A1,机器人超声,doi:10.1109/iros.2013.6696818,Autonomous eFAST ultrasound scanning by a robotic manipulator using learning from demonstrations,2013,10.1109/iros.2013.6696818,Crossref; OpenAlex,https://doi.org/10.1109/iros.2013.6696818; https://openalex.org/W2072195406,no_location_identified,,precision automated title candidate; manual verification pending
A1,机器人超声,doi:10.29007/dj33,Autonomous image-based ultrasound probe positioning via deep learning,2018,10.29007/dj33,OpenAlex,https://openalex.org/W2800267058,yes,https://easychair.org/publications/preprint_open/XmZ9,precision automated title candidate; manual verification pending
A1,机器人超声,doi:10.1109/robio64047.2024.10907531,Autonomous In-Plane Normal Positioning in Robotic Ultrasound Scanning,2024,10.1109/robio64047.2024.10907531,Crossref,https://doi.org/10.1109/robio64047.2024.10907531,no_location_identified,,precision automated title candidate; manual verification pending
A1,机器人超声,doi:10.1109/icra48506.2021.9561295,Autonomous Navigation of an Ultrasound Probe Towards Standard Scan Planes with Deep Reinforcement Learning,2021,10.1109/icra48506.2021.9561295,OpenAlex; arXiv,http://arxiv.org/abs/2103.00718v2; https://openalex.org/W3135181254,yes,http://arxiv.org/pdf/2103.00718v2; https://arxiv.org/pdf/2103.00718,precision automated title candidate; manual verification pending
A1,机器人超声,doi:10.1038/s41598-026-37702-9,Autonomous path planning for intercostal robotic ultrasound imaging using reinforcement learning.,2026,10.1038/s41598-026-37702-9,Crossref; Europe PMC,https://doi.org/10.1038/s41598-026-37702-9; https://europepmc.org/article/MED/41673226,yes,https://pmc.ncbi.nlm.nih.gov/articles/PMC12905323/,precision automated title candidate; manual verification pending
A1,机器人超声,doi:10.3389/frobt.2021.645756,Autonomous Robotic Point-of-Care Ultrasound Imaging for Monitoring of COVID-19–Induced Pulmonary Diseases,2021,10.3389/frobt.2021.645756,Europe PMC; OpenAlex,https://europepmc.org/article/MED/34113656; https://openalex.org/W3165097438,yes,https://pmc.ncbi.nlm.nih.gov/articles/PMC8185340/; https://www.frontiersin.org/journals/robotics-and-ai/articles/10.3389/frobt.2021.645756/pdf,precision automated title candidate; manual verification pending
A1,机器人超声,doi:10.1109/tmrb.2024.3464109,Autonomous Robotic System for Carotid Artery Ultrasound Scanning With Visual Servo Navigation,2024,10.1109/tmrb.2024.3464109,Crossref; OpenAlex,https://doi.org/10.1109/tmrb.2024.3464109; https://openalex.org/W4402626678,no_location_identified,,precision automated title candidate; manual verification pending
A1,机器人超声,doi:10.1109/lra.2024.3427556,Autonomous Robotic Ultrasound Approach for Fetoscope Tracking by Fusing Optical and 2D Ultrasound Data,2024,10.1109/lra.2024.3427556,Crossref; OpenAlex,https://doi.org/10.1109/lra.2024.3427556; https://openalex.org/W4400645477,yes,https://lirias.kuleuven.be/retrieve/a29dbf1e-2281-41a3-862f-015f224cfe52,precision automated title candidate; manual verification pending
A1,机器人超声,doi:10.3389/frobt.2025.1527686,Autonomous robotic ultrasound scanning system: a key to enhancing image analysis reproducibility and observer consistency in ultrasound imaging.,2025,10.3389/frobt.2025.1527686,Europe PMC; OpenAlex,https://europepmc.org/article/MED/39975565; https://openalex.org/W4407183492,yes,https://doi.org/10.3389/frobt.2025.1527686; https://pmc.ncbi.nlm.nih.gov/articles/PMC11835693/,precision automated title candidate; manual verification pending
A1,机器人超声,title:autonomousroboticultrasoundsystemforliverfollowupdiagnosispilotphantomstudy,Autonomous Robotic Ultrasound System for Liver Follow-up Diagnosis: Pilot Phantom Study,2024,,arXiv,http://arxiv.org/abs/2405.05787v1,yes,http://arxiv.org/pdf/2405.05787v1,precision automated title candidate; manual verification pending
A1,机器人超声,doi:10.1109/tbme.2023.3279114,Autonomous Robotic Ultrasound Vascular Imaging System With Decoupled Control Strategy for External-Vision-Free Environments,2023,10.1109/tbme.2023.3279114,OpenAlex,https://openalex.org/W4378195137,no_location_identified,,precision automated title candidate; manual verification pending
A1,机器人超声,doi:10.1080/01691864.2024.2315058,Autonomous scanning motion generation adapted to individual differences in abdominal shape for robotic fetal ultrasound,2024,10.1080/01691864.2024.2315058,Crossref; OpenAlex,https://doi.org/10.1080/01691864.2024.2315058; https://openalex.org/W4391969224,no_location_identified,,precision automated title candidate; manual verification pending
A1,机器人超声,doi:10.1109/iros51168.2021.9635902,Autonomous Scanning Target Localization for Robotic Lung Ultrasound Imaging,2021,10.1109/iros51168.2021.9635902,Crossref; Europe PMC; OpenAlex,https://doi.org/10.1109/iros51168.2021.9635902; https://europepmc.org/article/MED/35965637; https://openalex.org/W4200470402,yes,https://pmc.ncbi.nlm.nih.gov/articles/PMC9373068/; https://www.ncbi.nlm.nih.gov/pmc/articles/9373068,precision automated title candidate; manual verification pending
A1,机器人超声,doi:10.3389/frobt.2024.1383732,Autonomous ultrasound scanning robotic system based on human posture recognition and image servo control: an application for cardiac imaging,2024,10.3389/frobt.2024.1383732,Crossref; Europe PMC; OpenAlex,https://doi.org/10.3389/frobt.2024.1383732; https://europepmc.org/article/MED/38774468; https://openalex.org/W4396704118,yes,https://pmc.ncbi.nlm.nih.gov/articles/PMC11106497/; https://www.frontiersin.org/articles/10.3389/frobt.2024.1383732/pdf?isPublishedV2=False,precision automated title candidate; manual verification pending
A1,机器人超声,doi:10.1109/iros55552.2023.10341685,Autonomous Ultrasound Scanning Towards Standard Plane Using Interval Interaction Probabilistic Movement Primitives,2023,10.1109/iros55552.2023.10341685,Crossref; OpenAlex,https://doi.org/10.1109/iros55552.2023.10341685; https://openalex.org/W4389666586,no_location_identified,,precision automated title candidate; manual verification pending
A1,机器人超声,doi:10.1109/icra46639.2022.9812410,Autonomous Ultrasound Scanning using Bayesian Optimization and Hybrid Force Control,2022,10.1109/icra46639.2022.9812410,Crossref; OpenAlex,https://doi.org/10.1109/icra46639.2022.9812410; https://openalex.org/W4285102261,no_location_identified,,precision automated title candidate; manual verification pending
A1,机器人超声,doi:10.1109/embc46164.2021.9629703,A Virtual Scanning Framework for Robotic Spinal Sonography with Automatic Real-time Recognition of Standard Views.,2021,10.1109/embc46164.2021.9629703,Europe PMC; OpenAlex,https://europepmc.org/article/MED/34892234; https://openalex.org/W4200211803,no_location_identified,,precision automated title candidate; manual verification pending
A1,机器人超声,doi:10.1109/icac57885.2023.10275303,A Vision-Based Target Localization Method for Robot-Assisted Sonography,2023,10.1109/icac57885.2023.10275303,OpenAlex,https://openalex.org/W4387677975,yes,https://repository.essex.ac.uk/36461/1/A%20Vision-based%20Target%20Localization%20Method%20for%20Robot-assisted%20Sonography%2810%29.pdf,precision automated title candidate; manual verification pending
A1,机器人超声,title:beyondhospitalreachautonomouslightweightultrasoundrobotforliversonography,Beyond hospital reach: Autonomous lightweight ultrasound robot for liver sonography,2025,,arXiv,http://arxiv.org/abs/2510.08106v1,yes,http://arxiv.org/pdf/2510.08106v1,precision automated title candidate; manual verification pending
A1,机器人超声,doi:10.1039/d1lc00575h,Biologically inspired micro-robotic swimmers remotely controlled by ultrasound waves,2021,10.1039/d1lc00575h,Crossref; OpenAlex,https://doi.org/10.1039/d1lc00575h; https://openalex.org/W3199034187,no_location_identified,,precision automated title candidate; manual verification pending
A1,机器人超声,doi:10.1109/ius62464.2025.11201326,Boost Calibration for Dual-arm Co-robotic Ultrasound System,2025,10.1109/ius62464.2025.11201326,Crossref,https://doi.org/10.1109/ius62464.2025.11201326,no_location_identified,,precision automated title candidate; manual verification pending
A1,机器人超声,doi:10.1109/icar.2015.7251431,Calibration of 2D Ultrasound in 3D space for Robotic biopsies,2015,10.1109/icar.2015.7251431,Crossref,https://doi.org/10.1109/icar.2015.7251431,no_location_identified,,precision automated title candidate; manual verification pending
A1,机器人超声,doi:10.1038/s41598-022-25572-w,Capsule robot pose and mechanism state detection in ultrasound using attention-based hierarchical deep learning.,2022,10.1038/s41598-022-25572-w,Europe PMC,https://europepmc.org/article/MED/36476715,yes,https://pmc.ncbi.nlm.nih.gov/articles/PMC9729303/,precision automated title candidate; manual verification pending
A1,机器人超声,doi:10.3389/fcvm.2024.1384421,Cardiac ultrasound simulation for autonomous ultrasound navigation.,2024,10.3389/fcvm.2024.1384421,Europe PMC,https://europepmc.org/article/MED/39193499,yes,https://pmc.ncbi.nlm.nih.gov/articles/PMC11347295/,precision automated title candidate; manual verification pending
A1,机器人超声,doi:10.1109/iccsse59359.2023.10245574,Channel and Spatial Attention Mechanism-based Yolo Network for Target Detection of the Lung Ultrasound Scanning Robot,2023,10.1109/iccsse59359.2023.10245574,OpenAlex,https://openalex.org/W4386883879,no_location_identified,,precision automated title candidate; manual verification pending
A1,机器人超声,doi:10.21203/rs.3.rs-6537709/v1,Circular Path Planning and Adaptive Force Control for Breast Ultrasound Autonomous Scanning,2025,10.21203/rs.3.rs-6537709/v1,Crossref; Europe PMC,https://doi.org/10.21203/rs.3.rs-6537709/v1; https://europepmc.org/article/PPR/PPR1014870,no_location_identified,,precision automated title candidate; manual verification pending
A1,机器人超声,doi:10.1007/s12020-022-03011-0,Clinical application of a 5G-based telerobotic ultrasound system for thyroid examination on a rural island: a prospective study.,2022,10.1007/s12020-022-03011-0,Europe PMC,https://europepmc.org/article/MED/35182363,yes,https://pmc.ncbi.nlm.nih.gov/articles/PMC8857403/,precision automated title candidate; manual verification pending
A1,机器人超声,doi:10.37015/audt.2023.230031,Clinical Application of Robot-assisted Teleultrasound,2023,10.37015/audt.2023.230031,OpenAlex,https://openalex.org/W4387514882,yes,http://www.journaladvancedultrasound.com:81/CN/article/downloadArticleFile.do?attachType=PDF&id=299,precision automated title candidate; manual verification pending
A1,机器人超声,doi:10.1258/1357633054461552,"Clinical trials and evaluation of a mobile, robotic tele-ultrasound system",2005,10.1258/1357633054461552,OpenAlex,https://openalex.org/W2039066312,no_location_identified,,precision automated title candidate; manual verification pending
A1,机器人超声,doi:10.64898/2025.12.17.694846,Closing the Sim-to-Real Gap: An End-to-End Robotic Ultrasound System Leveraging In Vivo Reinforcement Learning and 3D-Prior Guided Hybrid Control,2025,10.64898/2025.12.17.694846,Europe PMC,https://europepmc.org/article/PPR/PPR1230820,no_location_identified,,precision automated title candidate; manual verification pending
A1,机器人超声,doi:10.1109/tmrb.2024.3464698,Coaching a Robotic Sonographer: Learning Robotic Ultrasound With Sparse Expert’s Feedback,2024,10.1109/tmrb.2024.3464698,Crossref; OpenAlex; arXiv,http://arxiv.org/abs/2409.02337v1; https://doi.org/10.1109/tmrb.2024.3464698; https://openalex.org/W4402673279,yes,http://arxiv.org/pdf/2409.02337v1; https://arxiv.org/pdf/2409.02337,precision automated title candidate; manual verification pending
A1,机器人超声,doi:10.1109/icar53236.2021.9659341,Comparative Quantitative Analysis of Robotic Ultrasound Image Calibration Methods,2021,10.1109/icar53236.2021.9659341,Crossref; OpenAlex,https://doi.org/10.1109/icar53236.2021.9659341; https://openalex.org/W4206719121,yes,https://lirias.kuleuven.be/retrieve/426177fe-b3b0-48e7-9cc9-93c088a05375,precision automated title candidate; manual verification pending
A1,机器人超声,doi:10.1002/hed.70280,Comparative Use of Double Bipolar Forceps Versus Ultrasound Energy Device in Transoral Robotic Thyroidectomy.,2026,10.1002/hed.70280,Europe PMC,https://europepmc.org/article/MED/41992648,no_location_identified,,precision automated title candidate; manual verification pending
A1,机器人超声,doi:10.1016/j.wfumbo.2024.100040,Comparing conventional abdominal ultrasound scanning versus a ROBotic assisted UltraSonography sysTem (ROBUST),2024,10.1016/j.wfumbo.2024.100040,Crossref; OpenAlex,https://doi.org/10.1016/j.wfumbo.2024.100040; https://openalex.org/W4392947171,yes,https://doi.org/10.1016/j.wfumbo.2024.100040,precision automated title candidate; manual verification pending
A1,机器人超声,doi:10.1089/end.2012.0528,Comparison of Robotic and Laparoscopic Ultrasound Probes for Robotic Partial Nephrectomy,2013,10.1089/end.2012.0528,Crossref; OpenAlex,https://doi.org/10.1089/end.2012.0528; https://openalex.org/W2072746638,no_location_identified,,precision automated title candidate; manual verification pending
A1,机器人超声,doi:10.21037/tp-22-569,Comparison of telerobotic and conventional ultrasonography in children: a crossover bicentric pilot study.,2023,10.21037/tp-22-569,Europe PMC,https://europepmc.org/article/MED/37305713,yes,https://pmc.ncbi.nlm.nih.gov/articles/PMC10248926/,precision automated title candidate; manual verification pending
A1,机器人超声,doi:10.1002/rcs.2468,Comparison of ultrasound scanning for scoliosis assessment: Robotic versus manual,2022,10.1002/rcs.2468,Europe PMC; OpenAlex,https://europepmc.org/article/MED/36289008; https://openalex.org/W4307430179,no_location_identified,,precision automated title candidate; manual verification pending
A1,机器人超声,doi:10.1002/rcs.70194,Compliance Control of a Robotic Breast Ultrasound System Based on Variable Admittance Control.,2026,10.1002/rcs.70194,Europe PMC,https://europepmc.org/article/MED/42390306,no_location_identified,,precision automated title candidate; manual verification pending
A1,机器人超声,doi:10.1109/lra.2023.3300592,Compliant Joint Based Robotic Ultrasound Scanning System for Imaging Human Spine,2023,10.1109/lra.2023.3300592,OpenAlex,https://openalex.org/W4385453480,no_location_identified,,precision automated title candidate; manual verification pending
A1,机器人超声,doi:10.1016/b978-0-44-340606-5.00019-8,Constant-force robotic ultrasound imaging system for biomedical applications,2026,10.1016/b978-0-44-340606-5.00019-8,Crossref,https://doi.org/10.1016/b978-0-44-340606-5.00019-8,no_location_identified,,precision automated title candidate; manual verification pending
A1,机器人超声,doi:10.1117/12.2255271,Co-robotic ultrasound imaging: a cooperative force control approach,2017,10.1117/12.2255271,Crossref; OpenAlex,https://doi.org/10.1117/12.2255271; https://openalex.org/W2588332793,no_location_identified,,precision automated title candidate; manual verification pending
A1,机器人超声,doi:10.1117/12.2084529,Co-robotic ultrasound tomography: dual arm setup and error analysis,2015,10.1117/12.2084529,OpenAlex,https://openalex.org/W2008569329,no_location_identified,,precision automated title candidate; manual verification pending
A1,机器人超声,doi:10.3389/frobt.2024.1505171,Corrigendum: SonoBox: development of a robotic ultrasound tomograph for the ultrasound diagnosis of paediatric forearm fractures,2024,10.3389/frobt.2024.1505171,Crossref,https://doi.org/10.3389/frobt.2024.1505171,no_location_identified,,precision automated title candidate; manual verification pending
A1,机器人超声,doi:10.21203/rs.3.rs-10229882/v1,Cross-platform integration of robotic intraoperative ultrasound using system-agnostic drop-in probes: technical feasibility and workflow standardization,2026,10.21203/rs.3.rs-10229882/v1,Europe PMC,https://europepmc.org/article/PPR/PPR1280206,no_location_identified,,precision automated title candidate; manual verification pending
A1,机器人超声,doi:10.1109/ismr57123.2023.10130193,Deep Kernel and Image Quality Estimators for Optimizing Robotic Ultrasound Controller using Bayesian Optimization,2023,10.1109/ismr57123.2023.10130193,OpenAlex; arXiv,http://arxiv.org/abs/2310.07392v1; https://openalex.org/W4378174244,yes,http://arxiv.org/pdf/2310.07392v1; https://arxiv.org/pdf/2310.07392,precision automated title candidate; manual verification pending
A1,机器人超声,doi:10.1109/lra.2021.3099080,Deformation-Aware Robotic 3D Ultrasound,2021,10.1109/lra.2021.3099080,OpenAlex; arXiv,http://arxiv.org/abs/2107.08411v1; https://openalex.org/W3183858554,yes,http://arxiv.org/pdf/2107.08411v1; https://arxiv.org/pdf/2107.08411,precision automated title candidate; manual verification pending
A1,机器人超声,doi:10.2147/opth.s393223,Descriptive Analysis of Footplate Position After Myopic Implantable Collamer Lens Implantation Using a Very High-Frequency Ultrasound Robotic Scanner.,2022,10.2147/opth.s393223,Europe PMC; OpenAlex,https://europepmc.org/article/MED/36504639; https://openalex.org/W4311286546,yes,https://pmc.ncbi.nlm.nih.gov/articles/PMC9733561/; https://www.dovepress.com/getfile.php?fileID=85876,precision automated title candidate; manual verification pending
A1,机器人超声,title:designandevaluationofacompliantquasidirectdriveendeffectorforsaferoboticultrasoundimaging,Design and Evaluation of a Compliant Quasi Direct Drive End-effector for Safe Robotic Ultrasound Imaging,2024,,arXiv,http://arxiv.org/abs/2410.03086v1,yes,http://arxiv.org/pdf/2410.03086v1,precision automated title candidate; manual verification pending
A1,机器人超声,doi:10.1109/icarm62033.2024.10715840,Design and Experiments of a Portable Robotic Ultrasound Scanning and Diagnosis System of Carotid Artery,2024,10.1109/icarm62033.2024.10715840,Crossref,https://doi.org/10.1109/icarm62033.2024.10715840,no_location_identified,,precision automated title candidate; manual verification pending
A1,机器人超声,doi:10.3791/58811,Design and Implementation of a Bespoke Robotic Manipulator for Extra-corporeal Ultrasound.,2019,10.3791/58811,Europe PMC,https://europepmc.org/article/MED/30663700,yes,https://pmc.ncbi.nlm.nih.gov/articles/PMC7115966/,precision automated title candidate; manual verification pending
A1,机器人超声,doi:10.1109/tbme.2019.2957609,"Design and Integration of a Parallel, Soft Robotic End-Effector for Extracorporeal Ultrasound",2019,10.1109/tbme.2019.2957609,Europe PMC; OpenAlex; arXiv,http://arxiv.org/abs/1906.04526v3; https://europepmc.org/article/MED/31804926; https://openalex.org/W2993611986,yes,http://arxiv.org/pdf/1906.04526v3; https://arxiv.org/pdf/1906.04526; https://pmc.ncbi.nlm.nih.gov/articles/PMC7115900/,precision automated title candidate; manual verification pending
A1,机器人超声,doi:10.1109/tase.2024.3350524,Design and Quantitative Assessment of Teleoperation-Based Human–Robot Collaboration Method for Robot-Assisted Sonography,2024,10.1109/tase.2024.3350524,OpenAlex,https://openalex.org/W4390787987,yes,https://shura.shu.ac.uk/35112/1/TASE_Design%20and%20quantitative%20assessment%20of%20teleoperation-based%20human-robot%20collaboration%20method%20for%20robot-assisted%20sonography.pdf,precision automated title candidate; manual verification pending
A1,机器人超声,doi:10.1038/s41598-024-55480-0,Design and testing of ultrasound probe adapters for a robotic imaging platform.,2024,10.1038/s41598-024-55480-0,Europe PMC,https://europepmc.org/article/MED/38429442,yes,https://pmc.ncbi.nlm.nih.gov/articles/PMC10907673/,precision automated title candidate; manual verification pending
A1,机器人超声,doi:10.3390/s25020468,Design of a Cost-Effective Ultrasound Force Sensor and Force Control System for Robotic Extra-Body Ultrasound Imaging.,2025,10.3390/s25020468,Europe PMC; OpenAlex,https://europepmc.org/article/MED/39860838; https://openalex.org/W4406406153,yes,https://pmc.ncbi.nlm.nih.gov/articles/PMC11769168/; https://www.mdpi.com/1424-8220/25/2/468/pdf?version=1736934755,precision automated title candidate; manual verification pending
A1,机器人超声,doi:10.2316/j.2026.201-0598,DESIGN OF AN AUTONOMOUS CARDIAC SCANNING SYSTEM FOR ULTRASOUND ROBOTS. 125-137,2026,10.2316/j.2026.201-0598,Crossref,https://doi.org/10.2316/j.2026.201-0598,no_location_identified,,precision automated title candidate; manual verification pending
A1,机器人超声,doi:10.1109/iros.2017.8206219,"Design of a soft, parallel end-effector applied to robot-guided ultrasound interventions",2017,10.1109/iros.2017.8206219,OpenAlex,https://openalex.org/W2771538322,no_location_identified,,precision automated title candidate; manual verification pending
A1,机器人超声,doi:10.1109/iros.2011.6094915,Detection of curved robots using 3D ultrasound,2011,10.1109/iros.2011.6094915,OpenAlex,https://openalex.org/W2142529775,yes,https://dash.harvard.edu/bitstream/1/33894947/1/nihms-346112.pdf,precision automated title candidate; manual verification pending
A1,机器人超声,doi:10.1142/s2424905x22410100,Development and Testing of a Durable and Novel Breast Phantom for Robotic Autonomous Ultrasound Systems,2022,10.1142/s2424905x22410100,OpenAlex,https://openalex.org/W4309324755,no_location_identified,,precision automated title candidate; manual verification pending
A1,机器人超声,doi:10.1002/rcs.1756,Development of a control algorithm for the ultrasound scanning robot (NCCUSR) using ultrasound image and force feedback,2016,10.1002/rcs.1756,Europe PMC; OpenAlex,https://europepmc.org/article/MED/27273447; https://openalex.org/W2417584818,no_location_identified,,precision automated title candidate; manual verification pending
A1,机器人超声,doi:10.3390/mi9020051,Development of an AVF Stenosis Assessment Tool for Hemodialysis Patients Using Robotic Ultrasound System,2018,10.3390/mi9020051,Europe PMC; OpenAlex,https://europepmc.org/article/MED/30393327; https://openalex.org/W2792470128,yes,https://pmc.ncbi.nlm.nih.gov/articles/PMC6187484/; https://www.mdpi.com/2072-666X/9/2/51/pdf?version=1517240213,precision automated title candidate; manual verification pending
A1,机器人超声,doi:10.1109/tmrb.2024.3387047,Development of a Robotic Ultrasound System to Assist Ultrasound Examination of Pregnant Women,2024,10.1109/tmrb.2024.3387047,Crossref; OpenAlex,https://doi.org/10.1109/tmrb.2024.3387047; https://openalex.org/W4394674231,yes,https://hal.science/hal-04546186/document,precision automated title candidate; manual verification pending
A1,机器人超声,doi:10.1109/iccas.2015.7364834,Development of prototype system for robot-assisted ultrasound diagnosis,2015,10.1109/iccas.2015.7364834,OpenAlex,https://openalex.org/W2399346363,no_location_identified,,precision automated title candidate; manual verification pending
A1,机器人超声,doi:10.1109/robio.2013.6739561,Development of robotic system for autonomous liver screening using ultrasound scanning device,2013,10.1109/robio.2013.6739561,Crossref; OpenAlex,https://doi.org/10.1109/robio.2013.6739561; https://openalex.org/W1975502852,no_location_identified,,precision automated title candidate; manual verification pending
A1,机器人超声,doi:10.1007/978-3-7091-0277-0_42,Development of the Ultrasound Probe Holding Robot WTA-1RII and an Automated Scanning Algorithm based on Ultrasound Image Feedback,2010,10.1007/978-3-7091-0277-0_42,OpenAlex,https://openalex.org/W2244502116,no_location_identified,,precision automated title candidate; manual verification pending
A1,机器人超声,doi:10.1136/rmdopen-2025-006099,Diagnostic performance and reliability of robotic ultrasonography and artificial intelligence-driven synovitis assessment in rheumatoid arthritis: results from the Controlled ARTHUR Trial.,2025,10.1136/rmdopen-2025-006099,Europe PMC,https://europepmc.org/article/MED/41219128,yes,https://pmc.ncbi.nlm.nih.gov/articles/PMC12606478/,precision automated title candidate; manual verification pending
A1,机器人超声,doi:10.3390/cancers13174467,"Diagnostic Performance of Kwak, EU, ACR, and Korean TIRADS as Well as ATA Guidelines for the Ultrasound Risk Stratification of Non-Autonomously Functioning Thyroid Nodules in a Region with Long History of Iodine Deficiency: A German Multicenter Trial",2021,10.3390/cancers13174467,OpenAlex,https://openalex.org/W3198715851,yes,https://www.mdpi.com/2072-6694/13/17/4467/pdf?version=1630997780,precision automated title candidate; manual verification pending
A1,机器人超声,doi:10.1109/jrfid.2022.3205049,Digital Twin-Based Skill Training With a Hands-On User Interaction Device to Assist in Manual and Robotic Ultrasound Scanning,2022,10.1109/jrfid.2022.3205049,OpenAlex,https://openalex.org/W4294982489,no_location_identified,,precision automated title candidate; manual verification pending
A1,机器人超声,doi:10.1109/tase.2023.3277331,DopUS-Net: Quality-Aware Robotic Ultrasound Imaging Based on Doppler Signal,2023,10.1109/tase.2023.3277331,OpenAlex,https://openalex.org/W4380607050,no_location_identified,,precision automated title candidate; manual verification pending
A1,机器人超声,title:embodiedusfsfastslowintelligenceforultrasoundrobotics,EmbodiedUS-FS: Fast Slow Intelligence for Ultrasound Robotics,2026,,arXiv,http://arxiv.org/abs/2606.22319v1,yes,http://arxiv.org/pdf/2606.22319v1,precision automated title candidate; manual verification pending
A1,机器人超声,title:enablingmammographywithcoroboticultrasound,Enabling Mammography with Co-Robotic Ultrasound,2023,,arXiv,http://arxiv.org/abs/2312.10309v1,yes,http://arxiv.org/pdf/2312.10309v1,precision automated title candidate; manual verification pending
A1,机器人超声,title:endtoendframeworkintegratinggenerativeaianddeepreinforcementlearningforautonomousultrasoundscanning,End-to-End Framework Integrating Generative AI and Deep Reinforcement Learning for Autonomous Ultrasound Scanning,2025,,arXiv,http://arxiv.org/abs/2511.00114v1,yes,http://arxiv.org/pdf/2511.00114v1,precision automated title candidate; manual verification pending
A1,机器人超声,doi:10.1117/12.3078994,Enhanced diagnostic imaging for rheumatoid arthritis in the finger via robotic arc ultrasound scanning and 3D reconstruction,2026,10.1117/12.3078994,Crossref,https://doi.org/10.1117/12.3078994,no_location_identified,,precision automated title candidate; manual verification pending
A1,机器人超声,doi:10.1109/tvcg.2025.3549181,Enhancing Patient Acceptance of Robotic Ultrasound through Conversational Virtual Agent and Immersive Visualizations.,2025,10.1109/tvcg.2025.3549181,Europe PMC; OpenAlex; arXiv,http://arxiv.org/abs/2502.10088v1; https://europepmc.org/article/MED/40053648; https://openalex.org/W4408235540,yes,http://arxiv.org/pdf/2502.10088v1; https://doi.org/10.1109/tvcg.2025.3549181,precision automated title candidate; manual verification pending
A1,机器人超声,doi:10.1109/jbhi.2025.3559495,Enhancing Ultrasound Scanning Skills in a Leader-Follower Robotic System through Expert Hand Impedance Regulation.,2025,10.1109/jbhi.2025.3559495,Europe PMC,https://europepmc.org/article/MED/40202886,no_location_identified,,precision automated title candidate; manual verification pending
A1,机器人超声,doi:10.3791/6479,Erratum: Use of 3D Robotic Ultrasound for &lt;em&gt;In Vivo&lt;/em&gt; Analysis of Mouse Kidneys,2021,10.3791/6479,Crossref,https://doi.org/10.3791/6479,no_location_identified,,precision automated title candidate; manual verification pending
A1,机器人超声,doi:10.21203/rs.3.rs-5686254/v1,Evaluate the perceptions of novel global robotic ultrasound techniques to create a sonographic degree field in Jordan,2025,10.21203/rs.3.rs-5686254/v1,Crossref; Europe PMC,https://doi.org/10.21203/rs.3.rs-5686254/v1; https://europepmc.org/article/PPR/PPR996938,no_location_identified,,precision automated title candidate; manual verification pending
A1,机器人超声,doi:10.3389/fbioe.2024.1436702,Evaluation and modeling of diaphragm displacement using ultrasound imaging for wearable respiratory assistive robot.,2024,10.3389/fbioe.2024.1436702,Europe PMC,https://europepmc.org/article/MED/39219622,yes,https://pmc.ncbi.nlm.nih.gov/articles/PMC11361991/,precision automated title candidate; manual verification pending
A1,机器人超声,doi:10.1109/ultsym.2009.5441761,Evaluation of 3D reconstructed lower limb vessel geometries with an ultrasound robotic imaging system,2009,10.1109/ultsym.2009.5441761,Crossref,https://doi.org/10.1109/ultsym.2009.5441761,no_location_identified,,precision automated title candidate; manual verification pending
A1,机器人超声,doi:10.1109/cic.2005.1588219,Evaluation of the quality of ultrasound image compression for a robotic tele-echographic system,2005,10.1109/cic.2005.1588219,Crossref,https://doi.org/10.1109/cic.2005.1588219,no_location_identified,,precision automated title candidate; manual verification pending
A1,机器人超声,doi:10.1007/s10396-026-01667-z,Feasibility and preliminary validation of an autonomous robotic ultrasound system for thyroid nodule screening: a pilot prospective study.,2026,10.1007/s10396-026-01667-z,Europe PMC,https://europepmc.org/article/MED/42401697,no_location_identified,,precision automated title candidate; manual verification pending
A1,机器人超声,doi:10.1016/j.chest.2020.06.068,Feasibility of a 5G-Based Robot-Assisted Remote Ultrasound System for Cardiopulmonary Assessment of Patients With Coronavirus Disease 2019,2020,10.1016/j.chest.2020.06.068,Europe PMC; OpenAlex,https://europepmc.org/article/MED/32653568; https://openalex.org/W3108053057,yes,http://journal.chestnet.org/article/S0012369220318705/pdf; https://pmc.ncbi.nlm.nih.gov/articles/PMC7347315/,precision automated title candidate; manual verification pending
A1,机器人超声,doi:10.1038/s41598-024-76441-7,Feasibility of remote robot empowered teleultrasound scanning for radioactive patients.,2025,10.1038/s41598-024-76441-7,Europe PMC,https://europepmc.org/article/MED/39900945,yes,https://pmc.ncbi.nlm.nih.gov/articles/PMC11790871/,precision automated title candidate; manual verification pending
A1,机器人超声,doi:10.1117/12.2551118,Feasibility of robot-assisted ultrasound imaging with force feedback for assessment of thyroid diseases,2020,10.1117/12.2551118,Europe PMC; OpenAlex,https://europepmc.org/article/MED/32742057; https://openalex.org/W3010664997,yes,https://pmc.ncbi.nlm.nih.gov/articles/PMC7392820/; https://www.ncbi.nlm.nih.gov/pmc/articles/7392820,precision automated title candidate; manual verification pending
A1,机器人超声,doi:10.1007/978-3-030-00232-9_57,Finger Joint Detection Vision Algorithm for Autonomous Rheumatoid Ultrasound Scan,2018,10.1007/978-3-030-00232-9_57,OpenAlex,https://openalex.org/W2894419625,yes,https://portal.findresearcher.sdu.dk/da/publications/7c99cfda-6a96-4361-a8ad-a972a71188b4,precision automated title candidate; manual verification pending
A1,机器人超声,title:followthecurveroboticultrasoundnavigationwithlearningbasedlocalizationofspinousprocessesforscoliosisassessment,Follow the Curve: Robotic-Ultrasound Navigation with Learning Based Localization of Spinous Processes for Scoliosis Assessment,2021,,arXiv,http://arxiv.org/abs/2109.05196v1,yes,http://arxiv.org/pdf/2109.05196v1,precision automated title candidate; manual verification pending
A1,机器人超声,doi:10.1186/s13244-025-02181-5,Force-controlled robotic ultrasound elastography enhances diagnostic consistency for thyroid nodules.,2026,10.1186/s13244-025-02181-5,Europe PMC,https://europepmc.org/article/MED/41989516,yes,https://pmc.ncbi.nlm.nih.gov/articles/PMC13087058/,precision automated title candidate; manual verification pending
A1,机器人超声,doi:10.3390/act13020062,Force Tracking Control Method for Robotic Ultrasound Scanning System under Soft Uncertain Environment,2024,10.3390/act13020062,OpenAlex,https://openalex.org/W4391566397,yes,https://www.mdpi.com/2076-0825/13/2/62/pdf?version=1707201125,precision automated title candidate; manual verification pending
A1,机器人超声,title:forceultrasoundfusionbringingspineroboticustothenextlevel,"Force-Ultrasound Fusion: Bringing Spine Robotic-US to the Next ""Level""",2020,,arXiv,http://arxiv.org/abs/2002.11404v1,yes,http://arxiv.org/pdf/2002.11404v1,precision automated title candidate; manual verification pending
A1,机器人超声,title:fromscanningguidelinestoactionaroboticultrasoundagentwithllmbasedreasoning,From Scanning Guidelines to Action: A Robotic Ultrasound Agent with LLM-Based Reasoning,2026,,arXiv,http://arxiv.org/abs/2603.14393v1,yes,http://arxiv.org/pdf/2603.14393v1,precision automated title candidate; manual verification pending
A1,机器人超声,title:fromselfnormalpositioningtoomnidirectionaltrackingrealtimesurfacemodelingenabledprobetiltcontrolforroboticultrasoundimaging,From Self-Normal-Positioning to Omni-Directional Tracking: Real-Time Surface Modeling Enabled Probe Tilt Control for Robotic Ultrasound Imaging,2026,,arXiv,http://arxiv.org/abs/2608.11409v1,yes,http://arxiv.org/pdf/2608.11409v1,precision automated title candidate; manual verification pending
A1,机器人超声,doi:10.1109/tie.2022.3204967,Full-Coverage Path Planning and Stable Interaction Control for Automated Robotic Breast Ultrasound Scanning,2022,10.1109/tie.2022.3204967,OpenAlex,https://openalex.org/W4295832261,no_location_identified,,precision automated title candidate; manual verification pending
A1,机器人超声,doi:10.1038/s41598-025-31892-4,Fully automated robotic ultrasound gallbladder imaging with subcostal scanning.,2025,10.1038/s41598-025-31892-4,Europe PMC; OpenAlex,https://europepmc.org/article/MED/41372569; https://openalex.org/W4417186273,yes,https://pmc.ncbi.nlm.nih.gov/articles/PMC12808744/; https://www.nature.com/articles/s41598-025-31892-4_reference.pdf,precision automated title candidate; manual verification pending
A1,机器人超声,doi:10.1109/tuffc.2022.3211532,Fully Automatic Dual-Probe Lung Ultrasound Scanning Robot for Screening Triage,2022,10.1109/tuffc.2022.3211532,Europe PMC; OpenAlex,https://europepmc.org/article/MED/36191095; https://openalex.org/W4301392650,no_location_identified,,precision automated title candidate; manual verification pending
A1,机器人超声,doi:10.1109/icra48891.2023.10161148,Fully Robotized 3D Ultrasound Image Acquisition for Artery,2023,10.1109/icra48891.2023.10161148,Crossref; OpenAlex,https://doi.org/10.1109/icra48891.2023.10161148; https://openalex.org/W4383097412,no_location_identified,,precision automated title candidate; manual verification pending
A1,机器人超声,doi:10.31256/hsmr26.59,Fusing Static and Dynamic: Augmenting Intraoperative CBCT with Robotic Ultrasound for Soft Tissue Deformation Analysis,2026,10.31256/hsmr26.59,Crossref,https://doi.org/10.31256/hsmr26.59,no_location_identified,,precision automated title candidate; manual verification pending
A1,机器人超声,doi:10.1007/s11548-019-01915-3,Gain determination of feedback force for an ultrasound scanning robot using genetic algorithm,2019,10.1007/s11548-019-01915-3,Europe PMC; OpenAlex,https://europepmc.org/article/MED/30707330; https://openalex.org/W2913157317,no_location_identified,,precision automated title candidate; manual verification pending
A1,机器人超声,title:gazeguidedroboticvascularultrasoundleveraginghumanintentionestimation,Gaze-Guided Robotic Vascular Ultrasound Leveraging Human Intention Estimation,2025,,arXiv,http://arxiv.org/abs/2502.05053v1,yes,http://arxiv.org/pdf/2502.05053v1,precision automated title candidate; manual verification pending
A1,机器人超声,doi:10.1109/tase.2024.3448241,Guiding the Last Centimeter: Novel Anatomy-Aware Probe Servoing for Standardized Imaging Plane Navigation in Robotic Lung Ultrasound,2024,10.1109/tase.2024.3448241,arXiv,http://arxiv.org/abs/2406.11523v1,yes,http://arxiv.org/pdf/2406.11523v1,precision automated title candidate; manual verification pending
A1,机器人超声,doi:10.1109/iros.2008.4651013,Hand-eye self-calibration of an ultrasound image-based robotic system,2008,10.1109/iros.2008.4651013,Crossref,https://doi.org/10.1109/iros.2008.4651013,no_location_identified,,precision automated title candidate; manual verification pending
A1,机器人超声,doi:10.3390/robotics13110164,HaptiScan: A Haptically-Enabled Robotic Ultrasound System for Remote Medical Diagnostics,2024,10.3390/robotics13110164,OpenAlex,https://openalex.org/W4404247107,yes,https://www.mdpi.com/2218-6581/13/11/164/pdf?version=1731242262,precision automated title candidate; manual verification pending
A1,机器人超声,doi:10.3390/s26092804,Hardware-Agnostic Imitation Learning Method for Autonomous Ultrasound Scanning Addressing Physical Deployment Discrepancies.,2026,10.3390/s26092804,Crossref; Europe PMC,https://doi.org/10.3390/s26092804; https://europepmc.org/article/MED/42122525,yes,https://pmc.ncbi.nlm.nih.gov/articles/PMC13165560/,precision automated title candidate; manual verification pending
A1,机器人超声,doi:10.1109/icra55743.2025.11128742,HFUS-NeRF: Hybrid Representation for Fast Ultrasound Reconstruction in Robotic Ultrasound System,2025,10.1109/icra55743.2025.11128742,Crossref,https://doi.org/10.1109/icra55743.2025.11128742,no_location_identified,,precision automated title candidate; manual verification pending
A1,机器人超声,doi:10.1117/12.2254707,High resolution three-dimensional robotic synthetic tracked aperture ultrasound imaging: feasibility study,2017,10.1117/12.2254707,Crossref,https://doi.org/10.1117/12.2254707,no_location_identified,,precision automated title candidate; manual verification pending
A1,机器人超声,doi:10.1117/12.3079320,High-speed robotic ultrasound scanning for finger joint examination,2026,10.1117/12.3079320,Crossref,https://doi.org/10.1117/12.3079320,no_location_identified,,precision automated title candidate; manual verification pending
A1,机器人超声,doi:10.1109/embc.2013.6610635,Human abdomen recognition using camera and force sensor in medical robot system for automatic ultrasound scan,2013,10.1109/embc.2013.6610635,OpenAlex,https://openalex.org/W1996424176,no_location_identified,,precision automated title candidate; manual verification pending
A1,机器人超声,doi:10.1109/biorob.2018.8487186,Hybrid Force/Velocity Control “With Compliance Estimation via Strain Elastography for Robot Assisted Ultrasound Screening,2018,10.1109/biorob.2018.8487186,OpenAlex,https://openalex.org/W2897646519,no_location_identified,,precision automated title candidate; manual verification pending
A1,机器人超声,doi:10.1109/tase.2025.3545043,Image-Driven Imitation Learning: Acquiring Expert Scanning Skills in Robotics Ultrasound,2025,10.1109/tase.2025.3545043,OpenAlex,https://openalex.org/W4407899931,no_location_identified,,precision automated title candidate; manual verification pending
A1,机器人超声,doi:10.1109/70.988970,Image-guided control of a robot for medical ultrasound,2002,10.1109/70.988970,OpenAlex,https://openalex.org/W2120415087,no_location_identified,,precision automated title candidate; manual verification pending
A1,机器人超声,doi:10.1109/tmrb.2021.3127015,Image-Guided Navigation of a Robotic Ultrasound Probe for Autonomous Spinal Sonography Using a Shadow-aware Dual-Agent Framework,2021,10.1109/tmrb.2021.3127015,OpenAlex,https://openalex.org/W3209068503; https://openalex.org/W3213118596,yes,http://arxiv.org/pdf/2111.02167.pdf; https://arxiv.org/pdf/2111.02167,precision automated title candidate; manual verification pending
A1,机器人超声,doi:10.1109/tmrb.2024.3472856,Imitation Learning of Compression Pattern in Robotic-Assisted Ultrasound Examination Using Kernelized Movement Primitives,2024,10.1109/tmrb.2024.3472856,OpenAlex; arXiv,http://arxiv.org/abs/2407.08506v2; https://openalex.org/W4403094292,yes,http://arxiv.org/pdf/2407.08506v2; https://doi.org/10.1109/tmrb.2024.3472856,precision automated title candidate; manual verification pending
A1,机器人超声,title:immersivevirtualrealityplatformforrobotassistedantenatalultrasoundscanning,Immersive Virtual Reality Platform for Robot-Assisted Antenatal Ultrasound Scanning,2023,,arXiv,http://arxiv.org/abs/2309.03725v1,yes,http://arxiv.org/pdf/2309.03725v1,precision automated title candidate; manual verification pending
A1,机器人超声,doi:10.1080/10589759.2021.1889546,Implementation and evaluation of an autonomous airborne ultrasound inspection system,2021,10.1080/10589759.2021.1889546,OpenAlex,https://openalex.org/W3133118429,yes,https://www.tandfonline.com/doi/pdf/10.1080/10589759.2021.1889546?needAccess=true,precision automated title candidate; manual verification pending
A1,机器人超声,doi:10.1109/icra57147.2024.10611443,Implicit Neural Representations for Breathing-compensated Volume Reconstruction in Robotic Ultrasound,2024,10.1109/icra57147.2024.10611443,OpenAlex,https://openalex.org/W4401416761,no_location_identified,,precision automated title candidate; manual verification pending
A1,机器人超声,doi:10.1016/j.carj.2016.08.002,Initial Experience Using a Telerobotic Ultrasound System for Adult Abdominal Sonography,2017,10.1016/j.carj.2016.08.002,OpenAlex,https://openalex.org/W2585532967,no_location_identified,,precision automated title candidate; manual verification pending
A1,机器人超声,doi:10.1515/cdbme-2025-0321,Initial Transducer Placement for Automated Robotic Ultrasound Examinations,2025,10.1515/cdbme-2025-0321,Crossref,https://doi.org/10.1515/cdbme-2025-0321,no_location_identified,,precision automated title candidate; manual verification pending
A1,机器人超声,title:intelligentvirtualsonographerivsenhancingphysicianrobotpatientcommunication,Intelligent Virtual Sonographer (IVS): Enhancing Physician-Robot-Patient Communication,2025,,arXiv,http://arxiv.org/abs/2507.13052v1,yes,http://arxiv.org/pdf/2507.13052v1,precision automated title candidate; manual verification pending
A1,机器人超声,doi:10.1007/s11701-023-01701-z,Intra-operative ultrasound assessment of the biliary tree during robotic cholecystectomy,2023,10.1007/s11701-023-01701-z,Crossref,https://doi.org/10.1007/s11701-023-01701-z,no_location_identified,,precision automated title candidate; manual verification pending
A1,机器人超声,doi:10.1016/s1569-9056(16)15269-8,Intraoperative ultrasound imaging during robotic assisted partial nephrectomy,2016,10.1016/s1569-9056(16)15269-8,Crossref,https://doi.org/10.1016/s1569-9056(16)15269-8,no_location_identified,,precision automated title candidate; manual verification pending
A1,机器人超声,doi:10.1007/s11255-020-02664-y,Intraoperative ultrasound: technique and clinical experience in robotic-assisted renal partial nephrectomy for endophytic renal tumors,2020,10.1007/s11255-020-02664-y,OpenAlex,https://openalex.org/W3089710225,no_location_identified,,precision automated title candidate; manual verification pending
A1,机器人超声,doi:10.1111/aogs.70099,Introduction of robot-assisted obstetric ultrasound in rural Northern Norway.,2026,10.1111/aogs.70099,Europe PMC; OpenAlex,https://europepmc.org/article/MED/41311004; https://openalex.org/W4416775226,yes,https://onlinelibrary.wiley.com/doi/pdfdirect/10.1111/aogs.70099; https://pmc.ncbi.nlm.nih.gov/articles/PMC12746202/,precision automated title candidate; manual verification pending
A1,机器人超声,doi:10.1109/tie.2023.3250767,Inverse-Reinforcement-Learning-Based Robotic Ultrasound Active Compliance Control in Uncertain Environments,2023,10.1109/tie.2023.3250767,OpenAlex,https://openalex.org/W4323338439,no_location_identified,,precision automated title candidate; manual verification pending
A1,机器人超声,title:learningautonomousultrasoundvialatenttaskrepresentationandroboticskillsadaptation,Learning Autonomous Ultrasound via Latent Task Representation and Robotic Skills Adaptation,2023,,arXiv,http://arxiv.org/abs/2307.13323v1,yes,http://arxiv.org/pdf/2307.13323v1,precision automated title candidate; manual verification pending
A1,机器人超声,title:learningrewardsforroboticultrasoundscanningusingprobabilistictemporalranking,Learning rewards for robotic ultrasound scanning using probabilistic temporal ranking,2020,,arXiv,http://arxiv.org/abs/2002.01240v3,yes,http://arxiv.org/pdf/2002.01240v3,precision automated title candidate; manual verification pending
A1,机器人超声,doi:10.1109/robio54168.2021.9739464,Learning Robotic Ultrasound Scanning Skills via Human Demonstrations and Guided Explorations,2021,10.1109/robio54168.2021.9739464,Crossref; OpenAlex; arXiv,http://arxiv.org/abs/2111.01625v1; https://doi.org/10.1109/robio54168.2021.9739464; https://openalex.org/W3211330821,yes,http://arxiv.org/pdf/2111.01625v1; https://arxiv.org/pdf/2111.01625,precision automated title candidate; manual verification pending
A1,机器人超声,title:learningroboticultrasoundscanningusingprobabilistictemporalranking,Learning robotic ultrasound scanning using probabilistic temporal ranking.,2020,,OpenAlex,https://openalex.org/W3005507249,yes,https://arxiv.org/abs/2002.01240,precision automated title candidate; manual verification pending
A1,机器人超声,doi:10.5772/intechopen.105069,Learning Robotic Ultrasound Skills from Human Demonstrations,2022,10.5772/intechopen.105069,Crossref; OpenAlex,https://doi.org/10.5772/intechopen.105069; https://openalex.org/W4281914795,yes,https://www.intechopen.com/citation-pdf-url/82056,precision automated title candidate; manual verification pending
A1,机器人超声,title:localizingscantargetsfromhumanposeforautonomouslungultrasoundimaging,Localizing Scan Targets from Human Pose for Autonomous Lung Ultrasound Imaging,2023,,Europe PMC; arXiv,http://arxiv.org/abs/2212.07867v2; https://europepmc.org/article/PPR/PPR621799,yes,http://arxiv.org/pdf/2212.07867v2,precision automated title candidate; manual verification pending
A1,机器人超声,doi:10.1109/icnsc.2007.372785,Medical Quality of Service for Wireless Ultrasound Streaming in Robotic Tele-Ultrasonography System,2007,10.1109/icnsc.2007.372785,Crossref,https://doi.org/10.1109/icnsc.2007.372785,no_location_identified,,precision automated title candidate; manual verification pending
A1,机器人超声,doi:10.1109/lra.2022.3170209,Medical Ultrasound Image Quality Assessment for Autonomous Robotic Screening,2022,10.1109/lra.2022.3170209,OpenAlex,https://openalex.org/W4226514657,no_location_identified,,precision automated title candidate; manual verification pending
A1,机器人超声,doi:10.3390/s25072298,Method of Forearm Muscles 3D Modeling Using Robotic Ultrasound Scanning.,2025,10.3390/s25072298,Europe PMC; OpenAlex,https://europepmc.org/article/MED/40218810; https://openalex.org/W4409161124,yes,https://pmc.ncbi.nlm.nih.gov/articles/PMC11991125/; https://www.mdpi.com/1424-8220/25/7/2298/pdf?version=1743770112,precision automated title candidate; manual verification pending
A1,机器人超声,doi:10.1115/imece2024-145879,Modeling and Control of an Innovative Soft Robotic Ultrasound System,2024,10.1115/imece2024-145879,Crossref,https://doi.org/10.1115/imece2024-145879,no_location_identified,,precision automated title candidate; manual verification pending
A1,机器人超声,doi:10.1109/icra48506.2021.9561487,Motion-Aware Robotic 3D Ultrasound,2021,10.1109/icra48506.2021.9561487,OpenAlex; arXiv,http://arxiv.org/abs/2107.05998v1; https://openalex.org/W3179339842,yes,http://arxiv.org/pdf/2107.05998v1; https://arxiv.org/pdf/2107.05998,precision automated title candidate; manual verification pending
A1,机器人超声,doi:10.1109/robot.2000.844822,Motion/force/image control of a diagnostic ultrasound robot,2002,10.1109/robot.2000.844822,OpenAlex,https://openalex.org/W2161006934,no_location_identified,,precision automated title candidate; manual verification pending
A1,机器人超声,doi:10.1117/12.3087931,Motion stability guidance in robotic vascular ultrasound imaging,2026,10.1117/12.3087931,Crossref,https://doi.org/10.1117/12.3087931,no_location_identified,,precision automated title candidate; manual verification pending
A1,机器人超声,doi:10.1016/j.urology.2011.07.335,MP-14.13 Robotic Partial Nephrectomy Using a Robotic Ultrasound Probe for Tumor Identification: Initial Series and Outcomes,2011,10.1016/j.urology.2011.07.335,Crossref,https://doi.org/10.1016/j.urology.2011.07.335,no_location_identified,,precision automated title candidate; manual verification pending
A1,机器人超声,doi:10.1109/ccdc69976.2026.11560014,Multi-Modal Adversarial Reinforcement Learning for Human-Like Autonomous Ultrasound Scanning,2026,10.1109/ccdc69976.2026.11560014,Crossref,https://doi.org/10.1109/ccdc69976.2026.11560014,no_location_identified,,precision automated title candidate; manual verification pending
A1,机器人超声,doi:10.1109/tase.2024.3370728,Multi-Modal Autonomous Ultrasound Scanning for Efficient Human–Machine Fusion Interaction,2024,10.1109/tase.2024.3370728,Crossref; OpenAlex,https://doi.org/10.1109/tase.2024.3370728; https://openalex.org/W4392309551,no_location_identified,,precision automated title candidate; manual verification pending
A1,机器人超声,doi:10.48550/arxiv.2302.05685,Multi-Modal Interaction Control of Ultrasound Scanning Robots with Safe Human Guidance and Contact Recovery,2023,10.48550/arxiv.2302.05685,OpenAlex,https://openalex.org/W4320837757,yes,https://arxiv.org/pdf/2302.05685,precision automated title candidate; manual verification pending
A1,机器人超声,doi:10.1117/12.911732,Multiple capture locations for 3D ultrasound-guided robotic retrieval of moving bodies from a beating heart,2012,10.1117/12.911732,Crossref,https://doi.org/10.1117/12.911732,no_location_identified,,precision automated title candidate; manual verification pending
A1,机器人超声,doi:10.1109/ur55393.2022.9826265,Neural Network Model of eFAST Target Prediction for Robotic Ultrasound Diagnostics in Austere Environments,2022,10.1109/ur55393.2022.9826265,OpenAlex,https://openalex.org/W4285400494,no_location_identified,,precision automated title candidate; manual verification pending
A1,机器人超声,title:online4dultrasoundguidedrobotictrackingenables3dultrasoundlocalisationmicroscopywithlargetissuedisplacements,Online 4D Ultrasound-Guided Robotic Tracking Enables 3D Ultrasound Localisation Microscopy with Large Tissue Displacements,2024,,arXiv,http://arxiv.org/abs/2409.11391v3,yes,http://arxiv.org/pdf/2409.11391v3,precision automated title candidate; manual verification pending
A1,机器人超声,doi:10.1109/tmi.2025.3571392,Online 4D Ultrasound-Guided Robotic Tracking Enables 3D Ultrasound Localization Microscopy With Large Tissue Displacements.,2025,10.1109/tmi.2025.3571392,Europe PMC,https://europepmc.org/article/MED/40388268,yes,https://pmc.ncbi.nlm.nih.gov/articles/PMC7617744/,precision automated title candidate; manual verification pending
A1,机器人超声,doi:10.1108/ria-02-2023-0012,On mimicking human’s manipulation for robot-assisted spine ultrasound imaging,2023,10.1108/ria-02-2023-0012,OpenAlex,https://openalex.org/W4385595204,no_location_identified,,precision automated title candidate; manual verification pending
A1,机器人超声,doi:10.5826/tuj.2026.18302,On the interception of the optimal imaging plane for pleural line scanning with automatic robot assisted lung ultrasound: An experimental study.,2026,10.5826/tuj.2026.18302,Europe PMC,https://europepmc.org/article/MED/41823108,no_location_identified,,precision automated title candidate; manual verification pending
A1,机器人超声,doi:10.1007/s11548-017-1561-1,On the reproducibility of expert-operated and robotic ultrasound acquisitions,2017,10.1007/s11548-017-1561-1,Europe PMC; OpenAlex,https://europepmc.org/article/MED/28321804; https://openalex.org/W2599839468,no_location_identified,,precision automated title candidate; manual verification pending
A1,机器人超声,doi:10.1109/ismar62088.2024.00070,Optimizing In-Contact Force Planning in Robotic Ultrasound with Augmented Reality Visualization Techniques,2024,10.1109/ismar62088.2024.00070,OpenAlex,https://openalex.org/W4404849586,no_location_identified,,precision automated title candidate; manual verification pending
A1,机器人超声,doi:10.1515/cdbme-2025-0227,Optimizing Reachability and Wrench Estimation in Robotic Ultrasound via Probe Holder Geometry,2025,10.1515/cdbme-2025-0227,Crossref,https://doi.org/10.1515/cdbme-2025-0227,no_location_identified,,precision automated title candidate; manual verification pending
A1,机器人超声,doi:10.1109/icra.2011.5979594,Out-of-plane visual servoing method for tracking the carotid artery with a robot-assisted ultrasound diagnostic system,2011,10.1109/icra.2011.5979594,OpenAlex,https://openalex.org/W2124067196,no_location_identified,,precision automated title candidate; manual verification pending
A1,机器人超声,doi:10.1109/isie.2006.296111,Parallel Robot for Medical 3D-Ultrasound Imaging,2006,10.1109/isie.2006.296111,OpenAlex,https://openalex.org/W1966960457,no_location_identified,,precision automated title candidate; manual verification pending
A1,机器人超声,doi:10.1109/tase.2026.3684122,Path Generation and Stable Interaction Control for Autonomous Robotic Breast Ultrasound Scanning,2026,10.1109/tase.2026.3684122,Crossref,https://doi.org/10.1109/tase.2026.3684122,no_location_identified,,precision automated title candidate; manual verification pending
A1,机器人超声,doi:10.36227/techrxiv.23599437.v1,Path Re-planning for Robotic Ultrasound Imaging of Bony Structures,2023,10.36227/techrxiv.23599437.v1,Crossref,https://doi.org/10.36227/techrxiv.23599437.v1,no_location_identified,,precision automated title candidate; manual verification pending
A1,机器人超声,doi:10.3390/robotics15020037,Patient Acceptability of Automated Robotic Ultrasound by Patient Profile,2026,10.3390/robotics15020037,Crossref,https://doi.org/10.3390/robotics15020037,no_location_identified,,precision automated title candidate; manual verification pending
A1,机器人超声,doi:10.1186/s12894-024-01400-3,Percutaneous nephrolithotomy guided by 5G-powered robot-assisted teleultrasound diagnosis system: first clinical experience with a novel tele-assistance approach (IDEAL stage 1).,2024,10.1186/s12894-024-01400-3,Europe PMC; OpenAlex,https://europepmc.org/article/MED/38238690; https://openalex.org/W4390979423,yes,https://bmcurol.biomedcentral.com/counter/pdf/10.1186/s12894-024-01400-3; https://pmc.ncbi.nlm.nih.gov/articles/PMC10795412/,precision automated title candidate; manual verification pending
A1,机器人超声,doi:10.1016/j.media.2007.10.006,Performance evaluation of a medical robotic 3D-ultrasound imaging system,2007,10.1016/j.media.2007.10.006,OpenAlex,https://openalex.org/W2045999511,no_location_identified,,precision automated title candidate; manual verification pending
A1,机器人超声,doi:10.1007/s11548-025-03563-2,Personalized scan path planning for robotic ultrasound in head and neck lesions.,2025,10.1007/s11548-025-03563-2,Europe PMC,https://europepmc.org/article/MED/41455055,no_location_identified,,precision automated title candidate; manual verification pending
A1,机器人超声,doi:10.1109/tuffc.2020.3020721,Pilot Study of Robot-Assisted Teleultrasound Based on 5G Network: A New Feasible Strategy for Early Imaging Assessment During COVID-19 Pandemic.,2020,10.1109/tuffc.2020.3020721,Europe PMC,https://europepmc.org/article/MED/32881685,yes,https://pmc.ncbi.nlm.nih.gov/articles/PMC8544926/,precision automated title candidate; manual verification pending
A1,机器人超声,doi:10.1109/lra.2019.2894499,Pneumatically Attachable Flexible Rails for Track-Guided Ultrasound Scanning in Robotic-Assisted Partial Nephrectomy—A Preliminary Design Study,2019,10.1109/lra.2019.2894499,OpenAlex,https://openalex.org/W2914714437,yes,https://ieeexplore.ieee.org/ielx7/7083369/8581687/08620542.pdf,precision automated title candidate; manual verification pending
A1,机器人超声,doi:10.1016/j.compbiomed.2025.110191,Point cloud-guided ultrasound robotic scanning path planning for the kidney based on anatomical positioning.,2025,10.1016/j.compbiomed.2025.110191,Europe PMC; OpenAlex,https://europepmc.org/article/MED/40262393; https://openalex.org/W4409629114,no_location_identified,,precision automated title candidate; manual verification pending
A1,机器人超声,doi:10.1109/tim.2022.3200360,Precise Repositioning of Robotic Ultrasound: Improving Registration-Based Motion Compensation Using Ultrasound Confidence Optimization,2022,10.1109/tim.2022.3200360,Crossref; OpenAlex; arXiv,http://arxiv.org/abs/2208.05383v2; https://doi.org/10.1109/tim.2022.3200360; https://openalex.org/W4292793935,yes,http://arxiv.org/pdf/2208.05383v2; https://arxiv.org/pdf/2208.05383,precision automated title candidate; manual verification pending
A1,机器人超声,doi:10.1109/icce.2016.7430733,Preliminary development of a soft robotic ultrasound steering system,2016,10.1109/icce.2016.7430733,Crossref,https://doi.org/10.1109/icce.2016.7430733,no_location_identified,,precision automated title candidate; manual verification pending
A1,机器人超声,doi:10.1016/j.apergo.2021.103479,Preliminary examination of the potential of robot-assisted sonography - An ergonomic tool for obstetric sonographers,2021,10.1016/j.apergo.2021.103479,Europe PMC; OpenAlex,https://europepmc.org/article/MED/34126571; https://openalex.org/W3169802070,no_location_identified,,precision automated title candidate; manual verification pending
A1,机器人超声,doi:10.1016/j.ergon.2021.103224,Probe contact forces during obstetric ultrasound scans - A design parameter for robot-assisted ultrasound,2021,10.1016/j.ergon.2021.103224,OpenAlex,https://openalex.org/W3199866477,no_location_identified,,precision automated title candidate; manual verification pending
A1,机器人超声,doi:10.1109/ismr48347.2022.9807524,Quantitative Assessment of Calibration Motion Profiles in Robotic-assisted Ultrasound System,2022,10.1109/ismr48347.2022.9807524,Crossref,https://doi.org/10.1109/ismr48347.2022.9807524,no_location_identified,,precision automated title candidate; manual verification pending
A1,机器人超声,doi:10.1109/tbme.2025.3634552,Quasi-static Elastography-driven Automated Robotic Ultrasound Screening and Localization.,2025,10.1109/tbme.2025.3634552,Europe PMC,https://europepmc.org/article/MED/41359732,no_location_identified,,precision automated title candidate; manual verification pending
A1,机器人超声,title:ragrussaretrievalaugmentedroboticultrasoundforautonomouscarotidexamination,RAG-RUSS: A Retrieval-Augmented Robotic Ultrasound for Autonomous Carotid Examination,2026,,arXiv,http://arxiv.org/abs/2603.01153v1,yes,http://arxiv.org/pdf/2603.01153v1,precision automated title candidate; manual verification pending
A1,机器人超声,doi:10.1016/j.ultrasmedbio.2025.12.012,Real-Time and Precise 3-D Lesion Reconstruction With Boundary Point Clouds for Robotic Ultrasound Scanning.,2026,10.1016/j.ultrasmedbio.2025.12.012,Crossref; Europe PMC,https://doi.org/10.1016/j.ultrasmedbio.2025.12.012; https://europepmc.org/article/MED/41617541,no_location_identified,,precision automated title candidate; manual verification pending
A1,机器人超声,doi:10.1126/sciadv.adt8887,Real-time color flow mapping of ultrasound microrobots.,2025,10.1126/sciadv.adt8887,Europe PMC,https://europepmc.org/article/MED/40680140,yes,https://pmc.ncbi.nlm.nih.gov/articles/PMC12273784/,precision automated title candidate; manual verification pending
A1,机器人超声,doi:10.1021/acsnano.1c07830,Real-Time Ultrasound Doppler Tracking and Autonomous Navigation of a Miniature Helical Robot for Accelerating Thrombolysis in Dynamic Blood Flow,2022,10.1021/acsnano.1c07830,OpenAlex,https://openalex.org/W4206472181,no_location_identified,,precision automated title candidate; manual verification pending
A1,机器人超声,doi:10.1109/robot.2007.363866,Real-Time Visual Servoing of a Robot Using Three-Dimensional Ultrasound,2007,10.1109/robot.2007.363866,OpenAlex,https://openalex.org/W2099358917,no_location_identified,,precision automated title candidate; manual verification pending
A1,机器人超声,doi:10.3390/act11020033,Redundancy Exploitation of an 8-DoF Robotic Assistant for Doppler Sonography,2022,10.3390/act11020033,OpenAlex,https://openalex.org/W4210335571,yes,https://www.mdpi.com/2076-0825/11/2/33/pdf?version=1643256186,precision automated title candidate; manual verification pending
A1,机器人超声,doi:10.20944/preprints202508.1647.v1,Reinforcement Learning for Robot Assisted Live Ultrasound Examination,2025,10.20944/preprints202508.1647.v1,Europe PMC,https://europepmc.org/article/PPR/PPR1072514,no_location_identified,,precision automated title candidate; manual verification pending
A1,机器人超声,title:reliabilityofroboticultrasoundscanningforscoliosisassessmentincomparisonwithmanualscanning,Reliability of Robotic Ultrasound Scanning for Scoliosis Assessment in Comparison with Manual Scanning,2022,,arXiv,http://arxiv.org/abs/2205.03566v1,yes,http://arxiv.org/pdf/2205.03566v1,precision automated title candidate; manual verification pending
A1,机器人超声,doi:10.14797/mdcvj.1645,Remote and Telerobotic Ultrasound Imaging.,2025,10.14797/mdcvj.1645,Europe PMC,https://europepmc.org/article/MED/41078853,yes,https://pmc.ncbi.nlm.nih.gov/articles/PMC12513344/,precision automated title candidate; manual verification pending
A1,机器人超声,doi:10.1007/978-3-642-33415-3_6,Remote Ultrasound Palpation for Robotic Interventions Using Absolute Elastography,2012,10.1007/978-3-642-33415-3_6,OpenAlex,https://openalex.org/W94365490,yes,https://link.springer.com/content/pdf/10.1007/978-3-642-33415-3_6.pdf,precision automated title candidate; manual verification pending
A1,机器人超声,doi:10.3390/act15060333,Research on Robotic Force Control for Infant Hip Ultrasound,2026,10.3390/act15060333,Crossref,https://doi.org/10.3390/act15060333,no_location_identified,,precision automated title candidate; manual verification pending
A1,机器人超声,doi:10.1007/s11548-023-03019-5,Rib region detection for scanning path planning for fully automated robotic abdominal ultrasonography.,2024,10.1007/s11548-023-03019-5,Europe PMC,https://europepmc.org/article/MED/37787939,no_location_identified,,precision automated title candidate; manual verification pending
A1,机器人超声,doi:10.1007/978-3-319-05431-5_4,Robot-Assisted 3D Medical Sonography,2014,10.1007/978-3-319-05431-5_4,OpenAlex,https://openalex.org/W2166960422,no_location_identified,,precision automated title candidate; manual verification pending
A1,机器人超声,doi:10.1109/tim.2024.3353836,Robot-Assisted Autonomous Ultrasound Imaging for Carotid Artery,2024,10.1109/tim.2024.3353836,OpenAlex,https://openalex.org/W4390873692,no_location_identified,,precision automated title candidate; manual verification pending
A1,机器人超声,doi:10.1109/tase.2024.3351076,Robot-Assisted Deep Venous Thrombosis Ultrasound Examination using Virtual Fixture,2024,10.1109/tase.2024.3351076,arXiv,http://arxiv.org/abs/2401.02539v1,yes,http://arxiv.org/pdf/2401.02539v1,precision automated title candidate; manual verification pending
A1,机器人超声,doi:10.1007/978-3-642-13711-2_7,Robot-Assisted Laparoscopic Ultrasound,2010,10.1007/978-3-642-13711-2_7,OpenAlex,https://openalex.org/W1553898590,no_location_identified,,precision automated title candidate; manual verification pending
A1,机器人超声,doi:10.1007/s11042-016-3516-x,Robot-assisted mirror ultrasound scanning for deep venous thrombosis detection using RGB-D sensor,2016,10.1007/s11042-016-3516-x,OpenAlex,https://openalex.org/W2347178722,no_location_identified,,precision automated title candidate; manual verification pending
A1,机器人超声,doi:10.1109/tmrb.2021.3118293,Robot-Assisted Optical Ultrasound Scanning,2021,10.1109/tmrb.2021.3118293,OpenAlex,https://openalex.org/W3202576647,no_location_identified,,precision automated title candidate; manual verification pending
A1,机器人超声,doi:10.1109/tie.2022.3201322,Robot-Assisted Teleoperation Ultrasound System Based on Fusion of Augmented Reality and Predictive Force,2022,10.1109/tie.2022.3201322,OpenAlex,https://openalex.org/W4293704400,no_location_identified,,precision automated title candidate; manual verification pending
A1,机器人超声,doi:10.1109/tmech.2023.3247832,Robot-Assisted Trans-Esophageal Ultrasound and the Virtual Admittance-Based Master-Slave Control Method Thereof,2023,10.1109/tmech.2023.3247832,OpenAlex,https://openalex.org/W4323767279,yes,https://kclpure.kcl.ac.uk/ws/files/205125331/Robot_Assisted_Trans_Esophageal_Ultrasound_and_the_Virtual_Admittance_Based_Master_Slave_Control_Method_Thereof.pdf,precision automated title candidate; manual verification pending
A1,机器人超声,doi:10.1111/bju.70162,Robot-assisted ultrasound-guided PCNL: initial experience in 10 consecutive cases.,2026,10.1111/bju.70162,Europe PMC,https://europepmc.org/article/MED/41618629,yes,https://pmc.ncbi.nlm.nih.gov/articles/PMC13071539/,precision automated title candidate; manual verification pending
A1,机器人超声,doi:10.3109/13645706.2014.992908,Robot-assisted ultrasound imaging: Overview and development of a parallel telerobotic system,2014,10.3109/13645706.2014.992908,OpenAlex,https://openalex.org/W1989849962,no_location_identified,,precision automated title candidate; manual verification pending
A1,机器人超声,doi:10.1007/s11548-025-03347-8,Robot-assisted ultrasound probe calibration for image-guided interventions.,2025,10.1007/s11548-025-03347-8,Europe PMC,https://europepmc.org/article/MED/40183862,yes,https://pmc.ncbi.nlm.nih.gov/articles/PMC12323678/,precision automated title candidate; manual verification pending
A1,机器人超声,doi:10.1109/robot.2007.363863,Robot-Based 3D Ultrasound Scanning and Registration with Infrared Navigation Support,2007,10.1109/robot.2007.363863,OpenAlex,https://openalex.org/W2009773214,no_location_identified,,precision automated title candidate; manual verification pending
A1,机器人超声,doi:10.1515/cdbme-2017-0116,Robotic 4D ultrasound solution for real-time visualization and teleoperation,2017,10.1515/cdbme-2017-0116,Crossref,https://doi.org/10.1515/cdbme-2017-0116,no_location_identified,,precision automated title candidate; manual verification pending
A1,机器人超声,doi:10.1109/tii.2018.2871864,Robotic Arm Based Automatic Ultrasound Scanning for Three-Dimensional Imaging,2018,10.1109/tii.2018.2871864,OpenAlex,https://openalex.org/W2893379190,yes,http://ir.opt.ac.cn/handle/181661/31194,precision automated title candidate; manual verification pending
A1,机器人超声,doi:10.1109/rcar61438.2024.10670920,Robotic Assistance for Standardized Compression Ultrasound Elastography,2024,10.1109/rcar61438.2024.10670920,Crossref,https://doi.org/10.1109/rcar61438.2024.10670920,no_location_identified,,precision automated title candidate; manual verification pending
A1,机器人超声,doi:10.1016/j.jmir.2022.03.098,ROBotic assisted UltraSonography sysTem (ROBUST)for radiographers in the healthcare industry,2022,10.1016/j.jmir.2022.03.098,Crossref,https://doi.org/10.1016/j.jmir.2022.03.098,no_location_identified,,precision automated title candidate; manual verification pending
A1,机器人超声,doi:10.1002/rcs.70005,Robotic Assisted Ultrasound-Guided Endovascular Stent Implantation in a Vascular Model.,2024,10.1002/rcs.70005,Europe PMC,https://europepmc.org/article/MED/39501897,yes,https://pmc.ncbi.nlm.nih.gov/articles/PMC11670045/,precision automated title candidate; manual verification pending
A1,机器人超声,doi:10.1007/s11701-022-01398-6,Robotic CME in obese patients: advantage of robotic ultrasound scan for vascular dissection,2022,10.1007/s11701-022-01398-6,Crossref; Europe PMC; OpenAlex,https://doi.org/10.1007/s11701-022-01398-6; https://europepmc.org/article/MED/35428945; https://openalex.org/W4224026819,yes,https://link.springer.com/content/pdf/10.1007/s11701-022-01398-6.pdf; https://pmc.ncbi.nlm.nih.gov/articles/PMC9939489/,precision automated title candidate; manual verification pending
A1,机器人超声,doi:10.1007/s11548-020-02130-1,Robotic fetal ultrasonography platform with a passive scan mechanism,2020,10.1007/s11548-020-02130-1,OpenAlex,https://openalex.org/W3008583927,no_location_identified,,precision automated title candidate; manual verification pending
A1,机器人超声,doi:10.1109/jas.2021.1003985,Robotic Intra-Operative Ultrasound: Virtual Environments and Parallel Systems,2021,10.1109/jas.2021.1003985,OpenAlex,https://openalex.org/W3150923322,no_location_identified,,precision automated title candidate; manual verification pending
A1,机器人超声,doi:10.1109/icra48891.2023.10161542,Robotic Sonographer: Autonomous Robotic Ultrasound using Domain Expertise in Bayesian Optimization,2023,10.1109/icra48891.2023.10161542,Crossref; OpenAlex; arXiv,http://arxiv.org/abs/2307.02442v1; https://doi.org/10.1109/icra48891.2023.10161542; https://openalex.org/W4383108835,yes,http://arxiv.org/pdf/2307.02442v1; https://arxiv.org/pdf/2307.02442,precision automated title candidate; manual verification pending
A1,机器人超声,doi:10.5662/wjm.v12.i4.274,Robotic ultrasound: An initial feasibility study,2022,10.5662/wjm.v12.i4.274,OpenAlex,https://openalex.org/W4285385385,yes,https://doi.org/10.5662/wjm.v12.i4.274,precision automated title candidate; manual verification pending
A1,机器人超声,doi:10.1115/dmd2024-1048,Robotic Ultrasound for Remote Diagnostics: Design and Prototyping,2024,10.1115/dmd2024-1048,Crossref,https://doi.org/10.1115/dmd2024-1048,no_location_identified,,precision automated title candidate; manual verification pending
A1,机器人超声,doi:10.1007/s11548-018-1759-x,Robotic ultrasound-guided facet joint insertion,2018,10.1007/s11548-018-1759-x,OpenAlex,https://openalex.org/W2801809762,no_location_identified,,precision automated title candidate; manual verification pending
A1,机器人超声,doi:10.1007/s11548-016-1455-7,Robotic ultrasound-guided SBRT of the prostate: feasibility with respect to plan quality,2016,10.1007/s11548-016-1455-7,OpenAlex,https://openalex.org/W2472933288,no_location_identified,,precision automated title candidate; manual verification pending
A1,机器人超声,doi:10.1016/j.media.2023.102878,Robotic ultrasound imaging: State-of-the-art and future perspectives,2023,10.1016/j.media.2023.102878,Crossref; OpenAlex,https://doi.org/10.1016/j.media.2023.102878; https://openalex.org/W4384701644,no_location_identified,,precision automated title candidate; manual verification pending
A1,机器人超声,title:roboticultrasoundmakescbctalive,Robotic Ultrasound Makes CBCT Alive,2026,,arXiv,http://arxiv.org/abs/2603.10220v1,yes,http://arxiv.org/pdf/2603.10220v1,precision automated title candidate; manual verification pending
A1,机器人超声,doi:10.1111/j.1442-2042.2012.03127.x,Robotic ultrasound probe for tumor identification in robotic partial nephrectomy: Initial series and outcomes,2012,10.1111/j.1442-2042.2012.03127.x,Crossref; OpenAlex,https://doi.org/10.1111/j.1442-2042.2012.03127.x; https://openalex.org/W1536645843,no_location_identified,,precision automated title candidate; manual verification pending
A1,机器人超声,doi:10.1080/01691864.2013.776941,Robotic ultrasound probe handling auxiliary by active compliance control,2013,10.1080/01691864.2013.776941,Crossref; OpenAlex,https://doi.org/10.1080/01691864.2013.776941; https://openalex.org/W2015400603,no_location_identified,,precision automated title candidate; manual verification pending
A1,机器人超声,doi:10.1038/nrurol.2013.73,Robotic ultrasound probe OK for partial nephrectomy,2013,10.1038/nrurol.2013.73,Crossref,https://doi.org/10.1038/nrurol.2013.73,no_location_identified,,precision automated title candidate; manual verification pending
A1,机器人超声,doi:10.34133/cbsystems.0251,Robotic Ultrasound Scanning End-Effector with Adjustable Constant Contact Force.,2025,10.34133/cbsystems.0251,Europe PMC; OpenAlex,https://europepmc.org/article/MED/40321899; https://openalex.org/W4408403938,yes,https://spj.science.org/doi/pdf/10.34133/cbsystems.0251,precision automated title candidate; manual verification pending
A1,机器人超声,doi:10.1109/cyber.2015.7287986,Robotic ultrasound scanning for deep venous thrombosis detection using RGB-D sensor,2015,10.1109/cyber.2015.7287986,OpenAlex,https://openalex.org/W1637225239,yes,http://ir.sia.cn/handle/173321/18516,precision automated title candidate; manual verification pending
A1,机器人超声,doi:10.1007/s11548-026-03763-4,"Robotic ultrasound scanning platform with autonomous control, multimodal human-machine interface and real-time image analysis.",2026,10.1007/s11548-026-03763-4,Europe PMC,https://europepmc.org/article/MED/42533186,no_location_identified,,precision automated title candidate; manual verification pending
A1,机器人超声,doi:10.3389/frobt.2021.645424,Robotic Ultrasound Scanning With Real-Time Image-Based Force Adjustment: Quick Response for Enabling Physical Distancing During the COVID-19 Pandemic,2021,10.3389/frobt.2021.645424,Europe PMC; OpenAlex,https://europepmc.org/article/MED/33829043; https://openalex.org/W3139460796,yes,https://pmc.ncbi.nlm.nih.gov/articles/PMC8019797/; https://www.frontiersin.org/journals/robotics-and-ai/articles/10.3389/frobt.2021.645424/pdf,precision automated title candidate; manual verification pending
A1,机器人超声,doi:10.1109/icra.2016.7487201,Robotic ultrasound trajectory planning for volume of interest coverage,2016,10.1109/icra.2016.7487201,Crossref; OpenAlex,https://doi.org/10.1109/icra.2016.7487201; https://openalex.org/W2412329746,no_location_identified,,precision automated title candidate; manual verification pending
A1,机器人超声,doi:10.1109/mra.2016.2580478,"Robotic Ultrasound: View Planning, Tracking, and Automatic Acquisition of Transesophageal Echocardiography",2016,10.1109/mra.2016.2580478,OpenAlex,https://openalex.org/W2555681516,yes,https://kclpure.kcl.ac.uk/ws/files/108592195/Robotic_Ultrasound_View_Planning_Tracking_and_Automatic_Acquisition_of_Trans_esophageal_Echocardiography.pdf,precision automated title candidate; manual verification pending
A1,机器人超声,title:roboticversushumanteleoperationforremoteultrasound,Robotic versus Human Teleoperation for Remote Ultrasound,2025,,arXiv,http://arxiv.org/abs/2511.07275v1,yes,http://arxiv.org/pdf/2511.07275v1,precision automated title candidate; manual verification pending
A1,机器人超声,doi:10.3109/13645706.2015.1022558,Robot-integrated intraoperative ultrasound: Initial experience with hepatic malignancies,2015,10.3109/13645706.2015.1022558,OpenAlex,https://openalex.org/W2104642971,no_location_identified,,precision automated title candidate; manual verification pending
A1,机器人超声,doi:10.1109/ultsym.2010.5935724,Robot integrated ultrasound geometry-scanning for trackerless bone cement detection in RTHR,2010,10.1109/ultsym.2010.5935724,OpenAlex,https://openalex.org/W2542315147,no_location_identified,,precision automated title candidate; manual verification pending
A1,机器人超声,doi:10.1515/cdbme-2020-0033,Robotized ultrasound imaging of the peripheral arteries – a phantom study,2020,10.1515/cdbme-2020-0033,Crossref; OpenAlex,https://doi.org/10.1515/cdbme-2020-0033; https://openalex.org/W3091414563,yes,https://doaj.org/article/c33f5ea08f184fceba834264fc719de7,precision automated title candidate; manual verification pending
A1,机器人超声,doi:10.1109/access.2021.3077037,RobUSt–An Autonomous Robotic Ultrasound System for Medical Imaging,2021,10.1109/access.2021.3077037,Crossref; OpenAlex,https://doi.org/10.1109/access.2021.3077037; https://openalex.org/W3159554907,yes,https://ieeexplore.ieee.org/ielx7/6287639/9312710/09420731.pdf,precision automated title candidate; manual verification pending
A1,机器人超声,doi:10.26355/eurrev_202007_22283,Role of 5G-powered remote robotic ultrasound during the COVID-19 outbreak: insights from two cases.,2020,10.26355/eurrev_202007_22283,OpenAlex,https://openalex.org/W3046590135,yes,https://doaj.org/article/ab276eeb59cb48ffb00ddd1fb8620f64,precision automated title candidate; manual verification pending
A1,机器人超声,doi:10.1109/case56687.2023.10260479,RUSOpt: Robotic UltraSound Probe Normalization with Bayesian Optimization for In-Plane and Out-Plane Scanning,2023,10.1109/case56687.2023.10260479,OpenAlex; arXiv,http://arxiv.org/abs/2310.03406v1; https://openalex.org/W4387143432,yes,http://arxiv.org/pdf/2310.03406v1; https://arxiv.org/pdf/2310.03406,precision automated title candidate; manual verification pending
A1,机器人超声,doi:10.1109/lra.2024.3349959,Safe Contact Force Generation for Robotic Thyroid Ultrasound Imaging,2024,10.1109/lra.2024.3349959,OpenAlex,https://openalex.org/W4390577974,yes,https://ieeexplore.ieee.org/ielx7/7083369/7339444/10380731.pdf,precision automated title candidate; manual verification pending
A1,机器人超声,doi:10.1109/tase.2024.3378915,Safe Learning by Constraint-Aware Policy Optimization for Robotic Ultrasound Imaging,2024,10.1109/tase.2024.3378915,OpenAlex,https://openalex.org/W4393139813,no_location_identified,,precision automated title candidate; manual verification pending
A1,机器人超声,doi:10.21203/rs.3.rs-884422/v1,Safety and Feasibility of Intravascular Ultrasound-Guided Robotic,2021,10.21203/rs.3.rs-884422/v1,Crossref,https://doi.org/10.21203/rs.3.rs-884422/v1,no_location_identified,,precision automated title candidate; manual verification pending
A1,机器人超声,title:sameasemanticanatomymappingengineforroboticultrasound,SAMe: A Semantic Anatomy Mapping Engine for Robotic Ultrasound,2026,,arXiv,http://arxiv.org/abs/2604.25646v2,yes,http://arxiv.org/pdf/2604.25646v2,precision automated title candidate; manual verification pending
A1,机器人超声,doi:10.1109/tie.2022.3220864,SAPM: Self-Adaptive Parallel Manipulator with Pose and Force Adjustment for Robotic Ultrasonography.,2023,10.1109/tie.2022.3220864,Europe PMC,https://europepmc.org/article/MED/37323755,yes,https://pmc.ncbi.nlm.nih.gov/articles/PMC7614654/,precision automated title candidate; manual verification pending
A1,机器人超声,doi:10.3389/frobt.2024.1413065,Satisfaction analysis of 5G remote ultrasound robot for diagnostics based on a structural equation model.,2024,10.3389/frobt.2024.1413065,Europe PMC,https://europepmc.org/article/MED/39445153,yes,https://pmc.ncbi.nlm.nih.gov/articles/PMC11496036/,precision automated title candidate; manual verification pending
A1,机器人超声,doi:10.1109/access.2022.3196774,Scanning Path Planning of the Robot for Breast Ultrasound Examination Based on Binocular Vision and NURBS,2022,10.1109/access.2022.3196774,OpenAlex,https://openalex.org/W4289912943,yes,https://ieeexplore.ieee.org/ielx7/6287639/6514899/09851432.pdf,precision automated title candidate; manual verification pending
A1,机器人超声,doi:10.1109/iccar61844.2024.10569616,Semi-Autonomous Ultrasound-Guided Robotic System for Percutaneous Intervention,2024,10.1109/iccar61844.2024.10569616,Crossref,https://doi.org/10.1109/iccar61844.2024.10569616,no_location_identified,,precision automated title candidate; manual verification pending
A1,机器人超声,doi:10.1109/lra.2025.3604730,Sensorless Force Imbalance Prediction Based on Visual Information for Robotic Ultrasound Scanning,2025,10.1109/lra.2025.3604730,OpenAlex,https://openalex.org/W4413887117,no_location_identified,,precision automated title candidate; manual verification pending
A1,机器人超声,title:shapecompletionandrealtimevisualizationinroboticultrasoundspineacquisitions,Shape Completion and Real-Time Visualization in Robotic Ultrasound Spine Acquisitions,2025,,arXiv,http://arxiv.org/abs/2508.08923v1,yes,http://arxiv.org/pdf/2508.08923v1,precision automated title candidate; manual verification pending
A1,机器人超声,doi:10.1109/tro.2026.3695989,Simplifying Robotic Ultrasound Calibration via Conic Sections Geometry,2026,10.1109/tro.2026.3695989,Crossref,https://doi.org/10.1109/tro.2026.3695989,no_location_identified,,precision automated title candidate; manual verification pending
A1,机器人超声,doi:10.1016/j.procs.2024.09.171,Simulation-based dataset acquisition for robotic cardiac ultrasound examinations,2024,10.1016/j.procs.2024.09.171,Crossref,https://doi.org/10.1016/j.procs.2024.09.171,no_location_identified,,precision automated title candidate; manual verification pending
A1,机器人超声,doi:10.1109/mmar.2017.8046951,Singularity avoidance in a robotized ultrasound scan,2017,10.1109/mmar.2017.8046951,Crossref,https://doi.org/10.1109/mmar.2017.8046951,no_location_identified,,precision automated title candidate; manual verification pending
A1,机器人超声,doi:10.1109/lra.2025.3604746,Smooth Path Planning and Dynamic Contact Force Regulation for Robotic Ultrasound Scanning,2025,10.1109/lra.2025.3604746,OpenAlex,https://openalex.org/W4413925431,no_location_identified,,precision automated title candidate; manual verification pending
A1,机器人超声,doi:10.3389/frobt.2024.1405169,SonoBox: development of a robotic ultrasound tomograph for the ultrasound diagnosis of paediatric forearm fractures.,2024,10.3389/frobt.2024.1405169,Crossref; Europe PMC,https://doi.org/10.3389/frobt.2024.1405169; https://europepmc.org/article/MED/39233849,yes,https://pmc.ncbi.nlm.nih.gov/articles/PMC11371668/,precision automated title candidate; manual verification pending
A1,机器人超声,doi:10.31256/hsmr26.72,Steering-Angle-Controlled Robotic Ultrasound for Spinal Imaging,2026,10.31256/hsmr26.72,Crossref,https://doi.org/10.31256/hsmr26.72,no_location_identified,,precision automated title candidate; manual verification pending
A1,机器人超声,doi:10.3390/mi9020065,Strategy for Monitoring Cardiac Interventions with an Intelligent Robotic Ultrasound Device.,2018,10.3390/mi9020065,Crossref; Europe PMC,https://doi.org/10.3390/mi9020065; https://europepmc.org/article/MED/30393341,yes,https://pmc.ncbi.nlm.nih.gov/articles/PMC6187734/,precision automated title candidate; manual verification pending
A1,机器人超声,doi:10.1109/iccis.2017.8274821,Study of a 6DOF robot assisted ultrasound scanning system and its simulated control handle,2017,10.1109/iccis.2017.8274821,OpenAlex,https://openalex.org/W2785994810,no_location_identified,,precision automated title candidate; manual verification pending
A1,机器人超声,title:styletransferenabledsim2realframeworkforefficientlearningofroboticultrasoundimageanalysisusingsimulateddata,Style Transfer Enabled Sim2Real Framework for Efficient Learning of Robotic Ultrasound Image Analysis Using Simulated Data,2023,,arXiv,http://arxiv.org/abs/2305.09169v1,yes,http://arxiv.org/pdf/2305.09169v1,precision automated title candidate; manual verification pending
A1,机器人超声,doi:10.3389/fpubh.2022.915071,Successful Use of a 5G-Based Robot-Assisted Remote Ultrasound System in a Care Center for Disabled Patients in Rural China,2022,10.3389/fpubh.2022.915071,Europe PMC; OpenAlex,https://europepmc.org/article/MED/35923952; https://openalex.org/W4285730963,yes,https://pmc.ncbi.nlm.nih.gov/articles/PMC9339711/; https://www.frontiersin.org/articles/10.3389/fpubh.2022.915071/pdf,precision automated title candidate; manual verification pending
A1,机器人超声,doi:10.1117/12.2084602,Synthetic aperture ultrasound imaging with robotic aperture extension,2015,10.1117/12.2084602,Crossref,https://doi.org/10.1117/12.2084602,no_location_identified,,precision automated title candidate; manual verification pending
A1,机器人超声,doi:10.1117/12.911086,System for robot-assisted real-time laparoscopic ultrasound elastography,2012,10.1117/12.911086,OpenAlex,https://openalex.org/W2036565823,no_location_identified,,precision automated title candidate; manual verification pending
A1,机器人超声,title:tactileguidedroboticultrasoundmappingpreplannedscanpathsforintercostalimaging,Tactile-Guided Robotic Ultrasound: Mapping Preplanned Scan Paths for Intercostal Imaging,2025,,arXiv,http://arxiv.org/abs/2507.20282v1,yes,http://arxiv.org/pdf/2507.20282v1,precision automated title candidate; manual verification pending
A1,机器人超声,doi:10.1109/tase.2023.3282974,Task Space Compliant Control and Six-Dimensional Force Regulation Toward Automated Robotic Ultrasound Imaging,2023,10.1109/tase.2023.3282974,OpenAlex,https://openalex.org/W4380318419,no_location_identified,,precision automated title candidate; manual verification pending
A1,机器人超声,doi:10.1016/j.bspc.2021.102900,Tele-operated robotic ultrasound system for medical diagnosis,2021,10.1016/j.bspc.2021.102900,OpenAlex,https://openalex.org/W3185513125,no_location_identified,,precision automated title candidate; manual verification pending
A1,机器人超声,doi:10.1109/lra.2021.3068702,Tele-Operative Low-Cost Robotic Lung Ultrasound Scanning Platform for Triage of COVID-19 Patients,2021,10.1109/lra.2021.3068702,Europe PMC; OpenAlex; arXiv,http://arxiv.org/abs/2010.12335v3; https://europepmc.org/article/MED/34532570; https://openalex.org/W3094155404,yes,http://arxiv.org/pdf/2010.12335v3; https://arxiv.org/pdf/2010.12335; https://pmc.ncbi.nlm.nih.gov/articles/PMC8442628/,precision automated title candidate; manual verification pending
A1,机器人超声,title:teleoperativeroboticlungultrasoundscanningplatformfortriageofcovid19patients,Tele-operative Robotic Lung Ultrasound Scanning Platform for Triage of COVID-19 Patients,2020,,Europe PMC,https://europepmc.org/article/PPR/PPR272349,no_location_identified,,precision automated title candidate; manual verification pending
A1,机器人超声,doi:10.1155/ijta/1482326,Telerobotic Versus Standard Ultrasound in the Assessment of the Abdomen and Pelvis: A Real-World Prospective Study.,2024,10.1155/ijta/1482326,Europe PMC,https://europepmc.org/article/MED/39713775,yes,https://pmc.ncbi.nlm.nih.gov/articles/PMC11663047/,precision automated title candidate; manual verification pending
A1,机器人超声,doi:10.3389/fpubh.2023.1149964,The feasibility and satisfaction study of 5G-based robotic teleultrasound diagnostic system in health check-ups,2023,10.3389/fpubh.2023.1149964,Europe PMC; OpenAlex,https://europepmc.org/article/MED/37497023; https://openalex.org/W4384132543,yes,https://pmc.ncbi.nlm.nih.gov/articles/PMC10366591/; https://www.frontiersin.org/articles/10.3389/fpubh.2023.1149964/pdf,precision automated title candidate; manual verification pending
A1,机器人超声,doi:10.1109/tbme.2021.3108720,Three-Dimensional Carpal Arch Morphology Using Robot-Assisted Ultrasonography.,2022,10.1109/tbme.2021.3108720,Europe PMC,https://europepmc.org/article/MED/34460363,yes,https://pmc.ncbi.nlm.nih.gov/articles/PMC9190071/,precision automated title candidate; manual verification pending
A1,机器人超声,doi:10.1007/s11517-021-02369-z,Tip estimation approach for concentric tube robots using 2D ultrasound images and kinematic model.,2021,10.1007/s11517-021-02369-z,Europe PMC,https://europepmc.org/article/MED/34156603,no_location_identified,,precision automated title candidate; manual verification pending
A1,机器人超声,doi:10.1109/lra.2025.3555865,Tissue-View Map for Robotic Carotid Artery Ultrasound Scanning Using Reinforcement Learning,2025,10.1109/lra.2025.3555865,Crossref,https://doi.org/10.1109/lra.2025.3555865,no_location_identified,,precision automated title candidate; manual verification pending
A1,机器人超声,doi:10.23919/iccas55662.2022.10003798,Toward an automatic diagnostic scanning robotic system using ultrasound images,2022,10.23919/iccas55662.2022.10003798,Crossref,https://doi.org/10.23919/iccas55662.2022.10003798,no_location_identified,,precision automated title candidate; manual verification pending
A1,机器人超声,doi:10.1109/tmrb.2025.3550663,Toward Lung Ultrasound Automation: Fully Autonomous Robotic Longitudinal and Transverse Scans Along Intercostal Spaces,2025,10.1109/tmrb.2025.3550663,OpenAlex,https://openalex.org/W4408358615,yes,http://ira.lib.polyu.edu.hk/bitstream/10397/113628/1/Lei_Toward_Lung_Ultrasound.pdf,precision automated title candidate; manual verification pending
A1,机器人超声,doi:10.1515/cdbme-2022-0021,Towards a real-time control of robotic ultrasound using haptic force feedback,2022,10.1515/cdbme-2022-0021,OpenAlex,https://openalex.org/W4288738263,yes,https://www.degruyter.com/document/doi/10.1515/cdbme-2022-0021/pdf,precision automated title candidate; manual verification pending
A1,机器人超声,doi:10.1109/lra.2022.3180440,Towards Autonomous Atlas-Based Ultrasound Acquisitions in Presence of Articulated Motion,2022,10.1109/lra.2022.3180440,OpenAlex,https://openalex.org/W4285194566,no_location_identified,,precision automated title candidate; manual verification pending
A1,机器人超声,doi:10.1109/tmrb.2025.3556539,Towards Autonomous Cardiac Ultrasound Scanning: Combining Physician Expertise and Machine Intelligence,2025,10.1109/tmrb.2025.3556539,Crossref; OpenAlex,https://doi.org/10.1109/tmrb.2025.3556539; https://openalex.org/W4409077118,no_location_identified,,precision automated title candidate; manual verification pending
A1,机器人超声,title:towardsautonomousrobotickidneyultrasoundspatialefficientvolumetricimagingviatemplateguidedoptimalpivoting,Towards Autonomous Robotic Kidney Ultrasound: Spatial-Efficient Volumetric Imaging via Template Guided Optimal Pivoting,2026,,arXiv,http://arxiv.org/abs/2602.16641v1,yes,http://arxiv.org/pdf/2602.16641v1,precision automated title candidate; manual verification pending
A1,机器人超声,doi:10.3389/frobt.2022.940062,Towards Autonomous Robotic Minimally Invasive Ultrasound Scanning and Vessel Reconstruction on Non-Planar Surfaces,2022,10.3389/frobt.2022.940062,Crossref; Europe PMC; OpenAlex,https://doi.org/10.3389/frobt.2022.940062; https://europepmc.org/article/MED/36304794; https://openalex.org/W4304187370,yes,https://pmc.ncbi.nlm.nih.gov/articles/PMC9594548/; https://www.frontiersin.org/journals/robotics-and-ai/articles/10.3389/frobt.2022.940062/pdf,precision automated title candidate; manual verification pending
A1,机器人超声,doi:10.31256/hsmr2022.19,Towards Autonomous Robotic Ultrasound Scanning using Pneumatically Attachable Flexible Rails,2022,10.31256/hsmr2022.19,Crossref; OpenAlex,https://doi.org/10.31256/hsmr2022.19; https://openalex.org/W4283590726,no_location_identified,,precision automated title candidate; manual verification pending
A1,机器人超声,doi:10.1109/wrcsara60131.2023.10261822,Towards Autonomous Robotic Ultrasound Scanning Using the Reinforcement Learning-Based Volumetric Data Navigation Method,2023,10.1109/wrcsara60131.2023.10261822,Crossref; OpenAlex,https://doi.org/10.1109/wrcsara60131.2023.10261822; https://openalex.org/W4387088707,no_location_identified,,precision automated title candidate; manual verification pending
A1,机器人超声,doi:10.1038/s41467-025-62865-w,Towards expert-level autonomous carotid ultrasonography with large-scale learning-based robotic system.,2025,10.1038/s41467-025-62865-w,Europe PMC; OpenAlex,https://europepmc.org/article/MED/40849291; https://openalex.org/W4413463213,yes,https://pmc.ncbi.nlm.nih.gov/articles/PMC12375115/; https://www.nature.com/articles/s41467-025-62865-w.pdf,precision automated title candidate; manual verification pending
A1,机器人超声,doi:10.1109/lra.2021.3064283,Towards Fully Autonomous Ultrasound Scanning Robot With Imitation Learning Based on Clinical Protocols,2021,10.1109/lra.2021.3064283,Crossref; OpenAlex,https://doi.org/10.1109/lra.2021.3064283; https://openalex.org/W3135545534,no_location_identified,,precision automated title candidate; manual verification pending
A1,机器人超声,doi:10.1109/lra.2021.3056033,Towards Standardized Acquisition With a Dual-Probe Ultrasound Robot for Fetal Imaging,2021,10.1109/lra.2021.3056033,Europe PMC; OpenAlex,https://europepmc.org/article/MED/33912664; https://openalex.org/W3127418615,yes,https://pmc.ncbi.nlm.nih.gov/articles/PMC7610692/; https://www.ncbi.nlm.nih.gov/pmc/articles/7610692,precision automated title candidate; manual verification pending
A1,机器人超声,title:trackguidedultrasoundscanningfortumourmarginsoutlininginrobotassistedpartialnephrectomy,Track-Guided Ultrasound Scanning for Tumour Margins Outlining in Robot-Assisted Partial Nephrectomy,2018,,OpenAlex,https://openalex.org/W2940935739,no_location_identified,,precision automated title candidate; manual verification pending
A1,机器人超声,doi:10.1007/s11548-025-03445-7,Transformer-based robotic ultrasound 3D tracking for capsule robot in GI tract.,2025,10.1007/s11548-025-03445-7,Europe PMC,https://europepmc.org/article/MED/40490591,no_location_identified,,precision automated title candidate; manual verification pending
A1,机器人超声,doi:10.1145/3526114.3561350,UltraBots: Large-Area Mid-Air Haptics for VR with Robotically Actuated Ultrasound Transducers,2022,10.1145/3526114.3561350,arXiv,http://arxiv.org/abs/2210.01357v1,yes,http://arxiv.org/pdf/2210.01357v1,precision automated title candidate; manual verification pending
A1,机器人超声,doi:10.31256/hsmr2024.60,UltraGelBot: Autonomous Gel Dispenser for Robotic Ultrasound,2024,10.31256/hsmr2024.60,arXiv,http://arxiv.org/abs/2406.19678v1,yes,http://arxiv.org/pdf/2406.19678v1,precision automated title candidate; manual verification pending
A1,机器人超声,title:ultrahitahierarchicaltransformerarchitectureforgeneralizableinternalcarotidarteryroboticultrasonography,UltraHiT: A Hierarchical Transformer Architecture for Generalizable Internal Carotid Artery Robotic Ultrasonography,2025,,arXiv,http://arxiv.org/abs/2509.13832v2,yes,http://arxiv.org/pdf/2509.13832v2,precision automated title candidate; manual verification pending
A1,机器人超声,doi:10.1038/s44172-025-00451-0,Ultrasonographic-guided robotic-assisted percutaneous nephrolithotomy.,2025,10.1038/s44172-025-00451-0,Europe PMC,https://europepmc.org/article/MED/40629065,yes,https://pmc.ncbi.nlm.nih.gov/articles/PMC12238414/,precision automated title candidate; manual verification pending
A1,机器人超声,doi:10.1007/s11548-020-02149-4,Ultrasound 3D reconstruction of malignant masses in robotic-assisted partial nephrectomy using the PAF rail system: a comparison study.,2020,10.1007/s11548-020-02149-4,Europe PMC,https://europepmc.org/article/MED/32385597,yes,https://pmc.ncbi.nlm.nih.gov/articles/PMC7316668/,precision automated title candidate; manual verification pending
A1,机器人超声,doi:10.1109/tro.2022.3143072,Ultrasound Acoustic Phase Analysis Enables Robotic Visual-Servoing of Magnetic Microrobots,2022,10.1109/tro.2022.3143072,OpenAlex,https://openalex.org/W4210656112,yes,https://hdl.handle.net/11382/543430,precision automated title candidate; manual verification pending
A1,机器人超声,doi:10.1016/s0531-5131(03)00313-3,Ultrasound-based navigation of robotic drilling at the lateral skull base,2003,10.1016/s0531-5131(03)00313-3,Crossref,https://doi.org/10.1016/s0531-5131(03)00313-3,no_location_identified,,precision automated title candidate; manual verification pending
A1,机器人超声,doi:10.1016/b978-0-443-13271-1.00007-8,Ultrasound guidance and robotic procedures: Actual and future intelligence,2025,10.1016/b978-0-443-13271-1.00007-8,Crossref,https://doi.org/10.1016/b978-0-443-13271-1.00007-8,no_location_identified,,precision automated title candidate; manual verification pending
A1,机器人超声,doi:10.1016/j.media.2019.01.002,Ultrasound guidance in minimally invasive robotic procedures,2019,10.1016/j.media.2019.01.002,OpenAlex,https://openalex.org/W2911048518,yes,https://eprints.qut.edu.au/124616/1/Antico_US%20in%20surgery%20review_MedImAn2019.pdf,precision automated title candidate; manual verification pending
A1,机器人超声,doi:10.1109/lra.2022.3186504,Ultrasound-Guided Assistive Robots for Scoliosis Assessment With Optimization-Based Control and Variable Impedance,2022,10.1109/lra.2022.3186504,OpenAlex,https://openalex.org/W4221166649,no_location_identified,,precision automated title candidate; manual verification pending
A1,机器人超声,doi:10.1109/iros45743.2020.9340913,Ultrasound-Guided Robotic Navigation with Deep Reinforcement Learning,2020,10.1109/iros45743.2020.9340913,OpenAlex,https://openalex.org/W3131511400,no_location_identified,,precision automated title candidate; manual verification pending
A1,机器人超声,doi:10.1109/lra.2020.3003868,Ultrasound-Guided Wireless Tubular Robotic Anchoring System,2020,10.1109/lra.2020.3003868,Europe PMC; OpenAlex,https://europepmc.org/article/MED/33880401; https://openalex.org/W3036440991,yes,https://pmc.ncbi.nlm.nih.gov/articles/PMC7610639/; https://www.ncbi.nlm.nih.gov/pmc/articles/7610639,precision automated title candidate; manual verification pending
A1,机器人超声,doi:10.12988/ces.2019.9411,Ultrasound imaging based on robotic system,2019,10.12988/ces.2019.9411,Crossref,https://doi.org/10.12988/ces.2019.9411,no_location_identified,,precision automated title candidate; manual verification pending
A1,机器人超声,title:ultratacintegratedultrasoundaugmentedvisuotactilesensorforenhancedroboticperception,UltraTac: Integrated Ultrasound-Augmented Visuotactile Sensor for Enhanced Robotic Perception,2025,,arXiv,http://arxiv.org/abs/2508.20982v2,yes,http://arxiv.org/pdf/2508.20982v2,precision automated title candidate; manual verification pending
A1,机器人超声,doi:10.1007/s11548-018-1716-8,Use the force: deformation correction in robotic 3D ultrasound,2018,10.1007/s11548-018-1716-8,OpenAlex,https://openalex.org/W2790170680,no_location_identified,,precision automated title candidate; manual verification pending
A1,机器人超声,title:uspilotanembodiedroboticassistantultrasoundsystemwithlargelanguagemodelenhancedgraphplanner,USPilot: An Embodied Robotic Assistant Ultrasound System with Large Language Model Enhanced Graph Planner,2025,,arXiv,http://arxiv.org/abs/2502.12498v2,yes,http://arxiv.org/pdf/2502.12498v2,precision automated title candidate; manual verification pending
A1,机器人超声,doi:10.1016/j.juro.2013.02.1968,V572 ROBOTIC NEPHROLITHOTOMY AND PYELOLITHOTOMY WITH UTILIZATION OF THE ROBOTIC ULTRASOUND PROBE,2013,10.1016/j.juro.2013.02.1968,Crossref,https://doi.org/10.1016/j.juro.2013.02.1968,no_location_identified,,precision automated title candidate; manual verification pending
A1,机器人超声,doi:10.1007/s11701-021-01203-w,Vaginal ultrasound-guided Pouch of Douglas robotic entry in a live ovine model and human female cadaveric specimens,2021,10.1007/s11701-021-01203-w,Crossref,https://doi.org/10.1007/s11701-021-01203-w,no_location_identified,,precision automated title candidate; manual verification pending
A1,机器人超声,doi:10.1186/s13089-025-00408-6,Validation of a tele-robotic ultrasound system for abdomen and thyroid gland explorations: a comparison with standard ultrasound.,2025,10.1186/s13089-025-00408-6,Crossref; Europe PMC,https://doi.org/10.1186/s13089-025-00408-6; https://europepmc.org/article/MED/39804501,yes,https://pmc.ncbi.nlm.nih.gov/articles/PMC11729597/,precision automated title candidate; manual verification pending
A1,机器人超声,doi:10.1109/icarm62033.2024.10715958,Vision-Based Detection and Real-Time Adaptive Control Schemes for Autonomous Ultrasound Scanning Robots,2024,10.1109/icarm62033.2024.10715958,Crossref; OpenAlex,https://doi.org/10.1109/icarm62033.2024.10715958; https://openalex.org/W4403534804,no_location_identified,,precision automated title candidate; manual verification pending
A1,机器人超声,doi:10.1109/tuffc.2023.3263514,Visual Perception and Convolutional Neural Network-Based Robotic Autonomous Lung Ultrasound Scanning Localization System,2023,10.1109/tuffc.2023.3263514,Crossref; Europe PMC; OpenAlex,https://doi.org/10.1109/tuffc.2023.3263514; https://europepmc.org/article/MED/37015119; https://openalex.org/W4361985019,no_location_identified,,precision automated title candidate; manual verification pending
A1,机器人超声,doi:10.2139/ssrn.4661100,Visual Perception-Guided Robotic Arm Automatic Ultrasound Scanning 3d Imaging System,2023,10.2139/ssrn.4661100,Crossref,https://doi.org/10.2139/ssrn.4661100,no_location_identified,,precision automated title candidate; manual verification pending
A1,机器人超声,title:visuotactileandexplicitlyforcecontrolledroboticultrasoundforabdominalvolumetricreconstruction,Visuotactile and Explicitly Force-Controlled Robotic Ultrasound for Abdominal Volumetric Reconstruction,2026,,arXiv,http://arxiv.org/abs/2606.05848v1,yes,http://arxiv.org/pdf/2606.05848v1,precision automated title candidate; manual verification pending
A10,机器人光谱/光学扫描,doi:10.1002/tbio.202200015,A c<scp>able‐driven</scp> soft robotic end‐effector actuator for probe‐based confocal laser endomicroscopy: Development and preclinical validation,2022,10.1002/tbio.202200015,OpenAlex,https://openalex.org/W4291814550,yes,https://onlinelibrary.wiley.com/doi/pdfdirect/10.1002/tbio.202200015,precision automated title candidate; manual verification pending
A10,机器人光谱/光学扫描,doi:10.1109/icra.2017.7989205,A framework for sensorless and autonomous probe-tissue contact management in robotic endomicroscopic scanning,2017,10.1109/icra.2017.7989205,Crossref; OpenAlex,https://doi.org/10.1109/icra.2017.7989205; https://openalex.org/W2736516007,no_location_identified,,precision automated title candidate; manual verification pending
A10,机器人光谱/光学扫描,doi:10.1109/icra.2018.8462907,A Framework for Sensorless Tissue Motion Tracking in Robotic Endomicroscopy Scanning,2018,10.1109/icra.2018.8462907,Crossref; OpenAlex,https://doi.org/10.1109/icra.2018.8462907; https://openalex.org/W2890451764,no_location_identified,,precision automated title candidate; manual verification pending
A10,机器人光谱/光学扫描,doi:10.1109/iros58592.2024.10801436,A Hybrid Vision/Force Control Strategy for Handheld Robotic Devices Enhancing Probe-Based Confocal Laser Endomicroscopy,2024,10.1109/iros58592.2024.10801436,Crossref; OpenAlex,https://doi.org/10.1109/iros58592.2024.10801436; https://openalex.org/W4405784974,no_location_identified,,precision automated title candidate; manual verification pending
A10,机器人光谱/光学扫描,doi:10.1109/lra.2025.3575654,A Hyperspectral Imaging Guided Robotic Grasping System,2025,10.1109/lra.2025.3575654,Crossref,https://doi.org/10.1109/lra.2025.3575654,no_location_identified,,precision automated title candidate; manual verification pending
A10,机器人光谱/光学扫描,doi:10.31256/hsmr25.32,"AI-assisted Robotic Platform for Automatic Endomicroscopic Tissue
                        Scanning",2025,10.31256/hsmr25.32,Crossref,https://doi.org/10.31256/hsmr25.32,no_location_identified,,precision automated title candidate; manual verification pending
A10,机器人光谱/光学扫描,doi:10.1115/1.4045647,A Miniature Robotic-Assisted Tool for Large Area Endomicroscopy Scanning,2019,10.1115/1.4045647,Crossref; OpenAlex,https://doi.org/10.1115/1.4045647; https://openalex.org/W2995487618,no_location_identified,,precision automated title candidate; manual verification pending
A10,机器人光谱/光学扫描,doi:10.1016/j.pacs.2023.100568,An umbrella-inspired snap-on robotic 3D photoacoustic endoscopic probe for augmented intragastric sensing: Proof of concept study.,2024,10.1016/j.pacs.2023.100568,Europe PMC; OpenAlex,https://europepmc.org/article/MED/38312806; https://openalex.org/W4389463403,yes,https://doi.org/10.1016/j.pacs.2023.100568; https://pmc.ncbi.nlm.nih.gov/articles/PMC10835348/,precision automated title candidate; manual verification pending
A10,机器人光谱/光学扫描,doi:10.1109/icra55743.2025.11127481,Automatic Robotic-Assisted Diffuse Reflectance Spectroscopy Scanning System,2025,10.1109/icra55743.2025.11127481,Crossref,https://doi.org/10.1109/icra55743.2025.11127481,no_location_identified,,precision automated title candidate; manual verification pending
A10,机器人光谱/光学扫描,doi:10.1201/9781003359593-12,Autonomous Hyperspectral Scanning Tunneling Spectroscopy,2023,10.1201/9781003359593-12,Crossref,https://doi.org/10.1201/9781003359593-12,no_location_identified,,precision automated title candidate; manual verification pending
A10,机器人光谱/光学扫描,doi:10.1093/ajrccm/aamag162.3544,C78-04 Needle-based Confocal Laser Endomicroscopy-assisted Lung Nodule Biopsy Using the ION Robotic Bronchoscopy Platform - A Case Report,2026,10.1093/ajrccm/aamag162.3544,Crossref,https://doi.org/10.1093/ajrccm/aamag162.3544,no_location_identified,,precision automated title candidate; manual verification pending
A10,机器人光谱/光学扫描,doi:10.1007/978-3-031-16449-1_16,Deep Regression with Spatial-Frequency Feature Coupling and Image Synthesis for Robot-Assisted Endomicroscopy,2022,10.1007/978-3-031-16449-1_16,OpenAlex,https://openalex.org/W4296193300,yes,https://zenodo.org/record/7147878,precision automated title candidate; manual verification pending
A10,机器人光谱/光学扫描,doi:10.1109/ic-icns68863.2026.11537939,Edge-optimized deep learning framework for multispectral textile waste classification and automated robotic sorting,2026,10.1109/ic-icns68863.2026.11537939,Crossref,https://doi.org/10.1109/ic-icns68863.2026.11537939,no_location_identified,,precision automated title candidate; manual verification pending
A10,机器人光谱/光学扫描,doi:10.1117/1.jbo.24.6.066006,En-face optical coherence tomography/fluorescence endomicroscopy for minimally invasive imaging using a robotic scanner,2019,10.1117/1.jbo.24.6.066006,Europe PMC; OpenAlex,https://europepmc.org/article/MED/31222989; https://openalex.org/W2952641037,yes,https://pmc.ncbi.nlm.nih.gov/articles/PMC6977172/; https://www.spiedigitallibrary.org/journals/Journal-of-Biomedical-Optics/volume-24/issue-6/066006/----Custom-HTML----iEn/10.1117/1.JBO.24.6.066006.pdf,precision automated title candidate; manual verification pending
A10,机器人光谱/光学扫描,doi:10.1007/s11548-024-03113-2,FF-ViT: probe orientation regression for robot-assisted endomicroscopy tissue scanning,2024,10.1007/s11548-024-03113-2,Europe PMC; OpenAlex,https://europepmc.org/article/MED/38598141; https://openalex.org/W4394691934,yes,https://link.springer.com/content/pdf/10.1007/s11548-024-03113-2.pdf; https://pmc.ncbi.nlm.nih.gov/articles/PMC11582276/,precision automated title candidate; manual verification pending
A10,机器人光谱/光学扫描,doi:10.2352/cic.2022.30.1.15,HDR Multispectral Imaging-based BRDF Measurement using a Flexible Robotic Arm System,2022,10.2352/cic.2022.30.1.15,Crossref,https://doi.org/10.2352/cic.2022.30.1.15,no_location_identified,,precision automated title candidate; manual verification pending
A10,机器人光谱/光学扫描,doi:10.1109/tmrb.2020.2988312,Hybrid Robot-Assisted Frameworks for Endomicroscopy Scanning in Retinal Surgeries,2020,10.1109/tmrb.2020.2988312,Europe PMC; OpenAlex,https://europepmc.org/article/MED/32699833; https://openalex.org/W2973090448,yes,https://arxiv.org/pdf/1909.06852; https://pmc.ncbi.nlm.nih.gov/articles/PMC7375438/,precision automated title candidate; manual verification pending
A10,机器人光谱/光学扫描,doi:10.1007/s10439-018-02156-2,Modular Robotic Scanning Device for Real-Time Gastric Endomicroscopy,2018,10.1007/s10439-018-02156-2,Crossref,https://doi.org/10.1007/s10439-018-02156-2,no_location_identified,,precision automated title candidate; manual verification pending
A10,机器人光谱/光学扫描,doi:10.1038/s41467-024-51633-x,Motor-free telerobotic endomicroscopy for steerable and programmable imaging in complex curved and localized areas.,2024,10.1038/s41467-024-51633-x,Europe PMC; OpenAlex,https://europepmc.org/article/MED/39227604; https://openalex.org/W4402170799,yes,https://pmc.ncbi.nlm.nih.gov/articles/PMC11372151/; https://www.nature.com/articles/s41467-024-51633-x.pdf,precision automated title candidate; manual verification pending
A10,机器人光谱/光学扫描,doi:10.5220/0005060504590466,Multispectral Data Fusion for Robotic Reconnaissance and Mapping,2014,10.5220/0005060504590466,Crossref,https://doi.org/10.5220/0005060504590466,no_location_identified,,precision automated title candidate; manual verification pending
A10,机器人光谱/光学扫描,doi:10.1109/lra.2018.2863372,Online Robust Endomicroscopy Video Mosaicking Using Robot Prior,2018,10.1109/lra.2018.2863372,OpenAlex,https://openalex.org/W2887951237,yes,https://hal.science/hal-01853977/document,precision automated title candidate; manual verification pending
A10,机器人光谱/光学扫描,doi:10.3390/agriculture12060885,Position Accuracy Assessment of a UAV-Mounted Sequoia+ Multispectral Camera Using a Robotic Total Station,2022,10.3390/agriculture12060885,Crossref,https://doi.org/10.3390/agriculture12060885,no_location_identified,,precision automated title candidate; manual verification pending
A10,机器人光谱/光学扫描,doi:10.1109/i2mtc48687.2022.9806615,Range extension of a scanning confocal chromatic sensor for precise robotic inline 3D measurements,2022,10.1109/i2mtc48687.2022.9806615,Crossref,https://doi.org/10.1109/i2mtc48687.2022.9806615,no_location_identified,,precision automated title candidate; manual verification pending
A10,机器人光谱/光学扫描,doi:10.1002/rcr2.1092,Real‐time visualization of lung malignancy with needle‐based confocal laser endomicroscopy during shape‐sensing robotic‐assisted bronchoscopy,2023,10.1002/rcr2.1092,Crossref; OpenAlex,https://doi.org/10.1002/rcr2.1092; https://openalex.org/W4319026552,yes,https://onlinelibrary.wiley.com/doi/pdfdirect/10.1002/rcr2.1092,precision automated title candidate; manual verification pending
A10,机器人光谱/光学扫描,doi:10.1183/13993003.congress-2022.3056,Robotic-assisted navigation bronchoscopy with needle-based confocal laser endomicroscopy (nCLE) for real-time lung cancer detection,2022,10.1183/13993003.congress-2022.3056,Crossref,https://doi.org/10.1183/13993003.congress-2022.3056,no_location_identified,,precision automated title candidate; manual verification pending
A10,机器人光谱/光学扫描,doi:10.1111/resp.14438,Robotic bronchoscopic needle‐based confocal laser endomicroscopy to diagnose peripheral lung nodules,2022,10.1111/resp.14438,Crossref; Europe PMC; OpenAlex,https://doi.org/10.1111/resp.14438; https://europepmc.org/article/MED/36535801; https://openalex.org/W4311924743,yes,https://pmc.ncbi.nlm.nih.gov/articles/PMC11590500/; https://research.vumc.nl/en/publications/2d531463-5d75-411b-8677-6455a431f998,precision automated title candidate; manual verification pending
A10,机器人光谱/光学扫描,doi:10.1159/000522515,Robotic Navigational Bronchoscopy Combined with Needle-Based Confocal Laser Endomicroscopy: Case Report of a Novel Approach to Diagnose Small Lung Nodules,2022,10.1159/000522515,Crossref; OpenAlex,https://doi.org/10.1159/000522515; https://openalex.org/W4220965264,yes,https://karger.com/res/article-pdf/101/5/494/3980004/000522515.pdf,precision automated title candidate; manual verification pending
A10,机器人光谱/光学扫描,doi:10.1016/j.compmedimag.2012.08.003,"Robotics and smart instruments for translating endomicroscopy to in situ, in vivo applications",2012,10.1016/j.compmedimag.2012.08.003,OpenAlex,https://openalex.org/W2395712277,no_location_identified,,precision automated title candidate; manual verification pending
A10,机器人光谱/光学扫描,doi:10.1007/s10439-018-1978-x,Robotic Scanning Device for Intraoperative Thyroid Gland Endomicroscopy,2018,10.1007/s10439-018-1978-x,Crossref; Europe PMC; OpenAlex,https://doi.org/10.1007/s10439-018-1978-x; https://europepmc.org/article/MED/29340932; https://openalex.org/W2783303820,no_location_identified,,precision automated title candidate; manual verification pending
A10,机器人光谱/光学扫描,doi:10.2139/ssrn.5108980,Robotic System with Tactile-Enabled High-Resolution Hyperspectral Imaging Device for Autonomous Corn Leaf Phenotyping in Controlled Environments,2025,10.2139/ssrn.5108980,Crossref,https://doi.org/10.2139/ssrn.5108980,no_location_identified,,precision automated title candidate; manual verification pending
A10,机器人光谱/光学扫描,doi:10.1007/s11548-025-03353-w,Stable distance regression via spatial-frequency state space model for robot-assisted endomicroscopy.,2025,10.1007/s11548-025-03353-w,Europe PMC,https://europepmc.org/article/MED/40220066,yes,https://pmc.ncbi.nlm.nih.gov/articles/PMC12167353/,precision automated title candidate; manual verification pending
A10,机器人光谱/光学扫描,doi:10.1109/icra.2017.7989276,Three-dimensional robotic-assisted endomicroscopy with a force adaptive robotic arm,2017,10.1109/icra.2017.7989276,OpenAlex,https://openalex.org/W2610460852,no_location_identified,,precision automated title candidate; manual verification pending
A10,机器人光谱/光学扫描,doi:10.1364/boe.577240,Volumetric ultrasound and photoacoustic imaging of inflammatory arthritis in human finger joints via robotic arm powered arc scans.,2025,10.1364/boe.577240,Europe PMC,https://europepmc.org/article/MED/41293682,yes,https://pmc.ncbi.nlm.nih.gov/articles/PMC12643000/,precision automated title candidate; manual verification pending
A11,机器人喉镜/口腔检查,doi:10.1201/b18421-32,Decoupling mechanism for suspension laryngoscopy using a curved-frame trans-oral robotic system,2015,10.1201/b18421-32,Crossref,https://doi.org/10.1201/b18421-32,no_location_identified,,precision automated title candidate; manual verification pending
A11,机器人喉镜/口腔检查,doi:10.1007/s11548-013-0944-1,Suspension laryngoscopy using a curved-frame trans-oral robotic system,2013,10.1007/s11548-013-0944-1,Crossref,https://doi.org/10.1007/s11548-013-0944-1,no_location_identified,,precision automated title candidate; manual verification pending
A11,机器人喉镜/口腔检查,doi:10.1007/s11701-025-02663-0,Zero-touch laryngoscopy: a six-DOF robotic platform for remote ENT examination,2025,10.1007/s11701-025-02663-0,Crossref; Europe PMC; OpenAlex,https://doi.org/10.1007/s11701-025-02663-0; https://europepmc.org/article/MED/40824533; https://openalex.org/W4413282976,no_location_identified,,precision automated title candidate; manual verification pending
A2,机器人胃肠内镜巡检,doi:10.1023/a:1008161411382,A Fully Autonomous Microrobotic Endoscopy System,2000,10.1023/a:1008161411382,Crossref; OpenAlex,https://doi.org/10.1023/a:1008161411382; https://openalex.org/W1508309508,no_location_identified,,precision automated title candidate; manual verification pending
A2,机器人胃肠内镜巡检,doi:10.1007/978-3-540-76729-9_6,A Guidance Control Strategy for Semi-autonomous Colonoscopy Using a Continuum Robot,2007,10.1007/978-3-540-76729-9_6,OpenAlex,https://openalex.org/W164673807,no_location_identified,,precision automated title candidate; manual verification pending
A2,机器人胃肠内镜巡检,doi:10.1016/j.robot.2023.104444,A lumen-adapted navigation scheme with spatial awareness from monocular vision for autonomous robotic endoscopy,2023,10.1016/j.robot.2023.104444,Crossref; OpenAlex,https://doi.org/10.1016/j.robot.2023.104444; https://openalex.org/W4367040751,no_location_identified,,precision automated title candidate; manual verification pending
A2,机器人胃肠内镜巡检,doi:10.1109/robio.2013.6739688,A micro soft robot using inner air transferring for colonoscopy,2013,10.1109/robio.2013.6739688,OpenAlex,https://openalex.org/W1970920667,no_location_identified,,precision automated title candidate; manual verification pending
A2,机器人胃肠内镜巡检,doi:10.1016/j.sna.2009.03.036,A miniaturized wireless control platform for robotic capsular endoscopy using advanced pseudokernel approach,2009,10.1016/j.sna.2009.03.036,OpenAlex,https://openalex.org/W2124489373,no_location_identified,,precision automated title candidate; manual verification pending
A2,机器人胃肠内镜巡检,doi:10.1007/s10439-008-9597-6,"An Earthworm-Like Robotic Endoscope System for Human Intestine: Design, Analysis, and Experiment",2008,10.1007/s10439-008-9597-6,OpenAlex,https://openalex.org/W2006097298,no_location_identified,,precision automated title candidate; manual verification pending
A2,机器人胃肠内镜巡检,doi:10.1109/access.2023.3340677,An End-to-End Learning-Based Control Signal Prediction for Autonomous Robotic Colonoscopy,2023,10.1109/access.2023.3340677,OpenAlex,https://openalex.org/W4389459447,yes,https://ieeexplore.ieee.org/ielx7/6287639/6514899/10348567.pdf,precision automated title candidate; manual verification pending
A2,机器人胃肠内镜巡检,doi:10.21037/atm.2017.09.15,An innovative robotic platform for magnetically-driven painless colonoscopy.,2017,10.21037/atm.2017.09.15,Europe PMC,https://europepmc.org/article/MED/29201873,yes,https://pmc.ncbi.nlm.nih.gov/articles/PMC5690967/,precision automated title candidate; manual verification pending
A2,机器人胃肠内镜巡检,doi:10.3389/frobt.2021.664720,An Origami-Based Soft Robotic Actuator for Upper Gastrointestinal Endoscopic Applications,2021,10.3389/frobt.2021.664720,Europe PMC; OpenAlex,https://europepmc.org/article/MED/34041275; https://openalex.org/W3162890477,yes,https://pmc.ncbi.nlm.nih.gov/articles/PMC8141740/; https://www.frontiersin.org/articles/10.3389/frobt.2021.664720/pdf,precision automated title candidate; manual verification pending
A2,机器人胃肠内镜巡检,doi:10.3390/mi13040635,A Novel Inchworm-Inspired Soft Robotic Colonoscope Based on a Rubber Bellows,2022,10.3390/mi13040635,OpenAlex,https://openalex.org/W4224222724,yes,https://www.mdpi.com/2072-666X/13/4/635/pdf?version=1650189972,precision automated title candidate; manual verification pending
A2,机器人胃肠内镜巡检,doi:10.1109/lra.2017.2678540,A Novel Robotic Meshworm With Segment-Bending Anchoring for Colonoscopy,2017,10.1109/lra.2017.2678540,OpenAlex,https://openalex.org/W2594399172,yes,https://doi.org/10.1109/lra.2017.2678540,precision automated title candidate; manual verification pending
A2,机器人胃肠内镜巡检,doi:10.1016/j.gie.2015.08.083,A novel self-propelled disposable colonoscope is effective for colonoscopy in humans (with video),2015,10.1016/j.gie.2015.08.083,Crossref; OpenAlex,https://doi.org/10.1016/j.gie.2015.08.083; https://openalex.org/W1812891404,yes,http://www.giejournal.org/article/S0016510715028758/pdf,precision automated title candidate; manual verification pending
A2,机器人胃肠内镜巡检,doi:10.1016/j.pacs.2023.100568,An umbrella-inspired snap-on robotic 3D photoacoustic endoscopic probe for augmented intragastric sensing: Proof of concept study.,2024,10.1016/j.pacs.2023.100568,Europe PMC; OpenAlex,https://europepmc.org/article/MED/38312806; https://openalex.org/W4389463403,yes,https://doi.org/10.1016/j.pacs.2023.100568; https://pmc.ncbi.nlm.nih.gov/articles/PMC10835348/,precision automated title candidate; manual verification pending
A2,机器人胃肠内镜巡检,doi:10.1109/iccais63750.2024.10814455,A Preliminary Study on Autonomous Robotic Colonoscopy via Deep Neural Network,2024,10.1109/iccais63750.2024.10814455,OpenAlex,https://openalex.org/W4405936331,no_location_identified,,precision automated title candidate; manual verification pending
A2,机器人胃肠内镜巡检,doi:10.1109/iros.2001.976318,A self-propelling endoscopic system,2002,10.1109/iros.2001.976318,OpenAlex,https://openalex.org/W2103481263,no_location_identified,,precision automated title candidate; manual verification pending
A2,机器人胃肠内镜巡检,doi:10.1109/tmrb.2024.3349623,A Simultaneous Polyp and Lumen Detection Framework Toward Autonomous Robotic Colonoscopy,2024,10.1109/tmrb.2024.3349623,Crossref; OpenAlex,https://doi.org/10.1109/tmrb.2024.3349623; https://openalex.org/W4390576442,no_location_identified,,precision automated title candidate; manual verification pending
A2,机器人胃肠内镜巡检,doi:10.1016/s0924-4247(03)00086-4,A SMA-actuated miniature pressure regulator for a miniature robot for colonoscopy,2003,10.1016/s0924-4247(03)00086-4,OpenAlex,https://openalex.org/W2027929050,no_location_identified,,precision automated title candidate; manual verification pending
A2,机器人胃肠内镜巡检,doi:10.1038/s44182-025-00028-1,A soft robotic “Add-on” for colonoscopy: increasing safety and comfort through force monitoring,2025,10.1038/s44182-025-00028-1,Europe PMC; OpenAlex,https://europepmc.org/article/MED/40520673; https://openalex.org/W4411285996,yes,https://pmc.ncbi.nlm.nih.gov/articles/PMC12165838/; https://www.nature.com/articles/s44182-025-00028-1.pdf,precision automated title candidate; manual verification pending
A2,机器人胃肠内镜巡检,doi:10.1055/a-0774-4554,Assessment of technical parameters and skills training to inform a simulation-based training program for semi-automated robotic colonoscopy.,2019,10.1055/a-0774-4554,Europe PMC,https://europepmc.org/article/MED/30648134,yes,https://pmc.ncbi.nlm.nih.gov/articles/PMC6327751/,precision automated title candidate; manual verification pending
A2,机器人胃肠内镜巡检,doi:10.1007/s10439-020-02495-z,"A Temperature-Dependent, Variable-Stiffness Endoscopic Robotic Manipulator with Active Heating and Cooling",2020,10.1007/s10439-020-02495-z,OpenAlex,https://openalex.org/W3013929861,yes,https://link.springer.com/content/pdf/10.1007/s10439-020-02495-z.pdf,precision automated title candidate; manual verification pending
A2,机器人胃肠内镜巡检,doi:10.1053/j.gastro.2018.02.037,Autonomously Controlled Magnetic Flexible Endoscope for Colon Exploration.,2018,10.1053/j.gastro.2018.02.037,Europe PMC,https://europepmc.org/article/MED/29530377,yes,https://pmc.ncbi.nlm.nih.gov/articles/PMC5945204/,precision automated title candidate; manual verification pending
A2,机器人胃肠内镜巡检,doi:10.1109/lra.2017.2668459,Autonomous Retroflexion of a Magnetic Flexible Endoscope.,2017,10.1109/lra.2017.2668459,Europe PMC,https://europepmc.org/article/MED/28289703,yes,https://pmc.ncbi.nlm.nih.gov/articles/PMC5345942/,precision automated title candidate; manual verification pending
A2,机器人胃肠内镜巡检,doi:10.1002/aisy.202500841,Autonomous Robotic Colonoscopy: A Supervised Learning Approach for Enhanced Navigation and Collision Detection,2026,10.1002/aisy.202500841,Crossref,https://doi.org/10.1002/aisy.202500841,no_location_identified,,precision automated title candidate; manual verification pending
A2,机器人胃肠内镜巡检,doi:10.1016/j.sna.2009.12.025,A wireless power supply system for robotic capsular endoscopes,2010,10.1016/j.sna.2009.12.025,OpenAlex,https://openalex.org/W2137697005,no_location_identified,,precision automated title candidate; manual verification pending
A2,机器人胃肠内镜巡检,title:bilivlasceneawarevisionlanguageactionmodelwithreinforcementlearningforautonomousbiliaryendoscopicnavigation,BiliVLA: Scene-Aware Vision-Language-Action Model with Reinforcement Learning for Autonomous Biliary Endoscopic Navigation,2026,,OpenAlex,https://openalex.org/W7165818204,yes,https://arxiv.org/pdf/2606.23531,precision automated title candidate; manual verification pending
A2,机器人胃肠内镜巡检,doi:10.1016/b978-0-12-821750-4.00003-7,Colonoscopy robots,2022,10.1016/b978-0-12-821750-4.00003-7,OpenAlex,https://openalex.org/W4205465559,no_location_identified,,precision automated title candidate; manual verification pending
A2,机器人胃肠内镜巡检,doi:10.1364/ol.574598,Depth-enabled fiber-bundle endoscopy for in situ intraluminal robotic navigation,2025,10.1364/ol.574598,Crossref,https://doi.org/10.1364/ol.574598,no_location_identified,,precision automated title candidate; manual verification pending
A2,机器人胃肠内镜巡检,doi:10.1007/s41315-017-0014-x,Design analysis and bending modeling of a flexible robot for endoscope steering,2017,10.1007/s41315-017-0014-x,OpenAlex,https://openalex.org/W2591910289,no_location_identified,,precision automated title candidate; manual verification pending
A2,机器人胃肠内镜巡检,doi:10.1007/s12213-008-0006-x,Design and control of an autonomous bendable tip for colonoscopy,2008,10.1007/s12213-008-0006-x,OpenAlex,https://openalex.org/W2017571003,no_location_identified,,precision automated title candidate; manual verification pending
A2,机器人胃肠内镜巡检,doi:10.3389/frobt.2025.1559574,Design and evaluation of new user control devices for improved ergonomics in flexible robotic endoscopy.,2025,10.3389/frobt.2025.1559574,Europe PMC,https://europepmc.org/article/MED/40196841,yes,https://pmc.ncbi.nlm.nih.gov/articles/PMC11973676/,precision automated title candidate; manual verification pending
A2,机器人胃肠内镜巡检,doi:10.1109/biorob.2012.6290272,Design and evaluation of robotic steering of a flexible endoscope,2012,10.1109/biorob.2012.6290272,OpenAlex,https://openalex.org/W2160748492,yes,https://ris.utwente.nl/ws/files/5401295/ix976-Design_and_evaluation_of_robotic_steering_of_a_flexible_endoscope-submit_3.pdf,precision automated title candidate; manual verification pending
A2,机器人胃肠内镜巡检,doi:10.3389/frobt.2025.1580692,Design and preliminary evaluation of a track-based robotic colonoscope with a shape-adaptable tip for propulsion.,2025,10.3389/frobt.2025.1580692,Europe PMC,https://europepmc.org/article/MED/40297610,yes,https://pmc.ncbi.nlm.nih.gov/articles/PMC12034559/,precision automated title candidate; manual verification pending
A2,机器人胃肠内镜巡检,doi:10.1109/tro.2025.3595696,"Design, Control, and Evaluation of a Novel Soft Everting Robot for Colonoscopy",2025,10.1109/tro.2025.3595696,OpenAlex,https://openalex.org/W4412939378,no_location_identified,,precision automated title candidate; manual verification pending
A2,机器人胃肠内镜巡检,doi:10.1163/156855300741465,Design of a vision-guided microrobotic colonoscopy system,2000,10.1163/156855300741465,OpenAlex,https://openalex.org/W2072958876,no_location_identified,,precision automated title candidate; manual verification pending
A2,机器人胃肠内镜巡检,doi:10.1007/s11548-010-0481-0,Development of a colon endoscope robot that adjusts its locomotion through the use of reinforcement learning,2010,10.1007/s11548-010-0481-0,OpenAlex,https://openalex.org/W2167121883,no_location_identified,,precision automated title candidate; manual verification pending
A2,机器人胃肠内镜巡检,doi:10.21203/rs.3.rs-7769716/v1,Development of an Autonomous Robot for Fully Automated Colonoscope Insertion: The Autonomous Colonoscope Robot System (ACRS),2025,10.21203/rs.3.rs-7769716/v1,Crossref; Europe PMC,https://doi.org/10.21203/rs.3.rs-7769716/v1; https://europepmc.org/article/PPR/PPR1124725,no_location_identified,,precision automated title candidate; manual verification pending
A2,机器人胃肠内镜巡检,doi:10.4253/wjge.v3.i7.145,Development of a novel endoscopic manipulation system: The Endoscopic operation robot,2011,10.4253/wjge.v3.i7.145,OpenAlex,https://openalex.org/W2072669484,yes,https://www.wjgnet.com/1948-5190/full/v3/i7/145.htm,precision automated title candidate; manual verification pending
A2,机器人胃肠内镜巡检,doi:10.1299/jsmeicam.2015.6.68,"Development of a Self-Propelled Actively Bendable Colonoscope Robot with a ""Party Horn"" Propulsion Mechanism",2015,10.1299/jsmeicam.2015.6.68,OpenAlex,https://openalex.org/W2739439480,yes,https://www.jstage.jst.go.jp/article/jsmeicam/2015.6/0/2015.6_68/_pdf,precision automated title candidate; manual verification pending
A2,机器人胃肠内镜巡检,doi:10.5759/jscas.21.5,Development of a Self-Propelled Colonoscope Robot with a Conical Worm Gear Mechanism,2019,10.5759/jscas.21.5,OpenAlex,https://openalex.org/W2936727662,yes,https://www.jstage.jst.go.jp/article/jscas/21/1/21_5/_pdf,precision automated title candidate; manual verification pending
A2,机器人胃肠内镜巡检,doi:10.20944/preprints202402.1526.v1,Development of Novel Hydraulic 3D Printed Actuator Using Electrorheological Fluid for Robotic Endoscopy,2024,10.20944/preprints202402.1526.v1,OpenAlex,https://openalex.org/W4392370821,yes,https://www.preprints.org/manuscript/202402.1526/v1/download,precision automated title candidate; manual verification pending
A2,机器人胃肠内镜巡检,doi:10.1111/1751-2980.12718,Emerging next-generation robotic colonoscopy systems towards painless colonoscopy.,2019,10.1111/1751-2980.12718,Europe PMC,https://europepmc.org/article/MED/30834714,yes,https://pmc.ncbi.nlm.nih.gov/articles/PMC6849516/,precision automated title candidate; manual verification pending
A2,机器人胃肠内镜巡检,doi:10.3389/frobt.2021.705454,Endorobots for Colonoscopy: Design Challenges and Available Technologies.,2021,10.3389/frobt.2021.705454,Crossref; Europe PMC; OpenAlex,https://doi.org/10.3389/frobt.2021.705454; https://europepmc.org/article/MED/34336938; https://openalex.org/W3179982033,yes,https://pmc.ncbi.nlm.nih.gov/articles/PMC8317132/; https://www.frontiersin.org/articles/10.3389/frobt.2021.705454/pdf,precision automated title candidate; manual verification pending
A2,机器人胃肠内镜巡检,doi:10.1016/j.robot.2025.105322,Enhanced flexibility and dexterity in robotic endoscopy via a 6-DOF parallel mechanism and eye-gaze-assisted field-of-view control,2026,10.1016/j.robot.2025.105322,Crossref,https://doi.org/10.1016/j.robot.2025.105322,no_location_identified,,precision automated title candidate; manual verification pending
A2,机器人胃肠内镜巡检,doi:10.1007/s11701-024-02022-5,Eye-controlled endoscopy - a benchtop trial of a novel robotic steering platform - iGAZE2.,2024,10.1007/s11701-024-02022-5,Europe PMC,https://europepmc.org/article/MED/38916651,yes,https://pmc.ncbi.nlm.nih.gov/articles/PMC11199204/,precision automated title candidate; manual verification pending
A2,机器人胃肠内镜巡检,doi:10.1055/a-1352-3688,Feasibility study of a single-use balloon-assisted robotic colonoscope in healthy volunteers,2021,10.1055/a-1352-3688,OpenAlex,https://openalex.org/W3136194981,yes,http://www.thieme-connect.de/products/ejournals/pdf/10.1055/a-1352-3688.pdf,precision automated title candidate; manual verification pending
A2,机器人胃肠内镜巡检,doi:10.1515/cdbme-2021-2055,Finding the curved pathway of the large intestine for robot-aided colonoscopy,2021,10.1515/cdbme-2021-2055,OpenAlex,https://openalex.org/W4200437097,yes,https://www.degruyter.com/document/doi/10.1515/cdbme-2021-2055/pdf,precision automated title candidate; manual verification pending
A2,机器人胃肠内镜巡检,doi:10.1109/robot.2003.1241738,Functional colonoscope robot system,2004,10.1109/robot.2003.1241738,OpenAlex,https://openalex.org/W1525277457,no_location_identified,,precision automated title candidate; manual verification pending
A2,机器人胃肠内镜巡检,doi:10.1007/978-3-319-13410-9_8,Image-Based Navigation for a Robotized Flexible Endoscope,2014,10.1007/978-3-319-13410-9_8,OpenAlex,https://openalex.org/W151938259,no_location_identified,,precision automated title candidate; manual verification pending
A2,机器人胃肠内镜巡检,doi:10.1109/lra.2021.3087085,Image-Guided Control of an Endoscopic Robot for OCT Path Scanning,2021,10.1109/lra.2021.3087085,OpenAlex,https://openalex.org/W3174683534,yes,https://hal.science/hal-03281611/document,precision automated title candidate; manual verification pending
A2,机器人胃肠内镜巡检,doi:10.1299/jsmec.49.205,Inchworm-Like Colonoscopic Robot with Hollow Body and Steering Device,2006,10.1299/jsmec.49.205,OpenAlex,https://openalex.org/W2088177665,yes,https://www.jstage.jst.go.jp/article/jsmec/49/1/49_1_205/_pdf,precision automated title candidate; manual verification pending
A2,机器人胃肠内镜巡检,doi:10.1038/s41575-020-00383-4,Intelligent and autonomous magnetic endoscopy,2020,10.1038/s41575-020-00383-4,Europe PMC; OpenAlex,https://europepmc.org/article/MED/33128016; https://openalex.org/W3095370948,yes,https://pmc.ncbi.nlm.nih.gov/articles/PMC7596620/; https://www.nature.com/articles/s41575-020-00383-4.pdf,precision automated title candidate; manual verification pending
A2,机器人胃肠内镜巡检,doi:10.1109/iros.2018.8594426,Intuitive Gaze-Control of a Robotized Flexible Endoscope,2018,10.1109/iros.2018.8594426,OpenAlex,https://openalex.org/W2910589770,no_location_identified,,precision automated title candidate; manual verification pending
A2,机器人胃肠内镜巡检,doi:10.1038/s43856-026-01747-8,In vitro development of the Autonomous Colonoscope Robot System (ACRS) for fully automated colonoscope insertion.,2026,10.1038/s43856-026-01747-8,Europe PMC,https://europepmc.org/article/MED/42380590,no_location_identified,,precision automated title candidate; manual verification pending
A2,机器人胃肠内镜巡检,doi:10.1016/j.ejso.2024.108030,Is minimal-accessed (endoscopic- or robotic-assisted) nipple-sparing mastectomy contraindicated for large breasts?,2024,10.1016/j.ejso.2024.108030,OpenAlex,https://openalex.org/W4391951574,yes,http://www.ejso.com/article/S0748798324000829/pdf,precision automated title candidate; manual verification pending
A2,机器人胃肠内镜巡检,doi:10.5302/j.icros.2002.8.4.345,Locomotive Mechanism Based on Pneumatic Actuators for the Semi-Autonomous Endoscopic System,2002,10.5302/j.icros.2002.8.4.345,OpenAlex,https://openalex.org/W277424129,yes,https://koreascience.kr:443/article/JAKO200211921041819.pdf,precision automated title candidate; manual verification pending
A2,机器人胃肠内镜巡检,doi:10.1109/isbi61048.2026.11515946,MEA-YOLO: Medical Enhanced Attention YOLO for Simultaneous Polyp and Lumen Detection in Robotic Colonoscopy,2026,10.1109/isbi61048.2026.11515946,OpenAlex,https://openalex.org/W7161860767,no_location_identified,,precision automated title candidate; manual verification pending
A2,机器人胃肠内镜巡检,doi:10.1080/03091900500233759,Micro robot prototype for colonoscopy and <i>in vitro</i> experiments,2006,10.1080/03091900500233759,Europe PMC; OpenAlex,https://europepmc.org/article/MED/17365423; https://openalex.org/W2039968206,no_location_identified,,precision automated title candidate; manual verification pending
A2,机器人胃肠内镜巡检,doi:10.1038/s41598-025-97826-2,Minimally invasive robotic ureteral reconstruction using endoscopic submucosal dissection harvested colorectal mucosa graft for ureteral stricture.,2025,10.1038/s41598-025-97826-2,Europe PMC,https://europepmc.org/article/MED/40216947,yes,https://pmc.ncbi.nlm.nih.gov/articles/PMC11992230/,precision automated title candidate; manual verification pending
A2,机器人胃肠内镜巡检,doi:10.1002/rcs.1510,Modeling and dynamic analysis of the worm‐like part of an innovative robot applicable in colonoscopy,2013,10.1002/rcs.1510,Europe PMC; OpenAlex,https://europepmc.org/article/MED/23832390; https://openalex.org/W1883056771,no_location_identified,,precision automated title candidate; manual verification pending
A2,机器人胃肠内镜巡检,doi:10.1177/0278364904042204,Modeling and Experimental Validation of the Locomotion of Endoscopic Robots in the Colon,2004,10.1177/0278364904042204,OpenAlex,https://openalex.org/W2117926783,no_location_identified,,precision automated title candidate; manual verification pending
A2,机器人胃肠内镜巡检,doi:10.1109/arso60199.2024.10557794,Navigation of Tendon-driven Flexible Robotic Endoscope through Deep Reinforcement Learning,2024,10.1109/arso60199.2024.10557794,OpenAlex,https://openalex.org/W4399801642,no_location_identified,,precision automated title candidate; manual verification pending
A2,机器人胃肠内镜巡检,doi:10.1111/den.13649,Next generation of endoscopy: Harmony with artificial intelligence and robotic‐assisted devices,2020,10.1111/den.13649,OpenAlex,https://openalex.org/W3006654794,yes,https://onlinelibrary.wiley.com/doi/pdfdirect/10.1111/den.13649,precision automated title candidate; manual verification pending
A2,机器人胃肠内镜巡检,doi:10.1089/soro.2016.0065,Nonparametric Online Learning Control for Soft Continuum Robot: An Enabling Technique for Effective Endoscopic Navigation,2017,10.1089/soro.2016.0065,OpenAlex,https://openalex.org/W2745494968,yes,https://www.liebertpub.com/doi/pdf/10.1089/soro.2016.0065,precision automated title candidate; manual verification pending
A2,机器人胃肠内镜巡检,title:reinforcementlearningforfollowtheleaderroboticendoscopicnavigationviasyntheticdata,Reinforcement Learning for Follow-the-Leader Robotic Endoscopic Navigation via Synthetic Data,2026,,arXiv,http://arxiv.org/abs/2601.02798v1,yes,http://arxiv.org/pdf/2601.02798v1,precision automated title candidate; manual verification pending
A2,机器人胃肠内镜巡检,doi:10.1109/iembs.2005.1615611,Research on Micro Robot for Colonoscopy,2005,10.1109/iembs.2005.1615611,Europe PMC; OpenAlex,https://europepmc.org/article/MED/17281381; https://openalex.org/W2113433753,no_location_identified,,precision automated title candidate; manual verification pending
A2,机器人胃肠内镜巡检,doi:10.3389/fped.2025.1499394,Robot-assisted excision with intervertebral foramen endoscopy in the treatment of osteoid osteoma of femoral neck: a case report.,2025,10.3389/fped.2025.1499394,Europe PMC,https://europepmc.org/article/MED/40625387,yes,https://pmc.ncbi.nlm.nih.gov/articles/PMC12230037/,precision automated title candidate; manual verification pending
A2,机器人胃肠内镜巡检,doi:10.1038/s41598-023-37566-3,Robotic endoscope with double-balloon and double-bend tube for colonoscopy,2023,10.1038/s41598-023-37566-3,Europe PMC; OpenAlex,https://europepmc.org/article/MED/37380716; https://openalex.org/W4382394589,yes,https://pmc.ncbi.nlm.nih.gov/articles/PMC10307855/; https://www.nature.com/articles/s41598-023-37566-3.pdf,precision automated title candidate; manual verification pending
A2,机器人胃肠内镜巡检,doi:10.1186/s12894-025-01711-z,Robotic laparoendoscopic single-site ultrasound-guided renal artery balloon catheter occluded hybrid partial nephrectomy (LESS-HPN): a prospective pilot study.,2025,10.1186/s12894-025-01711-z,Europe PMC,https://europepmc.org/article/MED/39934736,yes,https://pmc.ncbi.nlm.nih.gov/articles/PMC11818040/,precision automated title candidate; manual verification pending
A2,机器人胃肠内镜巡检,doi:10.1109/irds.2002.1043947,Robotic solutions and mechanisms for a semi-autonomous endoscope,2003,10.1109/irds.2002.1043947,OpenAlex,https://openalex.org/W2169154962,no_location_identified,,precision automated title candidate; manual verification pending
A2,机器人胃肠内镜巡检,doi:10.1016/j.xjtc.2026.102328,Robotic transgastric local resection of endoscopically unresectable gastroesophageal junction benign/low-grade lesions.,2026,10.1016/j.xjtc.2026.102328,Europe PMC,https://europepmc.org/article/MED/42292122,yes,https://pmc.ncbi.nlm.nih.gov/articles/PMC13261277/,precision automated title candidate; manual verification pending
A2,机器人胃肠内镜巡检,doi:10.1097/sla.0000000000005924,Robotic Versus Conventional or Endoscopic-assisted Nipple-sparing Mastectomy and Immediate Prosthesis Breast Reconstruction in the Management of Breast Cancer,2023,10.1097/sla.0000000000005924,OpenAlex,https://openalex.org/W4378173043,yes,https://doi.org/10.1097/sla.0000000000005924,precision automated title candidate; manual verification pending
A2,机器人胃肠内镜巡检,doi:10.1016/j.gie.2013.03.599,Sa1548 Self-Propelled Percutaneous Endoscopic Gastrojejunostomy (PEG-J): a Pilot Study,2013,10.1016/j.gie.2013.03.599,Crossref,https://doi.org/10.1016/j.gie.2013.03.599,no_location_identified,,precision automated title candidate; manual verification pending
A2,机器人胃肠内镜巡检,doi:10.1016/j.robot.2008.11.001,Sensor-based guidance control of a continuum robot for a semi-autonomous colonoscopy,2008,10.1016/j.robot.2008.11.001,Crossref; OpenAlex,https://doi.org/10.1016/j.robot.2008.11.001; https://openalex.org/W1995166423,no_location_identified,,precision automated title candidate; manual verification pending
A2,机器人胃肠内镜巡检,title:sensorbasedguidancecontrolofacontinuumrobotforsemiautonomouscolonoscopy,Sensor-based Guidance Control of a Continuum Robot for Semi-Autonomous Colonoscopy,2007,,OpenAlex,https://openalex.org/W3022577824,no_location_identified,,precision automated title candidate; manual verification pending
A2,机器人胃肠内镜巡检,doi:10.48550/arxiv.2301.08157,SoftEnNet: Symbiotic Monocular Depth Estimation and Lumen Segmentation for Colonoscopy Endorobots,2023,10.48550/arxiv.2301.08157,OpenAlex,https://openalex.org/W4317672132,yes,https://arxiv.org/pdf/2301.08157,precision automated title candidate; manual verification pending
A2,机器人胃肠内镜巡检,doi:10.1109/robio.2010.5723302,Squirm robot with full bellow skin for colonoscopy,2010,10.1109/robio.2010.5723302,OpenAlex,https://openalex.org/W2097062239,no_location_identified,,precision automated title candidate; manual verification pending
A2,机器人胃肠内镜巡检,doi:10.1002/adma.202502203,"Stretchable, Multiplexed, and Bimodal Sensing Electronic Armor for Colonoscopic Continuum Robot Enhanced by Triboelectric Artificial Synapse",2025,10.1002/adma.202502203,Europe PMC; OpenAlex,https://europepmc.org/article/MED/40474423; https://openalex.org/W4411108380,yes,https://onlinelibrary.wiley.com/doi/pdfdirect/10.1002/adma.202502203; https://pmc.ncbi.nlm.nih.gov/articles/PMC12369696/,precision automated title candidate; manual verification pending
A2,机器人胃肠内镜巡检,doi:10.1016/s0016-5107(26)00889-8,Su1368 AUTONOMOUS ROBOTIC COLONOSCOPE INSERTION VIA DEEP LEARNING LUMEN DETECTION AND BEHAVIOR MIMICRY,2026,10.1016/s0016-5107(26)00889-8,Crossref,https://doi.org/10.1016/s0016-5107(26)00889-8,no_location_identified,,precision automated title candidate; manual verification pending
A2,机器人胃肠内镜巡检,doi:10.1053/j.gastro.2005.12.018,"The Aer-O-Scope: Proof of Concept of a Pneumatic, Skill-Independent, Self-Propelling, Self-Navigating Colonoscope",2006,10.1053/j.gastro.2005.12.018,OpenAlex,https://openalex.org/W2061006952,yes,http://www.gastrojournal.org/article/S001650850502528X/pdf,precision automated title candidate; manual verification pending
A2,机器人胃肠内镜巡检,doi:10.1016/j.cmpb.2025.109013,Toward autonomous robotic gastroscopy with a novel interventional keypoint and polyp detection system.,2025,10.1016/j.cmpb.2025.109013,Europe PMC,https://europepmc.org/article/MED/40829333,no_location_identified,,precision automated title candidate; manual verification pending
A2,机器人胃肠内镜巡检,doi:10.1007/978-3-319-54377-2_10,"Towards Tracking a Semi-autonomous, Pneumatic Colonoscope Robot",2017,10.1007/978-3-319-54377-2_10,OpenAlex,https://openalex.org/W2613788697,no_location_identified,,precision automated title candidate; manual verification pending
A2,机器人胃肠内镜巡检,doi:10.1016/j.measurement.2023.112658,Visual servo control of endoscope-holding robot based on multi-objective optimization: System modeling and instrument tracking,2023,10.1016/j.measurement.2023.112658,OpenAlex,https://openalex.org/W4322627128,no_location_identified,,precision automated title candidate; manual verification pending
A2,机器人胃肠内镜巡检,doi:10.3109/03091902.2012.673687,Wireless technologies for robotic endoscope in gastrointestinal tract.,2012,10.3109/03091902.2012.673687,Europe PMC,https://europepmc.org/article/MED/22594607,no_location_identified,,precision automated title candidate; manual verification pending
A3,磁控/主动胶囊内镜,doi:10.1299/jsmewes.2008.137,1E3-6 Development of self-propelled capsule endoscopy having DDS function,2008,10.1299/jsmewes.2008.137,OpenAlex,https://openalex.org/W2725202462,yes,https://www.jstage.jst.go.jp/article/jsmewes/2008/0/2008_137/_pdf,precision automated title candidate; manual verification pending
A3,磁控/主动胶囊内镜,doi:10.1109/tro.2013.2266754,3-D Localization Method for a Magnetically Actuated Soft Capsule Endoscope and Its Applications.,2013,10.1109/tro.2013.2266754,Europe PMC,https://europepmc.org/article/MED/25383064,yes,https://pmc.ncbi.nlm.nih.gov/articles/PMC4224301/,precision automated title candidate; manual verification pending
A3,磁控/主动胶囊内镜,title:3dprintedanisotropicsoftmagneticcoatingfordirectionalrollingofamagneticallyactuatedcapsulerobot,3D-Printed Anisotropic Soft Magnetic Coating for Directional Rolling of a Magnetically Actuated Capsule Robot,2026,,arXiv,http://arxiv.org/abs/2602.10688v1,yes,http://arxiv.org/pdf/2602.10688v1,precision automated title candidate; manual verification pending
A3,磁控/主动胶囊内镜,doi:10.1109/pimrcw.2019.8880830,5D Magnetic Localization for Wireless Capsule Endoscopy Using the Levenberg-Marquardt Method and Artificial Bee Colony Algorithm,2019,10.1109/pimrcw.2019.8880830,OpenAlex,https://openalex.org/W2981494324,no_location_identified,,precision automated title candidate; manual verification pending
A3,磁控/主动胶囊内镜,doi:10.1002/ueg2.12339,5G‐based remote magnetically controlled capsule endoscopy for examination of the stomach and small bowel,2022,10.1002/ueg2.12339,Europe PMC; OpenAlex,https://europepmc.org/article/MED/36416805; https://openalex.org/W4309825812,yes,https://onlinelibrary.wiley.com/doi/pdfdirect/10.1002/ueg2.12339; https://pmc.ncbi.nlm.nih.gov/articles/PMC9892422/,precision automated title candidate; manual verification pending
A3,磁控/主动胶囊内镜,doi:10.1109/tbcas.2026.3672399,A Bimodal Imaging Wireless Capsule Endoscopy System With Precise Linear Magnetic Navigation and Motion-Robust Power Transfer.,2026,10.1109/tbcas.2026.3672399,Europe PMC,https://europepmc.org/article/MED/41811720,no_location_identified,,precision automated title candidate; manual verification pending
A3,磁控/主动胶囊内镜,doi:10.1109/te.2013.2281025,A Case Study on a Capsule Robot in the Gastrointestinal Tract to Teach Robot Programming and Navigation,2013,10.1109/te.2013.2281025,OpenAlex,https://openalex.org/W2026437452,no_location_identified,,precision automated title candidate; manual verification pending
A3,磁控/主动胶囊内镜,doi:10.1016/j.cgh.2016.05.013,"Accuracy of Magnetically Controlled Capsule Endoscopy, Compared With Conventional Gastroscopy, in Detection of Gastric Diseases",2016,10.1016/j.cgh.2016.05.013,OpenAlex,https://openalex.org/W2402923555,yes,https://doi.org/10.1016/j.cgh.2016.05.013,precision automated title candidate; manual verification pending
A3,磁控/主动胶囊内镜,doi:10.3390/mi17040471,A Compliant SMA-Actuated Capsule Robot with Integrated Locomotion and Steering for Wireless Capsule Endoscopy.,2026,10.3390/mi17040471,Europe PMC,https://europepmc.org/article/MED/42076247,yes,https://pmc.ncbi.nlm.nih.gov/articles/PMC13118210/,precision automated title candidate; manual verification pending
A3,磁控/主动胶囊内镜,doi:10.1055/s-0032-1310014,Active bleeding without identifiable lesion on capsule endoscopy,2012,10.1055/s-0032-1310014,Crossref,https://doi.org/10.1055/s-0032-1310014,no_location_identified,,precision automated title candidate; manual verification pending
A3,磁控/主动胶囊内镜,doi:10.1109/bmei.2008.216,Active Blood Detection in a High Resolution Capsule Endoscopy using Color Spectrum Transformation,2008,10.1109/bmei.2008.216,OpenAlex,https://openalex.org/W2105130113,no_location_identified,,precision automated title candidate; manual verification pending
A3,磁控/主动胶囊内镜,doi:10.1007/s11517-023-02997-7,Active distance control in multi-capsule endoscopy via closed loop electromagnetic force between capsules.,2024,10.1007/s11517-023-02997-7,Europe PMC; OpenAlex,https://europepmc.org/article/MED/38158548; https://openalex.org/W4390402622,no_location_identified,,precision automated title candidate; manual verification pending
A3,磁控/主动胶囊内镜,doi:10.1016/j.gie.2009.12.058,Active locomotion of a paddling-based capsule endoscope in an in vitro and in vivo experiment (with videos),2010,10.1016/j.gie.2009.12.058,OpenAlex,https://openalex.org/W2078812477,yes,https://ir.ymlib.yonsei.ac.kr/handle/22282913/101413,precision automated title candidate; manual verification pending
A3,磁控/主动胶囊内镜,doi:10.1007/s41315-017-0039-1,A deep learning based fusion of RGB camera information and magnetic localization information for endoscopic capsule robots,2017,10.1007/s41315-017-0039-1,Europe PMC; OpenAlex,https://europepmc.org/article/MED/29250590; https://openalex.org/W2768662421,yes,https://link.springer.com/content/pdf/10.1007/s41315-017-0039-1.pdf; https://pmc.ncbi.nlm.nih.gov/articles/PMC5727155/,precision automated title candidate; manual verification pending
A3,磁控/主动胶囊内镜,doi:10.1088/0957-0233/23/1/015701,A discrete-time localization method for capsule endoscopy based on on-board magnetic sensing,2011,10.1088/0957-0233/23/1/015701,OpenAlex,https://openalex.org/W2168006223,yes,https://www.openaccessrepository.it/record/22376,precision automated title candidate; manual verification pending
A3,磁控/主动胶囊内镜,doi:10.1109/biocas.2009.5372047,Advancing towards smart endoscopy with specific electronics to enable locomotion and focusing capabilities in a wireless endoscopic capsule robot,2009,10.1109/biocas.2009.5372047,OpenAlex,https://openalex.org/W2126510758,no_location_identified,,precision automated title candidate; manual verification pending
A3,磁控/主动胶囊内镜,doi:10.3389/fmicb.2025.1687021,AI-powered three-category &lt;i&gt;Helicobacter pylori&lt;/i&gt; diagnosis via magnetic controlled capsule endoscopy: a multicenter validation of a vision-language model.,2025,10.3389/fmicb.2025.1687021,Europe PMC,https://europepmc.org/article/MED/41158765,yes,https://pmc.ncbi.nlm.nih.gov/articles/PMC12554734/,precision automated title candidate; manual verification pending
A3,磁控/主动胶囊内镜,doi:10.1109/jtehm.2018.2837895,A Locomotion Control Platform With Dynamic Electromagnetic Field for Active Capsule Endoscopy,2018,10.1109/jtehm.2018.2837895,Europe PMC; OpenAlex,https://europepmc.org/article/MED/29888143; https://openalex.org/W2803351057,yes,https://doi.org/10.1109/jtehm.2018.2837895; https://pmc.ncbi.nlm.nih.gov/articles/PMC5991866/,precision automated title candidate; manual verification pending
A3,磁控/主动胶囊内镜,doi:10.1080/15368378.2019.1591440,A modified magnetic resonance wireless power transfer system for capsule endoscopy.,2019,10.1080/15368378.2019.1591440,Europe PMC,https://europepmc.org/article/MED/30873888,no_location_identified,,precision automated title candidate; manual verification pending
A3,磁控/主动胶囊内镜,doi:10.5946/ce.2020.127,A New Active Locomotion Capsule Endoscopy under Magnetic Control and Automated Reading Program.,2020,10.5946/ce.2020.127,Crossref; Europe PMC; OpenAlex,https://doi.org/10.5946/ce.2020.127; https://europepmc.org/article/MED/32746536; https://openalex.org/W3045894315,yes,https://pmc.ncbi.nlm.nih.gov/articles/PMC7403023/; https://www.e-ce.org/upload/pdf/ce-2020-127.pdf,precision automated title candidate; manual verification pending
A3,磁控/主动胶囊内镜,doi:10.1109/tim.2021.3053056,An Optically Aided Magnetic Tracking Approach for Magnetically Actuated Capsule Robot,2021,10.1109/tim.2021.3053056,OpenAlex,https://openalex.org/W3123652698,no_location_identified,,precision automated title candidate; manual verification pending
A3,磁控/主动胶囊内镜,doi:10.1109/icmre51691.2021.9384823,A Novel Design of A Locomotion System for Active Capsule Endoscopy,2021,10.1109/icmre51691.2021.9384823,OpenAlex,https://openalex.org/W3144209584,no_location_identified,,precision automated title candidate; manual verification pending
A3,磁控/主动胶囊内镜,doi:10.1109/jsen.2019.2894386,A Novel Passive Magnetic Localization Wearable System for Wireless Capsule Endoscopy,2019,10.1109/jsen.2019.2894386,OpenAlex,https://openalex.org/W2912654229,no_location_identified,,precision automated title candidate; manual verification pending
A3,磁控/主动胶囊内镜,doi:10.1016/j.cgh.2009.08.037,An Urgent Call to the Magnetic Resonance Scanner: Potential Dangers of Capsule Endoscopy,2009,10.1016/j.cgh.2009.08.037,OpenAlex,https://openalex.org/W2041109945,no_location_identified,,precision automated title candidate; manual verification pending
A3,磁控/主动胶囊内镜,doi:10.1007/s10620-014-3327-8,A Rapid and Accurate Method to Detect Active Small Bowel Gastrointestinal Bleeding on Video Capsule Endoscopy,2014,10.1007/s10620-014-3327-8,OpenAlex,https://openalex.org/W1997847193,no_location_identified,,precision automated title candidate; manual verification pending
A3,磁控/主动胶囊内镜,doi:10.1016/j.sna.2016.03.020,A soft-magnet-based drug-delivery module for active locomotive intestinal capsule endoscopy using an electromagnetic actuation system,2016,10.1016/j.sna.2016.03.020,OpenAlex,https://openalex.org/W2299954058,no_location_identified,,precision automated title candidate; manual verification pending
A3,磁控/主动胶囊内镜,doi:10.1053/j.gastro.2019.04.006,Aspiration of a Magnetically Controlled Capsule Endoscopy,2019,10.1053/j.gastro.2019.04.006,OpenAlex,https://openalex.org/W2937121455,yes,http://www.gastrojournal.org/article/S0016508519356860/pdf,precision automated title candidate; manual verification pending
A3,磁控/主动胶囊内镜,doi:10.1016/j.gie.2025.03.096,ASSISTED DIAGNOSIS OF PRECANCEROUS GASTRIC CONDITIONS BY COMBINING DEEP SELF- ORGANIZING COMPETITIVE NEURAL NETWORK WITH MAGNETICALLY CONTROLLED CAPSULE ENDOSCOPY,2025,10.1016/j.gie.2025.03.096,Crossref,https://doi.org/10.1016/j.gie.2025.03.096,no_location_identified,,precision automated title candidate; manual verification pending
A3,磁控/主动胶囊内镜,doi:10.4103/sjg.sjg_509_17,Association between patient characteristics and magnetically controlled capsule endoscopy findings,2018,10.4103/sjg.sjg_509_17,Europe PMC; OpenAlex,https://europepmc.org/article/MED/29652031; https://openalex.org/W2797223666,yes,https://doi.org/10.4103/sjg.sjg_509_17; https://pmc.ncbi.nlm.nih.gov/articles/PMC5985639/,precision automated title candidate; manual verification pending
A3,磁控/主动胶囊内镜,doi:10.3390/diagnostics11101878,Automated Bowel Polyp Detection Based on Actively Controlled Capsule Endoscopy: Feasibility Study,2021,10.3390/diagnostics11101878,OpenAlex,https://openalex.org/W3206307758,yes,https://www.mdpi.com/2075-4418/11/10/1878/pdf?version=1634693503,precision automated title candidate; manual verification pending
A3,磁控/主动胶囊内镜,doi:10.1007/978-3-642-23626-6_18,Automatic Region-of-Interest Segmentation and Pathology Detection in Magnetically Guided Capsule Endoscopy,2011,10.1007/978-3-642-23626-6_18,OpenAlex,https://openalex.org/W22465955,yes,https://link.springer.com/content/pdf/10.1007/978-3-642-23626-6_18.pdf,precision automated title candidate; manual verification pending
A3,磁控/主动胶囊内镜,doi:10.1109/lra.2022.3141378,Autonomous Magnetic Navigation Framework for Active Wireless Capsule Endoscopy Inspired by Conventional Colonoscopy Procedures,2022,10.1109/lra.2022.3141378,Crossref; OpenAlex,https://doi.org/10.1109/lra.2022.3141378; https://openalex.org/W4221108481,no_location_identified,,precision automated title candidate; manual verification pending
A3,磁控/主动胶囊内镜,doi:10.1109/imws-bio.2014.7032425,A wireless power transmission system for robotic capsule endoscopy: Design and optimization,2014,10.1109/imws-bio.2014.7032425,OpenAlex,https://openalex.org/W2016329503,no_location_identified,,precision automated title candidate; manual verification pending
A3,磁控/主动胶囊内镜,doi:10.1371/journal.pone.0219740,A wireless tattooing capsule endoscope using external electromagnetic actuation and chemical reaction pressure.,2019,10.1371/journal.pone.0219740,Europe PMC,https://europepmc.org/article/MED/31310612,yes,https://pmc.ncbi.nlm.nih.gov/articles/PMC6634410/,precision automated title candidate; manual verification pending
A3,磁控/主动胶囊内镜,doi:10.3390/mi13122111,Battery-Free Tattooing Mechanism-Based Functional Active Capsule Endoscopy.,2022,10.3390/mi13122111,Crossref; Europe PMC; OpenAlex,https://doi.org/10.3390/mi13122111; https://europepmc.org/article/MED/36557410; https://openalex.org/W4311045944,yes,https://pmc.ncbi.nlm.nih.gov/articles/PMC9786073/; https://www.mdpi.com/2072-666X/13/12/2111/pdf?version=1669965846,precision automated title candidate; manual verification pending
A3,磁控/主动胶囊内镜,doi:10.1055/a-2889-0416,Benchmarking Detachable-string Magnetic Capsule Endoscopy against the Right Standard for Early Esophageal Squamous Cell Cancer.,2026,10.1055/a-2889-0416,Europe PMC,https://europepmc.org/article/MED/42369894,no_location_identified,,precision automated title candidate; manual verification pending
A3,磁控/主动胶囊内镜,doi:10.1093/dote/doz104,Better view by detachable string magnetically controlled capsule endoscopy for esophageal observation: a retrospective comparative study,2020,10.1093/dote/doz104,OpenAlex,https://openalex.org/W3010508629,no_location_identified,,precision automated title candidate; manual verification pending
A3,磁控/主动胶囊内镜,doi:10.1016/j.gie.2011.09.030,Blinded nonrandomized comparative study of gastric examination with a magnetically guided capsule endoscope and standard videoendoscope,2011,10.1016/j.gie.2011.09.030,OpenAlex,https://openalex.org/W2081263843,no_location_identified,,precision automated title candidate; manual verification pending
A3,磁控/主动胶囊内镜,doi:10.1080/08998280.2013.11928979,Capsule Endoscopy Device Retention and Magnetic Resonance Imaging,2013,10.1080/08998280.2013.11928979,OpenAlex,https://openalex.org/W123906095,yes,https://www.tandfonline.com/doi/pdf/10.1080/08998280.2013.11928979?needAccess=true&role=button,precision automated title candidate; manual verification pending
A3,磁控/主动胶囊内镜,doi:10.54254/2755-2721/12/20230299,Capsule endoscopy robotics and SLAM technology,2023,10.54254/2755-2721/12/20230299,OpenAlex,https://openalex.org/W4386961207,yes,https://www.ewadirect.com/proceedings/ace/article/view/4317/pdf,precision automated title candidate; manual verification pending
A3,磁控/主动胶囊内镜,doi:10.1007/s10689-014-9700-0,Capsule endoscopy versus magnetic resonance enterography for the detection of small bowel polyps in Peutz–Jeghers syndrome,2014,10.1007/s10689-014-9700-0,OpenAlex,https://openalex.org/W2020130823,yes,http://hdl.handle.net/11343/220401,precision automated title candidate; manual verification pending
A3,磁控/主动胶囊内镜,doi:10.3748/wjg.v31.i24.105823,Carbonated soft drink for gastric preparation for magnetically controlled capsule endoscopy: An open-label randomized controlled trial.,2025,10.3748/wjg.v31.i24.105823,Europe PMC,https://europepmc.org/article/MED/40599190,yes,https://pmc.ncbi.nlm.nih.gov/articles/PMC12207560/,precision automated title candidate; manual verification pending
A3,磁控/主动胶囊内镜,doi:10.1186/1475-925x-12-52,Chromoendoscopy in magnetically guided capsule endoscopy,2013,10.1186/1475-925x-12-52,OpenAlex,https://openalex.org/W2111708220,yes,https://biomedical-engineering-online.biomedcentral.com/counter/pdf/10.1186/1475-925X-12-52,precision automated title candidate; manual verification pending
A3,磁控/主动胶囊内镜,doi:10.1007/s10620-019-05631-5,Clinical Efficiency and Safety of Magnetic-Controlled Capsule Endoscopy for Gastric Diseases in Aging Patients: Our Preliminary Experience,2019,10.1007/s10620-019-05631-5,OpenAlex,https://openalex.org/W2942823947,no_location_identified,,precision automated title candidate; manual verification pending
A3,磁控/主动胶囊内镜,doi:10.1016/j.jmmm.2022.170268,Closed-loop active control of the magnetic capsule endoscope with a robotic arm based on image navigation,2022,10.1016/j.jmmm.2022.170268,OpenAlex,https://openalex.org/W4310906456,yes,https://www.sciencedirect.com/science/article/pii/S0304885322011532/pdf,precision automated title candidate; manual verification pending
A3,磁控/主动胶囊内镜,doi:10.15607/rss.2016.xii.018,Closed Loop Control of a Tethered Magnetic Capsule Endoscope.,2016,10.15607/rss.2016.xii.018,Europe PMC,https://europepmc.org/article/MED/28286886,yes,https://pmc.ncbi.nlm.nih.gov/articles/PMC5345944/,precision automated title candidate; manual verification pending
A3,磁控/主动胶囊内镜,doi:10.1155/2016/6471945,Combination of Five Body Positions Can Effectively Improve the Rate of Gastric Mucosa’s Complete Visualization by Applying Magnetic-Guided Capsule Endoscopy,2016,10.1155/2016/6471945,OpenAlex,https://openalex.org/W2557652302,yes,https://downloads.hindawi.com/journals/grp/2016/6471945.pdf,precision automated title candidate; manual verification pending
A3,磁控/主动胶囊内镜,doi:10.1155/2012/215028,Comparison between Capsule Endoscopy and Magnetic Resonance Enterography for the Detection of Polyps of the Small Intestine in Patients with Familial Adenomatous Polyposis,2012,10.1155/2012/215028,OpenAlex,https://openalex.org/W2009698889,yes,https://downloads.hindawi.com/journals/grp/2012/215028.pdf,precision automated title candidate; manual verification pending
A3,磁控/主动胶囊内镜,doi:10.1055/s-2004-826041,Comparison of Capsule Endoscopy and Magnetic Resonance Imaging for the Detection of Polyps of the Small Intestine in Patients with Familial Adenomatous Polyposis or with Peutz-Jeghers’ Syndrome,2004,10.1055/s-2004-826041,OpenAlex,https://openalex.org/W2039518877,no_location_identified,,precision automated title candidate; manual verification pending
A3,磁控/主动胶囊内镜,doi:10.1007/s00384-005-0755-0,Comparison of capsule endoscopy and magnetic resonance (MR) enteroclysis in suspected small bowel disease,2005,10.1007/s00384-005-0755-0,OpenAlex,https://openalex.org/W2062209981,yes,https://doi.org/10.5283/epub.769,precision automated title candidate; manual verification pending
A3,磁控/主动胶囊内镜,doi:10.1055/s-0032-1309386,Comparison of magnetic resonance enteroclysis and capsule endoscopy with balloon-assisted enteroscopy in patients with obscure gastrointestinal bleeding,2012,10.1055/s-0032-1309386,OpenAlex,https://openalex.org/W2002629041,no_location_identified,,precision automated title candidate; manual verification pending
A3,磁控/主动胶囊内镜,doi:10.1097/meg.0b013e32830ce7a7,Comparison of magnetic resonance enterography and video capsule endoscopy in evaluating small bowel disease,2008,10.1097/meg.0b013e32830ce7a7,OpenAlex,https://openalex.org/W2019853764,no_location_identified,,precision automated title candidate; manual verification pending
A3,磁控/主动胶囊内镜,doi:10.1371/journal.pone.0151711,Correction: Development and Testing of a Magnetically Actuated Capsule Endoscopy for Obesity Treatment,2016,10.1371/journal.pone.0151711,OpenAlex,https://openalex.org/W2294846042,yes,https://journals.plos.org/plosone/article/file?id=10.1371/journal.pone.0151711&type=printable,precision automated title candidate; manual verification pending
A3,磁控/主动胶囊内镜,doi:10.1136/flgastro-2022-102256,"Cost comparison of oral, transnasal and magnet assisted capsule endoscopy in the examination of the upper gastrointestinal tract in patients with dyspepsia.",2023,10.1136/flgastro-2022-102256,Europe PMC,https://europepmc.org/article/MED/37409341,yes,https://pmc.ncbi.nlm.nih.gov/articles/PMC11138180/,precision automated title candidate; manual verification pending
A3,磁控/主动胶囊内镜,doi:10.1109/access.2026.3693588,Curiosity-Driven Reinforcement Learning for Autonomous Navigation in Magnetically Controlled Capsule Endoscopy,2026,10.1109/access.2026.3693588,Crossref,https://doi.org/10.1109/access.2026.3693588,no_location_identified,,precision automated title candidate; manual verification pending
A3,磁控/主动胶囊内镜,doi:10.1177/1756283x16633052,Current and future role of magnetically assisted gastric capsule endoscopy in the upper gastrointestinal tract.,2016,10.1177/1756283x16633052,Europe PMC; OpenAlex,https://europepmc.org/article/MED/27134661; https://openalex.org/W2341800469,yes,https://journals.sagepub.com/doi/pdf/10.1177/1756283X16633052; https://pmc.ncbi.nlm.nih.gov/articles/PMC4830104/,precision automated title candidate; manual verification pending
A3,磁控/主动胶囊内镜,doi:10.1109/lra.2021.3089147,"Design, Actuation, and Control of an MRI-Powered Untethered Robot for Wireless Capsule Endoscopy",2021,10.1109/lra.2021.3089147,OpenAlex,https://openalex.org/W3175779901,no_location_identified,,precision automated title candidate; manual verification pending
A3,磁控/主动胶囊内镜,doi:10.1109/uffc-js60046.2024.10793517,Design and Control of A Magnetically-actuated Ultrasound Capsule Endoscope,2024,10.1109/uffc-js60046.2024.10793517,OpenAlex,https://openalex.org/W4405522268,no_location_identified,,precision automated title candidate; manual verification pending
A3,磁控/主动胶囊内镜,doi:10.1109/icra46639.2022.9812117,Design and experimental investigation of a vibro-impact self-propelled capsule robot with orientation control,2022,10.1109/icra46639.2022.9812117,Crossref; OpenAlex,https://doi.org/10.1109/icra46639.2022.9812117; https://openalex.org/W4221145676,yes,https://ore.exeter.ac.uk/repository/bitstream/10871/128896/1/ICRA22_0323_FI.pdf,precision automated title candidate; manual verification pending
A3,磁控/主动胶囊内镜,doi:10.1109/tbme.2010.2051947,Design and Fabrication of a Magnetic Propulsion System for Self-Propelled Capsule Endoscope,2010,10.1109/tbme.2010.2051947,Europe PMC; OpenAlex,https://europepmc.org/article/MED/20542758; https://openalex.org/W2127086686,no_location_identified,,precision automated title candidate; manual verification pending
A3,磁控/主动胶囊内镜,doi:10.1016/j.gie.2006.03.111,"Design, Development, and Testing of a Remote-Controlled, Stereoscopic (Three-Dimensional) Imaging, Self-Propelled, Wireless Capsule Endoscope",2006,10.1016/j.gie.2006.03.111,Crossref; OpenAlex,https://doi.org/10.1016/j.gie.2006.03.111; https://openalex.org/W2002316198,no_location_identified,,precision automated title candidate; manual verification pending
A3,磁控/主动胶囊内镜,doi:10.64898/2026.06.14.732152,"Design, Fabrication, and  <i>Ex-vivo</i>  Validation of an Active Capsule Endoscope",2026,10.64898/2026.06.14.732152,Europe PMC,https://europepmc.org/article/PPR/PPR1255248,no_location_identified,,precision automated title candidate; manual verification pending
A3,磁控/主动胶囊内镜,doi:10.1109/icma.2018.8484692,Design of A Novel Drug-delivery Module for Active Locomotive Intestinal Capsule Endoscopy,2018,10.1109/icma.2018.8484692,OpenAlex,https://openalex.org/W2898002194,no_location_identified,,precision automated title candidate; manual verification pending
A3,磁控/主动胶囊内镜,doi:10.14243/jsaem.27.19,Design of a self-propelled mechanism to be mounted on a capsule endoscope that made it possible to observe the stomach,2019,10.14243/jsaem.27.19,OpenAlex,https://openalex.org/W2961180173,yes,https://www.jstage.jst.go.jp/article/jsaem/27/1/27_19/_pdf,precision automated title candidate; manual verification pending
A3,磁控/主动胶囊内镜,doi:10.1109/tbme.2025.3550179,Design of Magnetic Actuated Capsule Robot for Liquid Sampling.,2025,10.1109/tbme.2025.3550179,Europe PMC,https://europepmc.org/article/MED/40067724,no_location_identified,,precision automated title candidate; manual verification pending
A3,磁控/主动胶囊内镜,doi:10.1097/meg.0000000000001939,Detachable string magnetically controlled capsule endoscopy for complete observation of the upper gastrointestinal tract,2020,10.1097/meg.0000000000001939,OpenAlex,https://openalex.org/W3087389261,no_location_identified,,precision automated title candidate; manual verification pending
A3,磁控/主动胶囊内镜,doi:10.1055/a-0856-6845,Detachable string magnetically controlled capsule endoscopy for complete viewing of the esophagus and stomach,2019,10.1055/a-0856-6845,OpenAlex,https://openalex.org/W2917233471,no_location_identified,,precision automated title candidate; manual verification pending
A3,磁控/主动胶囊内镜,doi:10.1016/j.lanwpc.2020.100072,Detachable string magnetically controlled capsule endoscopy for detecting high-risk varices in compensated advanced chronic liver disease (CHESS1801): A prospective multicenter study,2020,10.1016/j.lanwpc.2020.100072,Europe PMC; OpenAlex,https://europepmc.org/article/MED/34327406; https://openalex.org/W3112821433,yes,http://www.thelancet.com/article/S2666606520300729/pdf; https://pmc.ncbi.nlm.nih.gov/articles/PMC8315440/,precision automated title candidate; manual verification pending
A3,磁控/主动胶囊内镜,doi:10.3748/wjg.v30.i9.1121,"Detachable string magnetically controlled capsule endoscopy for the noninvasive diagnosis of esophageal diseases: A prospective, blind clinical study.",2024,10.3748/wjg.v30.i9.1121,Europe PMC,https://europepmc.org/article/MED/38577194,yes,https://pmc.ncbi.nlm.nih.gov/articles/PMC10989486/,precision automated title candidate; manual verification pending
A3,磁控/主动胶囊内镜,doi:10.4253/wjge.v5.i3.138,Detection of active bleeding from gastric antral vascular ectasia by capsule endoscopy,2013,10.4253/wjge.v5.i3.138,Crossref; OpenAlex,https://doi.org/10.4253/wjge.v5.i3.138; https://openalex.org/W2090901068,yes,https://www.wjgnet.com/1948-5190/full/v5/i3/138.htm,precision automated title candidate; manual verification pending
A3,磁控/主动胶囊内镜,doi:10.1155/2021/2716559,Development and Application of Magnetically Controlled Capsule Endoscopy in Detecting Gastric Lesions,2021,10.1155/2021/2716559,Europe PMC; OpenAlex,https://europepmc.org/article/MED/35003252; https://openalex.org/W4205560667,yes,https://downloads.hindawi.com/journals/grp/2021/2716559.pdf; https://pmc.ncbi.nlm.nih.gov/articles/PMC8739542/,precision automated title candidate; manual verification pending
A3,磁控/主动胶囊内镜,doi:10.1371/journal.pone.0148035,Development and Testing of a Magnetically Actuated Capsule Endoscopy for Obesity Treatment,2016,10.1371/journal.pone.0148035,OpenAlex,https://openalex.org/W2282353487,yes,https://journals.plos.org/plosone/article/file?id=10.1371/journal.pone.0148035&type=printable,precision automated title candidate; manual verification pending
A3,磁控/主动胶囊内镜,doi:10.1016/j.asjsur.2024.08.208,Development and validation of a predictive model for capsule retention risk in patients undergoing magnetic control capsule endoscopy for gastric lesions.,2024,10.1016/j.asjsur.2024.08.208,Europe PMC,https://europepmc.org/article/MED/39261168,no_location_identified,,precision automated title candidate; manual verification pending
A3,磁控/主动胶囊内镜,doi:10.1109/iconac.2016.7604899,Development of a self-propelled capsule robot for pipeline inspection,2016,10.1109/iconac.2016.7604899,Crossref,https://doi.org/10.1109/iconac.2016.7604899,no_location_identified,,precision automated title candidate; manual verification pending
A3,磁控/主动胶囊内镜,doi:10.4286/jjmi.81.181,Development of Capsule Endoscope Self-propelled by Linear Motor Mechanism,2011,10.4286/jjmi.81.181,OpenAlex,https://openalex.org/W2320036346,yes,https://www.jstage.jst.go.jp/article/jjmi/81/3/81_3_181/_pdf,precision automated title candidate; manual verification pending
A3,磁控/主动胶囊内镜,doi:10.1016/j.gie.2019.10.031,Diagnosis of Barrett’s esophagus and esophageal varices using a magnetically assisted capsule endoscopy system,2019,10.1016/j.gie.2019.10.031,OpenAlex,https://openalex.org/W2982646909,yes,https://nottingham-repository.worktribe.com/output/3349256,precision automated title candidate; manual verification pending
A3,磁控/主动胶囊内镜,doi:10.1136/bmj-2023-078581,Diagnostic accuracy of magnetically guided capsule endoscopy with a detachable string for detecting oesophagogastric varices in adults with cirrhosis: prospective multicentre study,2024,10.1136/bmj-2023-078581,Europe PMC; OpenAlex,https://europepmc.org/article/MED/38443074; https://openalex.org/W4392456032,yes,https://pmc.ncbi.nlm.nih.gov/articles/PMC10912951/; https://www.bmj.com/content/bmj/384/bmj-2023-078581.full.pdf,precision automated title candidate; manual verification pending
A3,磁控/主动胶囊内镜,doi:10.1097/mcg.0000000000002184,Diagnostic Accuracy of Tethered Control and Magnetically Controlled Capsule Endoscopy in Esophageal Diseases: A Meta-analysis.,2025,10.1097/mcg.0000000000002184,Europe PMC,https://europepmc.org/article/MED/40478204,no_location_identified,,precision automated title candidate; manual verification pending
A3,磁控/主动胶囊内镜,doi:10.1038/s41598-025-12527-0,Diagnostic value of magnetic controlled capsule endoscopy in patients with chronic abdominal pain: a retrospective two-center study.,2025,10.1038/s41598-025-12527-0,Europe PMC,https://europepmc.org/article/MED/40890285,yes,https://pmc.ncbi.nlm.nih.gov/articles/PMC12402144/,precision automated title candidate; manual verification pending
A3,磁控/主动胶囊内镜,doi:10.1055/a-0750-5682,Diagnostic yield of magnetically assisted capsule endoscopy versus gastroscopy in recurrent and refractory iron deficiency anemia,2018,10.1055/a-0750-5682,OpenAlex,https://openalex.org/W2898421542,no_location_identified,,precision automated title candidate; manual verification pending
A3,磁控/主动胶囊内镜,doi:10.1055/s-0035-1569846,Does magnetically assisted capsule endoscopy improve small bowel capsule endoscopy completion rate? A randomised controlled trial,2016,10.1055/s-0035-1569846,Crossref; OpenAlex,https://doi.org/10.1055/s-0035-1569846; https://openalex.org/W2405191813,yes,http://www.thieme-connect.de/products/ejournals/pdf/10.1055/s-0035-1569846.pdf,precision automated title candidate; manual verification pending
A3,磁控/主动胶囊内镜,doi:10.1007/s11071-023-08376-z,Dynamic analysis of a soft capsule robot self-propelling in the small intestine via finite element method,2023,10.1007/s11071-023-08376-z,OpenAlex,https://openalex.org/W4362602971,yes,https://link.springer.com/content/pdf/10.1007/s11071-023-08376-z.pdf,precision automated title candidate; manual verification pending
A3,磁控/主动胶囊内镜,doi:10.1016/j.jmmm.2024.172567,Dynamic modeling and simulation of a new conceptual design of a magnetic capsule robot by application of endoscopic capsule,2024,10.1016/j.jmmm.2024.172567,OpenAlex,https://openalex.org/W4403277552,no_location_identified,,precision automated title candidate; manual verification pending
A3,磁控/主动胶囊内镜,doi:10.1007/s11044-025-10052-6,Dynamic responses of a vibro-impact capsule robot self-propelling in the large intestine via multibody dynamics.,2025,10.1007/s11044-025-10052-6,Europe PMC; OpenAlex,https://europepmc.org/article/MED/41321486; https://openalex.org/W4407132792,yes,https://link.springer.com/content/pdf/10.1007/s11044-025-10052-6.pdf; https://pmc.ncbi.nlm.nih.gov/articles/PMC12657589/,precision automated title candidate; manual verification pending
A3,磁控/主动胶囊内镜,doi:10.1115/1.4068542,Dynamics of a Vibro-Impact Capsule Robot Self-Propelling in the Small Intestine With Multiple Circular Folds,2025,10.1115/1.4068542,OpenAlex,https://openalex.org/W4409978736,yes,https://figshare.com/articles/journal_contribution/Dynamics_of_a_vibro-impact_capsule_robot_self-propelling_in_the_small_intestine_with_multiple_circular_folds/29814227,precision automated title candidate; manual verification pending
A3,磁控/主动胶囊内镜,doi:10.1371/journal.pone.0295774,Efficacy and safety of three-dimensional magnetically assisted capsule endoscopy for upper gastrointestinal and small bowel examination.,2024,10.1371/journal.pone.0295774,Europe PMC,https://europepmc.org/article/MED/38713694,yes,https://pmc.ncbi.nlm.nih.gov/articles/PMC11075891/,precision automated title candidate; manual verification pending
A3,磁控/主动胶囊内镜,doi:10.1109/iembs.2005.1616154,Efficient Linear Algorithm for Magnetic Localization and Orientation in Capsule Endoscopy,2005,10.1109/iembs.2005.1616154,Europe PMC; OpenAlex,https://europepmc.org/article/MED/17281923; https://openalex.org/W2125646959,no_location_identified,,precision automated title candidate; manual verification pending
A3,磁控/主动胶囊内镜,doi:10.1109/iros.2005.1545490,Efficient magnetic localization and orientation technique for capsule endoscopy,2005,10.1109/iros.2005.1545490,OpenAlex,https://openalex.org/W1992176208,no_location_identified,,precision automated title candidate; manual verification pending
A3,磁控/主动胶囊内镜,title:enablingactivelocomotionandadvancedfeaturesincapsuleendoscopy,Enabling active locomotion and advanced features in capsule endoscopy,2014,,OpenAlex,https://openalex.org/W142537180,no_location_identified,,precision automated title candidate; manual verification pending
A3,磁控/主动胶囊内镜,doi:10.1177/15533506251334690,Enabling Robotic Capsule Endoscopy Through Effective in-Body Capsule Localization.,2025,10.1177/15533506251334690,Crossref; Europe PMC,https://doi.org/10.1177/15533506251334690; https://europepmc.org/article/MED/40227091,no_location_identified,,precision automated title candidate; manual verification pending
A3,磁控/主动胶囊内镜,doi:10.3390/s21072395,Endoluminal Motion Recognition of a Magnetically-Guided Capsule Endoscope Based on Capsule-Tissue Interaction Force.,2021,10.3390/s21072395,Europe PMC; OpenAlex,https://europepmc.org/article/MED/33808443; https://openalex.org/W3147326055,yes,https://pmc.ncbi.nlm.nih.gov/articles/PMC8036640/; https://www.mdpi.com/1424-8220/21/7/2395/pdf?version=1617938362,precision automated title candidate; manual verification pending
A3,磁控/主动胶囊内镜,doi:10.3389/frobt.2022.896028,"Endoscopic capsule robot-based diagnosis, navigation and localization in the gastrointestinal tract",2022,10.3389/frobt.2022.896028,Europe PMC; OpenAlex,https://europepmc.org/article/MED/36119725; https://openalex.org/W4294243685,yes,https://pmc.ncbi.nlm.nih.gov/articles/PMC9479458/; https://www.frontiersin.org/articles/10.3389/frobt.2022.896028/pdf,precision automated title candidate; manual verification pending
A3,磁控/主动胶囊内镜,doi:10.1177/0278364918779132,Enhanced real-time pose estimation for closed-loop robotic manipulation of magnetically actuated capsule endoscopes,2018,10.1177/0278364918779132,Europe PMC; OpenAlex,https://europepmc.org/article/MED/30150847; https://openalex.org/W2810031855,yes,http://hdl.handle.net/11311/1058738; https://pmc.ncbi.nlm.nih.gov/articles/PMC6108552/,precision automated title candidate; manual verification pending
A3,磁控/主动胶囊内镜,doi:10.1016/s0016-5107(26)05854-2,EP91 CLINICAL SIGNIFICANCE OF EARLY DOUBLE-BALLOON ENDOSCOPY FOLLOWING A CAPSULE ENDOSCOPY SHOWING ACTIVE SMALL-BOWEL BLEEDING,2026,10.1016/s0016-5107(26)05854-2,Crossref,https://doi.org/10.1016/s0016-5107(26)05854-2,no_location_identified,,precision automated title candidate; manual verification pending
A3,磁控/主动胶囊内镜,doi:10.1016/j.gie.2007.06.058,"Evaluation of capsule endoscopy in active, mild-to-moderate, overt, obscure GI bleeding",2007,10.1016/j.gie.2007.06.058,Crossref; OpenAlex,https://doi.org/10.1016/j.gie.2007.06.058; https://openalex.org/W1973141578,no_location_identified,,precision automated title candidate; manual verification pending
A3,磁控/主动胶囊内镜,doi:10.1109/tase.2022.3197442,Evaluation of Different Control Strategies for Trajectory Following of a Robotic Capsule Endoscope Under Rotating Magnetic Actuation,2022,10.1109/tase.2022.3197442,OpenAlex,https://openalex.org/W4293198117,no_location_identified,,precision automated title candidate; manual verification pending
A3,磁控/主动胶囊内镜,doi:10.1088/0957-0233/21/10/105802,Evaluation of friction enhancement through soft polymer micro-patterns in active capsule endoscopy,2010,10.1088/0957-0233/21/10/105802,OpenAlex,https://openalex.org/W2098895637,yes,https://iopscience.iop.org/article/10.1088/0957-0233/21/10/105802/pdf,precision automated title candidate; manual verification pending
A3,磁控/主动胶囊内镜,title:evaluationofsmallbowellumenfrictionforcesforapplicationsininvivoroboticcapsuleendoscopy,Evaluation of Small Bowel Lumen Friction Forces for Applications in In vivo Robotic Capsule Endoscopy,2012,,OpenAlex,https://openalex.org/W10105201,yes,https://scholar.colorado.edu/downloads/b5644r887,precision automated title candidate; manual verification pending
A3,磁控/主动胶囊内镜,doi:10.1515/cdbme-2020-3017,Evaluation of the Impact of Static Interference on an Empirical Data Based Static Magnetic Localization Setup for Capsule Endoscopy,2020,10.1515/cdbme-2020-3017,OpenAlex,https://openalex.org/W3106608039,yes,https://www.degruyter.com/document/doi/10.1515/cdbme-2020-3017/pdf,precision automated title candidate; manual verification pending
A3,磁控/主动胶囊内镜,doi:10.1055/a-2823-7782,Exploratory evaluation of magnetic capsule endoscopy with detachable-string for detecting esophageal lesions including early squamous cell carcinoma,2026,10.1055/a-2823-7782,Europe PMC; OpenAlex,https://europepmc.org/article/MED/42016520; https://openalex.org/W7135015444,yes,http://www.thieme-connect.de/products/ejournals/pdf/10.1055/a-2823-7782.pdf; https://pmc.ncbi.nlm.nih.gov/articles/PMC13093118/,precision automated title candidate; manual verification pending
A3,磁控/主动胶囊内镜,doi:10.1109/lra.2022.3178473,External and Internal Sensor Fusion Based Localization Strategy for 6-DOF Pose Estimation of a Magnetic Capsule Robot,2022,10.1109/lra.2022.3178473,OpenAlex,https://openalex.org/W4285119356,no_location_identified,,precision automated title candidate; manual verification pending
A3,磁控/主动胶囊内镜,doi:10.3410/f.1098423.554495,"Faculty Opinions recommendation of Evaluation of capsule endoscopy in active, mild-to-moderate, overt, obscure GI bleeding.",2007,10.3410/f.1098423.554495,Crossref,https://doi.org/10.3410/f.1098423.554495,no_location_identified,,precision automated title candidate; manual verification pending
A3,磁控/主动胶囊内镜,doi:10.15537/smj.2024.45.12.20240645,Feasibility and safety of a cable transmission magnetically controlled capsule endoscopy system for examination of the human upper digestive tract.,2024,10.15537/smj.2024.45.12.20240645,Europe PMC,https://europepmc.org/article/MED/39658110,yes,https://pmc.ncbi.nlm.nih.gov/articles/PMC11629644/,precision automated title candidate; manual verification pending
A3,磁控/主动胶囊内镜,doi:10.1002/hcs2.70010,Feasibility and Safety of a Novel Cable-Transmitted Magnetically Controlled Capsule Endoscopy System for Upper Gastrointestinal Examination.,2025,10.1002/hcs2.70010,Europe PMC,https://europepmc.org/article/MED/40241979,yes,https://pmc.ncbi.nlm.nih.gov/articles/PMC11997460/,precision automated title candidate; manual verification pending
A3,磁控/主动胶囊内镜,doi:10.4161/jig.23751,Feasibility and safety of magnetic-controlled capsule endoscopy system in examination of human stomach: A pilot study in healthy volunteers,2012,10.4161/jig.23751,Europe PMC; OpenAlex,https://europepmc.org/article/MED/23687601; https://openalex.org/W2097286877,yes,https://pmc.ncbi.nlm.nih.gov/articles/PMC3655386/,precision automated title candidate; manual verification pending
A3,磁控/主动胶囊内镜,doi:10.1155/2022/4313647,Feasibility of Novel Magnetically Controlled Cable Capsule Endoscopy System In Vitro Experiments for Gastric Examination.,2022,10.1155/2022/4313647,Europe PMC,https://europepmc.org/article/MED/36304789,yes,https://pmc.ncbi.nlm.nih.gov/articles/PMC9596269/,precision automated title candidate; manual verification pending
A3,磁控/主动胶囊内镜,doi:10.1016/j.ijmecsci.2021.106621,Finite element analysis of a self-propelled capsule robot moving in the small intestine,2021,10.1016/j.ijmecsci.2021.106621,Crossref; OpenAlex,https://doi.org/10.1016/j.ijmecsci.2021.106621; https://openalex.org/W3175402441,yes,https://www.sciencedirect.com/science/article/pii/S0020740321003556/pdf,precision automated title candidate; manual verification pending
A3,磁控/主动胶囊内镜,doi:10.3748/wjg.v28.i20.2227,First prospective European study for the feasibility and safety of magnetically controlled capsule endoscopy in gastric mucosal abnormalities.,2022,10.3748/wjg.v28.i20.2227,Europe PMC; OpenAlex,https://europepmc.org/article/MED/35721886; https://openalex.org/W4281892638,yes,https://doi.org/10.3748/wjg.v28.i20.2227; https://pmc.ncbi.nlm.nih.gov/articles/PMC9157624/,precision automated title candidate; manual verification pending
A3,磁控/主动胶囊内镜,doi:10.1177/0278364914558006,Five-degree-of-freedom manipulation of an untethered magnetic device in fluid using a single permanent magnet with application in stomach capsule endoscopy,2015,10.1177/0278364914558006,OpenAlex,https://openalex.org/W1993086849,no_location_identified,,precision automated title candidate; manual verification pending
A3,磁控/主动胶囊内镜,doi:10.1016/s2468-1253(21)00274-0,"Fully automated magnetically controlled capsule endoscopy for examination of the stomach and small bowel: a prospective, feasibility, two-centre study",2021,10.1016/s2468-1253(21)00274-0,OpenAlex,https://openalex.org/W3199938058,no_location_identified,,precision automated title candidate; manual verification pending
A3,磁控/主动胶囊内镜,doi:10.1371/journal.pone.0256519,Gastric examination using a novel three-dimensional magnetically assisted capsule endoscope and a hand-held magnetic controller: A porcine model study.,2021,10.1371/journal.pone.0256519,Europe PMC,https://europepmc.org/article/MED/34610019,yes,https://pmc.ncbi.nlm.nih.gov/articles/PMC8491884/,precision automated title candidate; manual verification pending
A3,磁控/主动胶囊内镜,doi:10.1016/j.dld.2017.09.129,"Gastric preparation for magnetically controlled capsule endoscopy: A prospective, randomized single-blinded controlled trial",2017,10.1016/j.dld.2017.09.129,OpenAlex,https://openalex.org/W2762680102,yes,http://www.dldjournalonline.com/article/S1590865817312203/pdf,precision automated title candidate; manual verification pending
A3,磁控/主动胶囊内镜,doi:10.1586/17434440.2013.811832,Grand challenges in magnetic capsule endoscopy,2013,10.1586/17434440.2013.811832,OpenAlex,https://openalex.org/W2011129107,no_location_identified,,precision automated title candidate; manual verification pending
A3,磁控/主动胶囊内镜,doi:10.1109/access.2021.3136796,Hybrid 6-DoF Magnetic Localization for Robotic Capsule Endoscopes Compatible With High-Grade Magnetic Field Navigation,2021,10.1109/access.2021.3136796,OpenAlex,https://openalex.org/W4206801220,yes,https://ieeexplore.ieee.org/ielx7/6287639/9668973/09656131.pdf,precision automated title candidate; manual verification pending
A3,磁控/主动胶囊内镜,doi:10.1109/tbme.2025.3553150,Hybrid Magnetic Locomotion Method for Capsule Robots.,2025,10.1109/tbme.2025.3553150,Europe PMC,https://europepmc.org/article/MED/40138243,no_location_identified,,precision automated title candidate; manual verification pending
A3,磁控/主动胶囊内镜,doi:10.1055/a-0655-2086,Identification of intestinal abnormalities in patients with active pulmonary tuberculosis using small bowel capsule endoscopy,2018,10.1055/a-0655-2086,OpenAlex,https://openalex.org/W2891852693,yes,http://www.thieme-connect.de/products/ejournals/pdf/10.1055/a-0655-2086.pdf,precision automated title candidate; manual verification pending
A3,磁控/主动胶囊内镜,doi:10.1016/j.gie.2018.06.031,Impact of magnetic steering on gastric transit time of a capsule endoscopy (with video),2018,10.1016/j.gie.2018.06.031,OpenAlex,https://openalex.org/W2879556403,no_location_identified,,precision automated title candidate; manual verification pending
A3,磁控/主动胶囊内镜,doi:10.1109/jsen.2024.3391797,Implementing an Autonomous Navigation System for Active Wireless Capsule Endoscopy,2024,10.1109/jsen.2024.3391797,OpenAlex,https://openalex.org/W4396680713,no_location_identified,,precision automated title candidate; manual verification pending
A3,磁控/主动胶囊内镜,doi:10.3389/fphar.2023.1184754,Inadequate gastric preparation and its associated factors for magnetically controlled capsule endoscopy,2023,10.3389/fphar.2023.1184754,Europe PMC; OpenAlex,https://europepmc.org/article/MED/37701026; https://openalex.org/W4386220415,yes,https://pmc.ncbi.nlm.nih.gov/articles/PMC10493275/; https://www.frontiersin.org/articles/10.3389/fphar.2023.1184754/pdf,precision automated title candidate; manual verification pending
A3,磁控/主动胶囊内镜,doi:10.5194/ars-19-207-2021,Innovative Differential Magnetic Localization Method for Capsule Endoscopy to Prevent Interference Caused by the Geomagnetic Field,2021,10.5194/ars-19-207-2021,OpenAlex,https://openalex.org/W4226030721,yes,https://ars.copernicus.org/articles/19/207/2021/ars-19-207-2021.pdf,precision automated title candidate; manual verification pending
A3,磁控/主动胶囊内镜,doi:10.1007/s00431-024-05962-0,Innovative nomogram approach to enhance the prediction of Helicobacter pylori infection in children via magnetic-controlled capsule endoscopy.,2025,10.1007/s00431-024-05962-0,Europe PMC,https://europepmc.org/article/MED/39812900,no_location_identified,,precision automated title candidate; manual verification pending
A3,磁控/主动胶囊内镜,doi:10.3109/03091902.2014.973619,Intestinal biomechanics simulator for robotic capsule endoscope validation.,2015,10.3109/03091902.2014.973619,Europe PMC,https://europepmc.org/article/MED/25367667,no_location_identified,,precision automated title candidate; manual verification pending
A3,磁控/主动胶囊内镜,doi:10.1109/tbme.2015.2479607,"Intestinal Manometry Force Sensor for Robotic Capsule Endoscopy: An Acute, Multipatient In vivo Animal and Human Study",2015,10.1109/tbme.2015.2479607,Europe PMC; OpenAlex,https://europepmc.org/article/MED/26394411; https://openalex.org/W2337857680,no_location_identified,,precision automated title candidate; manual verification pending
A3,磁控/主动胶囊内镜,doi:10.1109/embc.2013.6610632,Intraoperative bowel cleansing tool in active locomotion capsule endoscopy,2013,10.1109/embc.2013.6610632,OpenAlex,https://openalex.org/W2002173831,no_location_identified,,precision automated title candidate; manual verification pending
A3,磁控/主动胶囊内镜,doi:10.1109/biorob.2012.6290771,Intra-operative monocular 3D reconstruction for image-guided navigation in active locomotion capsule endoscopy,2012,10.1109/biorob.2012.6290771,OpenAlex,https://openalex.org/W2055452918,no_location_identified,,precision automated title candidate; manual verification pending
A3,磁控/主动胶囊内镜,doi:10.1002/mp.15976,"In vivo animal study of the magnetic navigation system for capsule endoscope manipulation within the esophagus, stomach, and colorectum.",2022,10.1002/mp.15976,Europe PMC,https://europepmc.org/article/MED/36087029,no_location_identified,,precision automated title candidate; manual verification pending
A3,磁控/主动胶囊内镜,doi:10.1109/jsen.2025.11235502,In vivo validation of Wireless Power Transfer System for Magnetically Controlled Robotic Capsule Endoscopy,2025,10.1109/jsen.2025.11235502,arXiv,http://arxiv.org/abs/2503.12850v2,yes,http://arxiv.org/pdf/2503.12850v2,precision automated title candidate; manual verification pending
A3,磁控/主动胶囊内镜,doi:10.1109/tro.2016.2522433,Jacobian-Based Iterative Method for Magnetic Localization in Robotic Capsule Endoscopy,2016,10.1109/tro.2016.2522433,Crossref; Europe PMC; OpenAlex,https://doi.org/10.1109/tro.2016.2522433; https://europepmc.org/article/MED/27087799; https://openalex.org/W2333051748,yes,https://pmc.ncbi.nlm.nih.gov/articles/PMC4826733/; https://www.ncbi.nlm.nih.gov/pmc/articles/4826733,precision automated title candidate; manual verification pending
A3,磁控/主动胶囊内镜,doi:10.1016/j.jfma.2026.01.026,Key scientific gaps and unmet needs in wired magnetic-assisted capsule endoscopy for acute upper gastrointestinal bleeding.,2026,10.1016/j.jfma.2026.01.026,Europe PMC,https://europepmc.org/article/MED/41558959,no_location_identified,,precision automated title candidate; manual verification pending
A3,磁控/主动胶囊内镜,title:latestdevelopmentofintestinalcapsuleendoscopyrobot,[Latest development of intestinal capsule endoscopy robot].,2015,,OpenAlex,https://openalex.org/W2352279673,no_location_identified,,precision automated title candidate; manual verification pending
A3,磁控/主动胶囊内镜,doi:10.1002/rcs.1759,Locomotion enhancement of an inchworm-like capsule robot using long contact devices.,2017,10.1002/rcs.1759,Europe PMC,https://europepmc.org/article/MED/27416878,no_location_identified,,precision automated title candidate; manual verification pending
A3,磁控/主动胶囊内镜,doi:10.1007/978-3-031-64719-2_49,Magnet-Controlled Capsule Endoscopy of the Upper Gastrointestinal Tract,2025,10.1007/978-3-031-64719-2_49,Crossref,https://doi.org/10.1007/978-3-031-64719-2_49,no_location_identified,,precision automated title candidate; manual verification pending
A3,磁控/主动胶囊内镜,doi:10.3390/mi15111373,Magnetic Actuation for Wireless Capsule Endoscopy in a Large Workspace Using a Mobile-Coil System.,2024,10.3390/mi15111373,Europe PMC,https://europepmc.org/article/MED/39597185,yes,https://pmc.ncbi.nlm.nih.gov/articles/PMC11596172/,precision automated title candidate; manual verification pending
A3,磁控/主动胶囊内镜,doi:10.4283/jmag.2007.12.2.089,Magnetic Actuator for a Capsule Endoscope Navigation System,2007,10.4283/jmag.2007.12.2.089,OpenAlex,https://openalex.org/W1507453299,yes,http://koreascience.or.kr:80/article/JAKO200724737438576.pdf,precision automated title candidate; manual verification pending
A3,磁控/主动胶囊内镜,doi:10.1007/s00464-011-2054-x,Magnetic air capsule robotic system: proof of concept of a novel approach for painless colonoscopy.,2012,10.1007/s00464-011-2054-x,Europe PMC,https://europepmc.org/article/MED/22179445,no_location_identified,,precision automated title candidate; manual verification pending
A3,磁控/主动胶囊内镜,doi:10.1055/s-0040-1718470,Magnetically Assisted Capsule Endoscopy for Endoscopic Examination of Esophagus and Stomach—Beginning of the End of Flexible Esophagogastroscopy!,2020,10.1055/s-0040-1718470,OpenAlex,https://openalex.org/W3091131921,yes,http://www.thieme-connect.de/products/ejournals/pdf/10.1055/s-0040-1718470.pdf,precision automated title candidate; manual verification pending
A3,磁控/主动胶囊内镜,doi:10.1016/j.gie.2019.04.248,Magnetically assisted capsule endoscopy in suspected acute upper GI bleeding versus esophagogastroduodenoscopy in detecting focal lesions,2019,10.1016/j.gie.2019.04.248,OpenAlex,https://openalex.org/W2943839323,no_location_identified,,precision automated title candidate; manual verification pending
A3,磁控/主动胶囊内镜,doi:10.1080/00365521.2019.1638446,Magnetically controlled capsule endoscopy as the first-line examination for high-risk patients for the standard gastroscopy: a preliminary study,2019,10.1080/00365521.2019.1638446,OpenAlex,https://openalex.org/W2963593192,no_location_identified,,precision automated title candidate; manual verification pending
A3,磁控/主动胶囊内镜,doi:10.1016/j.jacc.2021.10.028,Magnetically Controlled Capsule Endoscopy for Assessment of Antiplatelet Therapy–Induced Gastrointestinal Injury,2021,10.1016/j.jacc.2021.10.028,OpenAlex,https://openalex.org/W3213828470,yes,https://www.sciencedirect.com/science/article/pii/S0735109721079055/pdf,precision automated title candidate; manual verification pending
A3,磁控/主动胶囊内镜,doi:10.4166/kjg.2025.149,[Magnetically Controlled Capsule Endoscopy for Upper Gastrointestinal Examination].,2026,10.4166/kjg.2025.149,Europe PMC,https://europepmc.org/article/MED/41572655,yes,https://pmc.ncbi.nlm.nih.gov/articles/PMC12834632/,precision automated title candidate; manual verification pending
A3,磁控/主动胶囊内镜,doi:10.1097/mpg.0000000000002292,Magnetically Controlled Capsule Endoscopy in Children,2019,10.1097/mpg.0000000000002292,OpenAlex,https://openalex.org/W2914859172,no_location_identified,,precision automated title candidate; manual verification pending
A3,磁控/主动胶囊内镜,doi:10.1186/s12876-022-02302-0,Magnetically controlled capsule endoscopy in one-time gastro-small intestinal joint examination: a two-centre experience,2022,10.1186/s12876-022-02302-0,Europe PMC; OpenAlex,https://europepmc.org/article/MED/35509022; https://openalex.org/W4229062161,yes,https://link.springer.com/content/pdf/10.1186/s12876-022-02302-0.pdf; https://pmc.ncbi.nlm.nih.gov/articles/PMC9069740/,precision automated title candidate; manual verification pending
A3,磁控/主动胶囊内镜,doi:10.1155/2019/7172930,Magnetically Guided Capsule Endoscopy in Pediatric Patients with Abdominal Pain,2019,10.1155/2019/7172930,OpenAlex,https://openalex.org/W2944677660,yes,http://downloads.hindawi.com/journals/grp/2019/7172930.pdf,precision automated title candidate; manual verification pending
A3,磁控/主动胶囊内镜,doi:10.1055/s-0034-1391329,Magnetically steerable gastric capsule endoscopy is equivalent to flexible endoscopy in the detection of markers in an excised porcine stomach model: results of a randomized trial,2015,10.1055/s-0034-1391329,OpenAlex,https://openalex.org/W2320729744,no_location_identified,,precision automated title candidate; manual verification pending
A3,磁控/主动胶囊内镜,doi:10.1109/esime.2010.5464519,Magnetic analysis and simulations of a self-propelled capsule endoscope,2010,10.1109/esime.2010.5464519,Crossref; OpenAlex,https://doi.org/10.1109/esime.2010.5464519; https://openalex.org/W2149698773,no_location_identified,,precision automated title candidate; manual verification pending
A3,磁控/主动胶囊内镜,doi:10.1016/j.gie.2015.09.015,Magnetic-assisted capsule endoscopy in the upper GI tract by using a novel navigation system (with video),2015,10.1016/j.gie.2015.09.015,OpenAlex,https://openalex.org/W2213663504,no_location_identified,,precision automated title candidate; manual verification pending
A3,磁控/主动胶囊内镜,doi:10.1586/erd.10.3,Magnetic capsule endoscopy: the future is around the corner,2010,10.1586/erd.10.3,OpenAlex,https://openalex.org/W2151989110,yes,https://www.tandfonline.com/doi/pdf/10.1586/erd.10.3?needAccess=true,precision automated title candidate; manual verification pending
A3,磁控/主动胶囊内镜,doi:10.1186/s12876-023-02914-0,Magnetic-controlled capsule endoscopy performance in aging patients,2023,10.1186/s12876-023-02914-0,Europe PMC; OpenAlex,https://europepmc.org/article/MED/37568133; https://openalex.org/W4385769229,yes,https://bmcgastroenterol.biomedcentral.com/counter/pdf/10.1186/s12876-023-02914-0; https://pmc.ncbi.nlm.nih.gov/articles/PMC10422704/,precision automated title candidate; manual verification pending
A3,磁控/主动胶囊内镜,doi:10.1055/s-0034-1391123,Magnetic-controlled capsule endoscopy vs. gastroscopy for gastric diseases: a two-center self-controlled comparative trial,2015,10.1055/s-0034-1391123,OpenAlex,https://openalex.org/W1973182515,no_location_identified,,precision automated title candidate; manual verification pending
A3,磁控/主动胶囊内镜,doi:10.1155/2018/4248792,Magnetic-Guided Capsule Endoscopy in the Diagnosis of Gastrointestinal Diseases in Minors,2018,10.1155/2018/4248792,OpenAlex,https://openalex.org/W2889940660,yes,http://downloads.hindawi.com/journals/grp/2018/4248792.pdf,precision automated title candidate; manual verification pending
A3,磁控/主动胶囊内镜,doi:10.1109/tim.2023.3341129,Magnetic Localization Algorithm of Capsule Robot Based on BP Neural Network,2024,10.1109/tim.2023.3341129,OpenAlex,https://openalex.org/W4390659565,no_location_identified,,precision automated title candidate; manual verification pending
A3,磁控/主动胶囊内镜,doi:10.1016/j.clinimag.2012.03.011,Magnetic resonance enterography and wireless capsule endoscopy in the evaluation of patients with inflammatory bowel disease,2012,10.1016/j.clinimag.2012.03.011,OpenAlex,https://openalex.org/W2098793401,yes,https://www.ncbi.nlm.nih.gov/pmc/articles/3645856,precision automated title candidate; manual verification pending
A3,磁控/主动胶囊内镜,doi:10.1007/s10620-019-5479-z,Magnetic Steering of Capsule Endoscopy Improves Small Bowel Capsule Endoscopy Completion Rate,2019,10.1007/s10620-019-5479-z,OpenAlex,https://openalex.org/W2912189211,no_location_identified,,precision automated title candidate; manual verification pending
A3,磁控/主动胶囊内镜,doi:10.1016/j.gie.2016.07.053,Maneuverability and safety of a magnetic-controlled capsule endoscopy system to examine the human colon under real-time monitoring by colonoscopy: a pilot study (with video),2016,10.1016/j.gie.2016.07.053,OpenAlex,https://openalex.org/W2494415003,no_location_identified,,precision automated title candidate; manual verification pending
A3,磁控/主动胶囊内镜,doi:10.1117/12.979250,Manipulation of permanent magnetic polymer micro-robots: a new approach towards guided wireless capsule endoscopy,2012,10.1117/12.979250,OpenAlex,https://openalex.org/W1968742865,no_location_identified,,precision automated title candidate; manual verification pending
A3,磁控/主动胶囊内镜,doi:10.31579/2693-7247/072,Medical Capsule Robots: An Overview on wireless capsule endoscope.,2022,10.31579/2693-7247/072,OpenAlex,https://openalex.org/W4225123044,yes,https://www.auctoresonline.org/uploads/articles/1647949172Medical_Capsule_Robots.pdf,precision automated title candidate; manual verification pending
A3,磁控/主动胶囊内镜,doi:10.1016/j.gie.2013.03.417,Mo1669 The Dawn of Internet Linked Robotic Capsule Endoscopy; a Radio-Controlled and Motor-Driven Capsule Endoscope That Can Be Controlled via the Internet,2013,10.1016/j.gie.2013.03.417,Crossref; OpenAlex,https://doi.org/10.1016/j.gie.2013.03.417; https://openalex.org/W2106200106,no_location_identified,,precision automated title candidate; manual verification pending
A3,磁控/主动胶囊内镜,doi:10.1007/s11071-019-05061-y,Modelling of capsule–intestine contact for a self-propelled capsule robot via experimental and numerical investigation,2019,10.1007/s11071-019-05061-y,Crossref; OpenAlex,https://doi.org/10.1007/s11071-019-05061-y; https://openalex.org/W2951824487,yes,https://link.springer.com/content/pdf/10.1007/s11071-019-05061-y.pdf,precision automated title candidate; manual verification pending
A3,磁控/主动胶囊内镜,doi:10.1109/tase.2022.3201966,Motion Control of Capsule Robot Based on Adaptive Magnetic Levitation Using Electromagnetic Coil,2022,10.1109/tase.2022.3201966,OpenAlex,https://openalex.org/W4297034354,no_location_identified,,precision automated title candidate; manual verification pending
A3,磁控/主动胶囊内镜,doi:10.1109/embc.2012.6346847,Mucosal region detection and 3D reconstruction in wireless capsule endoscopy videos using active contours,2012,10.1109/embc.2012.6346847,OpenAlex,https://openalex.org/W2076401017,no_location_identified,,precision automated title candidate; manual verification pending
A3,磁控/主动胶囊内镜,doi:10.1055/a-1648-2238,"Noncontact magnetically controlled capsule endoscopy for infection-free gastric examination during the COVID-19 pandemic: a pilot, open-label, randomized trial.",2022,10.1055/a-1648-2238,Europe PMC,https://europepmc.org/article/MED/35178334,yes,https://pmc.ncbi.nlm.nih.gov/articles/PMC8847063/,precision automated title candidate; manual verification pending
A3,磁控/主动胶囊内镜,doi:10.1109/iros.2016.7759192,Nonholonomic Closed-loop Velocity Control of a Soft-tethered Magnetic Capsule Endoscope.,2016,10.1109/iros.2016.7759192,Europe PMC,https://europepmc.org/article/MED/28316873,yes,https://pmc.ncbi.nlm.nih.gov/articles/PMC5354359/,precision automated title candidate; manual verification pending
A3,磁控/主动胶囊内镜,doi:10.1016/j.csbj.2022.10.001,Noninvasive detection and interpretation of gastrointestinal diseases by collaborative serum metabolite and magnetically controlled capsule endoscopy,2022,10.1016/j.csbj.2022.10.001,OpenAlex,https://openalex.org/W4302287440,yes,https://www.sciencedirect.com/science/article/pii/S2001037022004482/pdf,precision automated title candidate; manual verification pending
A3,磁控/主动胶囊内镜,doi:10.1016/c2023-0-01283-3,Nonlinear Dynamics Approach to Robotic Capsule Endoscopy,2026,10.1016/c2023-0-01283-3,Crossref,https://doi.org/10.1016/c2023-0-01283-3,no_location_identified,,precision automated title candidate; manual verification pending
A3,磁控/主动胶囊内镜,doi:10.1115/imece2009-10432,Novel Magnetic Propulsion System for Capsule Endoscopy,2009,10.1115/imece2009-10432,OpenAlex,https://openalex.org/W2097325889,no_location_identified,,precision automated title candidate; manual verification pending
A3,磁控/主动胶囊内镜,title:observationofhumandigestivetractwithaselfpropellingcapsuleendoscopyusingamagneticfield,Observation of human digestive tract with a self-propelling capsule endoscopy using a magnetic field,2013,,OpenAlex,https://openalex.org/W2563022298,no_location_identified,,precision automated title candidate; manual verification pending
A3,磁控/主动胶囊内镜,doi:10.1016/j.ahj.2020.06.004,Optimal antiplatelet therapy for prevention of gastrointestinal injury evaluated by ANKON magnetically controlled capsule endoscopy: Rationale and design of the OPT-PEACE trial,2020,10.1016/j.ahj.2020.06.004,OpenAlex,https://openalex.org/W3035020373,yes,https://www.ncbi.nlm.nih.gov/pmc/articles/7294257,precision automated title candidate; manual verification pending
A3,磁控/主动胶囊内镜,doi:10.3390/mi15081032,Optimal Motion Control of a Capsule Endoscope in the Stomach Utilizing a Magnetic Navigation System with Dual Permanent Magnets.,2024,10.3390/mi15081032,Europe PMC,https://europepmc.org/article/MED/39203683,yes,https://pmc.ncbi.nlm.nih.gov/articles/PMC11356598/,precision automated title candidate; manual verification pending
A3,磁控/主动胶囊内镜,doi:10.1016/j.cnsns.2022.106696,Optimising the locomotion of a vibro-impact capsule robot self-propelling in the small intestine,2022,10.1016/j.cnsns.2022.106696,OpenAlex,https://openalex.org/W4283802683,yes,https://www.sciencedirect.com/science/article/pii/S1007570422002544/pdf,precision automated title candidate; manual verification pending
A3,磁控/主动胶囊内镜,doi:10.3892/etm.2019.8202,Optimizing the performance of magnet-controlled capsule endoscopy based on radiological and gastroscopic modeling.,2020,10.3892/etm.2019.8202,Europe PMC; OpenAlex,https://europepmc.org/article/MED/31853296; https://openalex.org/W2988608207,yes,http://www.spandidos-publications.com/10.3892/etm.2019.8202/download; https://pmc.ncbi.nlm.nih.gov/articles/PMC6909664/,precision automated title candidate; manual verification pending
A3,磁控/主动胶囊内镜,doi:10.1097/meg.0000000000000312,Optimizing the performance of magnetic-assisted capsule endoscopy of the upper GI tract using multiplanar CT modelling,2015,10.1097/meg.0000000000000312,OpenAlex,https://openalex.org/W2023673459,no_location_identified,,precision automated title candidate; manual verification pending
A3,磁控/主动胶囊内镜,doi:10.3390/mi12070802,Orthogonal Optimal Design of Multiple Parameters of a Magnetically Controlled Capsule Robot.,2021,10.3390/mi12070802,Europe PMC; OpenAlex,https://europepmc.org/article/MED/34357212; https://openalex.org/W3180497836,yes,https://pmc.ncbi.nlm.nih.gov/articles/PMC8304884/; https://www.mdpi.com/2072-666X/12/7/802/pdf?version=1625575136,precision automated title candidate; manual verification pending
A3,磁控/主动胶囊内镜,doi:10.1007/s11431-016-9003-y,Orthogonal transformation operation theorem of a spatial universal uniform rotating magnetic field and its application in capsule endoscopy,2017,10.1007/s11431-016-9003-y,OpenAlex,https://openalex.org/W2606312260,no_location_identified,,precision automated title candidate; manual verification pending
A3,磁控/主动胶囊内镜,doi:10.1111/j.1440-1746.2012.07223.x,"Patient burden and patient preference: Comparing magnetic resonance enteroclysis, capsule endoscopy and balloon‐assisted enteroscopy",2012,10.1111/j.1440-1746.2012.07223.x,OpenAlex,https://openalex.org/W2152580150,no_location_identified,,precision automated title candidate; manual verification pending
A3,磁控/主动胶囊内镜,doi:10.1007/978-3-030-87383-7_37,Performance Analysis of Localization System for Wireless Robotic Capsule Endoscopy Based on 5 DOF,2021,10.1007/978-3-030-87383-7_37,OpenAlex,https://openalex.org/W3206616516,no_location_identified,,precision automated title candidate; manual verification pending
A3,磁控/主动胶囊内镜,doi:10.1109/iembs.2005.1617090,Physiological Factors of the Small Intestine in Design of Active Capsule Endoscopy,2005,10.1109/iembs.2005.1617090,Crossref; OpenAlex,https://doi.org/10.1109/iembs.2005.1617090; https://openalex.org/W2060431451,no_location_identified,,precision automated title candidate; manual verification pending
A3,磁控/主动胶囊内镜,doi:10.1109/icbme.2012.6519699,Polyp detection in Wireless Capsule Endoscopy images by using region-based active contour model,2012,10.1109/icbme.2012.6519699,OpenAlex,https://openalex.org/W2010173198,no_location_identified,,precision automated title candidate; manual verification pending
A3,磁控/主动胶囊内镜,doi:10.1186/s12876-024-03405-6,Positioning exercises in improving the quality of magnetic-controlled capsule endoscopy.,2024,10.1186/s12876-024-03405-6,Europe PMC,https://europepmc.org/article/MED/39285368,yes,https://pmc.ncbi.nlm.nih.gov/articles/PMC11406967/,precision automated title candidate; manual verification pending
A3,磁控/主动胶囊内镜,doi:10.3390/mi12030238,Posture Dynamic Modeling and Stability Analysis of a Magnetic Driven Dual-Spin Spherical Capsule Robot,2021,10.3390/mi12030238,OpenAlex,https://openalex.org/W3135595537,yes,https://www.mdpi.com/2072-666X/12/3/238/pdf?version=1614590679,precision automated title candidate; manual verification pending
A3,磁控/主动胶囊内镜,doi:10.3390/mi17030327,Posture Tracking of Active Capsule Endoscopes Integrated with Magnetic Actuation Using Hall-Effect Sensors.,2026,10.3390/mi17030327,Europe PMC,https://europepmc.org/article/MED/41900213,yes,https://pmc.ncbi.nlm.nih.gov/articles/PMC13028852/,precision automated title candidate; manual verification pending
A3,磁控/主动胶囊内镜,doi:10.1016/j.gie.2007.03.267,Predictive Factors of Active Bleeding Lesions in Capsule Endoscopy Studies,2007,10.1016/j.gie.2007.03.267,Crossref,https://doi.org/10.1016/j.gie.2007.03.267,no_location_identified,,precision automated title candidate; manual verification pending
A3,磁控/主动胶囊内镜,doi:10.1155/2019/1582590,Prevalence of Gastric and Small-Intestinal Mucosal Injury in Elderly Patients Taking Enteric-Coated Aspirin by Magnetically Controlled Capsule Endoscopy,2019,10.1155/2019/1582590,OpenAlex,https://openalex.org/W2988116184,yes,https://downloads.hindawi.com/journals/grp/2019/1582590.pdf,precision automated title candidate; manual verification pending
A3,磁控/主动胶囊内镜,doi:10.1109/iccas.2013.6703922,Prototype modular capsule robots for capsule endoscopies,2013,10.1109/iccas.2013.6703922,OpenAlex,https://openalex.org/W2036142612,no_location_identified,,precision automated title candidate; manual verification pending
A3,磁控/主动胶囊内镜,doi:10.1136/gutjnl-2016-312388.433,PTH-028 How About Resurrecting The Research of Mechanically Actuated Robotic Capsule Endoscopy by Designing Novel Pressure Crystallised Self-Powering Composite Structures?,2016,10.1136/gutjnl-2016-312388.433,OpenAlex,https://openalex.org/W2554098963,no_location_identified,,precision automated title candidate; manual verification pending
A3,磁控/主动胶囊内镜,doi:10.1136/gutjnl-2019-bsgabstracts.63,PTH-038 Resonance enhanced self-propelled capsule endoscopy for small bowel examination,2019,10.1136/gutjnl-2019-bsgabstracts.63,Crossref; OpenAlex,https://doi.org/10.1136/gutjnl-2019-bsgabstracts.63; https://openalex.org/W2961557053,yes,https://gut.bmj.com/content/gutjnl/68/Suppl_2/A31.1.full.pdf,precision automated title candidate; manual verification pending
A3,磁控/主动胶囊内镜,doi:10.1136/gutjnl-2017-314472.447,PTH-050 Robot magnet-controlled upper gi capsule endoscopy using the ankon navicam® system: first reported experience outside china,2017,10.1136/gutjnl-2017-314472.447,OpenAlex,https://openalex.org/W2768417975,yes,https://doi.org/10.1136/gutjnl-2017-314472.447,precision automated title candidate; manual verification pending
A3,磁控/主动胶囊内镜,doi:10.1055/a-1724-6958,Real-time identification of gastric lesions and anatomical landmarks by artificial intelligence during magnetically controlled capsule endoscopy,2022,10.1055/a-1724-6958,OpenAlex,https://openalex.org/W4210286761,yes,http://www.thieme-connect.de/products/ejournals/pdf/10.1055/a-1724-6958.pdf,precision automated title candidate; manual verification pending
A3,磁控/主动胶囊内镜,doi:10.1007/978-981-10-8234-4_1,Reduction of Redundant Frames in Active Wireless Capsule Endoscopy,2018,10.1007/978-981-10-8234-4_1,OpenAlex,https://openalex.org/W2886684715,no_location_identified,,precision automated title candidate; manual verification pending
A3,磁控/主动胶囊内镜,doi:10.1016/j.gie.2010.01.064,Remote magnetic manipulation of a wireless capsule endoscope in the esophagus and stomach of humans (with ),2010,10.1016/j.gie.2010.01.064,OpenAlex,https://openalex.org/W2077133085,no_location_identified,,precision automated title candidate; manual verification pending
A3,磁控/主动胶囊内镜,doi:10.1109/access.2020.3001048,Research on Coaxial Control of Magnetic Spiral-Type Capsule Endoscope,2020,10.1109/access.2020.3001048,OpenAlex,https://openalex.org/W3034325722,yes,https://ieeexplore.ieee.org/ielx7/6287639/8948470/09112148.pdf,precision automated title candidate; manual verification pending
A3,磁控/主动胶囊内镜,doi:10.1177/09544119241239112,Resistance model of an active capsule endoscope in a peristaltic intestine.,2024,10.1177/09544119241239112,Europe PMC,https://europepmc.org/article/MED/38519860,no_location_identified,,precision automated title candidate; manual verification pending
A3,磁控/主动胶囊内镜,doi:10.1016/j.jfma.2025.12.001,"Response to comment on ""Usefulness of a novel wired magnetic-assisted capsule endoscopy in stable patients with acute upper gastrointestinal bleeding: A prospective cohort study"".",2026,10.1016/j.jfma.2025.12.001,Europe PMC,https://europepmc.org/article/MED/41365714,no_location_identified,,precision automated title candidate; manual verification pending
A3,磁控/主动胶囊内镜,doi:10.1016/j.jfma.2026.03.029,"Response to ""Key scientific gaps and unmet needs in wired magnetic-assisted capsule endoscopy for acute upper gastrointestinal bleeding"".",2026,10.1016/j.jfma.2026.03.029,Europe PMC,https://europepmc.org/article/MED/41820148,no_location_identified,,precision automated title candidate; manual verification pending
A3,磁控/主动胶囊内镜,doi:10.1111/den.12969,Retrograde colon capsule endoscopy with the self‐propelling capsule endoscope: The first human trial (with videos),2017,10.1111/den.12969,Crossref; OpenAlex,https://doi.org/10.1111/den.12969; https://openalex.org/W2758187295,no_location_identified,,precision automated title candidate; manual verification pending
A3,磁控/主动胶囊内镜,doi:10.1080/13645706.2022.2032181,Robot-assisted magnetic capsule endoscopy; navigating colorectal inclinations,2022,10.1080/13645706.2022.2032181,Europe PMC; OpenAlex,https://europepmc.org/article/MED/35112641; https://openalex.org/W4212923236,yes,https://www.tandfonline.com/doi/pdf/10.1080/13645706.2022.2032181?needAccess=true,precision automated title candidate; manual verification pending
A3,磁控/主动胶囊内镜,doi:10.3390/diagnostics16020334,Robotic Capsule Endoscopy: Simultaneous Gastric and Enteric Evaluation in Real-World Practice.,2026,10.3390/diagnostics16020334,Europe PMC,https://europepmc.org/article/MED/41594308,yes,https://pmc.ncbi.nlm.nih.gov/articles/PMC12840422/,precision automated title candidate; manual verification pending
A3,磁控/主动胶囊内镜,doi:10.3390/s20205728,Robotic Localization Based on Planar Cable Robot and Hall Sensor Array Applied to Magnetic Capsule Endoscope,2020,10.3390/s20205728,OpenAlex,https://openalex.org/W3092512409,yes,https://www.mdpi.com/1424-8220/20/20/5728/pdf?version=1602253716,precision automated title candidate; manual verification pending
A3,磁控/主动胶囊内镜,doi:10.1017/s0263574709990361,Robotic magnetic steering and locomotion of capsule endoscope for diagnostic and surgical endoluminal procedures,2009,10.1017/s0263574709990361,OpenAlex,https://openalex.org/W2148828700,no_location_identified,,precision automated title candidate; manual verification pending
A3,磁控/主动胶囊内镜,doi:10.1109/ist.2016.7738202,Robotic validation of visual odometry for wireless capsule endoscopy,2016,10.1109/ist.2016.7738202,OpenAlex,https://openalex.org/W2550274840,no_location_identified,,precision automated title candidate; manual verification pending
A3,磁控/主动胶囊内镜,doi:10.1016/j.gie.2017.03.600,"Sa1749 Diagnositic Accuracy and Utility of Colon Capsule Endoscopy for the Patients With Active UlcerativE.ColiTis: A Prospective, Single Center, Open-Labeled Trial (Luccas Study)",2017,10.1016/j.gie.2017.03.600,Crossref,https://doi.org/10.1016/j.gie.2017.03.600,no_location_identified,,precision automated title candidate; manual verification pending
A3,磁控/主动胶囊内镜,doi:10.1055/a-1507-4540,"Safety, efficacy, and maneuverability of a self-propelled capsule endoscope for observation of the human gastrointestinal tract",2021,10.1055/a-1507-4540,Crossref; Europe PMC; OpenAlex,https://doi.org/10.1055/a-1507-4540; https://europepmc.org/article/MED/34466364; https://openalex.org/W3196144758,yes,http://www.thieme-connect.de/products/ejournals/pdf/10.1055/a-1507-4540.pdf; https://pmc.ncbi.nlm.nih.gov/articles/PMC8382508/,precision automated title candidate; manual verification pending
A3,磁控/主动胶囊内镜,doi:10.1109/iros.2013.6696794,Safety systems in magnetically driven wireless capsule endoscopy,2013,10.1109/iros.2013.6696794,OpenAlex,https://openalex.org/W2138432504,no_location_identified,,precision automated title candidate; manual verification pending
A3,磁控/主动胶囊内镜,doi:10.1155/2018/2524698,Screening for Gastric and Small Intestinal Mucosal Injury with Magnetically Controlled Capsule Endoscopy in Asymptomatic Patients Taking Enteric-Coated Aspirin,2018,10.1155/2018/2524698,OpenAlex,https://openalex.org/W2900473226,yes,https://downloads.hindawi.com/journals/grp/2018/2524698.pdf,precision automated title candidate; manual verification pending
A3,磁控/主动胶囊内镜,doi:10.1111/jgh.15282,Screening value for gastrointestinal lesions of magnetic‐controlled capsule endoscopy in asymptomatic individuals,2020,10.1111/jgh.15282,OpenAlex,https://openalex.org/W3091402260,no_location_identified,,precision automated title candidate; manual verification pending
A3,磁控/主动胶囊内镜,doi:10.1016/j.ijmecsci.2020.105506,Self-propelled capsule endoscopy for small-bowel examination: Proof-of-concept and model verification,2020,10.1016/j.ijmecsci.2020.105506,Crossref; OpenAlex,https://doi.org/10.1016/j.ijmecsci.2020.105506; https://openalex.org/W3003783804,yes,https://www.sciencedirect.com/science/article/pii/S0020740319346910/pdf,precision automated title candidate; manual verification pending
A3,磁控/主动胶囊内镜,doi:10.25103/jestr.125.06,Self-starting Characteristics of Magnetic Controlled Spiral Capsule Robots,2019,10.25103/jestr.125.06,OpenAlex,https://openalex.org/W2991252887,yes,https://doi.org/10.25103/jestr.125.06,precision automated title candidate; manual verification pending
A3,磁控/主动胶囊内镜,doi:10.1109/irc.2018.00083,Simulation Study of Autonomous Drive for Active Capsule Endoscopy,2018,10.1109/irc.2018.00083,OpenAlex,https://openalex.org/W2795398968,no_location_identified,,precision automated title candidate; manual verification pending
A3,磁控/主动胶囊内镜,doi:10.1109/lra.2022.3143293,Six-Degree-of-Freedom Localization With a 3-Axis Accelerometer and a 2-Axis Magnetometer for Magnetic Capsule Endoscopy,2022,10.1109/lra.2022.3143293,OpenAlex,https://openalex.org/W4206675550,no_location_identified,,precision automated title candidate; manual verification pending
A3,磁控/主动胶囊内镜,doi:10.1111/j.1443-1661.2011.01149.x,SMALL BOWEL LESIONS DETECTED WITH WIRELESS CAPSULE ENDOSCOPY IN PATIENTS WITH ACTIVE ULCERATIVE COLITIS AND WITH POST-PROCTOCOLECTOMY,2011,10.1111/j.1443-1661.2011.01149.x,OpenAlex,https://openalex.org/W1848910715,yes,https://onlinelibrary.wiley.com/doi/pdfdirect/10.1111/j.1443-1661.2011.01149.x,precision automated title candidate; manual verification pending
A3,磁控/主动胶囊内镜,doi:10.1510/icvts.2005.116871,Small intestine capsule endoscopy in magnetic suspended axial left ventricular assist device patient,2005,10.1510/icvts.2005.116871,OpenAlex,https://openalex.org/W2104906834,yes,https://academic.oup.com/icvts/article-pdf/5/1/1/2403698/5-1-1.pdf,precision automated title candidate; manual verification pending
A3,磁控/主动胶囊内镜,doi:10.1055/a-1881-4369,"Small-sized versus standard magnetic capsule endoscopy in adults: a two-center, double-blinded randomized controlled trial",2022,10.1055/a-1881-4369,Europe PMC; OpenAlex,https://europepmc.org/article/MED/35820437; https://openalex.org/W4285093989,no_location_identified,,precision automated title candidate; manual verification pending
A3,磁控/主动胶囊内镜,doi:10.1016/j.jmbbm.2014.07.032,Soft material adhesion characterization for in vivo locomotion of robotic capsule endoscopes: Experimental and modeling results.,2014,10.1016/j.jmbbm.2014.07.032,Europe PMC,https://europepmc.org/article/MED/25151447,no_location_identified,,precision automated title candidate; manual verification pending
A3,磁控/主动胶囊内镜,doi:10.1016/j.ijmecsci.2022.107156,Speed optimisation and reliability analysis of a self-propelled capsule robot moving in an uncertain frictional environment,2022,10.1016/j.ijmecsci.2022.107156,Crossref; OpenAlex,https://doi.org/10.1016/j.ijmecsci.2022.107156; https://openalex.org/W4214672491,yes,https://www.sciencedirect.com/science/article/pii/S0020740322000832/pdf,precision automated title candidate; manual verification pending
A3,磁控/主动胶囊内镜,doi:10.1016/j.vgie.2019.03.003,Standardized examination procedure of magnetically controlled capsule endoscopy,2019,10.1016/j.vgie.2019.03.003,Europe PMC; OpenAlex,https://europepmc.org/article/MED/31194028; https://openalex.org/W2947193447,yes,http://www.videogie.org/article/S2468448119300542/pdf; https://pmc.ncbi.nlm.nih.gov/articles/PMC6545453/,precision automated title candidate; manual verification pending
A3,磁控/主动胶囊内镜,doi:10.1111/den.13520,Standing‐type magnetically guided capsule endoscopy versus gastroscopy for gastric examination: multicenter blinded comparative trial,2019,10.1111/den.13520,Europe PMC; OpenAlex,https://europepmc.org/article/MED/31483889; https://openalex.org/W2971467399,yes,https://onlinelibrary.wiley.com/doi/pdfdirect/10.1111/den.13520; https://pmc.ncbi.nlm.nih.gov/articles/PMC7318584/,precision automated title candidate; manual verification pending
A3,磁控/主动胶囊内镜,doi:10.1299/jsmekansai.2021.96.2704,Study on self-propelled actuators for capsule endoscopes,2021,10.1299/jsmekansai.2021.96.2704,Crossref,https://doi.org/10.1299/jsmekansai.2021.96.2704,no_location_identified,,precision automated title candidate; manual verification pending
A3,磁控/主动胶囊内镜,doi:10.1016/j.gie.2017.03.708,Su1192 Predictors of Active Small Bowel Bleeding Warrant Early Capsule Endoscopy,2017,10.1016/j.gie.2017.03.708,Crossref,https://doi.org/10.1016/j.gie.2017.03.708,no_location_identified,,precision automated title candidate; manual verification pending
A3,磁控/主动胶囊内镜,doi:10.1016/j.gie.2011.03.606,Su1552 Retrograde Colon Capsule Endoscopy From Anus Using a New Self-Propelling Capsule; The First Human Trial,2011,10.1016/j.gie.2011.03.606,Crossref; OpenAlex,https://doi.org/10.1016/j.gie.2011.03.606; https://openalex.org/W2023990642,yes,http://www.giejournal.org/article/S0016510711008261/pdf,precision automated title candidate; manual verification pending
A3,磁控/主动胶囊内镜,doi:10.1007/s00464-012-2271-y,Surgical evaluation of a novel tethered robotic capsule endoscope using micro-patterned treads.,2012,10.1007/s00464-012-2271-y,Europe PMC,https://europepmc.org/article/MED/22538681,no_location_identified,,precision automated title candidate; manual verification pending
A3,磁控/主动胶囊内镜,doi:10.1109/embc.2014.6945239,Technical feasibility of patient-friendly screening and treatment of digestive disease by remote control robotic capsule endoscopes via the internet.,2014,10.1109/embc.2014.6945239,Europe PMC,https://europepmc.org/article/MED/25571607,no_location_identified,,precision automated title candidate; manual verification pending
A3,磁控/主动胶囊内镜,doi:10.3109/00365521.2014.923503,The capsule endoscopy “suspected blood indicator” (SBI) for detection of active small bowel bleeding: no active bleeding in case of negative SBI,2014,10.3109/00365521.2014.923503,OpenAlex,https://openalex.org/W2166096329,no_location_identified,,precision automated title candidate; manual verification pending
A3,磁控/主动胶囊内镜,doi:10.3389/fmed.2021.610563,The Detective Value of Magnetically Controlled Robotic Capsule Endoscopy in Patients With Suspected Small Intestinal Disease,2021,10.3389/fmed.2021.610563,Europe PMC; OpenAlex,https://europepmc.org/article/MED/34113626; https://openalex.org/W3165614417,yes,https://pmc.ncbi.nlm.nih.gov/articles/PMC8185303/; https://www.frontiersin.org/articles/10.3389/fmed.2021.610563/pdf,precision automated title candidate; manual verification pending
A3,磁控/主动胶囊内镜,doi:10.1016/j.compbiomed.2015.03.014,The role of magnetic assisted capsule endoscopy (MACE) to aid visualisation in the upper GI tract,2015,10.1016/j.compbiomed.2015.03.014,OpenAlex,https://openalex.org/W1984825371,no_location_identified,,precision automated title candidate; manual verification pending
A3,磁控/主动胶囊内镜,doi:10.1111/jgh.16310,The use of magnet-controlled capsule endoscopy as the initial diagnostic tool in patients with acute upper gastrointestinal bleeding.,2023,10.1111/jgh.16310,Europe PMC,https://europepmc.org/article/MED/37534802,no_location_identified,,precision automated title candidate; manual verification pending
A3,磁控/主动胶囊内镜,doi:10.1109/access.2020.3012533,Three-Dimensional Localization of a Robotic Capsule Endoscope Using Magnetoquasistatic Field,2020,10.1109/access.2020.3012533,OpenAlex,https://openalex.org/W3045640710,yes,https://ieeexplore.ieee.org/ielx7/6287639/8948470/09151146.pdf,precision automated title candidate; manual verification pending
A3,磁控/主动胶囊内镜,doi:10.1038/s41598-025-10839-9,Toward automatic and reliable evaluation of human gastric motility using magnetically controlled capsule endoscope and deep learning.,2025,10.1038/s41598-025-10839-9,Europe PMC,https://europepmc.org/article/MED/40676082,yes,https://pmc.ncbi.nlm.nih.gov/articles/PMC12271307/,precision automated title candidate; manual verification pending
A3,磁控/主动胶囊内镜,doi:10.1115/dmd2017-3391,Towards Recovering a Lost Degree of Freedom in Magnet-Driven Robotic Capsule Endoscopy,2017,10.1115/dmd2017-3391,Crossref; OpenAlex,https://doi.org/10.1115/dmd2017-3391; https://openalex.org/W2609523966,yes,https://asmedigitalcollection.asme.org/BIOMED/proceedings-pdf/DMD2017/40672/V001T08A011/4449581/v001t08a011-dmd2017-3391.pdf,precision automated title candidate; manual verification pending
A3,磁控/主动胶囊内镜,title:trajectoryfollowingstrategiesforwirelesscapsuleendoscopyunderreciprocallyrotatingmagneticactuationinatubularenvironment,Trajectory Following Strategies for Wireless Capsule Endoscopy under Reciprocally Rotating Magnetic Actuation in a Tubular Environment,2021,,arXiv,http://arxiv.org/abs/2108.11620v2,yes,http://arxiv.org/pdf/2108.11620v2,precision automated title candidate; manual verification pending
A3,磁控/主动胶囊内镜,doi:10.1007/s11548-025-03445-7,Transformer-based robotic ultrasound 3D tracking for capsule robot in GI tract.,2025,10.1007/s11548-025-03445-7,Europe PMC,https://europepmc.org/article/MED/40490591,no_location_identified,,precision automated title candidate; manual verification pending
A3,磁控/主动胶囊内镜,doi:10.1016/j.gie.2008.03.231,Trial of Driving Capsule Endoscopy Using a Magnetic Field,2008,10.1016/j.gie.2008.03.231,OpenAlex,https://openalex.org/W1970847085,no_location_identified,,precision automated title candidate; manual verification pending
A3,磁控/主动胶囊内镜,doi:10.1016/j.jfma.2025.09.035,Usefulness of a novel wired magnetic-assisted capsule endoscopy in stable patients with acute upper gastrointestinal bleeding: A prospective cohort study.,2026,10.1016/j.jfma.2025.09.035,Europe PMC,https://europepmc.org/article/MED/41027770,no_location_identified,,precision automated title candidate; manual verification pending
A3,磁控/主动胶囊内镜,doi:10.1016/j.gie.2020.05.027,Use of artificial intelligence for detection of gastric lesions by magnetically controlled capsule endoscopy,2020,10.1016/j.gie.2020.05.027,OpenAlex,https://openalex.org/W3032158266,no_location_identified,,precision automated title candidate; manual verification pending
A3,磁控/主动胶囊内镜,doi:10.1007/s12213-016-0090-2,Vision-based haptic feedback for capsule endoscopy navigation: a proof of concept,2016,10.1007/s12213-016-0090-2,OpenAlex,https://openalex.org/W2397600741,no_location_identified,,precision automated title candidate; manual verification pending
A3,磁控/主动胶囊内镜,doi:10.1371/journal.pone.0139878,What Kind of Capsule Endoscope Is Suitable for a Controllable Self-Propelling Capsule Endoscope? Experimental Study Using a Porcine Stomach Model for Clinical Application (with Videos),2015,10.1371/journal.pone.0139878,OpenAlex,https://openalex.org/W2100169653,yes,https://journals.plos.org/plosone/article/file?id=10.1371/journal.pone.0139878&type=printable,precision automated title candidate; manual verification pending
A3,磁控/主动胶囊内镜,doi:10.1109/cicc53496.2022.9772802,Wireless Frequency-Division Multiplexed 3D Magnetic Localization for Low Power Sub-mm Precision Capsule Endoscopy,2022,10.1109/cicc53496.2022.9772802,OpenAlex,https://openalex.org/W4280608359,no_location_identified,,precision automated title candidate; manual verification pending
A3,磁控/主动胶囊内镜,doi:10.1109/scvt.2011.6101305,Wireless power and data transmission for robotic capsule endoscopes,2011,10.1109/scvt.2011.6101305,OpenAlex,https://openalex.org/W2077797047,no_location_identified,,precision automated title candidate; manual verification pending
A3,磁控/主动胶囊内镜,doi:10.1109/icma.2011.5985662,Wireless power transfer system for capsule endoscopy based on strongly coupled magnetic resonance theory,2011,10.1109/icma.2011.5985662,OpenAlex,https://openalex.org/W2166897163,no_location_identified,,precision automated title candidate; manual verification pending
A4,机器人支气管镜观察/导航,doi:10.1016/j.mayocp.2025.11.015,2000 Peripheral Pulmonary Lesions Sampled by Shape-Sensing Robotic-Assisted Bronchoscopy and Mobile Cone-Beam Computed Tomography: The Mayo Clinic Experience.,2026,10.1016/j.mayocp.2025.11.015,Europe PMC,https://europepmc.org/article/MED/41784586,no_location_identified,,precision automated title candidate; manual verification pending
A4,机器人支气管镜观察/导航,doi:10.1016/j.lungcan.2026.109020,71 Prospective evaluation of Robotic Navigation Bronchoscopy in the diagnosis and management of low-risk lung nodules,2026,10.1016/j.lungcan.2026.109020,Crossref,https://doi.org/10.1016/j.lungcan.2026.109020,no_location_identified,,precision automated title candidate; manual verification pending
A4,机器人支气管镜观察/导航,doi:10.1164/ajrccm-conference.2020.201.1_meetingabstracts.a6780,A Case Series of Intra-Procedure Cone Beam Computed Tomography Utilizing Monarch™ Robotic Navigational Bronchoscopy,2020,10.1164/ajrccm-conference.2020.201.1_meetingabstracts.a6780,OpenAlex,https://openalex.org/W3040900209,yes,https://www.atsjournals.org/doi/pdf/10.1164/ajrccm-conference.2020.201.1_MeetingAbstracts.A6780,precision automated title candidate; manual verification pending
A4,机器人支气管镜观察/导航,doi:10.21203/rs.3.rs-8414938/v1,A Dual‑Agent Learning Framework Enables Level 3+ Autonomous Robotic Bronchoscopy,2026,10.21203/rs.3.rs-8414938/v1,Europe PMC; OpenAlex,https://europepmc.org/article/PPR/PPR1151505; https://openalex.org/W7127975480,yes,https://www.researchsquare.com/article/rs-8414938/latest.pdf,precision automated title candidate; manual verification pending
A4,机器人支气管镜观察/导航,doi:10.1038/s41467-023-44385-7,AI co-pilot bronchoscope robot,2024,10.1038/s41467-023-44385-7,Europe PMC; OpenAlex,https://europepmc.org/article/MED/38172095; https://openalex.org/W4390562463,yes,https://pmc.ncbi.nlm.nih.gov/articles/PMC10764930/; https://www.nature.com/articles/s41467-023-44385-7.pdf,precision automated title candidate; manual verification pending
A4,机器人支气管镜观察/导航,doi:10.1183/23120541.00970-2025,An autonomous bronchoscopy robot controlled by artificial intelligence (BronchoBot) outperforms experienced bronchoscopists in a simulated setting.,2026,10.1183/23120541.00970-2025,Europe PMC; OpenAlex,https://europepmc.org/article/MED/41993220; https://openalex.org/W4415476897,yes,https://doi.org/10.1183/23120541.00970-2025; https://pmc.ncbi.nlm.nih.gov/articles/PMC13080710/,precision automated title candidate; manual verification pending
A4,机器人支气管镜观察/导航,doi:10.1007/978-3-032-12007-6_6,Anesthesia for Robotic Bronchoscopy,2026,10.1007/978-3-032-12007-6_6,Crossref,https://doi.org/10.1007/978-3-032-12007-6_6,no_location_identified,,precision automated title candidate; manual verification pending
A4,机器人支气管镜观察/导航,doi:10.1109/icra57147.2024.10611673,A Novel Robotic Bronchoscope with a Spring-Based Extensible Segment for Improving Steering Ability,2024,10.1109/icra57147.2024.10611673,Crossref,https://doi.org/10.1109/icra57147.2024.10611673,no_location_identified,,precision automated title candidate; manual verification pending
A4,机器人支气管镜观察/导航,doi:10.1109/lra.2025.3554104,"A Real-Time, Semi-Autonomous Navigation Platform for Soft Robotic Bronchoscopy",2025,10.1109/lra.2025.3554104,Crossref; Europe PMC; OpenAlex,https://doi.org/10.1109/lra.2025.3554104; https://europepmc.org/article/MED/40969572; https://openalex.org/W4408859577,yes,https://pmc.ncbi.nlm.nih.gov/articles/PMC12442719/,precision automated title candidate; manual verification pending
A4,机器人支气管镜观察/导航,doi:10.1016/j.chest.2025.12.037,A Revolution in Robotic Bronchoscopy,2026,10.1016/j.chest.2025.12.037,Crossref,https://doi.org/10.1016/j.chest.2025.12.037,no_location_identified,,precision automated title candidate; manual verification pending
A4,机器人支气管镜观察/导航,doi:10.1177/17534666241259369/v2/response1,"Author response for ""Unlocking the potential of robotic-assisted bronchoscopy: overcoming challenging anatomy and locations""",2024,10.1177/17534666241259369/v2/response1,Crossref,https://doi.org/10.1177/17534666241259369/v2/response1,no_location_identified,,precision automated title candidate; manual verification pending
A4,机器人支气管镜观察/导航,doi:10.1213/ane.0000000000007587,Automated Robotic Airway Insertion Using Flexible Optical Bronchoscope in a Manikin: A Feasibility Pilot Study,2025,10.1213/ane.0000000000007587,Crossref,https://doi.org/10.1213/ane.0000000000007587,no_location_identified,,precision automated title candidate; manual verification pending
A4,机器人支气管镜观察/导航,doi:10.1016/j.chest.2025.09.116,BEYOND THE SCOPE: COST-BENEFIT AND DIAGNOSTIC FACTORS IN COMMUNITY-BASED ROBOTIC BRONCHOSCOPY,2025,10.1016/j.chest.2025.09.116,Crossref,https://doi.org/10.1016/j.chest.2025.09.116,no_location_identified,,precision automated title candidate; manual verification pending
A4,机器人支气管镜观察/导航,doi:10.7759/cureus.62532,Breaking New Ground in Interventional Pulmonology: Integrating Cone Beam CT and Robotic-Assisted Bronchoscopy for High-Risk Pneumothorax in Peripherally Located Solitary Pulmonary Nodules.,2024,10.7759/cureus.62532,Europe PMC,https://europepmc.org/article/MED/38887749,yes,https://pmc.ncbi.nlm.nih.gov/articles/PMC11182144/,precision automated title candidate; manual verification pending
A4,机器人支气管镜观察/导航,doi:10.1109/lra.2024.3426385,Breathing Compensation in Magnetic Robotic Bronchoscopy via Shape Forming,2024,10.1109/lra.2024.3426385,OpenAlex,https://openalex.org/W4400488043,yes,https://discovery.ucl.ac.uk/10197081/1/24-1326_02_MS.pdf,precision automated title candidate; manual verification pending
A4,机器人支气管镜观察/导航,doi:10.48550/arxiv.2403.01483,BronchoCopilot: Towards Autonomous Robotic Bronchoscopy via Multimodal Reinforcement Learning,2024,10.48550/arxiv.2403.01483,OpenAlex,https://openalex.org/W4392487960,yes,https://arxiv.org/pdf/2403.01483,precision automated title candidate; manual verification pending
A4,机器人支气管镜观察/导航,doi:10.1164/ajrccm-conference.2023.207.1_meetingabstracts.a4141,Carcinoid and Adenocarcinoma Diagnosed With Robotic-assisted Bronchoscopy,2023,10.1164/ajrccm-conference.2023.207.1_meetingabstracts.a4141,Crossref,https://doi.org/10.1164/ajrccm-conference.2023.207.1_meetingabstracts.a4141,no_location_identified,,precision automated title candidate; manual verification pending
A4,机器人支气管镜观察/导航,doi:10.1183/13993003.congress-2024.pa1634,Changes in diagnostic patterns in patients with lung cancer following implementation of a shape-sensening robotic-assisted navigation bronchoscopy (SSRAB) platform.,2024,10.1183/13993003.congress-2024.pa1634,Crossref,https://doi.org/10.1183/13993003.congress-2024.pa1634,no_location_identified,,precision automated title candidate; manual verification pending
A4,机器人支气管镜观察/导航,doi:10.1164/ajrccm-conference.2020.201.1_meetingabstracts.a1114,Cognitive Load Association for Electromagnetic Navigational and Robotic Bronchoscopy for Pulmonary Nodules,2020,10.1164/ajrccm-conference.2020.201.1_meetingabstracts.a1114,OpenAlex,https://openalex.org/W3041799602,no_location_identified,,precision automated title candidate; manual verification pending
A4,机器人支气管镜观察/导航,doi:10.1016/j.chest.2022.08.1720,COMBINING REAL-TIME 3-D IMAGING AND AUGMENTED FLUOROSCOPY WITH ROBOTIC BRONCHOSCOPY FOR THE DIAGNOSIS OF PERIPHERAL LUNG NODULES,2022,10.1016/j.chest.2022.08.1720,OpenAlex,https://openalex.org/W4304146097,no_location_identified,,precision automated title candidate; manual verification pending
A4,机器人支气管镜观察/导航,doi:10.1016/j.xjon.2025.09.026,Comment on single anesthesia robotic bronchoscopy.,2025,10.1016/j.xjon.2025.09.026,Crossref; Europe PMC,https://doi.org/10.1016/j.xjon.2025.09.026; https://europepmc.org/article/MED/41473088,yes,https://pmc.ncbi.nlm.nih.gov/articles/PMC12745107/,precision automated title candidate; manual verification pending
A4,机器人支气管镜观察/导航,doi:10.1111/resp.14654,Cone‐beam <scp>CT</scp> imaging for robotic navigation bronchoscopy,2024,10.1111/resp.14654,Crossref; Europe PMC; OpenAlex,https://doi.org/10.1111/resp.14654; https://europepmc.org/article/MED/38326225; https://openalex.org/W4391649560,yes,https://onlinelibrary.wiley.com/doi/pdfdirect/10.1111/resp.14654,precision automated title candidate; manual verification pending
A4,机器人支气管镜观察/导航,doi:10.1177/17534666241277668/v1/decision1,"Decision letter for ""Procedural times with robotic-assisted bronchoscopy: a high volume single-center study""",2024,10.1177/17534666241277668/v1/decision1,Crossref,https://doi.org/10.1177/17534666241277668/v1/decision1,no_location_identified,,precision automated title candidate; manual verification pending
A4,机器人支气管镜观察/导航,doi:10.1177/17534666241259369/v3/decision1,"Decision letter for ""Unlocking the potential of robotic-assisted bronchoscopy: overcoming challenging anatomy and locations""",2024,10.1177/17534666241259369/v3/decision1,Crossref,https://doi.org/10.1177/17534666241259369/v3/decision1,no_location_identified,,precision automated title candidate; manual verification pending
A4,机器人支气管镜观察/导航,doi:10.1117/12.3047027,Deep depth-supervised simultaneous localization and mapping for autonomous bronchoscopic navigation,2025,10.1117/12.3047027,Crossref,https://doi.org/10.1117/12.3047027,no_location_identified,,precision automated title candidate; manual verification pending
A4,机器人支气管镜观察/导航,doi:10.1109/iros58592.2024.10801862,Design and Modeling of a Thin-walled Multi-segment Continuum Robotic Bronchoscope,2024,10.1109/iros58592.2024.10801862,Crossref,https://doi.org/10.1109/iros58592.2024.10801862,no_location_identified,,precision automated title candidate; manual verification pending
A4,机器人支气管镜观察/导航,doi:10.1016/j.chest.2024.06.3077,DIAGNOSIS OF GRANULOMATOSIS WITH POLYANGIITIS VIA ROBOTIC NAVIGATIONAL BRONCHOSCOPY,2024,10.1016/j.chest.2024.06.3077,Crossref,https://doi.org/10.1016/j.chest.2024.06.3077,no_location_identified,,precision automated title candidate; manual verification pending
A4,机器人支气管镜观察/导航,doi:10.1016/j.chest.2022.08.1745,DIAGNOSTIC YIELD AND COMPLICATIONS USING ROBOTIC-ASSISTED NAVIGATION BRONCHOSCOPY FOR MIXED-DENSITY PULMONARY LESIONS,2022,10.1016/j.chest.2022.08.1745,Crossref,https://doi.org/10.1016/j.chest.2022.08.1745,no_location_identified,,precision automated title candidate; manual verification pending
A4,机器人支气管镜观察/导航,doi:10.1016/j.xjon.2023.08.003,Discussion to: Robotic navigational bronchoscopy in a thoracic surgical practice: Leveraging technology in the management of pulmonary nodules.,2023,10.1016/j.xjon.2023.08.003,Europe PMC,https://europepmc.org/article/MED/38204686,yes,https://pmc.ncbi.nlm.nih.gov/articles/PMC10774941/,precision automated title candidate; manual verification pending
A4,机器人支气管镜观察/导航,doi:10.1016/j.atssr.2025.08.004,Distal Bronchopleural Fistula Closure With Robotic Bronchoscopy.,2026,10.1016/j.atssr.2025.08.004,Europe PMC,https://europepmc.org/article/MED/42027543,yes,https://pmc.ncbi.nlm.nih.gov/articles/PMC13100778/,precision automated title candidate; manual verification pending
A4,机器人支气管镜观察/导航,doi:10.1016/j.aorn.2013.09.016,Electromagnetic Navigational Bronchoscopy and Robotic‐Assisted Thoracic Surgery,2014,10.1016/j.aorn.2013.09.016,Crossref; OpenAlex,https://doi.org/10.1016/j.aorn.2013.09.016; https://openalex.org/W2068456365,yes,https://onlinelibrary.wiley.com/doi/pdfdirect/10.1016/j.aorn.2013.09.016,precision automated title candidate; manual verification pending
A4,机器人支气管镜观察/导航,doi:10.1164/ajrccm-conference.2024.209.1_meetingabstracts.a1433,Electromagnetic Navigational Bronchoscopy Versus Robotic Bronchoscopy in the Evaluation of Peripheral Lung Nodules: A Retrospective Analysis,2024,10.1164/ajrccm-conference.2024.209.1_meetingabstracts.a1433,Crossref,https://doi.org/10.1164/ajrccm-conference.2024.209.1_meetingabstracts.a1433,no_location_identified,,precision automated title candidate; manual verification pending
A4,机器人支气管镜观察/导航,doi:10.1378/chest.07-0522,Electromagnetic Navigation Bronchoscopy-Guided Fiducial Placement for Robotic Stereotactic Radiosurgery of Lung Tumors,2007,10.1378/chest.07-0522,Crossref; Europe PMC; OpenAlex,https://doi.org/10.1378/chest.07-0522; https://europepmc.org/article/MED/17646225; https://openalex.org/W2124449315,no_location_identified,,precision automated title candidate; manual verification pending
A4,机器人支气管镜观察/导航,doi:10.1016/j.chest.2025.07.3322,ELECTROMAGNETIC NAVIGATION BRONCHOSCOPY VS ROBOTIC BRONCHOSCOPY: A RETROSPECTIVE STUDY COMPARING DIAGNOSTIC OUTCOMES AND PROCEDURAL COMPETENCY BETWEEN PLATFORMS,2025,10.1016/j.chest.2025.07.3322,Crossref,https://doi.org/10.1016/j.chest.2025.07.3322,no_location_identified,,precision automated title candidate; manual verification pending
A4,机器人支气管镜观察/导航,doi:10.1164/ajrccm-conference.2023.207.1_meetingabstracts.a4468,Electromagnetic Navigation Vs Robotic-assisted Bronchoscopy: A Comparison of Diagnostic Yield and Intervening Factors,2023,10.1164/ajrccm-conference.2023.207.1_meetingabstracts.a4468,Crossref; OpenAlex,https://doi.org/10.1164/ajrccm-conference.2023.207.1_meetingabstracts.a4468; https://openalex.org/W4367606454,no_location_identified,,precision automated title candidate; manual verification pending
A4,机器人支气管镜观察/导航,doi:10.1016/j.chest.2023.07.4197,ENHANCING DIAGNOSTIC YIELD OF PERIPHERAL PULMONARY NODULES: A PROSPECTIVE STUDY ON SHAPE-SENSING ROBOTIC-ASSISTED BRONCHOSCOPY WITH ION ENDOLUMINAL SYSTEM,2023,10.1016/j.chest.2023.07.4197,OpenAlex,https://openalex.org/W4387251556,yes,http://journal.chestnet.org/article/S0012369223052352/pdf,precision automated title candidate; manual verification pending
A4,机器人支气管镜观察/导航,doi:10.1016/j.ijrobp.2022.07.2140,Feasibility Study of Removable Fiducial Marker Implantation with the Intelligent Navigation Bronchoscopy Technology in Robotic Radiosurgery System Tracking,2022,10.1016/j.ijrobp.2022.07.2140,Crossref; OpenAlex,https://doi.org/10.1016/j.ijrobp.2022.07.2140; https://openalex.org/W4307147112,yes,https://www.redjournal.org/article/S0360-3016(22)02896-6/pdf,precision automated title candidate; manual verification pending
A4,机器人支气管镜观察/导航,doi:10.1093/annalsats/aaoag207,Foreign Body Retrieval Using Robotic Bronchoscopy,2026,10.1093/annalsats/aaoag207,Crossref,https://doi.org/10.1093/annalsats/aaoag207,no_location_identified,,precision automated title candidate; manual verification pending
A4,机器人支气管镜观察/导航,doi:10.1016/j.chest.2025.07.089,IMPACT OF SECOND-GENERATION ROBOTIC ELECTROMAGNETIC NAVIGATION BRONCHOSCOPY IN A COMMUNITY SETTING,2025,10.1016/j.chest.2025.07.089,Crossref,https://doi.org/10.1016/j.chest.2025.07.089,no_location_identified,,precision automated title candidate; manual verification pending
A4,机器人支气管镜观察/导航,doi:10.3390/diagnostics14171955,Improving Shape-Sensing Robotic-Assisted Bronchoscopy Outcomes with Mobile Cone-Beam Computed Tomography Guidance,2024,10.3390/diagnostics14171955,Europe PMC; OpenAlex,https://europepmc.org/article/MED/39272739; https://openalex.org/W4402231196,yes,https://pmc.ncbi.nlm.nih.gov/articles/PMC11394119/; https://www.mdpi.com/2075-4418/14/17/1955/pdf?version=1725442285,precision automated title candidate; manual verification pending
A4,机器人支气管镜观察/导航,doi:10.1016/j.jamcollsurg.2021.08.513,Integration of Robotic Navigational Bronchoscopy Into a Community Academic Cancer Program,2021,10.1016/j.jamcollsurg.2021.08.513,OpenAlex,https://openalex.org/W3209285959,yes,https://doi.org/10.1016/j.jamcollsurg.2021.08.513,precision automated title candidate; manual verification pending
A4,机器人支气管镜观察/导航,doi:10.1159/000550190,Learning Shape-Sensing Robotic-Assisted Bronchoscopy after Mastering Advanced Image-Guided Navigation Bronchoscopy.,2026,10.1159/000550190,Crossref; Europe PMC; OpenAlex,https://doi.org/10.1159/000550190; https://europepmc.org/article/MED/41505387; https://openalex.org/W7119837761,yes,https://karger.com/res/article-pdf/doi/10.1159/000550190/4487811/000550190.pdf; https://pmc.ncbi.nlm.nih.gov/articles/PMC12885498/,precision automated title candidate; manual verification pending
A4,机器人支气管镜观察/导航,doi:10.48550/arxiv.2603.07909,Long-Short Term Agents for Pure-Vision Bronchoscopy Robotic Autonomy,2026,10.48550/arxiv.2603.07909,OpenAlex,https://openalex.org/W7134858005,no_location_identified,,precision automated title candidate; manual verification pending
A4,机器人支气管镜观察/导航,doi:10.1016/j.chest.2022.08.1746,META ANALYSIS OF DIAGNOSTIC YIELD AND COMPLICATIONS WITH ROBOTIC-ASSISTED NAVIGATION BRONCHOSCOPY,2022,10.1016/j.chest.2022.08.1746,Crossref; OpenAlex,https://doi.org/10.1016/j.chest.2022.08.1746; https://openalex.org/W4304146138,no_location_identified,,precision automated title candidate; manual verification pending
A4,机器人支气管镜观察/导航,doi:10.1016/j.lers.2025.07.003,Minimally invasive management of lung metastases using robotic bronchoscopy: First French experience,2025,10.1016/j.lers.2025.07.003,Crossref,https://doi.org/10.1016/j.lers.2025.07.003,no_location_identified,,precision automated title candidate; manual verification pending
A4,机器人支气管镜观察/导航,doi:10.1016/j.jtho.2019.08.372,MS16.02 Robotic Bronchoscopy: Driveless IP?,2019,10.1016/j.jtho.2019.08.372,Crossref; OpenAlex,https://doi.org/10.1016/j.jtho.2019.08.372; https://openalex.org/W2982026746,yes,http://www.jto.org/article/S155608641931055X/pdf,precision automated title candidate; manual verification pending
A4,机器人支气管镜观察/导航,doi:10.1016/j.jval.2024.03.1576,MT38 Electromagnetic Navigation Bronchoscopy (ENB) Versus Shape-Sensing Robotic-Assisted Bronchoscopy (ssRAB) Lung Navigation Platforms: A Cost-Minimization Analysis,2024,10.1016/j.jval.2024.03.1576,Crossref; OpenAlex,https://doi.org/10.1016/j.jval.2024.03.1576; https://openalex.org/W4399707344,yes,http://www.valueinhealthjournal.com/article/S1098301524016917/pdf,precision automated title candidate; manual verification pending
A4,机器人支气管镜观察/导航,doi:10.1016/j.chest.2019.08.313,"MULTICENTER, PROSPECTIVE PILOT AND FEASIBILITY STUDY OF ROBOTIC-ASSISTED BRONCHOSCOPY FOR PERIPHERAL PULMONARY LESIONS",2019,10.1016/j.chest.2019.08.313,OpenAlex,https://openalex.org/W2971201359,yes,http://journal.chestnet.org/article/S0012369219318112/pdf,precision automated title candidate; manual verification pending
A4,机器人支气管镜观察/导航,doi:10.1097/lbr.0000000000001017,"Navigating Atelectasis: Utilizing Transpulmonary Pressure to Enhance Robotic Bronchoscopy: A Single-Center, Prospective Study.",2025,10.1097/lbr.0000000000001017,Europe PMC,https://europepmc.org/article/MED/40591660,no_location_identified,,precision automated title candidate; manual verification pending
A4,机器人支气管镜观察/导航,doi:10.1016/j.chest.2024.06.3284,NODULAR AND ENDOBRONCHIAL SARCOIDOSIS DIAGNOSED VIA ROBOTIC BRONCHOSCOPY,2024,10.1016/j.chest.2024.06.3284,Crossref,https://doi.org/10.1016/j.chest.2024.06.3284,no_location_identified,,precision automated title candidate; manual verification pending
A4,机器人支气管镜观察/导航,doi:10.1016/j.chest.2023.07.3500,NOVEL APPLICATION OF LARYNGEAL MASK AIRWAY (LMA) TO FACILITATE ACCESS TO SUPERIOR PARATRACHEAL LYMPH NODES DURING ROBOTIC NAVIGATION BRONCHOSCOPY,2023,10.1016/j.chest.2023.07.3500,Crossref,https://doi.org/10.1016/j.chest.2023.07.3500,no_location_identified,,precision automated title candidate; manual verification pending
A4,机器人支气管镜观察/导航,doi:10.1007/s11701-022-01507-5,Novel approaches utilizing robotic navigational bronchoscopy: a single institution experience,2022,10.1007/s11701-022-01507-5,Crossref; OpenAlex,https://doi.org/10.1007/s11701-022-01507-5; https://openalex.org/W4310350945,no_location_identified,,precision automated title candidate; manual verification pending
A4,机器人支气管镜观察/导航,doi:10.1002/rcr2.1176,One-stop-shop: Lung cancer and pheochromocytoma diagnosed by robotic-assisted bronchoscopy and EBUS scope on a single endoscopic event.,2023,10.1002/rcr2.1176,Europe PMC,https://europepmc.org/article/MED/37303308,yes,https://pmc.ncbi.nlm.nih.gov/articles/PMC10252916/,precision automated title candidate; manual verification pending
A4,机器人支气管镜观察/导航,doi:10.1136/thorax-2025-btsabstracts.394,P213 Impact of nodule size on diagnostic yield in shape-sensing robotic-assisted bronchoscopy,2025,10.1136/thorax-2025-btsabstracts.394,Crossref,https://doi.org/10.1136/thorax-2025-btsabstracts.394,no_location_identified,,precision automated title candidate; manual verification pending
A4,机器人支气管镜观察/导航,doi:10.1136/thorax-2025-btsabstracts.395,P214 Impact of procedural experience on radiation exposure in robotic-assisted bronchoscopy,2025,10.1136/thorax-2025-btsabstracts.395,Crossref,https://doi.org/10.1136/thorax-2025-btsabstracts.395,no_location_identified,,precision automated title candidate; manual verification pending
A4,机器人支气管镜观察/导航,doi:10.3390/mi14050969,Path Planning and Navigation of Miniature Serpentine Robot for Bronchoscopy Application,2023,10.3390/mi14050969,Europe PMC; OpenAlex,https://europepmc.org/article/MED/37241594; https://openalex.org/W4367678780,yes,https://pmc.ncbi.nlm.nih.gov/articles/PMC10223278/; https://www.mdpi.com/2072-666X/14/5/969/pdf?version=1683190115,precision automated title candidate; manual verification pending
A4,机器人支气管镜观察/导航,doi:10.3390/diseases14050169,Predicting Diagnostic Success and Procedural Efficiency in Robotic Bronchoscopy Using Machine Learning.,2026,10.3390/diseases14050169,Europe PMC,https://europepmc.org/article/MED/42187881,yes,https://pmc.ncbi.nlm.nih.gov/articles/PMC13205153/,precision automated title candidate; manual verification pending
A4,机器人支气管镜观察/导航,doi:10.1164/ajrccm-conference.2024.209.1_meetingabstracts.a4612,Pulmonary Amyloidoma Diagnosed With Robotic Bronchoscopy,2024,10.1164/ajrccm-conference.2024.209.1_meetingabstracts.a4612,Crossref,https://doi.org/10.1164/ajrccm-conference.2024.209.1_meetingabstracts.a4612,no_location_identified,,precision automated title candidate; manual verification pending
A4,机器人支气管镜观察/导航,doi:10.1016/j.chest.2020.08.1364,RARE CASE OF PULMONARY SPINDLE CELL SARCOMA DIAGNOSED WITH ROBOTIC ASSISTED BRONCHOSCOPY,2020,10.1016/j.chest.2020.08.1364,Crossref,https://doi.org/10.1016/j.chest.2020.08.1364,no_location_identified,,precision automated title candidate; manual verification pending
A4,机器人支气管镜观察/导航,doi:10.1007/978-3-031-80466-3_16,Robotic-Assisted Bronchoscopy,2026,10.1007/978-3-031-80466-3_16,Crossref,https://doi.org/10.1007/978-3-031-80466-3_16,no_location_identified,,precision automated title candidate; manual verification pending
A4,机器人支气管镜观察/导航,doi:10.1016/j.chest.2022.08.1729,ROBOTIC-ASSISTED BRONCHOSCOPY: A POTENTIAL NEW TOOL FOR CAVITARY PULMONARY LESIONS,2022,10.1016/j.chest.2022.08.1729,Crossref,https://doi.org/10.1016/j.chest.2022.08.1729,no_location_identified,,precision automated title candidate; manual verification pending
A4,机器人支气管镜观察/导航,doi:10.1111/resp.14385,Robotic‐assisted bronchoscopy approaches for peripheral pulmonary lesions,2022,10.1111/resp.14385,Crossref,https://doi.org/10.1111/resp.14385,no_location_identified,,precision automated title candidate; manual verification pending
A4,机器人支气管镜观察/导航,doi:10.3791/66868,Robotic-assisted Bronchoscopy Combined with Multimodal Imaging for Targeted Lung Cryobiopsies,2024,10.3791/66868,Crossref,https://doi.org/10.3791/66868,no_location_identified,,precision automated title candidate; manual verification pending
A4,机器人支气管镜观察/导航,doi:10.2147/copd.s552360,Robotic-Assisted Bronchoscopy for Volume Reduction of Giant Emphysematous Bulla: A Case Report.,2025,10.2147/copd.s552360,Europe PMC,https://europepmc.org/article/MED/41458199,yes,https://pmc.ncbi.nlm.nih.gov/articles/PMC12742295/,precision automated title candidate; manual verification pending
A4,机器人支气管镜观察/导航,doi:10.1183/13993003.congress-2025.pa821,Robotic assisted bronchoscopy in the Netherlands: diagnostic yield of shape sensing robotic-assisted bronchoscopy combined with CBCT compared to CBCT-based navigation bronchoscopy alone using a passive catheter-based approach-Preliminary results,2025,10.1183/13993003.congress-2025.pa821,Crossref,https://doi.org/10.1183/13993003.congress-2025.pa821,no_location_identified,,precision automated title candidate; manual verification pending
A4,机器人支气管镜观察/导航,doi:10.1159/000522516,Robotic Assisted Bronchoscopy: The Ultimate Solution for Peripheral Pulmonary Nodules?,2022,10.1159/000522516,Europe PMC,https://europepmc.org/article/MED/35320806,yes,https://pmc.ncbi.nlm.nih.gov/articles/PMC9153350/,precision automated title candidate; manual verification pending
A4,机器人支气管镜观察/导航,doi:10.1097/lbr.0000000000000965,Robotic-assisted Navigation Bronchoscopy: A Meta-Analysis of Diagnostic Yield and Complications: Erratum.,2024,10.1097/lbr.0000000000000965,Crossref; Europe PMC,https://doi.org/10.1097/lbr.0000000000000965; https://europepmc.org/article/MED/38567395,no_location_identified,,precision automated title candidate; manual verification pending
A4,机器人支气管镜观察/导航,doi:10.1183/13993003.congress-2022.3056,Robotic-assisted navigation bronchoscopy with needle-based confocal laser endomicroscopy (nCLE) for real-time lung cancer detection,2022,10.1183/13993003.congress-2022.3056,Crossref,https://doi.org/10.1183/13993003.congress-2022.3056,no_location_identified,,precision automated title candidate; manual verification pending
A4,机器人支气管镜观察/导航,doi:10.1080/10463356.2019.1573071,Robotic Bronchoscopy,2019,10.1080/10463356.2019.1573071,Crossref,https://doi.org/10.1080/10463356.2019.1573071,no_location_identified,,precision automated title candidate; manual verification pending
A4,机器人支气管镜观察/导航,doi:10.1016/j.chest.2019.08.1538,ROBOTIC BRONCHOSCOPY: AN INITIAL EXPERIENCE AT A TERTIARY CENTER,2019,10.1016/j.chest.2019.08.1538,Crossref,https://doi.org/10.1016/j.chest.2019.08.1538,no_location_identified,,precision automated title candidate; manual verification pending
A4,机器人支气管镜观察/导航,doi:10.1016/j.chest.2021.04.075,Robotic Bronchoscopy for Diagnosing Peripheral Lung Lesions,2021,10.1016/j.chest.2021.04.075,Crossref; OpenAlex,https://doi.org/10.1016/j.chest.2021.04.075; https://openalex.org/W3197368064,yes,http://journal.chestnet.org/article/S0012369221010734/pdf,precision automated title candidate; manual verification pending
A4,机器人支气管镜观察/导航,doi:10.1093/annalsats/aaoag214,Robotic Bronchoscopy for Multiple Pulmonary Nodules: Mitigating the Oversimplification Bias,2026,10.1093/annalsats/aaoag214,Crossref,https://doi.org/10.1093/annalsats/aaoag214,no_location_identified,,precision automated title candidate; manual verification pending
A4,机器人支气管镜观察/导航,doi:10.1002/ppul.71396,Robotic Bronchoscopy in Children. Pushing the Boundaries of Airway Size and Robotic Bronchoscopy,2025,10.1002/ppul.71396,Crossref,https://doi.org/10.1002/ppul.71396,no_location_identified,,precision automated title candidate; manual verification pending
A4,机器人支气管镜观察/导航,doi:10.21037/jtd-20-3088,Robotic bronchoscopy: is it classic?,2021,10.21037/jtd-20-3088,Crossref; Europe PMC; OpenAlex,https://doi.org/10.21037/jtd-20-3088; https://europepmc.org/article/MED/33569221; https://openalex.org/W3119633079,yes,https://jtd.amegroups.com/article/viewFile/48017/pdf; https://pmc.ncbi.nlm.nih.gov/articles/PMC7867816/,precision automated title candidate; manual verification pending
A4,机器人支气管镜观察/导航,doi:10.1016/j.chest.2021.07.1811,ROBOTIC BRONCHOSCOPY: OUR FIRST 100 NODULES,2021,10.1016/j.chest.2021.07.1811,Crossref,https://doi.org/10.1016/j.chest.2021.07.1811,no_location_identified,,precision automated title candidate; manual verification pending
A4,机器人支气管镜观察/导航,doi:10.1183/13993003.congress-2025.pa1950,Robotic ION bronchoscopy: insights from our initial experience,2025,10.1183/13993003.congress-2025.pa1950,Crossref,https://doi.org/10.1183/13993003.congress-2025.pa1950,no_location_identified,,precision automated title candidate; manual verification pending
A4,机器人支气管镜观察/导航,doi:10.1159/000522515,Robotic Navigational Bronchoscopy Combined with Needle-Based Confocal Laser Endomicroscopy: Case Report of a Novel Approach to Diagnose Small Lung Nodules,2022,10.1159/000522515,Crossref; OpenAlex,https://doi.org/10.1159/000522515; https://openalex.org/W4220965264,yes,https://karger.com/res/article-pdf/101/5/494/3980004/000522515.pdf,precision automated title candidate; manual verification pending
A4,机器人支气管镜观察/导航,doi:10.1016/j.chest.2021.07.1812,ROBOTIC NAVIGATION BRONCHOSCOPY USING THE ION PLATFORM: A NEW ERA IN PROVING BENIGN DISEASE,2021,10.1016/j.chest.2021.07.1812,Crossref; OpenAlex,https://doi.org/10.1016/j.chest.2021.07.1812; https://openalex.org/W3205411610,no_location_identified,,precision automated title candidate; manual verification pending
A4,机器人支气管镜观察/导航,doi:10.1016/j.chest.2023.07.3399,SHAPE-SENSING ROBOTIC-ASSISTED BRONCHOSCOPY AND ROBOTIC SEGMENTECTOMY FACILITATES STAGE-SHIFT IN A COMMUNITY LUNG CANCER SCREENING PROGRAM,2023,10.1016/j.chest.2023.07.3399,Crossref,https://doi.org/10.1016/j.chest.2023.07.3399,no_location_identified,,precision automated title candidate; manual verification pending
A4,机器人支气管镜观察/导航,doi:10.1016/j.chest.2021.07.1484,SHAPE-SENSING ROBOTIC ASSISTED BRONCHOSCOPY FOR THE DIAGNOSIS OF PERIPHERAL PULMONARY LESIONS,2021,10.1016/j.chest.2021.07.1484,Crossref,https://doi.org/10.1016/j.chest.2021.07.1484,no_location_identified,,precision automated title candidate; manual verification pending
A4,机器人支气管镜观察/导航,doi:10.1002/ppul.26341,Shape‐sensing robotic bronchoscopy in the diagnosis of pulmonary lesions in children,2023,10.1002/ppul.26341,OpenAlex,https://openalex.org/W4318672028,yes,https://onlinelibrary.wiley.com/doi/pdfdirect/10.1002/ppul.26341,precision automated title candidate; manual verification pending
A4,机器人支气管镜观察/导航,title:shapesensingroboticbronchoscopywithintegratedmobileconebeamctguidanceforintraoperativelocalizationoflungtumorsusingindocyaninegreen,Shape-Sensing Robotic Bronchoscopy with Integrated Mobile Cone-Beam CT Guidance for Intraoperative Localization of Lung Tumors Using Indocyanine Green,2026,,Europe PMC,https://europepmc.org/article/PMC/PMC13297941,yes,https://pmc.ncbi.nlm.nih.gov/articles/PMC13297941/,precision automated title candidate; manual verification pending
A4,机器人支气管镜观察/导航,doi:10.1136/thorax-2025-224665,"Small nodules, big implications: rethinking diagnostic value in robotic-assisted bronchoscopy",2026,10.1136/thorax-2025-224665,Crossref,https://doi.org/10.1136/thorax-2025-224665,no_location_identified,,precision automated title candidate; manual verification pending
A4,机器人支气管镜观察/导航,doi:10.31256/hsmr25.11,"Soft Optical Shape-Sensing with Thin-Film Color Tuning for Autonomous
                        Soft Robotic Bronchoscopy Navigation",2025,10.31256/hsmr25.11,Crossref; OpenAlex,https://doi.org/10.31256/hsmr25.11; https://openalex.org/W4410231081,no_location_identified,,precision automated title candidate; manual verification pending
A4,机器人支气管镜观察/导航,doi:10.1109/tbme.2021.3077356,Technical Validation of Multi-Section Robotic Bronchoscope With First Person View Control for Transbronchial Biopsies of Peripheral Lung,2021,10.1109/tbme.2021.3077356,Crossref,https://doi.org/10.1109/tbme.2021.3077356,no_location_identified,,precision automated title candidate; manual verification pending
A4,机器人支气管镜观察/导航,doi:10.1016/j.athoracsur.2019.03.032,"Technique, Outcomes With Navigational Bronchoscopy Using Indocyanine Green for Robotic Segmentectomy",2019,10.1016/j.athoracsur.2019.03.032,OpenAlex,https://openalex.org/W2936859610,no_location_identified,,precision automated title candidate; manual verification pending
A4,机器人支气管镜观察/导航,doi:10.1097/lbr.0000000000001075,"The Effectiveness and Safety of Robotic-Assisted Bronchoscopy Across Diverse Patient Heights: A Subset Analysis of a Multicenter, Prospective, Observational Trial.",2026,10.1097/lbr.0000000000001075,Europe PMC,https://europepmc.org/article/MED/42178921,no_location_identified,,precision automated title candidate; manual verification pending
A4,机器人支气管镜观察/导航,doi:10.1016/j.rmed.2026.108693,The match 2 study: Robotic assisted bronchoscopy with integrated imaging with assessment of digital tomosynthesis (DT) and augmented fluoroscopy (AF): Three-Dimensional accuracy as confirmed by cone beam computed tomography (CBCT).,2026,10.1016/j.rmed.2026.108693,Europe PMC,https://europepmc.org/article/MED/41620189,no_location_identified,,precision automated title candidate; manual verification pending
A4,机器人支气管镜观察/导航,doi:10.5090/jcs.2025s1.s6-8,Thoracic Surgery Applications of Robotic Bronchoscopy,2025,10.5090/jcs.2025s1.s6-8,Crossref,https://doi.org/10.5090/jcs.2025s1.s6-8,no_location_identified,,precision automated title candidate; manual verification pending
A4,机器人支气管镜观察/导航,doi:10.1016/j.chest.2022.08.2165,"""TOOL-IN-LESION” ACCURACY OF GALAXY SYSTEM: ROBOTIC-ASSISTED, ELECTROMAGNETIC NAVIGATION BRONCHOSCOPY WITH INTEGRATED TOOL-IN-LESION-TOMOSYNTHESIS TECHNOLOGY: THE MATCH STUDY",2022,10.1016/j.chest.2022.08.2165,Crossref; OpenAlex,https://doi.org/10.1016/j.chest.2022.08.2165; https://openalex.org/W4304148419,no_location_identified,,precision automated title candidate; manual verification pending
A4,机器人支气管镜观察/导航,doi:10.1109/tmi.2022.3191317,Vision–Kinematics Interaction for Robotic-Assisted Bronchoscopy Navigation,2022,10.1109/tmi.2022.3191317,Crossref; Europe PMC; OpenAlex,https://doi.org/10.1109/tmi.2022.3191317; https://europepmc.org/article/MED/35839186; https://openalex.org/W4285589149,no_location_identified,,precision automated title candidate; manual verification pending
A4,机器人支气管镜观察/导航,doi:10.21037/jtd-20-3323,What should we realistically expect from robotic bronchoscopy in the near future?,2021,10.21037/jtd-20-3323,Europe PMC; OpenAlex,https://europepmc.org/article/MED/33570511; https://openalex.org/W3120497660,yes,https://jtd.amegroups.com/article/viewFile/47776/pdf; https://pmc.ncbi.nlm.nih.gov/articles/PMC7867838/,precision automated title candidate; manual verification pending
A4,机器人支气管镜观察/导航,doi:10.7759/cureus.103084,When Positron Emission Tomography (PET) Is Misleading: Ion™ Robotic Bronchoscopy Identifies Organizing Pneumonia and Unmasks a Rare Pulmonary Granular Cell Tumor.,2026,10.7759/cureus.103084,Europe PMC,https://europepmc.org/article/MED/41664670,yes,https://pmc.ncbi.nlm.nih.gov/articles/PMC12883003/,precision automated title candidate; manual verification pending
A5,机器人OCT,doi:10.1117/1.jbo.31.12.123303,3D-motion mapping of the malleus–incus complex using a robot-mounted optical coherence tomography vibrometry system,2026,10.1117/1.jbo.31.12.123303,Europe PMC; OpenAlex,https://europepmc.org/article/MED/41756507; https://openalex.org/W7130641689,yes,https://pmc.ncbi.nlm.nih.gov/articles/PMC12935278/; https://www.spiedigitallibrary.org/journals/journal-of-biomedical-optics/volume-31/issue-12/123303/3D-motion-mapping-of-the-malleusincus-complex-using-a-robot/10.1117/1.JBO.31.12.123303.pdf,precision automated title candidate; manual verification pending
A5,机器人OCT,title:57084combiningartificialintelligenceandroboticsanovelfullyautomatedopticalcoherencetomographybasedapproachforeyediseasescreening,57084 Combining artificial intelligence and robotics: a novel fully automated optical coherence tomography-based approach for eye disease screening,2021,,Europe PMC,https://europepmc.org/article/PMC/PMC8827966,yes,https://pmc.ncbi.nlm.nih.gov/articles/PMC8827966/,precision automated title candidate; manual verification pending
A5,机器人OCT,title:6droboticoctscanningofcurvedtissuesurfaces,6D Robotic OCT Scanning of Curved Tissue Surfaces,2026,,arXiv,http://arxiv.org/abs/2603.22012v1,yes,http://arxiv.org/pdf/2603.22012v1,precision automated title candidate; manual verification pending
A5,机器人OCT,doi:10.1109/ismr63436.2024.10585590,Active Motion Cancellation for Robotic Optical Coherence Tomography of Moving Eyes: A Nystagmus Phantom Study,2024,10.1109/ismr63436.2024.10585590,Europe PMC; OpenAlex,https://europepmc.org/article/MED/40308375; https://openalex.org/W4400579820,yes,https://pmc.ncbi.nlm.nih.gov/articles/PMC12040409/; https://pmc.ncbi.nlm.nih.gov/articles/PMC12040409/pdf/nihms-2076893.pdf,precision automated title candidate; manual verification pending
A5,机器人OCT,doi:10.1117/12.2583789,"Autoaligning and autofocusing robotic optical coherence tomography of the retina for subject motion, gaze, and defocus compensation",2021,10.1117/12.2583789,Crossref; OpenAlex,https://doi.org/10.1117/12.2583789; https://openalex.org/W3134909920,no_location_identified,,precision automated title candidate; manual verification pending
A5,机器人OCT,title:autofocusingandautoaligningroboticopticalcoherencetomography,Autofocusing and Autoaligning Robotic Optical Coherence Tomography,2021,,OpenAlex,https://openalex.org/W3180649980,yes,https://iovs.arvojournals.org/article.aspx?articleid=2774124,precision automated title candidate; manual verification pending
A5,机器人OCT,doi:10.1364/boe.496710,Automated robot-assisted wide-field optical coherence tomography using structured light camera,2023,10.1364/boe.496710,Europe PMC; OpenAlex,https://europepmc.org/article/MED/37799682; https://openalex.org/W4384282452,yes,https://doi.org/10.1364/boe.496710; https://pmc.ncbi.nlm.nih.gov/articles/PMC10549741/,precision automated title candidate; manual verification pending
A5,机器人OCT,doi:10.1109/isbi48211.2021.9433772,Automated Robotic Surface Scanning With Optical Coherence Tomography,2021,10.1109/isbi48211.2021.9433772,Crossref; OpenAlex,https://doi.org/10.1109/isbi48211.2021.9433772; https://openalex.org/W3165065921,no_location_identified,,precision automated title candidate; manual verification pending
A5,机器人OCT,doi:10.1117/12.2607640,Automated volumetric retinal imaging with complete visualization of Henle’s fiber layer using robotically aligned optical coherence tomography,2022,10.1117/12.2607640,OpenAlex,https://openalex.org/W4220969657,no_location_identified,,precision automated title candidate; manual verification pending
A5,机器人OCT,doi:10.1117/12.2633884,Autonomous OCT volumetric scanning with robotic endoscope,2022,10.1117/12.2633884,OpenAlex,https://openalex.org/W4293062557,no_location_identified,,precision automated title candidate; manual verification pending
A5,机器人OCT,doi:10.48550/arxiv.2410.07493,Autonomous Robotic System with Optical Coherence Tomography Guidance for Vascular Anastomosis,2024,10.48550/arxiv.2410.07493,OpenAlex,https://openalex.org/W4403364457,yes,https://arxiv.org/pdf/2410.07493,precision automated title candidate; manual verification pending
A5,机器人OCT,doi:10.21203/rs.3.rs-2371365/v1,"Contactless, autonomous robotic alignment of optical coherence tomography for in vivo evaluation of diseased retinas",2023,10.21203/rs.3.rs-2371365/v1,Europe PMC; OpenAlex,https://europepmc.org/article/PPR/PPR594064; https://openalex.org/W4313855213,yes,https://www.researchsquare.com/article/rs-2371365/latest.pdf,precision automated title candidate; manual verification pending
A5,机器人OCT,doi:10.1117/12.3039848,Deep learning for robotic-assisted OCT,2025,10.1117/12.3039848,Crossref,https://doi.org/10.1117/12.3039848,no_location_identified,,precision automated title candidate; manual verification pending
A5,机器人OCT,doi:10.1038/s44222-024-00254-6,Donor kidney assessment by robotic optical coherence tomography,2024,10.1038/s44222-024-00254-6,Crossref,https://doi.org/10.1038/s44222-024-00254-6,no_location_identified,,precision automated title candidate; manual verification pending
A5,机器人OCT,doi:10.1109/icra48891.2023.10161441,Exploring An External Approach to Subretinal Drug Delivery via Robot Assistance and B-Mode OCT.,2023,10.1109/icra48891.2023.10161441,Europe PMC,https://europepmc.org/article/MED/40980459,yes,https://pmc.ncbi.nlm.nih.gov/articles/PMC12444798/,precision automated title candidate; manual verification pending
A5,机器人OCT,doi:10.1117/12.2612677,Feasibility of robotic-assisted optical coherence tomography with extended scanning area for pre-transplant kidney monitoring,2022,10.1117/12.2612677,Crossref; OpenAlex,https://doi.org/10.1117/12.2612677; https://openalex.org/W4220772186,no_location_identified,,precision automated title candidate; manual verification pending
A5,机器人OCT,title:firstinhumanspinalcordtumorimagingwithfastadaptivefocustrackingroboticoct,First-in-human spinal cord tumor imaging with fast adaptive focus tracking robotic-OCT,2024,,arXiv,http://arxiv.org/abs/2410.21809v2,yes,http://arxiv.org/pdf/2410.21809v2,precision automated title candidate; manual verification pending
A5,机器人OCT,doi:10.1101/2024.05.21.595073,Freeform robotic optical coherence tomography beyond the optical field-of-view limit,2024,10.1101/2024.05.21.595073,Crossref; Europe PMC; OpenAlex,https://doi.org/10.1101/2024.05.21.595073; https://europepmc.org/article/PPR/PPR856751; https://openalex.org/W4398258337,yes,https://www.biorxiv.org/content/biorxiv/early/2024/05/23/2024.05.21.595073.full.pdf,precision automated title candidate; manual verification pending
A5,机器人OCT,doi:10.1364/oe.549549,High-responsiveness and -precision 3D NIR visual-assisted eye-pupil tracking robot for free-style ophthalmic OCT imaging.,2025,10.1364/oe.549549,Europe PMC; OpenAlex,https://europepmc.org/article/MED/40798457; https://openalex.org/W4406735627,yes,https://doi.org/10.1364/oe.549549,precision automated title candidate; manual verification pending
A5,机器人OCT,doi:10.1109/lra.2021.3087085,Image-Guided Control of an Endoscopic Robot for OCT Path Scanning,2021,10.1109/lra.2021.3087085,OpenAlex,https://openalex.org/W3174683534,yes,https://hal.science/hal-03281611/document,precision automated title candidate; manual verification pending
A5,机器人OCT,doi:10.1109/tmech.2020.3043438,Investigation of Micro-motion Kinematics of Continuum Robots for Volumetric OCT and OCT-guided Visual Servoing.,2021,10.1109/tmech.2020.3043438,Europe PMC,https://europepmc.org/article/MED/34658616,yes,https://pmc.ncbi.nlm.nih.gov/articles/PMC8519402/,precision automated title candidate; manual verification pending
A5,机器人OCT,doi:10.1038/s44172-024-00264-7,Large area kidney imaging for pre-transplant evaluation using real-time robotic optical coherence tomography.,2024,10.1038/s44172-024-00264-7,Europe PMC; OpenAlex,https://europepmc.org/article/MED/39223332; https://openalex.org/W4402148399,yes,https://pmc.ncbi.nlm.nih.gov/articles/PMC11368928/; https://www.nature.com/articles/s44172-024-00264-7.pdf,precision automated title candidate; manual verification pending
A5,机器人OCT,doi:10.1364/boe.525524,Large area robotically assisted optical coherence tomography (LARA-OCT),2024,10.1364/boe.525524,Europe PMC; OpenAlex,https://europepmc.org/article/MED/38867778; https://openalex.org/W4397002329,yes,https://doi.org/10.1364/boe.525524; https://pmc.ncbi.nlm.nih.gov/articles/PMC11166428/,precision automated title candidate; manual verification pending
A5,机器人OCT,doi:10.1117/12.2652616,Large area robotically assisted optical coherence tomography (LARA-OCT) for skin imaging with MHz-OCT surface tracking,2023,10.1117/12.2652616,OpenAlex,https://openalex.org/W4323546939,no_location_identified,,precision automated title candidate; manual verification pending
A5,机器人OCT,doi:10.1109/ismr67322.2025.11025963,Mobile Robotic Optical Coherence Tomography System for Ophthalmic Imaging in Clinical Environments,2025,10.1109/ismr67322.2025.11025963,Europe PMC; OpenAlex,https://europepmc.org/article/MED/40747362; https://openalex.org/W4411272469,yes,https://pmc.ncbi.nlm.nih.gov/articles/PMC12308690/,precision automated title candidate; manual verification pending
A5,机器人OCT,doi:10.1364/fio.2024.fm3d.4,Pneumatic optical coherence tomography for robotic imaging in tortuous and large luminal organs,2024,10.1364/fio.2024.fm3d.4,OpenAlex,https://openalex.org/W4404923175,no_location_identified,,precision automated title candidate; manual verification pending
A5,机器人OCT,doi:10.1109/ipc65510.2025.11282394,Real-time Unsupervised Denoising for Ophthalmic Robotic Optical Coherence Tomography,2025,10.1109/ipc65510.2025.11282394,Crossref,https://doi.org/10.1109/ipc65510.2025.11282394,no_location_identified,,precision automated title candidate; manual verification pending
A5,机器人OCT,doi:10.1117/12.2651607,Repeatable retinal imaging independent of posture and head pose with robotically-aligned optical coherence tomography,2023,10.1117/12.2651607,OpenAlex,https://openalex.org/W4323542519,no_location_identified,,precision automated title candidate; manual verification pending
A5,机器人OCT,doi:10.1007/978-3-031-51485-2_8,Robot-Assisted Optical Coherence Tomography for Automatic Wide-Field Scanning,2024,10.1007/978-3-031-51485-2_8,OpenAlex,https://openalex.org/W4392144468,no_location_identified,,precision automated title candidate; manual verification pending
A5,机器人OCT,doi:10.1364/boe.443537,Robotically aligned optical coherence tomography with 5 degree of freedom eye tracking for subject motion and gaze compensation,2021,10.1364/boe.443537,Europe PMC; OpenAlex,https://europepmc.org/article/MED/35003839; https://openalex.org/W3208699040,yes,https://doi.org/10.1364/boe.443537; https://pmc.ncbi.nlm.nih.gov/articles/PMC8713666/,precision automated title candidate; manual verification pending
A5,机器人OCT,doi:10.1109/icra46639.2022.9812428,Robotically-Aligned Optical Coherence Tomography with Gaze Tracking for Live Image Montaging of the Retina,2022,10.1109/icra46639.2022.9812428,OpenAlex,https://openalex.org/W4285020030,no_location_identified,,precision automated title candidate; manual verification pending
A5,机器人OCT,doi:10.1364/boe.431318,Robotic-arm-assisted flexible large field-of-view optical coherence tomography,2021,10.1364/boe.431318,Europe PMC; OpenAlex,https://europepmc.org/article/MED/34457434; https://openalex.org/W3175856148,yes,https://doi.org/10.1364/boe.431318; https://pmc.ncbi.nlm.nih.gov/articles/PMC8367223/,precision automated title candidate; manual verification pending
A5,机器人OCT,doi:10.1109/ismr57123.2023.10130250,Robotic Optical Coherence Tomography of Human Subjects with Posture-Invariant Head and Eye Alignment in Six Degrees of Freedom,2023,10.1109/ismr57123.2023.10130250,Europe PMC; OpenAlex,https://europepmc.org/article/MED/39092148; https://openalex.org/W4378191820,yes,https://pmc.ncbi.nlm.nih.gov/articles/PMC11293772/; https://www.ncbi.nlm.nih.gov/pmc/articles/11293772,precision automated title candidate; manual verification pending
A5,机器人OCT,doi:10.1109/tmi.2025.3580383,Robotic Optical Coherence Tomography With Expanded Three-Dimensional Field-of-View Using Point-Cloud-Based Volumetric Montaging,2025,10.1109/tmi.2025.3580383,Europe PMC; OpenAlex,https://europepmc.org/article/MED/40526559; https://openalex.org/W4411359083,yes,https://pmc.ncbi.nlm.nih.gov/articles/PMC12764390/,precision automated title candidate; manual verification pending
A5,机器人OCT,doi:10.1002/rcs.2248,Robotic posterior capsule polishing by optical coherence tomography image guidance,2021,10.1002/rcs.2248,Europe PMC; OpenAlex,https://europepmc.org/article/MED/33638592; https://openalex.org/W3130657426,yes,https://pmc.ncbi.nlm.nih.gov/articles/PMC8273686/; https://www.ncbi.nlm.nih.gov/pmc/articles/8273686,precision automated title candidate; manual verification pending
A5,机器人OCT,doi:10.1117/12.3082830,Robotic SS-OCT system utilizing mosaicking for ultra-widefield retinal imaging,2026,10.1117/12.3082830,Crossref,https://doi.org/10.1117/12.3082830,no_location_identified,,precision automated title candidate; manual verification pending
A5,机器人OCT,doi:10.1167/iovs.66.2.47,Robotic Visible-Light Optical Coherence Tomography Visualizes Segmental Schlemm's Canal Anatomy and Segmental Pilocarpine Response,2025,10.1167/iovs.66.2.47,Europe PMC; OpenAlex,https://europepmc.org/article/MED/39964322; https://openalex.org/W4407698441,yes,https://iovs.arvojournals.org/arvo/content_public/journal/iovs/938703/i1552-5783-66-2-47_1739784458.33108.pdf; https://pmc.ncbi.nlm.nih.gov/articles/PMC11838130/,precision automated title candidate; manual verification pending
A5,机器人OCT,doi:10.1089/end.2006.9938,Second Prize: Preliminary Experience with the Niris <sup>™</sup> Optical Coherence Tomography System during Laparoscopic and Robotic Prostatectomy,2007,10.1089/end.2006.9938,OpenAlex,https://openalex.org/W2031860510,no_location_identified,,precision automated title candidate; manual verification pending
A5,机器人OCT,doi:10.1364/boe.551186,Sensor-driven digital motion correction of robotically-aligned optical coherence tomography retinal volumes,2025,10.1364/boe.551186,OpenAlex,https://openalex.org/W4408005622,yes,https://doi.org/10.1364/boe.551186,precision automated title candidate; manual verification pending
A5,机器人OCT,doi:10.1590/s1677-55382009000300011,The use of high resolution optical coherence tomography to evaluate robotic radical prostatectomy specimens,2009,10.1590/s1677-55382009000300011,OpenAlex,https://openalex.org/W2149495694,yes,https://www.scielo.br/j/ibju/a/pLhLmh8P4LLQKyGNz3nGHDd/?lang=en&format=pdf,precision automated title candidate; manual verification pending
A5,机器人OCT,doi:10.1117/12.3005457,Towards robotic optical coherence tomography of moving eyes,2024,10.1117/12.3005457,Crossref,https://doi.org/10.1117/12.3005457,no_location_identified,,precision automated title candidate; manual verification pending
A5,机器人OCT,doi:10.1109/jstqe.2022.3229659,Whole Brain Micro-Vascular Imaging Using Robot Assisted Optical Coherence Tomography Angiography,2022,10.1109/jstqe.2022.3229659,OpenAlex,https://openalex.org/W4312294187,no_location_identified,,precision automated title candidate; manual verification pending
A6,机器人听诊,doi:10.1515/dx-2023-0011,Auscultation order of lung and heart sounds and autonomous noise cancellation,2023,10.1515/dx-2023-0011,Crossref,https://doi.org/10.1515/dx-2023-0011,no_location_identified,,precision automated title candidate; manual verification pending
A6,机器人听诊,doi:10.1299/jsmermd.2023.2p1-c08,Automated Auscultation Robot System toward Eliminating Gender-Bias,2023,10.1299/jsmermd.2023.2p1-c08,Crossref; OpenAlex,https://doi.org/10.1299/jsmermd.2023.2p1-c08; https://openalex.org/W4391186529,no_location_identified,,precision automated title candidate; manual verification pending
A6,机器人听诊,doi:10.1109/lra.2022.3149576,Automated Heart and Lung Auscultation in Robotic Physical Examinations,2022,10.1109/lra.2022.3149576,Crossref; OpenAlex,https://doi.org/10.1109/lra.2022.3149576; https://openalex.org/W4210919284,yes,https://ieeexplore.ieee.org/ielx7/7083369/9647862/09707618.pdf,precision automated title candidate; manual verification pending
A6,机器人听诊,doi:10.1109/cyber63482.2024.10749190,Design of Intelligent Auscultation Robot Based on ResNet50,2024,10.1109/cyber63482.2024.10749190,Crossref; OpenAlex,https://doi.org/10.1109/cyber63482.2024.10749190; https://openalex.org/W4404371048,no_location_identified,,precision automated title candidate; manual verification pending
A6,机器人听诊,doi:10.1109/scored50371.2020.9250965,Development of 7 DOF Robotic Arm with Electronic Bluetooth Stethoscope for COVID Patient Medical Assesment,2020,10.1109/scored50371.2020.9250965,Crossref; OpenAlex,https://doi.org/10.1109/scored50371.2020.9250965; https://openalex.org/W3103440104,no_location_identified,,precision automated title candidate; manual verification pending
A6,机器人听诊,doi:10.3390/app13031604,Development of a Collaborative Robotic Platform for Autonomous Auscultation,2023,10.3390/app13031604,Crossref; OpenAlex,https://doi.org/10.3390/app13031604; https://openalex.org/W4318473649,yes,https://www.mdpi.com/2076-3417/13/3/1604/pdf?version=1675765045,precision automated title candidate; manual verification pending
A6,机器人听诊,doi:10.1299/jsmermd.2025.1a2-j02,Development of an auscultation robot for capturing chest and back auscultatory sounds simultaneously for body shapes,2025,10.1299/jsmermd.2025.1a2-j02,OpenAlex,https://openalex.org/W7117243997,no_location_identified,,precision automated title candidate; manual verification pending
A6,机器人听诊,doi:10.1109/aero.2018.8396805,Discussing the 2015 NASA technology roadmap: Stethoscope or autonomous healthcare technology?,2018,10.1109/aero.2018.8396805,Crossref,https://doi.org/10.1109/aero.2018.8396805,no_location_identified,,precision automated title candidate; manual verification pending
A6,机器人听诊,doi:10.3389/fphys.2022.825612,"iApp: An Autonomous Inspection, Auscultation, Percussion, and Palpation Platform",2022,10.3389/fphys.2022.825612,Crossref; Europe PMC; OpenAlex,https://doi.org/10.3389/fphys.2022.825612; https://europepmc.org/article/MED/35237180; https://openalex.org/W4213216578,yes,https://pmc.ncbi.nlm.nih.gov/articles/PMC8883036/; https://www.frontiersin.org/articles/10.3389/fphys.2022.825612/pdf,precision automated title candidate; manual verification pending
A6,机器人听诊,doi:10.1109/embc58623.2025.11254011,Method of synthesizing and enhancing multiple auscultatory sounds for safe and efficient robotic auscultation *,2025,10.1109/embc58623.2025.11254011,Crossref; Europe PMC; OpenAlex,https://doi.org/10.1109/embc58623.2025.11254011; https://europepmc.org/article/MED/41336433; https://openalex.org/W4416960374,no_location_identified,,precision automated title candidate; manual verification pending
A6,机器人听诊,doi:10.1109/iros47612.2022.9981054,Robotic Auscultation over Clothes for Eliminating Gender Bias,2022,10.1109/iros47612.2022.9981054,Crossref; OpenAlex,https://doi.org/10.1109/iros47612.2022.9981054; https://openalex.org/W4312324050,no_location_identified,,precision automated title candidate; manual verification pending
A6,机器人听诊,doi:10.3390/s23042260,Suppression of Clothing-Induced Acoustic Attenuation in Robotic Auscultation,2023,10.3390/s23042260,Crossref; Europe PMC; OpenAlex,https://doi.org/10.3390/s23042260; https://europepmc.org/article/MED/36850859; https://openalex.org/W4321232439,yes,https://pmc.ncbi.nlm.nih.gov/articles/PMC9959155/; https://www.mdpi.com/1424-8220/23/4/2260/pdf?version=1676875261,precision automated title candidate; manual verification pending
A6,机器人听诊,doi:10.1002/rcs.2461,Towards fully automated robotic platform for remote auscultation,2022,10.1002/rcs.2461,Crossref; Europe PMC; OpenAlex; arXiv,http://arxiv.org/abs/2201.05272v1; https://doi.org/10.1002/rcs.2461; https://europepmc.org/article/MED/36097703; https://openalex.org/W4226018425,yes,http://arxiv.org/pdf/2201.05272v1; https://arxiv.org/pdf/2201.05272,precision automated title candidate; manual verification pending
A7,机器人眼底/裂隙灯成像,doi:10.1117/12.3040961,Autonomous in vivo imaging and dynamic illumination with a robotically aligned slit lamp system,2025,10.1117/12.3040961,OpenAlex,https://openalex.org/W4408599480,no_location_identified,,precision automated title candidate; manual verification pending
A7,机器人眼底/裂隙灯成像,title:comparativefunctionalevaluationofastereoscopicrobotizedteleophthalmicdroneslitlampwithconventionalslitlamp,Comparative Functional Evaluation of A Stereoscopic Robotized Teleophthalmic Drone Slit Lamp With Conventional Slit Lamp,2014,,OpenAlex,https://openalex.org/W810307731,no_location_identified,,precision automated title candidate; manual verification pending
A7,机器人眼底/裂隙灯成像,title:roboticslitlampforteleophthalmology,Robotic slit-lamp for Tele-ophthalmology,2009,,OpenAlex,https://openalex.org/W2144651068,no_location_identified,,precision automated title candidate; manual verification pending
A7,机器人眼底/裂隙灯成像,title:secondgenerationroboticremotecontrolledstereoslitlamp,Second Generation Robotic Remote Controlled Stereo Slit-Lamp,2016,,OpenAlex,https://openalex.org/W2993504343,yes,https://iovs.arvojournals.org/article.aspx?articleid=2557736,precision automated title candidate; manual verification pending
A7,机器人眼底/裂隙灯成像,doi:10.1016/j.jcjo.2020.10.005,Validating the use of a stereoscopic robotized teleophthalmic drone slit lamp,2020,10.1016/j.jcjo.2020.10.005,OpenAlex,https://openalex.org/W3083713663,yes,https://iovs.arvojournals.org/article.aspx?articleid=2769690,precision automated title candidate; manual verification pending
A9,机器人皮肤/创面表面扫描,doi:10.1117/12.2652616,Large area robotically assisted optical coherence tomography (LARA-OCT) for skin imaging with MHz-OCT surface tracking,2023,10.1117/12.2652616,OpenAlex,https://openalex.org/W4323546939,no_location_identified,,precision automated title candidate; manual verification pending
A9,机器人皮肤/创面表面扫描,doi:10.1007/s10762-025-01055-7,Robotically Controlled Terahertz Probe for In Vivo Skin Evaluation: Imaging with the PicoBot.,2025,10.1007/s10762-025-01055-7,Europe PMC,https://europepmc.org/article/MED/40452865,yes,https://pmc.ncbi.nlm.nih.gov/articles/PMC12125030/,precision automated title candidate; manual verification pending
