record_id,automated_signal,direction,year,title,doi,pmid,pmcid,arxiv_id,url,retrieval_provenance,screening_status
6576c3ba3d5c1362,high,active_observational_sensing,2026,A Dataset for Depth in Robotic Endoscopy with Dynamic Scenarios (DRENDS).,10.1038/s41597-026-07775-2,42575900,PMC13458812,,https://doi.org/10.1038/s41597-026-07775-2,Europe PMC:embodied-endoscopy;OpenAlex:embodied-endoscopy;PubMed:embodied-endoscopy,awaiting_human_title_abstract_screen
6db2f21f60a2f755,high,active_observational_sensing,2026,A Preclinical Multifunctional Capsule Robot with Unified Diagnosis and Targeted Thermal Therapy for Gastrointestinal Diseases,10.1002/advs.77508,,,,https://doi.org/10.1002/advs.77508,Europe PMC:capsule-and-luminal-robots;OpenAlex:capsule-and-luminal-robots;PubMed:capsule-and-luminal-robots,awaiting_human_title_abstract_screen
a61f911fbdee6f06,high,active_observational_sensing,2026,Adaptive Admittance Control for Robotic Ultrasound Examination Based on a Breast Biomechanical Model.,10.1002/rcs.70197,42379153,,,https://doi.org/10.1002/rcs.70197,Europe PMC:robotic-ultrasound;PubMed:robotic-ultrasound,awaiting_human_title_abstract_screen
42484db61fbaabc8,high,response_based_interactive_diagnosis,2026,An FBG tactile sensor array and self-supervised contrastive learning transformer for tumor depth estimation in robotic palpation,10.1038/s44182-026-00113-z,,,,https://doi.org/10.1038/s44182-026-00113-z,OpenAlex:active-diagnostic-agents;OpenAlex:ophthalmic-examination;OpenAlex:tactile-examination,awaiting_human_title_abstract_screen
fb49e4c4d1fd60a3,high,active_observational_sensing,2026,Autonomous Ultrasound & NIRS Rig for Orbital Redistribution Assessment – Headward Fluid Shift Monitor,10.13140/rg.2.2.33922.64962,,,,https://doi.org/10.13140/rg.2.2.33922.64962,OpenAlex:robotic-ultrasound,awaiting_human_title_abstract_screen
73e7e1c44c3449d0,high,active_observational_sensing,2026,Autonomous Ultrasound Systems: Are We Approaching the Era of Self-Directed Imaging?,10.1002/ajum.70058,42591882,,,https://doi.org/10.1002/ajum.70058,Europe PMC:robotic-ultrasound;OpenAlex:robotic-ultrasound;PubMed:robotic-ultrasound,awaiting_human_title_abstract_screen
5af35ab35af88061,high,active_observational_sensing,2026,Autonomous robotic ultrasound scanning on complex surfaces: Automatic trajectory generation and disturbance observer-based model predictive admittance control,10.1016/j.conengprac.2026.107240,,,,https://doi.org/10.1016/j.conengprac.2026.107240,OpenAlex:robotic-ultrasound,awaiting_human_title_abstract_screen
0b18dc962647e88e,high,active_observational_sensing,2026,EP13.63: Intraoperative robotic ultrasound for real‐time mapping of rectal deep endometriosis during robotic surgery: case report with imaging insights,10.1002/uog.70305_925,,,,https://doi.org/10.1002/uog.70305_925,OpenAlex:robotic-ultrasound,awaiting_human_title_abstract_screen
332c16544756a9fa,high,active_observational_sensing,2026,End-to-end framework integrating generative AI and deep reinforcement learning for autonomous ultrasound scanning,10.1016/j.compmedimag.2026.102819,,,,https://doi.org/10.1016/j.compmedimag.2026.102819,OpenAlex:robotic-ultrasound,awaiting_human_title_abstract_screen
4c45e991e2d37e69,high,active_observational_sensing,2026,Force-Guided Contact-Aware Imitation Learning for Robotic Ultrasound Scanning,10.1109/icma69663.2026.11647497,,,,https://doi.org/10.1109/icma69663.2026.11647497,OpenAlex:robotic-ultrasound,awaiting_human_title_abstract_screen
263c02d1af4e339f,high,active_observational_sensing,2026,From Self-Normal-Positioning to Omni-Directional Tracking: Real-Time Surface Modeling Enabled Probe Tilt Control for Robotic Ultrasound Imaging,10.48550/arxiv.2608.11409,,,,https://doi.org/10.48550/arxiv.2608.11409,OpenAlex:robotic-ultrasound,awaiting_human_title_abstract_screen
ad470b56cf165da7,high,cross_cutting_agents,2026,"In-context learning, data ordering, and active sensing : a prequential perspective",10.71781/36115,,,,https://doi.org/10.71781/36115,OpenAlex:active-diagnostic-agents,awaiting_human_title_abstract_screen
e5d774dc5f9dc740,high,active_observational_sensing,2026,Intensity Variance-Guided Automated Robotic Optical Coherence Tomography System for Ophthalmic Applications.,10.1002/jbio.70343,42615266,PMC13487646,,https://pubmed.ncbi.nlm.nih.gov/42615266/,Europe PMC:ophthalmic-examination;Europe PMC:robotic-oct-and-ophthalmic-acquisition;OpenAlex:ophthalmic-examination;OpenAlex:robotic-oct-and-ophthalmic-acquisition;PubMed:ophthalmic-examination,awaiting_human_title_abstract_screen
94fc42fb2710d131,high,active_observational_sensing,2026,Learning-based Hierarchical Tracheal Anatomy Understanding from Sparse Surgical Demonstration Annotations for Ultrasound Robots,10.1088/1742-6596/3291/1/012035,,,,https://doi.org/10.1088/1742-6596/3291/1/012035,OpenAlex:robotic-ultrasound,awaiting_human_title_abstract_screen
7fac86ba1c61d983,high,sample_based_interactive_diagnosis,2026,"Performance, Safety, and Patient Experience of an Autonomous Robotic Phlebotomy Device: A Multicenter Trial.",10.1093/clinchem/hvag029,41967464,,,https://doi.org/10.1093/clinchem/hvag029,Europe PMC:diagnostic-sampling,awaiting_human_title_abstract_screen
eaffedbf7f2fa937,high,active_observational_sensing,2026,"Review of Gastrointestinal Capsule Robots: Materials, Actuation, Diagnostics, and Therapeutics",10.1002/advs.76800,,,,https://doi.org/10.1002/advs.76800,OpenAlex:adaptive-clinical-measurement;OpenAlex:capsule-and-luminal-robots;OpenAlex:diagnostic-sampling;OpenAlex:embodied-endoscopy;PubMed:capsule-and-luminal-robots,awaiting_human_title_abstract_screen
ed7cc66daee9c06a,high,response_based_interactive_diagnosis,2026,Robotic Palpation for Spatiotemporal Arterial Pulse Quantification and Mapping Using Multilevel Microdome-Based Soft Pressure Sensors.,10.1002/smll.75582,42703784,,,https://doi.org/10.1002/smll.75582,Europe PMC:tactile-examination;OpenAlex:multimodal-physical-examination;OpenAlex:robotic-swabbing-and-blood-collection;OpenAlex:tactile-examination;PubMed:tactile-examination,awaiting_human_title_abstract_screen
1e815d729ba9294c,high,active_observational_sensing,2026,"Robotic Ultrasound Imaging: A Comprehensive Review of Historical Evolution, Current State-of-the-Art, and Future Perspectives.",10.1002/jum.70417,42638373,,,https://pubmed.ncbi.nlm.nih.gov/42638373/,Europe PMC:robotic-ultrasound;OpenAlex:robotic-ultrasound;PubMed:robotic-ultrasound,awaiting_human_title_abstract_screen
23b68cb8da841083,high,active_observational_sensing,2026,Robotic ultrasound imaging,10.25740/qg089vv0880,,,,https://doi.org/10.25740/qg089vv0880,OpenAlex:robotic-ultrasound,awaiting_human_title_abstract_screen
51bb381328edcbe3,high,active_observational_sensing,2026,Task-Relevant Feature-Dynamics Fidelity Enables Zero-Shot Sim-to-Real Transfer for Robotic Ultrasound Scanning,10.48550/arxiv.2608.29516,,,,https://doi.org/10.48550/arxiv.2608.29516,OpenAlex:robotic-ultrasound,awaiting_human_title_abstract_screen
bc0f28ba924e153e,high,active_observational_sensing,2026,Vision-Assisted Magnetic Control of a Capsule Robot on Rigid and Ex Vivo Intestinal Surfaces,10.1088/1742-6596/3291/1/012042,,,,https://doi.org/10.1088/1742-6596/3291/1/012042,OpenAlex:capsule-and-luminal-robots,awaiting_human_title_abstract_screen
33c01039affbaf43,possible,active_observational_sensing,2026,A 3D human retina model reveals a non-cell-autonomous and non-neuronal mechanism of photoreceptor loss in a lysosomal storage disorder.,10.1126/scitranslmed.ady7616,42647598,,,https://doi.org/10.1126/scitranslmed.ady7616,Europe PMC:ophthalmic-examination;OpenAlex:ophthalmic-examination;PubMed:ophthalmic-examination,awaiting_human_title_abstract_screen
47eb44fe9c695a14,possible,active_observational_sensing,2026,A Bimodal Imaging Wireless Capsule Endoscopy System With Precise Linear Magnetic Navigation and Motion-Robust Power Transfer.,10.1109/tbcas.2026.3672399,41811720,,,https://pubmed.ncbi.nlm.nih.gov/41811720/,Europe PMC:capsule-and-luminal-robots;PubMed:capsule-and-luminal-robots,awaiting_human_title_abstract_screen
5dc7121c279dff1d,possible,active_observational_sensing,2026,A Cable‐Driven Parallel Wire Robot for Probe Positioning and Tissue Palpation on Curved Phantoms,10.1002/aisy.70518,,,,https://doi.org/10.1002/aisy.70518,OpenAlex:robotic-ultrasound;OpenAlex:tactile-examination,awaiting_human_title_abstract_screen
f289f6dce93b3855,possible,active_observational_sensing,2026,A Comprehensive Review Tracing the Evolution of Volumetric Medical Imaging Analysis from Classic CNNs to Emerging AI-Agents,10.1007/s11831-026-10738-w,,,,https://doi.org/10.1007/s11831-026-10738-w,OpenAlex:ophthalmic-examination,awaiting_human_title_abstract_screen
b08d273c12175ea9,possible,active_observational_sensing,2026,A Conceptual Framework for 4D Holographic Visualization in Gastrointestinal Endoscopy: Toward Externalized Spatiotemporal Cognition.,10.2196/99446,42662976,PMC13521502,,https://pubmed.ncbi.nlm.nih.gov/42662976/,Europe PMC:embodied-endoscopy;OpenAlex:embodied-endoscopy;PubMed:embodied-endoscopy,awaiting_human_title_abstract_screen
95591d8af746930a,possible,cross_cutting_agents,2026,A JSBSim Sensor-Interface Protocol for Selecting Learned Fixed-Wing Flight-Dynamics Surrogates,10.3390/s26154888,,,,https://doi.org/10.3390/s26154888,OpenAlex:active-diagnostic-agents,awaiting_human_title_abstract_screen
f99c901940b34678,possible,active_observational_sensing,2026,A MULTI-TASK EXPLAINABLE AI FRAMEWORK FOR PAPILLEDEMA DETECTION AND SYSTEMIC DISEASE RISK PREDICTION USING RETINAL FUNDUS IMAGES,10.4238/9e2eqr19,,,,https://doi.org/10.4238/9e2eqr19,OpenAlex:ophthalmic-examination,awaiting_human_title_abstract_screen
212fb7f6da4583ea,possible,laboratory_diagnostics,2026,A New Paradigm: Agentic AI for Scientific Discovery,10.65649/ukh4n33x,,,,https://doi.org/10.65649/ukh4n33x,OpenAlex:autonomous-assay-development,awaiting_human_title_abstract_screen
95c89f8da42b8d9f,possible,technical_precedents,2026,A Physics-Consistent Benchmark for Contact-Rich Human-Robot Interaction in Assistive Care,10.48550/arxiv.2609.02402,,,,https://doi.org/10.48550/arxiv.2609.02402,OpenAlex:medical-vla,awaiting_human_title_abstract_screen
4527e92c68581e31,possible,sample_based_interactive_diagnosis,2026,A Rare Finding of Retroperitoneal Sepsis Following Robot‐Assisted Transanal Minimally Invasive Surgery ( TAMIS ): A Case Report and Review of the Literature,10.26187/deakin.33393427,,,,https://doi.org/10.26187/deakin.33393427,OpenAlex:robotic-swabbing-and-blood-collection,awaiting_human_title_abstract_screen
65ef34bfa7a9fe87,possible,laboratory_diagnostics,2026,A Review of Advances in AI-AMR Integration for Real-Time Material Flow Optimization in EV Manufacturing,10.56201/ijemt.vol.12.no5.2026.pg1.31,,,,https://doi.org/10.56201/ijemt.vol.12.no5.2026.pg1.31,OpenAlex:diagnostic-laboratory-loops,awaiting_human_title_abstract_screen
6492962671317fcd,possible,technical_precedents,2026,"A Survey on Self-Improving Test-Time Intelligence: Feedback-Driven Adapting, Learning, and Scaling at Inference",10.48550/arxiv.2609.01679,,,,https://doi.org/10.48550/arxiv.2609.01679,OpenAlex:medical-vla,awaiting_human_title_abstract_screen
1d30642c79011ea3,possible,active_observational_sensing,2026,A Tip Tracking Method Based on CNN-Mamba Temporal Fusion and Kalman Filtering Prediction,10.1088/1742-6596/3291/1/012024,,,,https://doi.org/10.1088/1742-6596/3291/1/012024,OpenAlex:robotic-ultrasound,awaiting_human_title_abstract_screen
1176af83159b7e3d,possible,active_observational_sensing,2026,"A compact ultrafast ultrasound platform linking B-mode, superb microvascular imaging, and ultrasound localization microscopy for multiscale vascular assessment",10.1088/1742-6596/3291/1/012005,,,,https://doi.org/10.1088/1742-6596/3291/1/012005,OpenAlex:robotic-ultrasound,awaiting_human_title_abstract_screen
353522bba96f5fb4,possible,active_observational_sensing,2026,A review of emerging technologies and techniques for percutaneous nephrolithotomy access.,10.1097/mou.0000000000001414,42290174,,,https://pubmed.ncbi.nlm.nih.gov/42290174/,PubMed:robotic-ultrasound,awaiting_human_title_abstract_screen
ed904b032915f942,possible,sample_based_interactive_diagnosis,2026,A study on Tibetan sheep in the Gansu plague-endemic area and the risk of plague transmission by their vectors,10.1371/journal.pntd.0014650,,,,https://doi.org/10.1371/journal.pntd.0014650,OpenAlex:robotic-swabbing-and-blood-collection,awaiting_human_title_abstract_screen
362cddc433dffca6,possible,technical_precedents,2026,A survey of world models for physical AI with uncertainty representation and control,10.1007/s44163-026-02122-1,,,,https://doi.org/10.1007/s44163-026-02122-1,OpenAlex:medical-vla,awaiting_human_title_abstract_screen
de27ec947e41a7a2,possible,response_based_interactive_diagnosis,2026,A system dynamics approach to assessing organisational resilience in digitally disrupted sociotechnical systems,10.3846/bm.2026.2496,,,,https://doi.org/10.3846/bm.2026.2496,OpenAlex:stimulation-response-mapping,awaiting_human_title_abstract_screen
27612e27f4e8d0ed,possible,active_observational_sensing,2026,A trustworthy cross-domain AI framework for fundus disease classification using hybrid CNN fusion and supervised domain adaptation,10.1007/s44163-026-02067-5,,,,https://doi.org/10.1007/s44163-026-02067-5,OpenAlex:ophthalmic-examination,awaiting_human_title_abstract_screen
91607d5f08604efc,possible,active_observational_sensing,2026,AD07 Ocular Findings and Retinal Microvascular Alterations in Patients with Mild Autonomous Cortisol Secretion: An OCTA-Based Case-Control Study,10.1093/ejendo/lvag128.007,,,,https://doi.org/10.1093/ejendo/lvag128.007,OpenAlex:ophthalmic-examination,awaiting_human_title_abstract_screen
4e9c34b0ddfd1372,possible,active_observational_sensing,2026,AGRF-Net: anatomy-guided reliability fusion for multi-view OCT/OCTA retinal disease classification,10.1007/s44443-026-01203-6,,,,https://doi.org/10.1007/s44443-026-01203-6,OpenAlex:ophthalmic-examination,awaiting_human_title_abstract_screen
51eccb99486bea42,possible,active_observational_sensing,2026,AI agents in oculoplastic trauma: From visual-feature detection to distal canalicular stump localization,10.1016/j.asjsur.2026.07.151,,,,https://doi.org/10.1016/j.asjsur.2026.07.151,OpenAlex:ophthalmic-examination,awaiting_human_title_abstract_screen
0705409704d915f3,possible,everyday_monitoring,2026,"AI avatars in education: effects on knowledge acquisition, academic motivation, and cognitive load",10.3389/fpsyg.2026.1860755,,,,https://doi.org/10.3389/fpsyg.2026.1860755,OpenAlex:wearable-alert-confirmatory-testing,awaiting_human_title_abstract_screen
55e6151626d0c974,possible,active_observational_sensing,2026,AN EDGE AI-BASED ADAPTIVE MULTI-STAGE ALERT SYSTEM FOR REAL-TIME PATHOLOGY DETECTION IN VIDEO CAPSULE ENDOSCOPY: DEVELOPMENT AND EXPERIMENTAL EVALUATION,10.5281/zenodo.21835143,,,,https://doi.org/10.5281/zenodo.21835143,OpenAlex:capsule-and-luminal-robots,awaiting_human_title_abstract_screen
5dee89830a61ad88,possible,everyday_monitoring,2026,"ARTIFICIAL INTELLIGENCE IN MODERN MEDICINE: A COMPREHENSIVE REVIEW OF CURRENT APPLICATIONS, CHALLENGES, AND FUTURE PERSPECTIVES",10.31435/ijitss.3(51).2026.6205,,,,https://doi.org/10.31435/ijitss.3(51).2026.6205,OpenAlex:ambient-adaptive-monitoring,awaiting_human_title_abstract_screen
f245aa2697c7334f,possible,active_observational_sensing,2026,Accuracy of Large Language Models in Answering Dental Examination Questions: A Systematic Review and Meta-Analysis.,10.1016/j.identj.2026.109609,42150339,PMC13202568,,https://pubmed.ncbi.nlm.nih.gov/42150339/,PubMed:dental-examination,awaiting_human_title_abstract_screen
40d744742ac926f6,possible,sample_based_interactive_diagnosis,2026,Achieving global equitable access to robotic surgery,10.20517/2574-1225.2025.106,,,,https://doi.org/10.20517/2574-1225.2025.106,OpenAlex:focused-robotic-bronchoscopy,awaiting_human_title_abstract_screen
65b7bfcd40723688,possible,laboratory_diagnostics,2026,Acoustic Microbots: Linking Fabrication Techniques to Acoustic Actuation Mechanisms—A Systematic Review,10.1002/rob.70342,,,,https://doi.org/10.1002/rob.70342,OpenAlex:focused-feedback-microfluidics,awaiting_human_title_abstract_screen
bc5f0d0824b0ac29,possible,sample_based_interactive_diagnosis,2026,Adapting an in-house viral gastroenteritis multiplex PCR for use on the Hologic Panther Fusion® system,10.1016/j.jviromet.2026.115449,,,,https://doi.org/10.1016/j.jviromet.2026.115449,OpenAlex:robotic-swabbing-and-blood-collection,awaiting_human_title_abstract_screen
b1a640c404735ec8,possible,sample_based_interactive_diagnosis,2026,Advanced Bronchoscopic Approaches to Peripheral Pulmonary Lesions: a Narrative Review of Current and Emerging Techniques.,10.1007/s41030-026-00377-8,42678501,PMC13569743,,https://pubmed.ncbi.nlm.nih.gov/42678501/,Europe PMC:focused-robotic-bronchoscopy;OpenAlex:focused-robotic-bronchoscopy;PubMed:focused-robotic-bronchoscopy,awaiting_human_title_abstract_screen
93d8400117f41937,possible,laboratory_diagnostics,2026,Advances in Data Driven Construction Supervision and Zero-Defect Structural Quality Assurance,10.56201/wjimt.v10.no7.2026.pg239.271,,,,https://doi.org/10.56201/wjimt.v10.no7.2026.pg239.271,OpenAlex:diagnostic-laboratory-loops,awaiting_human_title_abstract_screen
57cd61906261a3ff,possible,active_observational_sensing,2026,An Explainable Multi-Scale Attention-Based Deep Learning Framework for Trustworthy Diabetic Retinopathy Detection Using Enhanced Fundus Images,10.31449/inf.v50i14.14054,,,,https://doi.org/10.31449/inf.v50i14.14054,OpenAlex:ophthalmic-examination,awaiting_human_title_abstract_screen
41b40710ed28aee3,possible,active_observational_sensing,2026,An Inchworm-Inspired Magnetically Actuated Millirobot for Targeted Gastric Therapy,10.1088/1742-6596/3291/1/012040,,,,https://doi.org/10.1088/1742-6596/3291/1/012040,OpenAlex:capsule-and-luminal-robots,awaiting_human_title_abstract_screen
261540cfc774c458,possible,everyday_monitoring,2026,An Interdisciplinary Approach to Long-Term Care: Artificial Intelligence Applications for Monitoring Nutritional Status and Social Well-Being,10.38079/igusabder.1899668,,,,https://doi.org/10.38079/igusabder.1899668,OpenAlex:ambient-adaptive-monitoring,awaiting_human_title_abstract_screen
9ea8606fa7c6115a,possible,sample_based_interactive_diagnosis,2026,An automated robotic system for nasopharyngeal sampling toward safe and repeated operation,10.1016/j.robot.2026.105696,,,,https://doi.org/10.1016/j.robot.2026.105696,OpenAlex:robotic-swabbing-and-blood-collection,awaiting_human_title_abstract_screen
7db5f8a65abadea7,possible,active_observational_sensing,2026,An autonomous multimodal AI agent for evidence-grounded ophthalmic diagnosis.,10.1016/j.xcrm.2026.102969,42556343,PMC13522791,,https://pubmed.ncbi.nlm.nih.gov/42556343/,Europe PMC:ophthalmic-examination;OpenAlex:ophthalmic-examination;PubMed:ophthalmic-examination,awaiting_human_title_abstract_screen
3e329e6567320d5d,possible,response_based_interactive_diagnosis,2026,Anterior cruciate ligament resection has no clinical effect on mediolateral gap laxity assessment in robotic-assisted total knee arthroplasty,10.1302/2633-1462.78.bjo-2025-0343.r1,,,,https://doi.org/10.1302/2633-1462.78.bjo-2025-0343.r1,Europe PMC:robotic-functional-examination;OpenAlex:robotic-functional-examination;PubMed:robotic-functional-examination,awaiting_human_title_abstract_screen
211d2dfae4bb6301,possible,technical_precedents,2026,Applications of Reinforcement Learning for Autonomous Surgical Robotics: A Systematic Review.,10.3390/biomimetics11080577,42645294,PMC13511724,,https://pubmed.ncbi.nlm.nih.gov/42645294/,Europe PMC:medical-vla;OpenAlex:medical-vla;PubMed:medical-vla,awaiting_human_title_abstract_screen
a38bc180dc50f679,possible,active_observational_sensing,2026,Are We Prepared for Agentic Dentistry? Exploring the Impact of Autonomous Artificial Intelligence in Dental Care,10.1016/j.identj.2026.109807,,,,https://doi.org/10.1016/j.identj.2026.109807,OpenAlex:dental-examination,awaiting_human_title_abstract_screen
b7bda60f00ccf7e1,possible,laboratory_diagnostics,2026,Area-Driven Adaptive Sampling of Closed Droplet Contours for Vision-Based Droplet Observation,10.3390/jimaging12090402,,,,https://doi.org/10.3390/jimaging12090402,OpenAlex:adaptive-microfluidic-diagnostics,awaiting_human_title_abstract_screen
2fc495698dcdce38,possible,active_observational_sensing,2026,Artificial Intelligence Chatbots and Large Language Models for Traumatic Dental Injury Management and Decision Support: A Systematic Review With Function-Based Narrative Synthesis and Exploratory Meta-Analysis.,10.1111/edt.70122,42657907,,,https://pubmed.ncbi.nlm.nih.gov/42657907/,Europe PMC:dental-examination;OpenAlex:dental-examination;PubMed:dental-examination,awaiting_human_title_abstract_screen
0d980c4485e1131f,possible,laboratory_diagnostics,2026,Artificial Intelligence Meets Micro/Nanorobotics,10.1002/adma.74721,,,,https://doi.org/10.1002/adma.74721,OpenAlex:focused-feedback-microfluidics,awaiting_human_title_abstract_screen
10feb1a8314fb44f,possible,sample_based_interactive_diagnosis,2026,Artificial Intelligence and Automation in Pre-analytical Phase of Laboratory Testing: A Narrative Review,10.1177/09760016261470878,,,,https://doi.org/10.1177/09760016261470878,OpenAlex:diagnostic-sampling,awaiting_human_title_abstract_screen
f8eabfbb6ad44e55,possible,active_observational_sensing,2026,"Artificial Intelligence and the Evolving Standard of Care in Dentistry: Clinical Evidence, Regulatory Landscape, and Medicolegal Implications.",,42709026,,,https://pubmed.ncbi.nlm.nih.gov/42709026/,Europe PMC:dental-examination;OpenAlex:dental-examination;PubMed:dental-examination,awaiting_human_title_abstract_screen
cb881b49cb26e00d,possible,active_observational_sensing,2026,Artificial Intelligence for Diagnosis of Temporomandibular and Cranio-Cervico-Mandibular Musculoskeletal Disorders: A Systematic Review and Exploratory Diagnostic Test Accuracy Meta-Analysis,10.3390/diagnostics16152468,,,,https://doi.org/10.3390/diagnostics16152468,OpenAlex:dental-examination,awaiting_human_title_abstract_screen
ff97cb559d27e5f7,possible,active_observational_sensing,2026,Artificial Intelligence for In-Flight Detection of Space-Related Ocular Trauma: Bridging Diagnostic Gaps in Microgravity,10.3390/vision10040059,,,,https://doi.org/10.3390/vision10040059,OpenAlex:ophthalmic-examination,awaiting_human_title_abstract_screen
83e97b3888e061e9,possible,active_observational_sensing,2026,Artificial Intelligence in Occlusion-Oriented Digital Reconstruction of Maxillofacial Fractures: Current Applications and Translational Challenges,10.1097/scs.0000000000013260,,,,https://doi.org/10.1097/scs.0000000000013260,OpenAlex:dental-examination,awaiting_human_title_abstract_screen
33305045377ef28b,possible,active_observational_sensing,2026,Artificial Intelligence in Ophthalmic Surgery: Applications Across the Perioperative Pathway,10.1007/s40137-026-00534-7,,,,https://doi.org/10.1007/s40137-026-00534-7,OpenAlex:ophthalmic-examination,awaiting_human_title_abstract_screen
0b40e91051fbef47,possible,active_observational_sensing,2026,Artificial Intelligence-Assisted Interpretation of Ophthalmic Images for Early Detection of Retinal Diseases,10.64388/irev10i2-1722392,,,,https://doi.org/10.64388/irev10i2-1722392,OpenAlex:ophthalmic-examination;OpenAlex:robotic-oct-and-ophthalmic-acquisition,awaiting_human_title_abstract_screen
13931b0b60603115,possible,laboratory_diagnostics,2026,"Artificial Intelligence-Driven Reproductive Bioengineering: Integrating Fertility Diagnostics, Organ-on-Chip Systems, Cryobiology and Epigenetic Safety for Precision Reproductive Medicine",10.3390/bioengineering13090976,,,,https://doi.org/10.3390/bioengineering13090976,OpenAlex:adaptive-microfluidic-diagnostics,awaiting_human_title_abstract_screen
ee8f898452cf631e,possible,active_observational_sensing,2026,Artificial intelligence and technology in paediatric dentistry: a review,10.18203/2394-6040.ijcmph20262763,,,,https://doi.org/10.18203/2394-6040.ijcmph20262763,OpenAlex:dental-examination,awaiting_human_title_abstract_screen
1f54b7282e4447a2,possible,laboratory_diagnostics,2026,Artificial intelligence in hepatocellular carcinoma diagnosis and AI-assisted treatment support: Current landscape and future directions,10.1016/j.livres.2026.08.001,,,,https://doi.org/10.1016/j.livres.2026.08.001,OpenAlex:diagnostic-laboratory-loops,awaiting_human_title_abstract_screen
480e0450a1896db7,possible,cross_cutting_agents,2026,Artificial intelligence in musculoskeletal surgery: Bridging innovation and evidence-based practice,10.25259/jmsr_344_2026,,,,https://doi.org/10.25259/jmsr_344_2026,OpenAlex:multimodal-physical-examination,awaiting_human_title_abstract_screen
651399bdcd5071aa,possible,laboratory_diagnostics,2026,Artificial intelligence in nanotechnology: current applications and future perspectives,10.1186/s44301-026-00038-4,,,,https://doi.org/10.1186/s44301-026-00038-4,OpenAlex:autonomous-assay-development,awaiting_human_title_abstract_screen
17fcb8529cd537d3,possible,active_observational_sensing,2026,Artificial intelligence in oculomics: A comprehensive review of ocular biomarkers for ophthalmic and systemic health,10.70164/ihsr.v2i4.213,,,,https://doi.org/10.70164/ihsr.v2i4.213,OpenAlex:ophthalmic-examination,awaiting_human_title_abstract_screen
819c12756d5bb9f1,possible,laboratory_diagnostics,2026,Artificial intelligence-driven drug discovery: a deep learning paradigm shift in pharmaceutical research and development,10.3389/fphar.2026.1927954,,,,https://doi.org/10.3389/fphar.2026.1927954,OpenAlex:autonomous-assay-development,awaiting_human_title_abstract_screen
6ccad3b1b465d0bb,possible,laboratory_diagnostics,2026,"Artificial intelligence–assisted smart hydrogel bioinks in 3D bioprinting: design, optimization, and construct validation for functional tissue engineering",10.3389/fbioe.2026.1898243,,,,https://doi.org/10.3389/fbioe.2026.1898243,OpenAlex:autonomous-assay-development;OpenAlex:focused-feedback-microfluidics,awaiting_human_title_abstract_screen
344dc18227fdb90c,possible,response_based_interactive_diagnosis,2026,Assessing awareness in advanced Alzheimer’s disease,10.1136/jnnp-2026-bnpa.31,,,,https://doi.org/10.1136/jnnp-2026-bnpa.31,OpenAlex:stimulation-response-mapping,awaiting_human_title_abstract_screen
95123ea3d4c5c917,possible,cross_cutting_agents,2026,Assessing radiographers’ attitudes toward managing people living with dementia during imaging and radiotherapy: Challenges and adaptive measures,10.1016/j.radi.2026.103551,,,,https://doi.org/10.1016/j.radi.2026.103551,OpenAlex:adaptive-clinical-measurement,awaiting_human_title_abstract_screen
63fe09f66c18a721,possible,response_based_interactive_diagnosis,2026,Assist and resist: a dual-track framework for pediatric exoskeleton rehabilitation,10.3389/fped.2026.1911727,,,,https://doi.org/10.3389/fped.2026.1911727,OpenAlex:robotic-functional-examination,awaiting_human_title_abstract_screen
f7818d594d98d727,possible,active_observational_sensing,2026,Augmented and Virtual Reality: A Boon or Bane for Dental Education?,10.1201/9781042016075-30,,,,https://doi.org/10.1201/9781042016075-30,OpenAlex:dental-examination,awaiting_human_title_abstract_screen
48825b716f4bd6a5,possible,laboratory_diagnostics,2026,Author response: Microscopic PhotoSelection (MiPS) of single cells in mother machine microfluidic devices,10.7554/elife.112391.1.sa0,,,,https://doi.org/10.7554/elife.112391.1.sa0,OpenAlex:adaptive-microfluidic-diagnostics;OpenAlex:focused-feedback-microfluidics,awaiting_human_title_abstract_screen
255ee927de5b7f10,possible,laboratory_diagnostics,2026,"Automated Biomedical Research Laboratories: Development, Current State, and a Roadmap for Adaptation into Shared Research Resources",10.7171/001c.167609,,,,https://doi.org/10.7171/001c.167609,OpenAlex:autonomous-assay-development,awaiting_human_title_abstract_screen
8fa90f90ebc4fbc6,possible,active_observational_sensing,2026,Automated image acquisition of apical four-chamber view with robotic echocardiography,10.1007/s11548-026-03766-1,,,,https://doi.org/10.1007/s11548-026-03766-1,OpenAlex:robotic-ultrasound;PubMed:robotic-ultrasound,awaiting_human_title_abstract_screen
a785c3623be2e5bf,possible,active_observational_sensing,2026,Automated segmentation of thyroid tissue and carotid artery in ultrasound videos using expert-in-the-loop deep learning: a foundational step toward AI-assisted thyroid diagnostics.,10.1007/s13304-026-02782-9,42536309,,,https://pubmed.ncbi.nlm.nih.gov/42536309/,Europe PMC:robotic-ultrasound;OpenAlex:robotic-ultrasound;PubMed:robotic-ultrasound,awaiting_human_title_abstract_screen
79f497f6cc085186,possible,everyday_monitoring,2026,Automatic discourse relation classification and feedback optimization in English teaching based on transformer BERT model,10.1016/j.caeai.2026.100662,,,,https://doi.org/10.1016/j.caeai.2026.100662,OpenAlex:ambient-adaptive-monitoring,awaiting_human_title_abstract_screen
8b7df8bf9df81597,possible,active_observational_sensing,2026,"Autonomous AI-driven point-of-care screening for diabetic retinopathy compared to reading center multi-expert clinical review: results from three prospective controlled pivotal validation studies with AEYE-DS in over 1,200 patients",10.3389/fdgth.2026.1907804,,,,https://doi.org/10.3389/fdgth.2026.1907804,OpenAlex:ophthalmic-examination,awaiting_human_title_abstract_screen
d04a1b7da0cad69a,possible,laboratory_diagnostics,2026,Autonomous discovery of new structure-plausibility laws for explainable and rapid crystal diagnosis and screening,10.48550/arxiv.2609.01209,,,,https://doi.org/10.48550/arxiv.2609.01209,OpenAlex:autonomous-assay-development,awaiting_human_title_abstract_screen
3d927a22247dbdb2,possible,response_based_interactive_diagnosis,2026,"Awake Craniotomy in Eloquent-Area Brain Tumors: Indications, Surgical Techniques, and Functional Outcomes",10.36948/ijfmr.2026.v08i04.86173,,,,https://doi.org/10.36948/ijfmr.2026.v08i04.86173,OpenAlex:stimulation-response-mapping,awaiting_human_title_abstract_screen
9029003fabab719f,possible,cross_cutting_agents,2026,Bayesian active verification of lifeline roads for risk aware emergency logistics with trucks and drones,10.1007/s44163-026-02033-1,,,,https://doi.org/10.1007/s44163-026-02033-1,OpenAlex:active-diagnostic-agents,awaiting_human_title_abstract_screen
7f57cf30ee92e471,possible,active_observational_sensing,2026,Better Situational Awareness in AR-HRC? A Comparative Study of Augmented Reality and Mobile Interfaces for Human-Robot Collaboration,10.48550/arxiv.2609.01461,,,,https://doi.org/10.48550/arxiv.2609.01461,OpenAlex:robotic-ultrasound,awaiting_human_title_abstract_screen
cfa5c4aaac624722,possible,laboratory_diagnostics,2026,Beyond FAIR Data: Instrument Traces for Active and Autonomous Scientific Experimentation,10.48550/arxiv.2608.23039,,,,https://doi.org/10.48550/arxiv.2608.23039,OpenAlex:autonomous-assay-development,awaiting_human_title_abstract_screen
f0af7a1031b58d37,possible,sample_based_interactive_diagnosis,2026,Beyond Navigation - Tissue-contacting Fluorescent Lifetime Imaging reveals a pathology-linked lung cancer phenotype at the point of biopsy,10.64898/2026.08.18.745502,,,,https://doi.org/10.64898/2026.08.18.745502,OpenAlex:focused-robotic-bronchoscopy,awaiting_human_title_abstract_screen
8028ec52572b3d58,possible,active_observational_sensing,2026,"Bibliometric mapping of robot-assisted endoscopic submucosal dissection: research trends, collaboration networks, and emerging themes.",10.1007/s11701-026-03932-2,42704420,,,https://pubmed.ncbi.nlm.nih.gov/42704420/,PubMed:embodied-endoscopy,awaiting_human_title_abstract_screen
fd9eb96e1055de99,possible,laboratory_diagnostics,2026,"Bioanalytical technologies employing luminescence for astrobiology, food safety, and clinical applications",10.48676/unibo/amsdottorato/12578,,,,https://doi.org/10.48676/unibo/amsdottorato/12578,OpenAlex:autonomous-assay-development,awaiting_human_title_abstract_screen
9ffed66930c18140,possible,active_observational_sensing,2026,Bioelectronic interfaces for restoring vision pathways,10.1016/j.mtbio.2026.103652,,,,https://doi.org/10.1016/j.mtbio.2026.103652,OpenAlex:ophthalmic-examination,awaiting_human_title_abstract_screen
830a04d1369cf1ca,possible,sample_based_interactive_diagnosis,2026,Breath-hold during robotic bronchoscopy for lung nodule biopsy,10.1186/isrctn11802169,,,,https://doi.org/10.1186/isrctn11802169,OpenAlex:focused-robotic-bronchoscopy,awaiting_human_title_abstract_screen
93e8ed27f4386b16,possible,everyday_monitoring,2026,BreathBelt: Comparing an Accelerometer Chest Strap Against a Stretch Respiration Belt,10.17605/osf.io/4ms3c,,,,https://doi.org/10.17605/osf.io/4ms3c,OpenAlex:wearable-triggered-testing,awaiting_human_title_abstract_screen
5b21a8a9bc667011,possible,sample_based_interactive_diagnosis,2026,Bronchoscopic Ablation and Intratumoral Therapies for Lung Cancer: Expanding Local Treatment Beyond Surgical Resection,10.3390/cancers18172837,,,,https://doi.org/10.3390/cancers18172837,OpenAlex:focused-robotic-bronchoscopy,awaiting_human_title_abstract_screen
8b4aa60dea755fd6,possible,response_based_interactive_diagnosis,2026,Building Organizational Resilience Through Employee Well-Being in Seasonal Tourism Destinations,10.36555/almana.v10i2.3041,,,,https://doi.org/10.36555/almana.v10i2.3041,OpenAlex:stimulation-response-mapping,awaiting_human_title_abstract_screen
4f34aac5a4dcd121,possible,active_observational_sensing,2026,Building competency in navigation bronchoscopy: Development and evaluation of a structured training programme.,10.1080/25310429.2026.2722773,42676029,,,https://doi.org/10.1080/25310429.2026.2722773,Europe PMC:embodied-endoscopy;OpenAlex:embodied-endoscopy;OpenAlex:focused-robotic-bronchoscopy;PubMed:embodied-endoscopy,awaiting_human_title_abstract_screen
f53df13cd25ce2dd,possible,cross_cutting_agents,2026,CLINICAL AND THERAPEUTIC ADVANCES IN THE MANAGEMENT OF UROLOGICAL DISORDERS AFFECTING RENAL FUNCTION,10.4238/4sdgcb89,,,,https://doi.org/10.4238/4sdgcb89,OpenAlex:multimodal-physical-examination,awaiting_human_title_abstract_screen
9c7ae009bafb21f9,possible,technical_precedents,2026,CR-VLA-Force: Learning Control-aware Compliance VLA Model for Robust Contact-rich Robotic Manipulation,10.48550/arxiv.2609.05832,,,,https://doi.org/10.48550/arxiv.2609.05832,OpenAlex:medical-vla,awaiting_human_title_abstract_screen
f1a54ddac857adfc,possible,sample_based_interactive_diagnosis,2026,"CT-guided Biopsy vs. Shape Sensing Robotic Assisted Bronchoscopy: Molecular Analysis, Diagnostic Yield and Clinical Implications",10.1016/j.chpulm.2026.100295,,,,https://doi.org/10.1016/j.chpulm.2026.100295,OpenAlex:focused-robotic-bronchoscopy,awaiting_human_title_abstract_screen
3c0a17c572448ab5,possible,everyday_monitoring,2026,Calming Robot Pitches? Exploring the Influence of Robot Voice Pitch on Children's Stress Levels,10.48550/arxiv.2608.19826,,,,https://doi.org/10.48550/arxiv.2608.19826,OpenAlex:wearable-triggered-testing,awaiting_human_title_abstract_screen
0dbfe462ea0ab76f,possible,cross_cutting_agents,2026,"CausalShift: A Modular, Plugin-Based Framework for Dataset Shift Handling in Machine Learning",10.3390/app16157604,,,,https://doi.org/10.3390/app16157604,OpenAlex:adaptive-clinical-measurement,awaiting_human_title_abstract_screen
4db2ebd42eadc7c1,possible,active_observational_sensing,2026,Challenges and Optimization Strategies in Cultivating the Capacity for Autonomous Development Among University Students,10.54097/1w7ce861,,,,https://doi.org/10.54097/1w7ce861,OpenAlex:dental-examination,awaiting_human_title_abstract_screen
b19536ce03de4738,possible,active_observational_sensing,2026,Clinical Applications of Generative Artificial Intelligence in Dentistry: A Scoping Review,10.17605/osf.io/65wse,,,,https://doi.org/10.17605/osf.io/65wse,OpenAlex:dental-examination,awaiting_human_title_abstract_screen
3f76a0d7d0daffe9,possible,sample_based_interactive_diagnosis,2026,Clinical and morphological determinants of minimally-invasive electrical impedance spectroscopy measurements in pulmonary nodules: an exploratory correlation pilot study,10.1038/s41598-026-65104-4,,,,https://doi.org/10.1038/s41598-026-65104-4,OpenAlex:focused-robotic-bronchoscopy,awaiting_human_title_abstract_screen
6c6b7fdcf6ba13e9,possible,sample_based_interactive_diagnosis,2026,Clinical and operational impact of single anesthesia events in the surgical management of early-stage lung cancer: a single-center retrospective cohort study.,10.21037/jtd-2026-1272,42724632,PMC13559318,,https://pubmed.ncbi.nlm.nih.gov/42724632/,OpenAlex:diagnostic-sampling;OpenAlex:focused-robotic-bronchoscopy;PubMed:diagnostic-sampling;PubMed:focused-robotic-bronchoscopy,awaiting_human_title_abstract_screen
e79d2bdf4da41e88,possible,cross_cutting_agents,2026,Clinical decision support system for precision diagnosis and treatment based on multimodal heterogeneous data fusion and probabilistic reasoning engine,10.1016/j.array.2026.101188,,,,https://doi.org/10.1016/j.array.2026.101188,OpenAlex:adaptive-clinical-measurement,awaiting_human_title_abstract_screen
24c27bc3776193e6,possible,response_based_interactive_diagnosis,2026,Closed-loop adaptation of transcranial magnetic stimulation intensity with electroencephalography feedback.,10.1016/j.neuroimage.2026.122102,42392340,,,https://pubmed.ncbi.nlm.nih.gov/42392340/,PubMed:stimulation-response-mapping,awaiting_human_title_abstract_screen
b1c3e349ed52dbdc,possible,response_based_interactive_diagnosis,2026,Combining EEG-guided HD-tACS and Immersive Virtual Reality for Social Prediction Training in Congenital and Acquired Cerebellar Damage: A randomized sham-controlled trial protocol,10.1371/journal.pone.0353955,,,,https://doi.org/10.1371/journal.pone.0353955,OpenAlex:stimulation-response-mapping,awaiting_human_title_abstract_screen
a4770aa37f03948e,possible,active_observational_sensing,2026,Comparative Analysis of Robotic- and Endoscopic-Assisted Minimally Invasive Nipple–Areola Complex–Sparing Mastectomy for Breast Cancer: A Meta-Analysis with Subgroup Analyses,10.21203/rs.3.rs-10637851/v1,,,,https://doi.org/10.21203/rs.3.rs-10637851/v1,OpenAlex:embodied-endoscopy,awaiting_human_title_abstract_screen
d703af35c75c08fe,possible,response_based_interactive_diagnosis,2026,"Comparative efficacy of virtual reality, robotics, and brain–computer interface interventions for upper limb rehabilitation after stroke: a systematic review and network meta-analysis",10.3389/fneur.2026.1882841,,,,https://doi.org/10.3389/fneur.2026.1882841,OpenAlex:robotic-functional-examination,awaiting_human_title_abstract_screen
8cddc9eced24f8ba,possible,sample_based_interactive_diagnosis,2026,Comparative performance of shape-sensing robotic-assisted bronchoscopy and CT-guided transthoracic biopsy in diagnosing peripheral pulmonary lesions.,10.1016/j.lungcan.2026.109487,42275984,,,https://pubmed.ncbi.nlm.nih.gov/42275984/,PubMed:focused-robotic-bronchoscopy,awaiting_human_title_abstract_screen
246e7c83e87e6b32,possible,sample_based_interactive_diagnosis,2026,Comparison of automated and manual DNA differential extraction in mock vaginal sexual assault swabs,10.1111/1556-4029.70425,,,,https://doi.org/10.1111/1556-4029.70425,OpenAlex:robotic-swabbing-and-blood-collection,awaiting_human_title_abstract_screen
c3e167dcb1f778f4,possible,cross_cutting_agents,2026,Comparison of the Therapeutic Effects of Robotic Spinal Decompression Therapy and Lumbar Stabilization Exercise in Patients With Lumbar Disc Herniation: A Randomized Controlled Trial,10.13066/kspm.2026.21.3.111,,,,https://doi.org/10.13066/kspm.2026.21.3.111,OpenAlex:multimodal-physical-examination,awaiting_human_title_abstract_screen
4a6b94850f8c7033,possible,laboratory_diagnostics,2026,Comprehensive overview of AI methodologies in nano-drug delivery Optimization and Design,10.1038/s41698-026-01513-y,,,,https://doi.org/10.1038/s41698-026-01513-y,OpenAlex:adaptive-microfluidic-diagnostics,awaiting_human_title_abstract_screen
d69112e47d278cd9,possible,laboratory_diagnostics,2026,"Computer-Based Systems And Artificial Intelligence In Healthcare: A Review Of Applications, Challenges, And Future Directions",10.59543/jidmis.v3.1473,,,,https://doi.org/10.59543/jidmis.v3.1473,OpenAlex:diagnostic-laboratory-loops,awaiting_human_title_abstract_screen
1051b45e21b1fed4,possible,sample_based_interactive_diagnosis,2026,Cone Beam CT Imaging-Guided Bronchoscopy vs CT Imaging-Guided Transthoracic Needle Biopsy for Peripheral Pulmonary Lesion Diagnosis.,10.1016/j.chest.2026.02.038,41895580,PMC13494254,,https://pubmed.ncbi.nlm.nih.gov/41895580/,PubMed:focused-robotic-bronchoscopy,awaiting_human_title_abstract_screen
020851b824fd2e15,possible,active_observational_sensing,2026,Consistency and Safety of Large Language Models in Dental Clinical Reasoning: Comparative Benchmark Study (Preprint),10.2196/preprints.110787,,,,https://doi.org/10.2196/preprints.110787,OpenAlex:dental-examination,awaiting_human_title_abstract_screen
c5be4e692b05d5c2,possible,cross_cutting_agents,2026,Convergence of need technology and culture driving the era of physical AI in medicine,10.3389/fdgth.2026.1914012,,,,https://doi.org/10.3389/fdgth.2026.1914012,OpenAlex:multimodal-physical-examination,awaiting_human_title_abstract_screen
71773f066081d013,possible,response_based_interactive_diagnosis,2026,"Crosstalk Between Cortical Plasticity and Peripheral Nervous Injury: Insights, Mechanisms, and Future Directions",10.1002/cns.71090,,,,https://doi.org/10.1002/cns.71090,OpenAlex:stimulation-response-mapping,awaiting_human_title_abstract_screen
7ef916a0a40187a2,possible,sample_based_interactive_diagnosis,2026,Cryobiopsy at the dawn of fibrosis: unlocking early diagnosis and therapeutic windows,10.3389/fmed.2026.1821109,,,,https://doi.org/10.3389/fmed.2026.1821109,OpenAlex:focused-robotic-bronchoscopy,awaiting_human_title_abstract_screen
1ce8c9578d9f5d32,possible,active_observational_sensing,2026,Current landscape and research gaps in artificial intelligence for ophthalmic nursing: a scoping review,10.3389/fmed.2026.1943007,,,,https://doi.org/10.3389/fmed.2026.1943007,OpenAlex:ophthalmic-examination,awaiting_human_title_abstract_screen
62703887374cc56e,possible,laboratory_diagnostics,2026,DMSO and Serum-free cryopreservation of T-cells enabled by glycerol/betaine formulation and controlled-rate freezing with geometry-matched thermal contacts.,10.1016/j.cryobiol.2026.105712,42715738,,,https://pubmed.ncbi.nlm.nih.gov/42715738/,Europe PMC:adaptive-microfluidic-diagnostics;PubMed:adaptive-microfluidic-diagnostics,awaiting_human_title_abstract_screen
a53e75afdb1cae4a,possible,active_observational_sensing,2026,Dataset: A Top-Down Mechanism for Sporadic ALS Initiated by Ocular Metal Dyshomeostasis and Retrograde Exosomal Transport along the Subcortical Visual Axis - PathMap Experiment #000092,10.5281/zenodo.21758570,,,,https://doi.org/10.5281/zenodo.21758570,OpenAlex:ophthalmic-examination,awaiting_human_title_abstract_screen
5f239dff4da9f203,possible,active_observational_sensing,2026,Dataset: Paracetamol and Dogs - PathMap Experiment #000095,10.5281/zenodo.21775534,,,,https://doi.org/10.5281/zenodo.21775534,OpenAlex:capsule-and-luminal-robots,awaiting_human_title_abstract_screen
356d46e143d9f93a,possible,laboratory_diagnostics,2026,Datasets for Physical Law Ecology: droplet evaporation experiments,10.5281/zenodo.21858998,,,,https://doi.org/10.5281/zenodo.21858998,OpenAlex:adaptive-microfluidic-diagnostics,awaiting_human_title_abstract_screen
f873033320f739a3,possible,active_observational_sensing,2026,Deep Learning for the Assessment of Alveolar Bone Loss on Intraoral Radiographs: A Systematic Review.,10.3390/diagnostics16162575,42650978,PMC13512858,,https://doi.org/10.3390/diagnostics16162575,Europe PMC:dental-examination;OpenAlex:dental-examination;PubMed:dental-examination,awaiting_human_title_abstract_screen
64b9858069b3794f,possible,active_observational_sensing,2026,Deep learning and generative AI for medical imaging and clinical decision support systems: a structured critical review,10.3389/fdgth.2026.1890072,,,,https://doi.org/10.3389/fdgth.2026.1890072,OpenAlex:ophthalmic-examination,awaiting_human_title_abstract_screen
ee0a4dfd6983c189,possible,laboratory_diagnostics,2026,Design and Development of a Brushless DC Motor Controlled Centrifugal Microfluidic Pump for Biomedical Applications,10.1201/9781042017546-7,,,,https://doi.org/10.1201/9781042017546-7,OpenAlex:focused-feedback-microfluidics,awaiting_human_title_abstract_screen
b76c4cde7a0f5e49,possible,sample_based_interactive_diagnosis,2026,Design and Evaluation of a Touchscreen-Based Teleoperation Interface for Robotic Manipulators,10.48550/arxiv.2608.06219,,,,https://doi.org/10.48550/arxiv.2608.06219,OpenAlex:robotic-swabbing-and-blood-collection,awaiting_human_title_abstract_screen
bb38c8e2a05173c3,possible,active_observational_sensing,2026,Development and Implementation of a Three-Year Postgraduate Curriculum for Oral Medicine Specialist Training in Australasia: A Framework From the Oral Medicine Academy of Australasia.,10.1111/jop.70171,42472671,PMC13429367,,https://pubmed.ncbi.nlm.nih.gov/42472671/,PubMed:dental-examination,awaiting_human_title_abstract_screen
d94a9be0c22365ac,possible,laboratory_diagnostics,2026,Development and Validation of an RT-Droplet Digital PCR Assay for Detection of Peste des Petits Ruminants,10.3390/vetsci13080841,,,,https://doi.org/10.3390/vetsci13080841,OpenAlex:adaptive-microfluidic-diagnostics,awaiting_human_title_abstract_screen
d8458866a76ca9ca,possible,laboratory_diagnostics,2026,Development of AI-eChemist Laboratory,10.20517/aiagent.2026.15,,,,https://doi.org/10.20517/aiagent.2026.15,OpenAlex:autonomous-assay-development,awaiting_human_title_abstract_screen
c82f0e72670bbc8b,possible,active_observational_sensing,2026,Development of an Inchworm‐Like Dual‐Balloon‐Assisted Colonoscopic Robot Based on a Two‐Segment Extensible Continuum Section,10.1002/aisy.70535,,,,https://doi.org/10.1002/aisy.70535,OpenAlex:embodied-endoscopy,awaiting_human_title_abstract_screen
87449edc9fcdffb3,possible,sample_based_interactive_diagnosis,2026,"Diagnostic Outcomes of Robotic Bronchoscopy in a Multidisciplinary, Multi-hospital Lung Nodule Program.",10.1016/j.jss.2026.04.031,42241833,,,https://pubmed.ncbi.nlm.nih.gov/42241833/,PubMed:focused-robotic-bronchoscopy,awaiting_human_title_abstract_screen
4791021bb60738e3,possible,sample_based_interactive_diagnosis,2026,Diagnostic Yield and Molecular Testing Adequacy of Transbronchial Cryoprobe Biopsy Versus Needle Aspiration in Robotic Bronchoscopy.,10.1097/lbr.0000000000001088,42544013,,,https://doi.org/10.1097/lbr.0000000000001088,Europe PMC:focused-robotic-bronchoscopy;OpenAlex:focused-robotic-bronchoscopy;PubMed:focused-robotic-bronchoscopy,awaiting_human_title_abstract_screen
24dd3c3d9214b311,possible,active_observational_sensing,2026,Diagnostic performance of artificial intelligence for orthodontic and dentofacial assessment using 2D and 3D facial images: A systematic review,10.1016/j.ortho.2026.101235,,,,https://doi.org/10.1016/j.ortho.2026.101235,OpenAlex:dental-examination,awaiting_human_title_abstract_screen
fcfaf7c124e2c1ce,possible,active_observational_sensing,2026,"Digital Dentistry in Contemporary Oral Healthcare: Innovations, Challenges and Prospects",10.4103/aihb.aihb_203_25,,,,https://doi.org/10.4103/aihb.aihb_203_25,OpenAlex:dental-examination,awaiting_human_title_abstract_screen
2a938f3d316b7c65,possible,active_observational_sensing,2026,"Distal mechanisms in robotic surgical instruments: a structured review of surgical access, miniaturisation constraints and procedure-specific performance trade-offs",10.1007/s11701-026-03929-x,,,,https://doi.org/10.1007/s11701-026-03929-x,OpenAlex:capsule-and-luminal-robots;OpenAlex:embodied-endoscopy;OpenAlex:robotic-ultrasound;PubMed:embodied-endoscopy,awaiting_human_title_abstract_screen
a5e67d3c1b45c520,possible,active_observational_sensing,2026,Dopamine promotes motor programs underlying substrate tunneling in larval Drosophila,10.1152/jn.00469.2025,,,,https://doi.org/10.1152/jn.00469.2025,OpenAlex:ophthalmic-examination,awaiting_human_title_abstract_screen
972c95edb9e9fb56,possible,laboratory_diagnostics,2026,"Drivers of the paradigm shift in norovirus diagnostics: technological innovation, contextual demands, and collaborative synergy.",10.1186/s12985-026-03278-z,42649517,PMC13508226,,https://pubmed.ncbi.nlm.nih.gov/42649517/,Europe PMC:adaptive-microfluidic-diagnostics;OpenAlex:adaptive-microfluidic-diagnostics;PubMed:adaptive-microfluidic-diagnostics,awaiting_human_title_abstract_screen
adbd9353f19c6d26,possible,laboratory_diagnostics,2026,Droplet microfluidics for energy and bioelectrochemical applications,10.3389/frlct.2026.1953306,,,,https://doi.org/10.3389/frlct.2026.1953306,OpenAlex:adaptive-microfluidic-diagnostics;OpenAlex:focused-feedback-microfluidics,awaiting_human_title_abstract_screen
b69ac8fece90d380,possible,everyday_monitoring,2026,"Early warning signals of sudden changes in daily step count: an intensive longitudinal study of over 20,000 adults",10.1038/s44437-026-00003-4,,,,https://doi.org/10.1038/s44437-026-00003-4,OpenAlex:wearable-alert-confirmatory-testing,awaiting_human_title_abstract_screen
ad7cc577e507bdd1,possible,laboratory_diagnostics,2026,Editorial: Artificial Intelligence and the Future of Biosecurity,10.3389/fmicb.2026.1940679,,,,https://doi.org/10.3389/fmicb.2026.1940679,OpenAlex:autonomous-assay-development,awaiting_human_title_abstract_screen
3514f1bfc3b0e742,possible,response_based_interactive_diagnosis,2026,Editorial: Neurobiological mechanisms of adjuvant therapies for personalized stroke rehabilitation: towards comprehensive recovery,10.3389/fnhum.2026.1920955,,,,https://doi.org/10.3389/fnhum.2026.1920955,OpenAlex:robotic-functional-examination,awaiting_human_title_abstract_screen
d35f046b76e8ae3e,possible,active_observational_sensing,2026,"Editorial: Robotics in the performance, safety and learning of surgery - what next?",10.3389/frobt.2026.1927781,,,,https://doi.org/10.3389/frobt.2026.1927781,OpenAlex:dental-examination,awaiting_human_title_abstract_screen
5217d1bc45dc624e,possible,active_observational_sensing,2026,Effect of Fitzpatrick Skin Type Prompting on Diagnostic Accuracy in Multimodal Large Language Models: A Within-Image Experimental Study,10.3390/bioengineering13080932,,,,https://doi.org/10.3390/bioengineering13080932,OpenAlex:dental-examination,awaiting_human_title_abstract_screen
e27c4475f0d9a4a0,possible,response_based_interactive_diagnosis,2026,Effectiveness of emerging technology-assisted rehabilitation in children with cerebral palsy: a systematic review and meta-analysis,10.3389/fneur.2026.1906886,,,,https://doi.org/10.3389/fneur.2026.1906886,OpenAlex:robotic-functional-examination,awaiting_human_title_abstract_screen
88b86b28207049c7,possible,active_observational_sensing,2026,"Effectiveness, Safety, and Workflow Burden of Large Language Model-Based Medical Report Generation: Systematic Review.",10.2196/97007,42715525,PMC13557449,,https://doi.org/10.2196/97007,Europe PMC:dental-examination;Europe PMC:ophthalmic-examination;OpenAlex:ophthalmic-examination;PubMed:dental-examination;PubMed:ophthalmic-examination,awaiting_human_title_abstract_screen
61cecf3ece0fdcfc,possible,response_based_interactive_diagnosis,2026,Effects of transcranial magnetic stimulation on spatial memory: a systematic review across animal and human studies,10.3389/fnbeh.2026.1901070,,,,https://doi.org/10.3389/fnbeh.2026.1901070,OpenAlex:stimulation-response-mapping,awaiting_human_title_abstract_screen
356d3ed89ec3f376,possible,active_observational_sensing,2026,"Electronic Device, Preferably an Electronic Book - Electronic Mobile WebPad - Tablet Computing",10.5281/zenodo.21823666,,,,https://doi.org/10.5281/zenodo.21823666,OpenAlex:ophthalmic-examination,awaiting_human_title_abstract_screen
0fbaa3f8b1ac442b,possible,technical_precedents,2026,Embodied AI in the operating room: a voice-interactive robotic scrub nurse for surgical instrument handoffs.,10.1007/s11701-026-03866-9,42658368,,,https://pubmed.ncbi.nlm.nih.gov/42658368/,Europe PMC:medical-vla;OpenAlex:medical-vla;PubMed:medical-vla,awaiting_human_title_abstract_screen
14a9eee351a4816f,possible,active_observational_sensing,2026,EndoMD-SLAM: Endoscopic Gaussian Splatting SLAM under Optical Degradation with Memory and Static-Transient Decomposition,10.48550/arxiv.2608.08949,,,,https://doi.org/10.48550/arxiv.2608.08949,OpenAlex:embodied-endoscopy,awaiting_human_title_abstract_screen
ab1486546abb2361,possible,active_observational_sensing,2026,EndoWAM: A Grounded World-Action Model for Generalizable Endoscopic Navigation,10.48550/arxiv.2608.01221,,,,https://doi.org/10.48550/arxiv.2608.01221,OpenAlex:embodied-endoscopy,awaiting_human_title_abstract_screen
0c5c52d2c45f5fc5,possible,active_observational_sensing,2026,Enhancing reproducibility in autonomous robotic kidney ultrasound imaging via Bayesian optimization and multi-metric image similarity,10.1080/01691864.2026.2716452,,,,https://doi.org/10.1080/01691864.2026.2716452,OpenAlex:robotic-ultrasound,awaiting_human_title_abstract_screen
592f25c04d70e940,possible,laboratory_diagnostics,2026,Entropy Reduction in Heterogeneous Experimental Systems: A Formal Framework for AI-Driven Hardware Orchestration and Standardized Scientific Pipelines,10.5281/zenodo.22149574,,,,https://doi.org/10.5281/zenodo.22149574,OpenAlex:autonomous-assay-development,awaiting_human_title_abstract_screen
f1393f02c9a08bdd,possible,laboratory_diagnostics,2026,Enzyme Engineering: From Classical Strategies to AI-Driven Biocatalyst Design,10.1021/acs.jafc.6c04272,,,,https://doi.org/10.1021/acs.jafc.6c04272,OpenAlex:autonomous-assay-development,awaiting_human_title_abstract_screen
fa107490050909c5,possible,cross_cutting_agents,2026,"Evidence on the validity, reliability and usability of active and passive sensing of cognition for use in ambulatory studies: A systematic scoping review",10.31234/osf.io/4r3jm_v3,,,,https://doi.org/10.31234/osf.io/4r3jm_v3,Europe PMC:active-diagnostic-agents;OpenAlex:active-diagnostic-agents,awaiting_human_title_abstract_screen
a72b9160b330ac02,possible,response_based_interactive_diagnosis,2026,Ex Vivo Differentiation of Cartilage Degeneration Severity and Subchondral Bone Using Vibroacoustic Signals from Instrument-Tissue Interaction.,10.3390/s26154874,,,,https://doi.org/10.3390/s26154874,OpenAlex:multimodal-physical-examination;OpenAlex:tactile-examination,awaiting_human_title_abstract_screen
551d15152ef88f4c,possible,cross_cutting_agents,2026,Fatigue and dyspnea in a 71-year-old man with a pulmonary nodule,10.3949/ccjm.93a.26011,,,,https://doi.org/10.3949/ccjm.93a.26011,OpenAlex:multimodal-physical-examination,awaiting_human_title_abstract_screen
ca2e874cf8b3569d,possible,active_observational_sensing,2026,Ferrofluid Droplet Robot with Controllable Morphology and Magnetic Navigation,10.1088/1742-6596/3291/1/012028,,,,https://doi.org/10.1088/1742-6596/3291/1/012028,OpenAlex:capsule-and-luminal-robots,awaiting_human_title_abstract_screen
60753c1879ff35c2,possible,sample_based_interactive_diagnosis,2026,Field-Deployable Paper-Based Detection of Vibrio vulnificus via Mechanically Automated Sequential RPA/CRISPR-Cas12a.,10.1021/acssensors.6c01273,42599007,,,https://pubmed.ncbi.nlm.nih.gov/42599007/,Europe PMC:robotic-swabbing-and-blood-collection;OpenAlex:robotic-swabbing-and-blood-collection;PubMed:robotic-swabbing-and-blood-collection,awaiting_human_title_abstract_screen
a5ff555ea7c10923,possible,response_based_interactive_diagnosis,2026,Flexible Implantable Brain‐Computer Interface Electrodes: Advances in Materials and Structural Design,10.1002/smm2.70107,,,,https://doi.org/10.1002/smm2.70107,OpenAlex:stimulation-response-mapping,awaiting_human_title_abstract_screen
174d4f81d7817e31,possible,response_based_interactive_diagnosis,2026,Force sensing and haptic feedback in robotic surgery: a bibliometric and knowledge-mapping analysis of technological evolution and translational trajectories.,10.1007/s11701-026-03832-5,42634062,,,https://pubmed.ncbi.nlm.nih.gov/42634062/,Europe PMC:tactile-examination;OpenAlex:tactile-examination;PubMed:tactile-examination,awaiting_human_title_abstract_screen
259278d7daccd861,possible,active_observational_sensing,2026,ForceU-VLA: A Force-Aware Vision-Language-Action Model for Embodied Ultrasound Scanning,10.48550/arxiv.2608.15009,,,,https://doi.org/10.48550/arxiv.2608.15009,OpenAlex:medical-vla;OpenAlex:robotic-ultrasound,awaiting_human_title_abstract_screen
bf043165e0a02fd3,possible,laboratory_diagnostics,2026,"From Language Models to World-Acting Systems: Progress and Limits of Agentic AI across Digital, Social, Virtual, and Physical Environments",10.48550/arxiv.2609.04894,,,,https://doi.org/10.48550/arxiv.2609.04894,OpenAlex:autonomous-assay-development,awaiting_human_title_abstract_screen
6bdcf05babf4545a,possible,everyday_monitoring,2026,"From assistance to autonomy: AI agent systems in cardiovascular medicine—a review of paradigms, architectures, and clinical translation",10.3389/fcvm.2026.1838415,,,,https://doi.org/10.3389/fcvm.2026.1838415,OpenAlex:wearable-triggered-testing,awaiting_human_title_abstract_screen
87768760bc9042e2,possible,cross_cutting_agents,2026,From checklist to closed-loop: the case for AI-supported perioperative management in esophagectomy,10.1016/j.ibmed.2026.100471,,,,https://doi.org/10.1016/j.ibmed.2026.100471,OpenAlex:active-diagnostic-agents,awaiting_human_title_abstract_screen
fdf230aa8dcde4f3,possible,response_based_interactive_diagnosis,2026,"From fragmented neurotechnologies to closed-loop brain health systems: integrating artificial intelligence, digital health, digital twins, and advanced materials for brain disorders",10.3389/fbioe.2026.1904561,,,,https://doi.org/10.3389/fbioe.2026.1904561,OpenAlex:stimulation-response-mapping,awaiting_human_title_abstract_screen
5f6148588388f456,possible,active_observational_sensing,2026,From intravascular imaging to adaptive vascular care: intelligent photonics and digital twins in panvascular disease,10.1038/s41377-026-02410-6,,,,https://doi.org/10.1038/s41377-026-02410-6,OpenAlex:embodied-endoscopy,awaiting_human_title_abstract_screen
43c4be0bb5f5a488,possible,laboratory_diagnostics,2026,From optical control to translational readiness: an evidence-tiered framework for optogenetics in neuromuscular and neurological disorders,10.1016/j.mtbio.2026.103643,,,,https://doi.org/10.1016/j.mtbio.2026.103643,OpenAlex:focused-feedback-microfluidics,awaiting_human_title_abstract_screen
e4687880951523ce,possible,active_observational_sensing,2026,Full end-to-end diagnostic workflow automation of 3D OCT via foundation model-driven AI for retinal diseases,10.1038/s41746-026-03151-x,,,,https://doi.org/10.1038/s41746-026-03151-x,OpenAlex:ophthalmic-examination,awaiting_human_title_abstract_screen
888729f5b529b069,possible,response_based_interactive_diagnosis,2026,Functional ultrasound imaging in preclinical brain stimulation: from multimodal readouts to closed-loop neuromodulation,10.3389/fnins.2026.1897417,,,,https://doi.org/10.3389/fnins.2026.1897417,OpenAlex:stimulation-response-mapping,awaiting_human_title_abstract_screen
fa6e48dc399a5b2a,possible,laboratory_diagnostics,2026,GLOSS: A Multi-Strategy Sampling Algorithm for Optimization in Vast Chemical Spaces,10.26434/chemrxiv.15008310/v1,,,,https://doi.org/10.26434/chemrxiv.15008310/v1,OpenAlex:autonomous-assay-development,awaiting_human_title_abstract_screen
e66195f9f15cef07,possible,laboratory_diagnostics,2026,Generative artificial intelligence for nanomaterial discovery and nanoengineering: From data-driven design to autonomous laboratories,10.1016/j.nxnano.2026.100728,,,,https://doi.org/10.1016/j.nxnano.2026.100728,OpenAlex:autonomous-assay-development,awaiting_human_title_abstract_screen
9798755de3df13b5,possible,everyday_monitoring,2026,Greenhouse Monitoring and Control Systems: A Review of Internet of Things and Wireless Sensor Network Technologies,10.36348/sjet.2026.v11i08.004,,,,https://doi.org/10.36348/sjet.2026.v11i08.004,OpenAlex:ambient-adaptive-monitoring,awaiting_human_title_abstract_screen
6b39a7e69fcb8cb8,possible,active_observational_sensing,2026,HOW DENTAL TOURISM DESTINATIONS ARE ADOPTING CUTTING-EDGE TECH TO COMPETE GLOBALLY,10.56726/irjmets102251,,,,https://doi.org/10.56726/irjmets102251,OpenAlex:dental-examination,awaiting_human_title_abstract_screen
72d7717cf134f0ff,possible,technical_precedents,2026,Humanoid Colleagues and the Rheumatology Workforce: Preparing for a New Era,10.1002/acr2.90128,,,,https://doi.org/10.1002/acr2.90128,OpenAlex:medical-vla;OpenAlex:multimodal-physical-examination,awaiting_human_title_abstract_screen
6ef3c0f567b70459,possible,laboratory_diagnostics,2026,Hydrogel-enabled wearable bioelectronics from health monitoring to wound therapy,10.1016/j.wees.2026.07.002,,,,https://doi.org/10.1016/j.wees.2026.07.002,OpenAlex:focused-feedback-microfluidics,awaiting_human_title_abstract_screen
bf7b14f80b5321d2,possible,response_based_interactive_diagnosis,2026,Impact of EMG-based interfaces for hand motor rehabilitation in stroke: A systematic review with evidence gap map and meta-analysis,10.1007/s11517-026-03660-7,,,,https://doi.org/10.1007/s11517-026-03660-7,Europe PMC:robotic-functional-examination;OpenAlex:robotic-functional-examination;PubMed:robotic-functional-examination,awaiting_human_title_abstract_screen
37b3bb7b3e7f7be5,possible,response_based_interactive_diagnosis,2026,Impaired gastrocnemius medialis muscle-tendon decoupling reduces gait efficiency in spastic paresis syndrome,10.1016/j.rehab.2026.102151,,,,https://doi.org/10.1016/j.rehab.2026.102151,OpenAlex:robotic-functional-examination,awaiting_human_title_abstract_screen
addd0a436660bccf,possible,active_observational_sensing,2026,Improving instance segmentation model for teeth in oral endoscope images based on lightweighting YOLO-TOE,10.1016/j.asej.2026.104378,,,,https://doi.org/10.1016/j.asej.2026.104378,OpenAlex:dental-examination,awaiting_human_title_abstract_screen
4586a90707859c3e,possible,active_observational_sensing,2026,Innovations and Future Directions in the Management of Eustachian Tube Dysfunction.,10.1016/j.otc.2026.05.005,42557207,,,https://pubmed.ncbi.nlm.nih.gov/42557207/,PubMed:embodied-endoscopy,awaiting_human_title_abstract_screen
ca8994f3b9b39faa,possible,response_based_interactive_diagnosis,2026,"Integrating neural decoding, memristive materials, and adaptive control frameworks for next-generation hippocampal memory prosthetics",10.1016/j.isci.2026.117268,,,,https://doi.org/10.1016/j.isci.2026.117268,OpenAlex:focused-tms-mapping;OpenAlex:stimulation-response-mapping,awaiting_human_title_abstract_screen
e70b0e4d23c4ad36,possible,active_observational_sensing,2026,Intelligent Micro/Nanorobots for Targeted Interventional Therapy: From Bench to Clinic,10.1002/adrr.70151,,,,https://doi.org/10.1002/adrr.70151,OpenAlex:robotic-ultrasound,awaiting_human_title_abstract_screen
8c59d4551ac043d6,possible,cross_cutting_agents,2026,Interventional-twin audits for post-probe decision routing under hidden-factor shift,10.1016/j.mlwa.2026.100998,,,,https://doi.org/10.1016/j.mlwa.2026.100998,OpenAlex:active-diagnostic-agents,awaiting_human_title_abstract_screen
271d1cb20e8c6e8b,possible,active_observational_sensing,2026,"Invisible Agents, Uninformed Patients: Towards Responsible Deployment Of Autonomous AI Diagnostic Agents In Sub-Saharan Africa",10.48550/arxiv.2608.21326,,,,https://doi.org/10.48550/arxiv.2608.21326,OpenAlex:ophthalmic-examination,awaiting_human_title_abstract_screen
00ea6e1bff6d7afe,possible,laboratory_diagnostics,2026,Knowledge-Capital Expansion in Modernity: Public Knowledge and Epistemic Capitalization in the Age of Artificial Intelligence,10.17613/ntb8s-6rt15,,,,https://doi.org/10.17613/ntb8s-6rt15,OpenAlex:autonomous-assay-development,awaiting_human_title_abstract_screen
67575723571baa07,possible,active_observational_sensing,2026,Large language medicine: defining a new paradigm in human health,10.3389/fsci.2026.1810095,,,,https://doi.org/10.3389/fsci.2026.1810095,OpenAlex:ophthalmic-examination,awaiting_human_title_abstract_screen
fcd4827f77cbd66b,possible,active_observational_sensing,2026,Lesion-semantic token guided transformer fusion for stage-adaptive diabetic retinopathy grading and screening,10.11591/ijaas.v15.i3.pp1112-1122,,,,https://doi.org/10.11591/ijaas.v15.i3.pp1112-1122,OpenAlex:ophthalmic-examination,awaiting_human_title_abstract_screen
2a65bdc84a2fb48a,possible,everyday_monitoring,2026,M-LSA-Net: A Hybrid Morphology-Aware Deep Learning Framework for Lumpy Skin Disease Detection,10.70917/ijcisim-2026-4250,,,,https://doi.org/10.70917/ijcisim-2026-4250,OpenAlex:ambient-adaptive-monitoring,awaiting_human_title_abstract_screen
d49de067634bb94e,possible,active_observational_sensing,2026,"Materials, Design, and Fabrication of Curved Image Sensors for Bio-Inspired, AI-Friendly Vision Systems",10.1088/2631-7990/aea1a8,,,,https://doi.org/10.1088/2631-7990/aea1a8,OpenAlex:ophthalmic-examination,awaiting_human_title_abstract_screen
6557519ee8dbd39b,possible,laboratory_diagnostics,2026,Mechanisms and Strategies for in Situ Regeneration of Sensing Interfaces for Real‐Time Monitoring,10.1002/smtd.70999,,,,https://doi.org/10.1002/smtd.70999,OpenAlex:focused-feedback-microfluidics,awaiting_human_title_abstract_screen
e24b6cb68de9972a,possible,active_observational_sensing,2026,Mechanistic Insights into MYO1C-Mediated Rhodopsin Trafficking and Rod Photoreceptor Homeostasis,10.64898/2026.09.04.749496,,,,https://doi.org/10.64898/2026.09.04.749496,Europe PMC:ophthalmic-examination;OpenAlex:ophthalmic-examination,awaiting_human_title_abstract_screen
010ee282f37b0cf0,possible,response_based_interactive_diagnosis,2026,"Medial expected gap (mEG): a quantitative, biology-guided predictor of coronal plane correction and knee balance in robotic functionally aligned total knee arthroplasty.",10.1007/s11701-026-03883-8,42704404,,,https://pubmed.ncbi.nlm.nih.gov/42704404/,Europe PMC:robotic-functional-examination;OpenAlex:robotic-functional-examination;PubMed:robotic-functional-examination,awaiting_human_title_abstract_screen
250033629f68bd3a,possible,active_observational_sensing,2026,Meeting Abstracts of the WEO Capsule Endoscopy Global Summit (WEO-CEGS 2026),10.20517/2574-1225.2026.44,,,,https://doi.org/10.20517/2574-1225.2026.44,OpenAlex:capsule-and-luminal-robots,awaiting_human_title_abstract_screen
9f6d49720f322612,possible,active_observational_sensing,2026,MergeNeXt: a hybrid CNN–transformer model for retinal OCT image classification,10.1038/s41598-026-70044-0,,,,https://doi.org/10.1038/s41598-026-70044-0,OpenAlex:ophthalmic-examination,awaiting_human_title_abstract_screen
6e7875218c6112d6,possible,laboratory_diagnostics,2026,Micro/nanohybrid probes for scanning electrochemical probe microscopy,10.1016/j.bmi.2026.100056,,,,https://doi.org/10.1016/j.bmi.2026.100056,OpenAlex:focused-feedback-microfluidics,awaiting_human_title_abstract_screen
c4c4f724eef375bc,possible,laboratory_diagnostics,2026,Microfluidic-Integrated CRISPR-Cas Biosensor for Marine Pollutant and Pathogen Monitoring: A Review,10.3390/bios16090483,,,,https://doi.org/10.3390/bios16090483,OpenAlex:adaptive-microfluidic-diagnostics,awaiting_human_title_abstract_screen
5b997de30ab4d83d,possible,laboratory_diagnostics,2026,Microfluidics-Based Platforms for Personalized Healthcare: Current Progress and Future Perspectives,10.5281/zenodo.22086534,,,,https://doi.org/10.5281/zenodo.22086534,OpenAlex:adaptive-microfluidic-diagnostics,awaiting_human_title_abstract_screen
2d7f70093f1b3f20,possible,active_observational_sensing,2026,Mobile AI-Assisted Oral Lesion Triage for Community Oral Cancer Screening: Prospective Field Evaluation Study.,10.2196/101721,42665557,,,https://doi.org/10.2196/101721,Europe PMC:dental-examination;PubMed:dental-examination,awaiting_human_title_abstract_screen
06eef4ca142f57db,possible,sample_based_interactive_diagnosis,2026,Mobile cone-beam computed tomography combined with electromagnetic navigation bronchoscopy for the diagnosis of peripheral pulmonary nodules,10.1080/25310429.2026.2730871,,,,https://doi.org/10.1080/25310429.2026.2730871,OpenAlex:focused-robotic-bronchoscopy,awaiting_human_title_abstract_screen
c9473bfbabec7662,possible,laboratory_diagnostics,2026,Multimodal and cross-modal learning techniques,10.1063/5.0346744,,,,https://doi.org/10.1063/5.0346744,OpenAlex:autonomous-assay-development,awaiting_human_title_abstract_screen
f096efc27e0e6c5f,possible,active_observational_sensing,2026,Multisensory and Robotic Approaches for Mandibular Function Analysis,10.26083/tuda-8306,,,,https://doi.org/10.26083/tuda-8306,OpenAlex:dental-examination,awaiting_human_title_abstract_screen
21609ab671979a05,possible,cross_cutting_agents,2026,"Mus siliconus: A Neuro-Musculoskeletal Digital Twin of the Mouse Integrating Neural Dynamics, Biomechanics, and Tactile Sensing",10.48550/arxiv.2609.02243,,,,https://doi.org/10.48550/arxiv.2609.02243,OpenAlex:active-diagnostic-agents,awaiting_human_title_abstract_screen
21f18b8f96a799cb,possible,laboratory_diagnostics,2026,Mutual Information Surprise: Rethinking Unexpectedness in Autonomous Systems,10.1287/ijds.2026.0182,,,,https://doi.org/10.1287/ijds.2026.0182,OpenAlex:autonomous-assay-development,awaiting_human_title_abstract_screen
617dbb49e769d5f4,possible,cross_cutting_agents,2026,"Nanotechnology in Prostate Cancer: PSMA-Targeted Nanoplatforms, TME-Responsive Therapy, Immunomodulation, and Clinical Translation Challenges",10.2147/ijn.s629751,,,,https://doi.org/10.2147/ijn.s629751,OpenAlex:adaptive-clinical-measurement,awaiting_human_title_abstract_screen
7b01a579edb2b21a,possible,response_based_interactive_diagnosis,2026,Native Coronal Patellar Tracking Demonstrates Three Distinct Patterns Associated with Coronal Alignment in Robotic-Assisted Total Knee Arthroplasty: A Preliminary Study,10.1016/j.jisako.2026.101211,,,,https://doi.org/10.1016/j.jisako.2026.101211,OpenAlex:focused-robotic-assessment-devices,awaiting_human_title_abstract_screen
6f15cde59af4f9c4,possible,active_observational_sensing,2026,Natural orifice transluminal endoscopic surgery: The true frontier of gastrointestinal endoscopy,10.3748/wjg.123529,,,,https://doi.org/10.3748/wjg.123529,OpenAlex:embodied-endoscopy,awaiting_human_title_abstract_screen
39ac2dc32b4341b9,possible,cross_cutting_agents,2026,Neuroendocrine Differentiation in Mature Cystic Teratomas in Adults: A Case Report and Review of the Literature,10.7812/tpp/26.070,,,,https://doi.org/10.7812/tpp/26.070,OpenAlex:multimodal-physical-examination,awaiting_human_title_abstract_screen
020a22958ea8657c,possible,response_based_interactive_diagnosis,2026,Neuroimaging biomarkers of non-invasive brain stimulation in post-stroke recovery: EEG and fMRI perspectives.,10.1016/j.nicl.2026.104036,42546603,PMC13448478,,https://doi.org/10.1016/j.nicl.2026.104036,Europe PMC:stimulation-response-mapping,awaiting_human_title_abstract_screen
8a23252eb7841c74,possible,everyday_monitoring,2026,Nondestructive Testing of Underwater Unmanned Vehicles Using Guided Waves,10.5772/intechopen.1017517,,,,https://doi.org/10.5772/intechopen.1017517,OpenAlex:ambient-adaptive-monitoring,awaiting_human_title_abstract_screen
9ebcdeb54b8844c9,possible,laboratory_diagnostics,2026,OmniScientist: An Omni-Modal Omni-Discipline AI Scientist,10.48550/arxiv.2608.13558,,,,https://doi.org/10.48550/arxiv.2608.13558,OpenAlex:autonomous-assay-development,awaiting_human_title_abstract_screen
ff05b783744178d9,possible,laboratory_diagnostics,2026,Ontologically Integrated Digital Twin of the Entire Hospital Ecosystem,10.5281/zenodo.22111319,,,,https://doi.org/10.5281/zenodo.22111319,OpenAlex:diagnostic-laboratory-loops,awaiting_human_title_abstract_screen
b600464da534123c,possible,laboratory_diagnostics,2026,"Optical digital twins for disease prevention, diagnosis, therapy, and intervention",10.1117/1.jbo.31.8.080601,,,,https://doi.org/10.1117/1.jbo.31.8.080601,OpenAlex:focused-feedback-microfluidics,awaiting_human_title_abstract_screen
2f6bec914bba3601,possible,response_based_interactive_diagnosis,2026,Osteophyte Bony Balancing in Robotic Total Knee Arthroplasty: A Surgical Technique and Predictive Algorithm for Soft Tissue Laxity.,10.1055/a-2796-8119,41610883,,,https://pubmed.ncbi.nlm.nih.gov/41610883/,PubMed:robotic-functional-examination,awaiting_human_title_abstract_screen
3573f0eff635d09d,possible,laboratory_diagnostics,2026,Overcoming Liquid Biopsy Barriers: Nucleic Acid Biosensors Integrating DNA Nanotechnology and CRISPR-Cas System for Cancer Precision Theranostics.,10.1021/acssensors.6c01673,42490334,,,https://pubmed.ncbi.nlm.nih.gov/42490334/,Europe PMC:adaptive-microfluidic-diagnostics;PubMed:adaptive-microfluidic-diagnostics,awaiting_human_title_abstract_screen
28791d679ec74772,possible,response_based_interactive_diagnosis,2026,P1.015. A Potential Option for Blown-Out Myotomy After Peroral Endoscopic Myotomy,10.1093/dote/doag077.163,,,,https://doi.org/10.1093/dote/doag077.163,OpenAlex:robotic-functional-examination,awaiting_human_title_abstract_screen
fd844fc53218c695,possible,laboratory_diagnostics,2026,PERCEPTION-DRIVEN EXPERIMENTAL WORKFLOWS FOR SELF-DRIVING POLYMER LABS WITH MOBILE ROBOTS AND COBOT WORKCELLS,10.26434/chemrxiv.15007960/v1,,,,https://doi.org/10.26434/chemrxiv.15007960/v1,OpenAlex:autonomous-assay-development,awaiting_human_title_abstract_screen
94d7e634cfcba1b4,possible,cross_cutting_agents,2026,"Pelvic solitary fibrous tumors: clinical manifestations, surgical management and long-term outcomes",10.3389/fonc.2026.1782133,,,,https://doi.org/10.3389/fonc.2026.1782133,OpenAlex:multimodal-physical-examination,awaiting_human_title_abstract_screen
6a95157a56771bf4,possible,active_observational_sensing,2026,Performance and Hallucination Analysis of Large Language Models on European Anesthesiology Examinations: Cross-Sectional Comparative Study,10.2196/95859,,,,https://doi.org/10.2196/95859,OpenAlex:dental-examination,awaiting_human_title_abstract_screen
3d25c9e133851a60,possible,response_based_interactive_diagnosis,2026,Personalized Network-Guided Neuromodulation Enhances Human Working Memory.,10.1002/advs.202523009,42284508,PMC13336854,,https://pubmed.ncbi.nlm.nih.gov/42284508/,PubMed:stimulation-response-mapping,awaiting_human_title_abstract_screen
9ee2535c62276799,possible,everyday_monitoring,2026,"Personalized multimodal physiological modeling of menstrual cycle dynamics using endocrine, metabolic and wearable signals",10.1002/jim4.70057,,,,https://doi.org/10.1002/jim4.70057,OpenAlex:wearable-alert-confirmatory-testing,awaiting_human_title_abstract_screen
46677b953c93f5e9,possible,active_observational_sensing,2026,Pilot comparison of nine large language models generating radiological reports from dental panoramic radiograph pathology notation,10.1038/s41598-026-71228-4,,,,https://doi.org/10.1038/s41598-026-71228-4,OpenAlex:dental-examination,awaiting_human_title_abstract_screen
d654686089c49b9c,possible,active_observational_sensing,2026,"Pixels, prompts, and palates: LLM's role in oral medicine and dental radiology",10.18231/j.ijmi.62617.1786608881,,,,https://doi.org/10.18231/j.ijmi.62617.1786608881,OpenAlex:dental-examination,awaiting_human_title_abstract_screen
e08cd817b7108a26,possible,response_based_interactive_diagnosis,2026,Plantar Pressure Changes Following Robot-Assisted Gait Training Using Different Robot Types in Children With Spastic Cerebral Palsy,10.12674/ptk.2026.33.2.205,,,,https://doi.org/10.12674/ptk.2026.33.2.205,OpenAlex:robotic-functional-examination,awaiting_human_title_abstract_screen
0155526f4ecdffbe,possible,response_based_interactive_diagnosis,2026,Population-referenced multiregional brain-volume profiles associated with performance and concussion history in athletes: an exploratory study,10.3389/fnhum.2026.1904810,,,,https://doi.org/10.3389/fnhum.2026.1904810,OpenAlex:focused-robotic-assessment-devices,awaiting_human_title_abstract_screen
23cc8b4721d2d208,possible,response_based_interactive_diagnosis,2026,Poster 99. Biomechanical Evaluation of Ankle Instability by Injury Type of the Superior Fascicle of the Anterior Talofibular Ligament,10.1177/2325967126s00404,,,,https://doi.org/10.1177/2325967126s00404,OpenAlex:robotic-functional-examination,awaiting_human_title_abstract_screen
feffa57158bbbf50,possible,response_based_interactive_diagnosis,2026,Postoperative gait training using the Hybrid Assistive Limb for pediatric spinal intramedullary cavernous malformation: illustrative case,10.3171/case26448,,,,https://doi.org/10.3171/case26448,OpenAlex:robotic-functional-examination,awaiting_human_title_abstract_screen
ed04402e886c0981,possible,active_observational_sensing,2026,Precise and minimally invasive localization of pelvic nodes during robot-assisted surgery using image-guided navigation,10.1007/s11548-026-03768-z,,,,https://doi.org/10.1007/s11548-026-03768-z,OpenAlex:robotic-ultrasound,awaiting_human_title_abstract_screen
66111d95dd020122,possible,laboratory_diagnostics,2026,"Precision Oncology via Radiotherapy‐Triggered Drug Delivery: Mechanisms, Molecular Engineering, and Clinical Translation",10.1002/advs.77450,,,,https://doi.org/10.1002/advs.77450,OpenAlex:focused-feedback-microfluidics,awaiting_human_title_abstract_screen
7e37afc91ec31e1d,possible,active_observational_sensing,2026,Preliminary Research on Autonomous Robotic System for DDH Ultrasound Examination,10.3390/act15080446,,,,https://doi.org/10.3390/act15080446,OpenAlex:robotic-ultrasound,awaiting_human_title_abstract_screen
69b07a0d848c98b6,possible,cross_cutting_agents,2026,Primary seminal vesicle adenocarcinoma: clinical and pathologic features,10.24911/ejmcr.9-2570,,,,https://doi.org/10.24911/ejmcr.9-2570,OpenAlex:multimodal-physical-examination,awaiting_human_title_abstract_screen
3b961d8b5a279a60,possible,laboratory_diagnostics,2026,Process Analytical Technology Integration in 3D Printing Processes: Benefits and Challenges,10.1208/s12249-026-03526-z,,,,https://doi.org/10.1208/s12249-026-03526-z,OpenAlex:focused-feedback-microfluidics,awaiting_human_title_abstract_screen
22ba606a2e4afee1,possible,everyday_monitoring,2026,REAL-LIFE HEALTH APPLICATIONS OF WIRELESS SENSING USING EDGE DEVICES,10.25772/3n5j-a885,,,,https://doi.org/10.25772/3n5j-a885,OpenAlex:ambient-adaptive-monitoring,awaiting_human_title_abstract_screen
f568ac849bd57aac,possible,active_observational_sensing,2026,ROVAA: Offline attendance automation using a voice–OCR-based 3-DOF robotic arm with Raspberry Pi,10.11591/ijra.v15i3.pp561-576,,,,https://doi.org/10.11591/ijra.v15i3.pp561-576,OpenAlex:ophthalmic-examination,awaiting_human_title_abstract_screen
5437c646a58bb732,possible,response_based_interactive_diagnosis,2026,RObotic WAlking for children who CAnnot WAlk (RoWaCaWa): Impacts on Physical Function and Physical Activity from a 12-week robotic walking intervention,10.64898/2026.08.24.26361255,,,,https://doi.org/10.64898/2026.08.24.26361255,OpenAlex:robotic-functional-examination,awaiting_human_title_abstract_screen
0b02a44d6544c734,possible,active_observational_sensing,2026,"Real-World Diagnostic Accuracy of Fully Autonomous, FDA-Approved Artificial Intelligence Systems for Diabetic Retinopathy Screening in the United States: A Systematic Review and Meta-Analysis",10.21203/rs.3.rs-10570689/v1,,,,https://doi.org/10.21203/rs.3.rs-10570689/v1,OpenAlex:ophthalmic-examination,awaiting_human_title_abstract_screen
493b815c4fcf5824,possible,response_based_interactive_diagnosis,2026,Rebranding in Crisis: Wartime Changes in Trademark Characteristics in Ukraine,10.15407/scine22.04.064,,,,https://doi.org/10.15407/scine22.04.064,OpenAlex:stimulation-response-mapping,awaiting_human_title_abstract_screen
7ed35876d7c8de64,possible,laboratory_diagnostics,2026,Recent Advances in CRISPR/Cas Systems for Respiratory Pathogen Diagnostics,10.3390/v18080870,,,,https://doi.org/10.3390/v18080870,OpenAlex:adaptive-microfluidic-diagnostics,awaiting_human_title_abstract_screen
b96d07a1b4a2ec2e,possible,everyday_monitoring,2026,Recent progress of flexible tactile electronic skins incorporating proximity sensing capabilities,10.1088/1674-4926/26030022,,,,https://doi.org/10.1088/1674-4926/26030022,OpenAlex:ambient-adaptive-monitoring,awaiting_human_title_abstract_screen
151c8db6638f5007,possible,active_observational_sensing,2026,"Reducing False Positives and False Negatives in Artificial Intelligence-assisted Imaging Screening: A Critical Review of Accuracy, Error Mechanisms and Clinical Translation",10.9734/jamps/2026/v28i9891,,,,https://doi.org/10.9734/jamps/2026/v28i9891,OpenAlex:ophthalmic-examination,awaiting_human_title_abstract_screen
ad4ca9310a3eca8f,possible,cross_cutting_agents,2026,Rehab or not rehab: artificial intelligence helps humans identify rehabilitation Cochrane systematic reviews,10.23736/s1973-9087.26.09664-4,,,,https://doi.org/10.23736/s1973-9087.26.09664-4,OpenAlex:multimodal-physical-examination,awaiting_human_title_abstract_screen
387ce9dd8c9dceea,possible,active_observational_sensing,2026,Reinforcement Learning for Ultrasound Image Analysis: A Scoping Review,10.3390/applbiosci5030066,,,,https://doi.org/10.3390/applbiosci5030066,OpenAlex:robotic-ultrasound,awaiting_human_title_abstract_screen
6f70d1647f564214,possible,laboratory_diagnostics,2026,Responsive Open Microfluidic Logic for Mechanical Computing,10.1002/advs.77546,,,,https://doi.org/10.1002/advs.77546,OpenAlex:adaptive-microfluidic-diagnostics,awaiting_human_title_abstract_screen
de2e02b4058a6c30,possible,laboratory_diagnostics,2026,Retrograde robot-assisted radical prostatectomy in a patient with localized prostate cancer: a case report,10.3389/fsurg.2026.1880320,,,,https://doi.org/10.3389/fsurg.2026.1880320,OpenAlex:diagnostic-laboratory-loops,awaiting_human_title_abstract_screen
5337a45a099c42e6,possible,sample_based_interactive_diagnosis,2026,Retrospective Evaluation of Safety of Using a Semi-automatic Robotic System for Transthoracic Biopsy of Lung Mass Under Positron Emission Tomography-computed Tomography Guidance.,10.4274/thoracrespract.2026.2025-12-8,42484357,PMC13548729,,https://pubmed.ncbi.nlm.nih.gov/42484357/,PubMed:diagnostic-sampling,awaiting_human_title_abstract_screen
cdd42729dd7f8504,possible,laboratory_diagnostics,2026,Reviewer #1 (Public review): Microscopic PhotoSelection (MiPS) of single cells in mother machine microfluidic devices,10.7554/elife.112391.1.sa3,,,,https://doi.org/10.7554/elife.112391.1.sa3,OpenAlex:adaptive-microfluidic-diagnostics;OpenAlex:focused-feedback-microfluidics,awaiting_human_title_abstract_screen
1ca5c47ed6c500c0,possible,laboratory_diagnostics,2026,Reviewer #2 (Public review): Microscopic PhotoSelection (MiPS) of single cells in mother machine microfluidic devices,10.7554/elife.112391.1.sa2,,,,https://doi.org/10.7554/elife.112391.1.sa2,OpenAlex:adaptive-microfluidic-diagnostics;OpenAlex:focused-feedback-microfluidics,awaiting_human_title_abstract_screen
a1742d53da8db662,possible,laboratory_diagnostics,2026,Reviewer #3 (Public review): Microscopic PhotoSelection (MiPS) of single cells in mother machine microfluidic devices,10.7554/elife.112391.1.sa1,,,,https://doi.org/10.7554/elife.112391.1.sa1,OpenAlex:adaptive-microfluidic-diagnostics;OpenAlex:focused-feedback-microfluidics,awaiting_human_title_abstract_screen
9735027625134cd2,possible,active_observational_sensing,2026,Rhobot-Screen: an integrated robotic platform for functional screening of rhodopsin variants,10.1186/s12915-026-02691-8,,,,https://doi.org/10.1186/s12915-026-02691-8,OpenAlex:ophthalmic-examination,awaiting_human_title_abstract_screen
33462ed205f748e3,possible,active_observational_sensing,2026,Rigid and Deformable Medical Image Registration,10.48321/d104a0b925,,,,https://doi.org/10.48321/d104a0b925,OpenAlex:robotic-ultrasound,awaiting_human_title_abstract_screen
15877df44d8465a5,possible,active_observational_sensing,2026,Risk Scrutiny and Future Opportunities of Robot-Assisted Implant Surgery: A Narrative Review,10.1016/j.identj.2026.111105,,,,https://doi.org/10.1016/j.identj.2026.111105,OpenAlex:dental-examination,awaiting_human_title_abstract_screen
9232ffb456d45d63,possible,sample_based_interactive_diagnosis,2026,Risk Stratification of Incidental Pulmonary Nodules: A Fully Automated Approach to CT Imaging Analysis.,10.1097/lbr.0000000000001095,42689326,,,https://doi.org/10.1097/lbr.0000000000001095,Europe PMC:focused-robotic-bronchoscopy;OpenAlex:focused-robotic-bronchoscopy;PubMed:focused-robotic-bronchoscopy,awaiting_human_title_abstract_screen
16476a7196c4a5e2,possible,technical_precedents,2026,RoboSPA: Can VLA Models Go Beyond Simple Scenes and Short-Horizon Tasks?,10.48550/arxiv.2609.05324,,,,https://doi.org/10.48550/arxiv.2609.05324,OpenAlex:medical-vla,awaiting_human_title_abstract_screen
63802b181a57f432,possible,active_observational_sensing,2026,Robot-Assisted Oral Examination: Challenges and Innovations.,10.1016/j.identj.2026.109670,42296618,PMC13285711,,https://pubmed.ncbi.nlm.nih.gov/42296618/,PubMed:dental-examination,awaiting_human_title_abstract_screen
b22d94537bbbe714,possible,sample_based_interactive_diagnosis,2026,Robot-Assisted PET/CT-Guided Biopsy in Pelvic Malignancies: A Promising Approach for Accurate Diagnosis and Precision Medicine,10.25259/ijnm_126_25,,,,https://doi.org/10.25259/ijnm_126_25,OpenAlex:diagnostic-sampling,awaiting_human_title_abstract_screen
f9667cda0dfbc963,possible,active_observational_sensing,2026,Robot-assisted antegrade intersphincteric resection: A case from practice at the Moscow City Oncology Hospital No. 62,10.63769/3033-6392-2026-1-2-73-79,,,,https://doi.org/10.63769/3033-6392-2026-1-2-73-79,OpenAlex:dental-examination,awaiting_human_title_abstract_screen
1fba7650ef674de3,possible,active_observational_sensing,2026,"Robot-assisted biopsy a bibliometric analysis of global trends, hotspots, and emerging frontiers (2000–2025)",10.1007/s11701-026-03889-2,,,,https://doi.org/10.1007/s11701-026-03889-2,Europe PMC:focused-robotic-bronchoscopy;OpenAlex:focused-robotic-bronchoscopy;OpenAlex:robotic-ultrasound;PubMed:focused-robotic-bronchoscopy,awaiting_human_title_abstract_screen
3042d330091acf88,possible,response_based_interactive_diagnosis,2026,Robot-assisted gait training in people with subacute and chronic stroke: a randomized controlled trial,10.3389/fneur.2026.1898475,,,,https://doi.org/10.3389/fneur.2026.1898475,OpenAlex:robotic-functional-examination,awaiting_human_title_abstract_screen
21bfa0b675fed59c,possible,response_based_interactive_diagnosis,2026,Robot-assisted integrated cognitive-motor rehabilitation in patients with chronic stroke: a randomized controlled trial,10.3389/fneur.2026.1866135,,,,https://doi.org/10.3389/fneur.2026.1866135,OpenAlex:robotic-functional-examination,awaiting_human_title_abstract_screen
98bb3a84c643a45a,possible,active_observational_sensing,2026,"Robot-assisted ophthalmic surgery: research trends, collaboration networks, and emerging clinical frontiers.",10.1007/s11701-026-03745-3,42579039,,,https://pubmed.ncbi.nlm.nih.gov/42579039/,Europe PMC:ophthalmic-examination;OpenAlex:ophthalmic-examination;PubMed:ophthalmic-examination,awaiting_human_title_abstract_screen
7fc677dcbd4b8993,possible,active_observational_sensing,2026,Robotic breast ultrasound with knowledge-guided path planning and vision feedback.,10.1007/s40477-026-01214-z,42618728,,,https://doi.org/10.1007/s40477-026-01214-z,Europe PMC:robotic-ultrasound;OpenAlex:robotic-ultrasound;PubMed:robotic-ultrasound,awaiting_human_title_abstract_screen
7aaedce6fe6bf58e,possible,sample_based_interactive_diagnosis,2026,Robotic-Assisted Bronchoscopy and Pulmonary Nodules Due to Atypical Infections in Coccidioidomycosis Endemic Area.,10.1016/j.chpulm.2026.100263,42724539,PMC13559998,,https://pubmed.ncbi.nlm.nih.gov/42724539/,PubMed:focused-robotic-bronchoscopy,awaiting_human_title_abstract_screen
f764a261e2b2d08f,possible,cross_cutting_agents,2026,Robotic-assisted Kasai portoenterostomy in biliary atresia: A case report and technical considerations,10.12956/tjpd.2026.1348,,,,https://doi.org/10.12956/tjpd.2026.1348,OpenAlex:multimodal-physical-examination,awaiting_human_title_abstract_screen
32509dd3cac4d3f9,possible,sample_based_interactive_diagnosis,2026,Robotic-assisted bronchoscopy for lung cancer: bibliometric and visualized analysis.,10.1007/s11701-026-03882-9,42667308,,,https://pubmed.ncbi.nlm.nih.gov/42667308/,Europe PMC:focused-robotic-bronchoscopy;OpenAlex:focused-robotic-bronchoscopy;PubMed:focused-robotic-bronchoscopy,awaiting_human_title_abstract_screen
1a30a75b31e8c24d,possible,active_observational_sensing,2026,Robotic-assisted endoscopic submucosal dissection: a scoping review of preclinical and early clinical evidence.,10.1007/s00464-026-12980-6,42390802,PMC13457265,,https://pubmed.ncbi.nlm.nih.gov/42390802/,PubMed:embodied-endoscopy,awaiting_human_title_abstract_screen
864b19fd5745ac31,possible,sample_based_interactive_diagnosis,2026,Robotic-assisted transbronchial biopsy versus computed tomography-guided transthoracic needle biopsy for peripheral pulmonary lesions: a systematic review and meta-analysis of direct comparative studies.,10.1007/s11701-026-03867-8,42696224,PMC13545051,,https://pubmed.ncbi.nlm.nih.gov/42696224/,Europe PMC:focused-robotic-bronchoscopy;OpenAlex:focused-robotic-bronchoscopy;PubMed:focused-robotic-bronchoscopy,awaiting_human_title_abstract_screen
0998f99c7bf363c0,possible,sample_based_interactive_diagnosis,2026,Role of Lung Marking in the Age of Sublobar Resection,10.1002/resp.70301,,,,https://doi.org/10.1002/resp.70301,OpenAlex:focused-robotic-bronchoscopy,awaiting_human_title_abstract_screen
7d4db9f032f3c8cb,possible,active_observational_sensing,2026,SNR-Weighted Layer-Conditioned Magnetometer Array with Ellipsoid Calibration and Neural Network Initialization for Capsule Endoscopy Localization Under Asymmetric Sensor Visibility,10.3390/s26175536,,,,https://doi.org/10.3390/s26175536,OpenAlex:capsule-and-luminal-robots,awaiting_human_title_abstract_screen
9f72370be88df2fb,possible,cross_cutting_agents,2026,Self-Powered Triboelectric Biofluid Sensors for Early Disease Screening and Diagnosis: A Review.,10.3390/nano16171117,42726592,PMC13567562,,https://pubmed.ncbi.nlm.nih.gov/42726592/,Europe PMC:active-diagnostic-agents;OpenAlex:active-diagnostic-agents;PubMed:active-diagnostic-agents,awaiting_human_title_abstract_screen
7811f36d346646ca,possible,active_observational_sensing,2026,Self-supervised monocular depth estimation for colonoscopy using normal-guided cross-attention,10.1007/s11548-026-03720-1,,,,https://doi.org/10.1007/s11548-026-03720-1,OpenAlex:embodied-endoscopy,awaiting_human_title_abstract_screen
984862f9a4726e44,possible,laboratory_diagnostics,2026,Sensitive detection of unopposed estrogen using estrogen receptor functionalized nanoprobes for cancer diagnosis,10.1186/s11671-026-04831-z,,,,https://doi.org/10.1186/s11671-026-04831-z,OpenAlex:focused-feedback-microfluidics,awaiting_human_title_abstract_screen
e24792e90ab3bcf2,possible,response_based_interactive_diagnosis,2026,Sensorimotor Closed-Loop Control in Post-Stroke Wrist-Hand Rehabilitation Robots: A Structured Narrative Review,10.70267/shbe.2026320328,,,,https://doi.org/10.70267/shbe.2026320328,OpenAlex:robotic-functional-examination,awaiting_human_title_abstract_screen
1113fceffec62ccb,possible,response_based_interactive_diagnosis,2026,"Sensorimotor network functional connectivity, proprioception, and visuomotor function in youth with hemiparetic cerebral palsy",10.52294/001c.167817,,,,https://doi.org/10.52294/001c.167817,OpenAlex:focused-robotic-assessment-devices,awaiting_human_title_abstract_screen
81ce6cb7cfe866e8,possible,everyday_monitoring,2026,Shifting from Injection to Interaction: Rethinking Web Security in the Age of LLMs and Beyond,10.48550/arxiv.2609.03999,,,,https://doi.org/10.48550/arxiv.2609.03999,OpenAlex:ambient-adaptive-monitoring,awaiting_human_title_abstract_screen
9ad705d74820acfe,possible,sample_based_interactive_diagnosis,2026,"Single Anesthetic Approach to Diagnosis, Staging and Treatment of Lung Cancer",10.3390/cancers18182928,,,,https://doi.org/10.3390/cancers18182928,OpenAlex:focused-robotic-bronchoscopy,awaiting_human_title_abstract_screen
c8d09e6a52008a22,possible,active_observational_sensing,2026,Single-fiber co-registered Raman-OCT technique with deep learning enhances in vivo oral tissue assessment,10.1117/1.bios.3.3.035004,,,,https://doi.org/10.1117/1.bios.3.3.035004,OpenAlex:capsule-and-luminal-robots;OpenAlex:dental-examination,awaiting_human_title_abstract_screen
b8fdfac48ed9de96,possible,active_observational_sensing,2026,Small Bowel Cancer: Implications of Preoperative Work‐Up on Surgical Strategy,10.1002/wjs.70547,,,,https://doi.org/10.1002/wjs.70547,OpenAlex:capsule-and-luminal-robots,awaiting_human_title_abstract_screen
296b9aa1a39c3c91,possible,laboratory_diagnostics,2026,Smart Sensing Systems For Agricultural Plant Health Monitoring: Current State and Prospects,10.1002/adsr.70196,,,,https://doi.org/10.1002/adsr.70196,OpenAlex:diagnostic-laboratory-loops,awaiting_human_title_abstract_screen
6883bb9b1417684b,possible,laboratory_diagnostics,2026,Smart anticorrosion coatings enabled by halloysite nanotube nanocontainers: From inhibitor encapsulation to autonomous healing,10.1016/j.sajce.2026.100981,,,,https://doi.org/10.1016/j.sajce.2026.100981,OpenAlex:focused-feedback-microfluidics,awaiting_human_title_abstract_screen
bbc341b1c039b446,possible,cross_cutting_agents,2026,Smart nanoparticle sensors and IoT integration for real-time monitoring of environmental quality in mining systems,10.1016/j.ige.2026.09.001,,,,https://doi.org/10.1016/j.ige.2026.09.001,OpenAlex:active-diagnostic-agents,awaiting_human_title_abstract_screen
6bd16c7e96f50de3,possible,active_observational_sensing,2026,"Soft Robotics for Dentistry: A Scoping Review of Current Evidence, Design Trends, and Research Gaps",10.17605/osf.io/d7pge,,,,https://doi.org/10.17605/osf.io/d7pge,OpenAlex:dental-examination,awaiting_human_title_abstract_screen
78717199c65e67b7,possible,response_based_interactive_diagnosis,2026,Spatiotemporal Dynamics of Mild Cognitive Impairment in Parkinson’s Disease: A Pilot TMS-EEG Study,10.1088/1742-6596/3291/1/012026,,,,https://doi.org/10.1088/1742-6596/3291/1/012026,OpenAlex:stimulation-response-mapping,awaiting_human_title_abstract_screen
02f4ea93e2738463,possible,laboratory_diagnostics,2026,Spider aggregate silk displays strong rate-dependent material properties across variable testing speeds,10.6084/m9.figshare.33198870.v2,,,,https://doi.org/10.6084/m9.figshare.33198870.v2,OpenAlex:adaptive-microfluidic-diagnostics,awaiting_human_title_abstract_screen
999e96020a43dea0,possible,response_based_interactive_diagnosis,2026,Spleen-Preserving Repair of Acute Gastric Volvulus With Wandering Spleen: Anterior Gastropexy and Splenopexy in a 20-Year-Old Man,10.7759/cureus.115898,,,,https://doi.org/10.7759/cureus.115898,OpenAlex:robotic-functional-examination,awaiting_human_title_abstract_screen
fbd7fd737e53c969,possible,laboratory_diagnostics,2026,Streamlined stable CHO cell line development using droplet microfluidics with image-based monoclonality assessment,10.1007/s00449-026-03406-7,,,,https://doi.org/10.1007/s00449-026-03406-7,OpenAlex:adaptive-microfluidic-diagnostics,awaiting_human_title_abstract_screen
9992dd956274f681,possible,laboratory_diagnostics,2026,"Surface-sensitive spectroscopic and structural characterization techniques for low-dimensional and three-dimensional materials: Principles, advances, and applications",10.1016/j.nxcen.2026.100104,,,,https://doi.org/10.1016/j.nxcen.2026.100104,OpenAlex:autonomous-assay-development,awaiting_human_title_abstract_screen
38f5353d95fb03c4,possible,active_observational_sensing,2026,SurgLAT: Surgical Latent Attention Tracking for Depth-Aware Robotic Laparoscope Control,10.48550/arxiv.2608.07876,,,,https://doi.org/10.48550/arxiv.2608.07876,OpenAlex:embodied-endoscopy,awaiting_human_title_abstract_screen
d26ddef0adc7bed6,possible,cross_cutting_agents,2026,SynAct: A Reasoning-Acting Large Language Model Agent for Adaptive Synthesis Optimization,10.48550/arxiv.2608.12751,,,,https://doi.org/10.48550/arxiv.2608.12751,OpenAlex:adaptive-clinical-measurement,awaiting_human_title_abstract_screen
61ef5cff7c5526f6,possible,laboratory_diagnostics,2026,TSBench: A physics-grounded benchmark for evaluating LLM understanding of chemical reaction mechanisms,10.48550/arxiv.2609.08503,,,,https://doi.org/10.48550/arxiv.2609.08503,OpenAlex:autonomous-assay-development,awaiting_human_title_abstract_screen
3910a578169f21e3,possible,response_based_interactive_diagnosis,2026,Targeting active forgetting with non-invasive stimulation: toward novel treatments for intrusive memories in PTSD.,10.1080/09540261.2026.2631028,41705490,,,https://pubmed.ncbi.nlm.nih.gov/41705490/,PubMed:stimulation-response-mapping,awaiting_human_title_abstract_screen
485ae7ab7ce2949b,possible,laboratory_diagnostics,2026,Technological Evolution and System Integration of Intelligent Agricultural Spraying Equipment: A Review,10.3390/agronomy16181777,,,,https://doi.org/10.3390/agronomy16181777,OpenAlex:focused-feedback-microfluidics,awaiting_human_title_abstract_screen
99077a72f13b518b,possible,laboratory_diagnostics,2026,"The AI Revolution in Life Sciences: Technologies, Applications, and Future Directions",10.5281/zenodo.22124918,,,,https://doi.org/10.5281/zenodo.22124918,OpenAlex:autonomous-assay-development,awaiting_human_title_abstract_screen
26e8dc924ffc0214,possible,active_observational_sensing,2026,The AI-Augmented Ophthalmologist for chronic ocular diseases: a patient-centered framework for human-AI collaboration,10.3389/fcell.2026.1902233,,,,https://doi.org/10.3389/fcell.2026.1902233,OpenAlex:ophthalmic-examination,awaiting_human_title_abstract_screen
002cf13bc125beee,possible,sample_based_interactive_diagnosis,2026,"The PRECIsE study: a prospective, multicenter study of shape-sensing robotic-assisted bronchoscopy with 2 years of follow-up.",10.1093/annalsats/aaoag049,41773028,PMC13521439,,https://doi.org/10.1093/annalsats/aaoag049,Europe PMC:focused-robotic-bronchoscopy;PubMed:focused-robotic-bronchoscopy,awaiting_human_title_abstract_screen
37f150bd982a9421,possible,active_observational_sensing,2026,The Prospect of Embodied Intelligence in Dentistry.,10.1016/j.identj.2026.111133,42721686,,,https://pubmed.ncbi.nlm.nih.gov/42721686/,Europe PMC:dental-examination;OpenAlex:dental-examination;PubMed:dental-examination,awaiting_human_title_abstract_screen
42b2cd68e4cd2afb,possible,everyday_monitoring,2026,The data that biomedical AI still needs,10.3389/fsci.2026.1913108,,,,https://doi.org/10.3389/fsci.2026.1913108,OpenAlex:ambient-adaptive-monitoring,awaiting_human_title_abstract_screen
82748e4e6a537a18,possible,active_observational_sensing,2026,"The evolving role of artificial intelligence in ophthalmology: basic science, translation, and clinical integration.",10.1097/icu.0000000000001225,42224074,,,https://pubmed.ncbi.nlm.nih.gov/42224074/,PubMed:ophthalmic-examination,awaiting_human_title_abstract_screen
0ae56223fee7a5c4,possible,technical_precedents,2026,The neuroimmune network in Alzheimer’s and Parkinson’s diseases: from mechanistic insights to biomarker-guided immunotherapies and clinical translation,10.1007/s10787-026-02363-7,,,,https://doi.org/10.1007/s10787-026-02363-7,OpenAlex:medical-vla,awaiting_human_title_abstract_screen
78887b5fad2b8f9a,possible,cross_cutting_agents,2026,The role of [18F] FDG PET/CT guided biopsy in fever of unknown origin: Diagnostic yield and impact on clinical management,10.1016/j.eanmi.2026.100301,,,,https://doi.org/10.1016/j.eanmi.2026.100301,OpenAlex:multimodal-physical-examination,awaiting_human_title_abstract_screen
570233da3896b7dd,possible,sample_based_interactive_diagnosis,2026,Tool-in-lesion confirmation and diagnostic yield of digital tomosynthesis-integrated robotic bronchoscopic biopsy of lung nodules,10.21037/tlcr-2026-0578,,,,https://doi.org/10.21037/tlcr-2026-0578,OpenAlex:focused-robotic-bronchoscopy;PubMed:focused-robotic-bronchoscopy,awaiting_human_title_abstract_screen
b192172a3d6cf377,possible,active_observational_sensing,2026,Toward Bridging the Gap from Artificial Intelligence in Clinical Research to Clinical Practice in Rheumatology: The Mayo Experience.,10.1016/j.rdc.2026.03.004,42409435,,,https://pubmed.ncbi.nlm.nih.gov/42409435/,PubMed:robotic-ultrasound,awaiting_human_title_abstract_screen
38dfe04cc96076c6,possible,sample_based_interactive_diagnosis,2026,Toward Objective Anal Cancer Screening: From Swab‐Based Genome‐Wide Methylation Marker Discovery to Novel Test Development,10.1002/ijc.70708,,,,https://doi.org/10.1002/ijc.70708,OpenAlex:robotic-swabbing-and-blood-collection,awaiting_human_title_abstract_screen
c4b12484aa2cdab4,possible,active_observational_sensing,2026,Toward Trustworthy Robot-Assisted Sliding Palpation for Shallow Vessel Localisation with a Calibrated Digital Twin,10.48550/arxiv.2608.29396,,,,https://doi.org/10.48550/arxiv.2608.29396,OpenAlex:focused-robotic-blood-and-swab;OpenAlex:ophthalmic-examination;OpenAlex:robotic-swabbing-and-blood-collection,awaiting_human_title_abstract_screen
98dd87fb23ad6c67,possible,active_observational_sensing,2026,Towards Automating Junctional Hemorrhage Control Using AI for Interpretation of Human Tissue,10.3390/ai7080301,,,,https://doi.org/10.3390/ai7080301,OpenAlex:robotic-ultrasound,awaiting_human_title_abstract_screen
203b562b891577c1,possible,active_observational_sensing,2026,Towards a wearable ultrasound bladder monitoring system,10.1121/10.0045707,,,,https://doi.org/10.1121/10.0045707,OpenAlex:robotic-ultrasound,awaiting_human_title_abstract_screen
b141678a10b59097,possible,sample_based_interactive_diagnosis,2026,Towards clinical translation of endobronchial optical ultrasound imaging,10.1038/s41598-026-70884-w,,,,https://doi.org/10.1038/s41598-026-70884-w,OpenAlex:focused-robotic-bronchoscopy,awaiting_human_title_abstract_screen
095075b6c16d8e10,possible,technical_precedents,2026,"Towards general embodied intelligence: integrating large language models, knowledge bases, and reasoning capabilities to build the next generation of AI agents",10.1504/ijhm.2026.154223,,,,https://doi.org/10.1504/ijhm.2026.154223,OpenAlex:medical-vla,awaiting_human_title_abstract_screen
d70763b01ef9cb93,possible,response_based_interactive_diagnosis,2026,Transcranial magnetic stimulation-based brain-computer interface with neurofeedback facilitates motor imagery of different daily life hand actions,10.21203/rs.3.rs-10203407/v1,,,,https://doi.org/10.21203/rs.3.rs-10203407/v1,Europe PMC:stimulation-response-mapping;OpenAlex:stimulation-response-mapping,awaiting_human_title_abstract_screen
9f805ffd2e97a61d,possible,active_observational_sensing,2026,Transferable Deep Reinforcement Learning With Edge-Contour-Depth Fusion for Autonomous Wireless Capsule Endoscopy Navigation.,10.1002/advs.202600008,42284516,PMC13336913,,https://pubmed.ncbi.nlm.nih.gov/42284516/,PubMed:capsule-and-luminal-robots;PubMed:embodied-endoscopy,awaiting_human_title_abstract_screen
d63faea8343f20b9,possible,active_observational_sensing,2026,"Transforming hemodialysis care: a tripartite collaboration model among medical staff, AI agents, and robots.",10.1007/s10157-026-02903-z,42271122,,,https://pubmed.ncbi.nlm.nih.gov/42271122/,PubMed:robotic-ultrasound,awaiting_human_title_abstract_screen
57bc16927b77bc28,possible,cross_cutting_agents,2026,"Twist in the cecum: A case series of mobile cecum, cecal volvulus and cecal bascule",10.1016/j.radcr.2026.03.018,,,,https://doi.org/10.1016/j.radcr.2026.03.018,OpenAlex:multimodal-physical-examination,awaiting_human_title_abstract_screen
e4be6299fd3c9cc9,possible,active_observational_sensing,2026,US-VLA: An Ultrasound Vision-Language-Action Model for Embodied Abdomina,10.48550/arxiv.2608.16074,,,,https://doi.org/10.48550/arxiv.2608.16074,OpenAlex:medical-vla;OpenAlex:robotic-ultrasound,awaiting_human_title_abstract_screen
8c5b8d01e3f19db0,possible,active_observational_sensing,2026,Ultrasound-Vision Fusion Perception for Visual Failure Compensation in Robotics,10.54254/2755-2721/2026.gf35943,,,,https://doi.org/10.54254/2755-2721/2026.gf35943,OpenAlex:robotic-ultrasound,awaiting_human_title_abstract_screen
1d3ecdd85e112b1a,possible,response_based_interactive_diagnosis,2026,Understanding how demographic characteristics impact the level of physical activity children with neuromotor impairments experience while using a robot-assisted walker,10.64898/2026.08.21.26361070,,,,https://doi.org/10.64898/2026.08.21.26361070,OpenAlex:robotic-functional-examination,awaiting_human_title_abstract_screen
c781159a1b8098d5,possible,active_observational_sensing,2026,Unveiling Glial Heterogeneity in the Inner Retina: Non-Visual Photic Spectrum Responses and Calcium Dynamics in Müller Glial Cells vs Neurons,10.20944/preprints202608.0131.v1,,,,https://doi.org/10.20944/preprints202608.0131.v1,Europe PMC:ophthalmic-examination;OpenAlex:ophthalmic-examination,awaiting_human_title_abstract_screen
ce5f3e2d64dfa7eb,possible,sample_based_interactive_diagnosis,2026,Use of the Ion Robot in the Diagnosis of Pulmonary Nodules: Fine Needle Aspiration Versus Cryobiopsy.,10.1002/dc.70136,42057403,PMC13327492,,https://pubmed.ncbi.nlm.nih.gov/42057403/,PubMed:focused-robotic-bronchoscopy,awaiting_human_title_abstract_screen
415fd11ca27e38fe,possible,sample_based_interactive_diagnosis,2026,Utility and performance of robotic-assisted bronchoscopic fine-needle aspiration compared with robotic-assisted bronchoscopic cryo-biopsy for the evaluation of pulmonary lesions.,10.1016/j.jasc.2026.08.001,42680606,,,https://pubmed.ncbi.nlm.nih.gov/42680606/,PubMed:focused-robotic-bronchoscopy,awaiting_human_title_abstract_screen
00db82dd0d8b06cb,possible,everyday_monitoring,2026,Virtual Reality for the Assessment of Visual Capacities: A Systematic Review,10.3390/app16157788,,,,https://doi.org/10.3390/app16157788,OpenAlex:wearable-triggered-testing,awaiting_human_title_abstract_screen
ab94389cfbda04ba,possible,sample_based_interactive_diagnosis,2026,"Virtual bronchoscopic navigation with fused fluoroscopy and vessel mapping for small peripheral pulmonary lesions: diagnostic yield, safety and the added value of mobile cone-beam CT",10.21203/rs.3.rs-10453402/v1,,,,https://doi.org/10.21203/rs.3.rs-10453402/v1,OpenAlex:focused-robotic-bronchoscopy,awaiting_human_title_abstract_screen
0d86b0ba71c96b0b,possible,active_observational_sensing,2026,Vision and Language Models for Classifying Maxillary Sinus Disease on Cone-Beam Computed Tomography: A Transparent Multimodal Benchmark,10.64898/2026.08.11.26360189,,,,https://doi.org/10.64898/2026.08.11.26360189,Europe PMC:dental-examination,awaiting_human_title_abstract_screen
5a9ef8c6b5e7880f,possible,active_observational_sensing,2026,"Visualization-driven digital technologies in oncology: current applications, technological advances, and future directions",10.3389/fonc.2026.1824142,,,,https://doi.org/10.3389/fonc.2026.1824142,OpenAlex:capsule-and-luminal-robots,awaiting_human_title_abstract_screen
0f23bd3ba3f0c694,possible,sample_based_interactive_diagnosis,2026,Vital study: Real-world comparison of robotic and imaging-guided bronchoscopy: Impact of real-time imaging and tool-lesion alignment on diagnostic yield.,10.1016/j.rmed.2026.109123,42641995,,,https://doi.org/10.1016/j.rmed.2026.109123,Europe PMC:focused-robotic-bronchoscopy;OpenAlex:focused-robotic-bronchoscopy;PubMed:focused-robotic-bronchoscopy,awaiting_human_title_abstract_screen
d71718d4c7ecb144,possible,response_based_interactive_diagnosis,2026,"Wandering Spleen: A Narrative Review of Clinical Spectrum, Pathogenesis, Emerging Diagnostics, and Management Approaches",10.7860/jcdr/2026/84868.24411,,,,https://doi.org/10.7860/jcdr/2026/84868.24411,OpenAlex:robotic-functional-examination,awaiting_human_title_abstract_screen
54cb44289f9eeb1e,possible,active_observational_sensing,2026,ZODIAC: Zero-shot Octree-based Diffusion for Anatomical Completion,10.48550/arxiv.2608.24422,,,,https://doi.org/10.48550/arxiv.2608.24422,OpenAlex:robotic-ultrasound,awaiting_human_title_abstract_screen
b591f5b3956cfe2d,possible,laboratory_diagnostics,2026,eLife Assessment: Microscopic PhotoSelection (MiPS) of single cells in mother machine microfluidic devices,10.7554/elife.112391.1.sa4,,,,https://doi.org/10.7554/elife.112391.1.sa4,OpenAlex:adaptive-microfluidic-diagnostics;OpenAlex:focused-feedback-microfluidics,awaiting_human_title_abstract_screen
b196d9cfd58ed87a,possible,laboratory_diagnostics,2026,"Étude de faisabilité et analyse de marché – Innovations pour réacteurs à fusion compacts (ARC, SPARC, ST-E1)",10.5281/zenodo.21968629,,,,https://doi.org/10.5281/zenodo.21968629,OpenAlex:focused-feedback-microfluidics,awaiting_human_title_abstract_screen
6d9d6230a9c95b39,possible,active_observational_sensing,2026,"Современные возможности эндоскопии, перспективы и пути развития",10.56871/mhco.2026.16.62.004,,,,https://doi.org/10.56871/mhco.2026.16.62.004,OpenAlex:autonomous-assay-development;OpenAlex:capsule-and-luminal-robots;OpenAlex:diagnostic-laboratory-loops,awaiting_human_title_abstract_screen
a0821fae8f9d996b,possible,everyday_monitoring,2026,MicroReset Pilot RCT — Adaptive vs Static Notification for Stress Recovery in Indonesian Young Adults,,,,,https://osf.io/82c9s,OpenAlex:wearable-alert-confirmatory-testing,awaiting_human_title_abstract_screen
aa3bad40b9d79071,possible,everyday_monitoring,2026,Viveka: Context-Aware Sensing for Energy Efficiency in Smart Wearables,,,,,https://arxiv.org/abs/2608.05572,OpenAlex:wearable-alert-confirmatory-testing,awaiting_human_title_abstract_screen
e692cba8db2ad874,possible,cross_cutting_agents,2026,Why Does the Future Branch? Identifiable Closure Tests for Stochastic Physical World Models,,,,,https://arxiv.org/abs/2608.00591,OpenAlex:active-diagnostic-agents,awaiting_human_title_abstract_screen
