paper_key,doi,title,year,url,sources,source_identifiers,snapshots,categories,tasks,publication_types,abstract
doi:10.1002/aisy.202500841,10.1002/aisy.202500841,Autonomous Robotic Colonoscopy: A Supervised Learning Approach for Enhanced Navigation and Collision Detection,2026,https://doi.org/10.1002/aisy.202500841,Crossref; OpenAlex,10.1002/aisy.202500841; https://openalex.org/W7128480925,multisource_preferred; openalex_legacy,Active observational sensing; 主动观察式检测,内镜搜索/自主巡检; 机器人胃肠柔性内镜巡检,"[""journal-article""]","Among conventional colonoscopy techniques, improper insertions can lead to a patient discomfort, and in severe cases, intestinal perforation. To minimize such risks, endoscopists usually should put their efforts into exercising considerable skill and caution, which requires both physical dexterity and an in‐depth understanding of colonic anatomy. Thus, it is noted that the steep learning curve associated with conventional colonoscopy remains a persistent and critical issue in clinical practice. To address these open challenges, an autonomous colonoscopy system that integrates the procedural knowledge of experienced doctors enabling to enhance safety and reduce operator dependency is proposed. The proposed system combines a motorized endoscopic platform with an AI‐based navigation module. The motorized platform employing a tendon‐driven mechanism is capable of three degrees of freedom (two rotational and one translational motions) while ensuring mechanical stability throughout the operation. The navigation system, based on supervised learning, is designed to predict target steering points and estimate collision probabilities, contributing to real‐time medical safety. Conclusively, this work presents a fully integrated autonomous colonoscopy system that demonstrates a high level of autonomy, achieving a promising average cecum‐reaching time of 3 min 36 s ± 1 min 47 s, with 90% success rate."
doi:10.1002/rcs.1510,10.1002/rcs.1510,Modeling and dynamic analysis of the worm-like part of an innovative robot applicable in colonoscopy.,2013,https://doi.org/10.1002/rcs.1510,Europe PMC,MED/23832390,multisource_preferred,Active observational sensing,机器人胃肠柔性内镜巡检,"[""Research Support, Non-U.S. Gov't"", ""Journal Article""]","Background The pathological conditions of the human colon may lead to cancer of the colon, which is one of the most common diseases of the gastrointestinal tract. Colonoscopy is the best diagnostic technique that can be used in colon cancer detection. However, many people do not accept this method due to the unpleasant experience, i.e. if it is not performed under sedation. As a result, changing the conventional colonoscopy into a robotic procedure seems beneficial. Methods In this work, a semi-autonomous device capable of propelling itself along the flexible environment has been introduced. This robot is capable of advancing along intestinal turns such as the turn between the transverse and descending colon. Control of the robot's worm-like part has been investigated via dynamic simulations as well as computer programming. Results The simulations resulted in workspace analysis of the robot. A prototype of the robot verified the performance of the computer program. Conclusion The real model revealed the applicability of the method in controlling cable-driven worm-like mechanisms."
doi:10.1002/rcs.1691,10.1002/rcs.1691,"Design, testing and modelling of a novel robotic system for trans‐oesophageal ultrasound",2015,https://doi.org/10.1002/rcs.1691,Crossref,10.1002/rcs.1691,multisource_preferred,Active observational sensing,机器人超声扫描,"[""journal-article""]","Abstract Background Trans‐oesophageal echocardiography (TOE) has been widely utilized for cardiac disease diagnosis and interventional procedure guidance. However, the TOE operator is required to manually manipulate the probe, often for long periods of time and sometimes in an X‐ray environment where there is exposure to ionizing radiation. Methods A novel robotic manipulation system for remote control of commercial TOE probes has been developed and tested. The system has four degrees of freedom (DOFs) and is characterized by a kinematic model. The accuracy of the model and the error propagation were analysed. Results The prototype system was shown to exhibit the required function in terms of the mechanical reliability and range of motion. The forward kinematic model can accurately predict the trajectory of the probe tip movement. The average point‐to‐point errors were 2.60 mm and 3.55°. Conclusions Robotic assistance provided by the proposed system may improve the TOE operating environment. The proposed forward kinematic model can be further employed for automatic control. Copyright © 2015 John Wiley & Sons, Ltd."
doi:10.1002/rcs.2461,10.1002/rcs.2461,Towards fully automated robotic platform for remote auscultation,2022,https://doi.org/10.1002/rcs.2461,Crossref,10.1002/rcs.2461,multisource_preferred,Active observational sensing,机器人听诊,"[""journal-article""]","Abstract Background Since most developed countries are facing an increase in the number of patients per healthcare worker due to a declining birth rate and an ageing population, relatively simple and safe diagnosis tasks may need to be performed using robotics and automation technologies, without specialists and hospitals. This study presents an automated robotic platform for remote auscultation, which is a highly cost‐effective screening tool for detecting abnormal clinical signs. Method The developed robotic platform is composed of a 6‐degree‐of‐freedom cooperative robotic arm, LiDAR camera, and a spring‐based mechanism holding an electric stethoscope. The platform enables autonomous stethoscope positioning based on external body information acquired using the LiDAR camera‐based multi‐way registration; the platform also ensures safe and flexible contact, maintaining the contact force within a certain range through the passive‐actuated mechanism. Results Our preliminary results confirm that the robotic platform enables estimation of the landing positions required for cardiac examinations based on the depth and landmark information of the body surface. It also handles the stethoscope while maintaining the contact force without relying on the push‐in displacement by the robotic arm. Conclusion The developed robotic platform enables the estimation of the landing positions and handling the stethoscope while maintaining the contact force, which promises the potential of automatic remote auscultation."
doi:10.1002/rcs.2526,10.1002/rcs.2526,Phantom‐based assessment of motion and needle targeting accuracy of robotic devices for magnetic resonance imaging‐guided needle biopsy,2023,https://doi.org/10.1002/rcs.2526,Crossref,10.1002/rcs.2526,multisource_preferred,Sample-based interactive diagnosis,机器人经皮/芯针活检,"[""journal-article""]",Abstract Background The current study proposes simple methods for assessing the performance of robotic devices intended for Magnetic Resonance Imaging (MRI)‐guided needle biopsy. Methods In‐house made agar‐based breast phantoms containing biopsy targets served as the main tool in the evaluation process of an MRI compatible positioning device comprising a needle navigator. The motion accuracy of mechanical stages was assessed by calliper measurements. Laboratory evaluation of needle targeting included a repeatability phantom test and a laser‐based method. The accuracy and repeatability of needle targeting was also assessed by MRI. Results The maximum error of linear motion for steps up to 10 mm was 0.1 mm. Needle navigation relative to the phantom and alignment with the various biopsy targets were performed successfully in both the laboratory and MRI settings. The proposed biopsy phantoms offered tissue‐like signal in MRI and good haptic feedback during needle insertion. Conclusions The proposed methods could be valuable in the process of validating the accuracy of MRI‐guided biopsy robotic devices in both laboratory and real environments.
doi:10.1002/rcs.2590,10.1002/rcs.2590,Development and evaluation of robot-assisted ultrasound navigation system for pedicle screw placement: An ex-vivo animal validation.,2023,https://doi.org/10.1002/rcs.2590,Europe PMC; OpenAlex,MED/37876140; https://openalex.org/W4387931854,multisource_preferred; openalex_legacy,Active observational sensing; 主动观察式检测,机器人超声; 机器人超声扫描,"[""Journal Article""]","Purpose Spinal instrumentation with pedicle screw placement (PSP) is an important surgical technique for spinal diseases. Accurate screw trajectory is a prerequisite for PSP. Ultrasound (US) imaging with robot-assisted system forms a non-radiative alternative to provide precise screw trajectory. This study reports on the development and assessment of US navigation for this application. Methods A robot-assisted US reconstruction was proposed and an automatic CT-to-US registration algorithm was investigated, allowing the registration of screw trajectories. Experiments were conducted on ex-vivo lamb spines to evaluate system performance. Results In total, 72 screw trajectories are measured, displaying an average position accuracy of 2.80 ± 1.14 mm and orientation accuracy of 1.38 ± 0.61°. Conclusion The experimental results demonstrate the feasibility of proposed US system. This work, although restricted to laboratory settings, encourages further exploration of the potential of this technology in clinical practice."
doi:10.1002/rcs.70037,10.1002/rcs.70037,Increasing Reachability in Robotic Ultrasound Through Base Placement and Tool Design.,2025,https://doi.org/10.1002/rcs.70037,Europe PMC; OpenAlex,MED/39729575; https://openalex.org/W4405839025,multisource_preferred; openalex_legacy,Active observational sensing; 主动观察式检测,机器人超声; 机器人超声扫描,"[""research-article"", ""Journal Article""]","Background Robotic ultrasound visualises internal organs in real-time for various medical applications without the harm of X-rays. The ultrasound probe is attached to the robot's end effector using custom-developed probe holders. This paper analyzes the impact of different probe holder geometries on the robot's base placement and reachability. Methods We propose a method to improve probe holder geometries and robot base placements to enhance reachability, validated using a 7-DoF serial manipulator (KUKA iiwa 7) for ultrasound scans of multiple subcutaneous body parts. Results Without additional space restrictions, the number of robot base positions with high reachability could be strongly increased with an improved probe holder geometry. Under space constraints, previously unreachable target poses became accessible by adapting the probe holder geometry. Conclusions Our method provides an automated solution for determining improved probe holder geometries, enhancing reachability to target areas, especially when the robot's placing area is limited."
doi:10.1002/rcs.70121,10.1002/rcs.70121,Low‐Complexity Robotic Device for Magnetic Resonance Imaging‐Guided Needle Biopsy,2025,https://doi.org/10.1002/rcs.70121,Crossref,10.1002/rcs.70121,multisource_preferred,Sample-based interactive diagnosis,机器人经皮/芯针活检,"[""journal-article""]","ABSTRACT Background This work presents a low‐complexity robotic device for needle‐to‐target alignment designed to streamline Magnetic Resonance Imaging (MRI)‐guided biopsy procedures while maintaining physician control over insertion. Methods The robotic device was designed with a rigid frame incorporating two linear degrees of freedom for the in‐plane alignment of a needle guide with a predefined target. Trajectory planning and automated motion execution, including image transfer and sequence triggering, were managed through a custom MRI‐integrated software interface. Preliminary evaluation of alignment accuracy was performed in an agar phantom containing 5 and 10 mm tumour mimics. Results In phantom experiments, the system consistently achieved submillimeter alignment accuracy for both the 5‐mm and 10‐mm tumour models across all trials, without any operational failures. Conclusions These preliminary findings demonstrate the feasibility of the proposed robotic device for semiautomated MRI‐guided abdominal biopsy, pending further extensive preclinical testing."
doi:10.1002/rcs.70194,10.1002/rcs.70194,Compliance Control of a Robotic Breast Ultrasound System Based on Variable Admittance Control,2026,https://doi.org/10.1002/rcs.70194,Crossref,10.1002/rcs.70194,multisource_preferred,Active observational sensing,机器人超声扫描,"[""journal-article""]","ABSTRACT Introduction In a robotic breast ultrasound (US) system (RBUS), ensuring patient safety, comfort, and high compliance is critical. Method To improve low system compliance, this study proposes a Variable Admittance Control based on the Critical Damping Ratio (VAC‐CDR). This algorithm enhances force control accuracy and compliance by adaptively adjusting damping and stiffness coefficients. Furthermore, a Breast Surface Adaptive Control Strategy (BrS‐ACS) is introduced. This strategy adjusts the alignment of the probe with the normal of the breast surface. Meanwhile, the influence of admittance parameters on compliance is experimentally analysed, with an error band used for evaluation. Results The simulation and experimental validation demonstrate that the VAC‐CDR algorithm achieves excellent compliance, robustness, and a force control precision of 0.4 N, while the BrS‐ACS ensures accurate and reliable scanning of the US probe. Conclusion This study contributes to the advancement of automated US image scanning."
doi:10.1002/rcs.70197,10.1002/rcs.70197,Adaptive Admittance Control for Robotic Ultrasound Examination Based on a Breast Biomechanical Model.,2026,https://doi.org/10.1002/rcs.70197,Europe PMC; OpenAlex,MED/42379153; https://openalex.org/W7166664677,epmc_arxiv; multisource_preferred; openalex_legacy,Active observational sensing; 主动观察式检测,机器人超声; 机器人超声扫描,"[""Journal Article""]","Background Autonomous Robotic Ultrasound Systems (ARUS) enable standardized breast cancer screening, but accurate breast localization and the nonlinear deformation of soft tissue hinder stable contact-force control. Methods We propose a framework integrating visual perception with compliant control. An adaptive gradient-based edge detector extracts the nipple position, and a Variable Damping Admittance Control based on a Breast Biomechanical Model (VDAC-BBM) is developed, which compensates for tissue deformation via a biomechanical prior and dynamically tunes the damping parameter in real time to suppress force error. Results Phantom and human experiments showed force tracking error ≤ 0.4 N, with disturbance recovery speed improved by 16.5%-21.3% over conventional admittance control across the tested target forces. Conclusion Embedding a biomechanical prior into the control strategy enhances force compliance and stability during robotic scanning of deformable soft tissue, providing a technical basis for clinical translation."
doi:10.1002/rcs.70198,10.1002/rcs.70198,Dual-Modal Safety Framework for Robotic-Assisted Bronchoscopy via Endoscopic Vision and Haptic Feedback.,2026,https://doi.org/10.1002/rcs.70198,Europe PMC,MED/42360891,multisource_preferred,Active observational sensing,机器人支气管镜搜索/导航,"[""Journal Article""]","Background Teleoperated flexible bronchoscopy lacks distal haptic feedback, increasing the risk of unobservable iatrogenic tissue trauma during endoluminal exploration. Methods This study proposes a robot-assisted bronchoscopy system integrated with a dual-modal safety framework. A visual module utilises image moments to provide predictive alerts for collision avoidance. Concurrently, a Transformer-based network estimates distal interaction torques from proximal actuation, enabling real-time haptic perception at the leader console. Results Phantom validations across fragile tissue rupture, sidewall approximation, and luminal exploration tasks demonstrated the framework's efficacy. The visual warnings helped decrease excessive force contacts, while the learning-based estimator delivered reliable distal force perception. Conclusions The proposed dual-modal teleoperated safety architecture resolves the trade-off between operational dexterity and safety in flexible bronchoscopy. By integrating predictive visual warnings and real-time haptic feedback, the system improves the operator's situational awareness, decreasing the risk of iatrogenic trauma during the operation."
doi:10.1007/978-3-030-59716-0_56,10.1007/978-3-030-59716-0_56,Automatic Probe Movement Guidance for Freehand Obstetric Ultrasound.,2020,https://doi.org/10.1007/978-3-030-59716-0_56,Europe PMC,MED/33103163,epmc_arxiv; multisource_preferred,Active observational sensing; 主动观察式检测,机器人超声; 机器人超声扫描,"[""research-article"", ""Journal Article""]","We present the first system that provides real-time probe movement guidance for acquiring standard planes in routine freehand obstetric ultrasound scanning. Such a system can contribute to the world-wide deployment of obstetric ultrasound scanning by lowering the required level of operator expertise. The system employs an artificial neural network that receives the ultrasound video signal and the motion signal of an inertial measurement unit (IMU) that is attached to the probe, and predicts a guidance signal. The network termed US-GuideNet predicts either the movement towards the standard plane position (goal prediction), or the next movement that an expert sonographer would perform (action prediction). While existing models for other ultrasound applications are trained with simulations or phantoms, we train our model with real-world ultrasound video and probe motion data from 464 routine clinical scans by 17 accredited sonographers. Evaluations for 3 standard plane types show that the model provides a useful guidance signal with an accuracy of 88.8 % for goal prediction and 90.9 % for action prediction."
doi:10.1007/978-3-031-76428-8_73,10.1007/978-3-031-76428-8_73,Comparison Between Force and Ultrasound Image-Based Controllers for Autonomous Robotic Ultrasound Acquisition in Different Tissue Types,2024,https://doi.org/10.1007/978-3-031-76428-8_73,Crossref; OpenAlex,10.1007/978-3-031-76428-8_73; https://openalex.org/W4405927504,multisource_preferred; openalex_legacy,Active observational sensing; 主动观察式检测,机器人超声; 机器人超声扫描,conference-paper,
doi:10.1007/978-3-642-33418-4_67,10.1007/978-3-642-33418-4_67,Ultrasound and fluoroscopic images fusion by autonomous ultrasound probe detection.,2012,https://doi.org/10.1007/978-3-642-33418-4_67,Europe PMC; OpenAlex,MED/23286091; https://openalex.org/W171975517,epmc_arxiv; multisource_preferred; openalex_legacy,Active observational sensing; 主动观察式检测,机器人超声; 机器人超声扫描,"[""Journal Article""]","New minimal-invasive interventions such as transcatheter valve procedures exploit multiple imaging modalities to guide tools (fluoroscopy) and visualize soft tissue (transesophageal echocardiography (TEE)). Currently, these complementary modalities are visualized in separate coordinate systems and on separate monitors creating a challenging clinical workflow. This paper proposes a novel framework for fusing TEE and fluoroscopy by detecting the pose of the TEE probe in the fluoroscopic image. Probe pose detection is challenging in fluoroscopy and conventional computer vision techniques are not well suited. Current research requires manual initialization or the addition of fiducials. The main contribution of this paper is autonomous six DoF pose detection by combining discriminative learning techniques with a fast binary template library. The pose estimation problem is reformulated to incrementally detect pose parameters by exploiting natural invariances in the image. The theoretical contribution of this paper is validated on synthetic, phantom and in vivo data. The practical application of this technique is supported by accurate results (< 5 mm in-plane error) and computation time of 0.5s."
doi:10.1007/s00132-025-04753-1,10.1007/s00132-025-04753-1,Palpation sensing for robotic-assisted surgery Palpationssensorik für die robotergestützte Chirurgie,2025,https://doi.org/10.1007/s00132-025-04753-1,Crossref,10.1007/s00132-025-04753-1,multisource_preferred,Response-based interactive diagnosis,机器人触诊/肿块搜索,"[""journal-article""]","Abstract Palpation and haptic feedback are vital for improving surgical precision, safety and decision-making in robotic-assisted surgery (RAS). Current RAS systems largely rely on visual input, lacking tactile feedback and autonomy, which increases training demands and limits scalability. The absence of touch impairs tissue characterization, complicates diagnostics and elevates the risk of unintended damage. Integrating haptics, through force sensors, tactile interfaces and emerging audio-based tools, has shown promise in restoring a sense of touch, particularly when enhanced by artificial intelligence and multimodal feedback systems. These technologies will enable interpretation of real-time data, improved tissue discrimination and reduced application of force, especially valuable in minimally invasive procedures. While progress has been made challenges remain in sensor miniaturization, biocompatibility and system integration; however, achieving semiautonomous and fully autonomous RAS requires intelligent sensing platforms combined with AI-driven analytics, and feedback mechanisms that approach human tactile perception. As tactile simulation technologies evolve, future surgical robots will operate with greater autonomy, improved accuracy and broader global accessibility. The field is moving toward a new paradigm: surgical robots as intelligent, adaptive systems capable of performing or assisting procedures collaboratively or independently, using real-time sensing and control to optimize outcomes and reduce reliance on human expertise."
doi:10.1007/s00138-017-0905-8,10.1007/s00138-017-0905-8,Sparse-then-Dense Alignment based 3D Map Reconstruction Method for Endoscopic Capsule Robots,2017,https://doi.org/10.1007/s00138-017-0905-8,arXiv,http://arxiv.org/abs/1708.09740v1,multisource_preferred,Active observational sensing,磁控/主动胶囊内镜巡检,"[""preprint""]","Since the development of capsule endoscopcy technology, substantial progress were made in converting passive capsule endoscopes to robotic active capsule endoscopes which can be controlled by the doctor. However, robotic capsule endoscopy still has some challenges. In particular, the use of such devices to generate a precise and globally consistent three-dimensional (3D) map of the entire inner organ remains an unsolved problem. Such global 3D maps of inner organs would help doctors to detect the location and size of diseased areas more accurately, precisely, and intuitively, thus permitting more accurate and intuitive diagnoses. The proposed 3D reconstruction system is built in a modular fashion including preprocessing, frame stitching, and shading-based 3D reconstruction modules. We propose an efficient scheme to automatically select the key frames out of the huge quantity of raw endoscopic images. Together with a bundle fusion approach that aligns all the selected key frames jointly in a globally consistent way, a significant improvement of the mosaic and 3D map accuracy was reached. To the best of our knowledge, this framework is the first complete pipeline for an endoscopic capsule robot based 3D map reconstruction containing all of the necessary steps for a reliable and accurate endoscopic 3D map. For the qualitative evaluations, a real pig stomach is employed. Moreover, for the first time in literature, a detailed and comprehensive quantitative analysis of each proposed pipeline modules is performed using a non-rigid esophagus gastro duodenoscopy simulator, four different endoscopic cameras, a magnetically activated soft capsule robot (MASCE), a sub-millimeter precise optical motion tracker and a fine-scale 3D optical scanner."
doi:10.1007/s00404-026-08395-2,10.1007/s00404-026-08395-2,Robotic-integrated intraoperative ultrasound for excision of accessory cavitated uterine malformation (ACUM): an innovative surgical technique,2026,https://doi.org/10.1007/s00404-026-08395-2,Crossref,10.1007/s00404-026-08395-2,multisource_preferred,Active observational sensing,机器人超声扫描,"[""journal-article""]","Abstract Background Accessory cavitated uterine mass (ACUM) is a rare Mullerian anomaly that predominantly affects young women, presenting with refractory dysmenorrhea. Despite 3D ultrasound and MRI being the gold standard for diagnosis, diagnostic delays and accuracy limitations continue to hinder timely management. The deep intra-myometrial location of this anomaly poses significant surgical challenges in achieving complete excision while preserving healthy myometrium. Case Presentation A 22-year-old nulliparous woman presented with incapacitating cyclical pelvic pain and was diagnosed with ACUM. She underwent surgical management using a novel robotic-assisted technique. Technique The procedure utilised robotic-integrated intraoperative ultrasound via a drop-in probe, enabling real-time identification of lesion margins, vascular mapping, and confirmation of complete lesion excision. This approach minimised loss of healthy myometrium and preserved endometrial cavity integrity. Outcome The patient reported complete symptom resolution postoperatively. Integration of real-time intraoperative ultrasound within the robotic platform enhanced surgical precision, reduced surgical trauma, and has the potential to improve reproductive outcomes. Conclusion Robotic-assisted excision of ACUM with intraoperative ultrasound guidance represents an innovative and precise surgical technique. This approach addresses the key challenges of lesion localisation and myometrial preservation, offering a promising strategy for managing this rare condition in women of reproductive age."
doi:10.1007/s00464-018-6405-8,10.1007/s00464-018-6405-8,Artificial palpation in robotic surgery using haptic feedback.,2019,https://doi.org/10.1007/s00464-018-6405-8,Europe PMC,MED/30187198,epmc_arxiv; multisource_preferred,Response-based interactive diagnosis; 响应式交互检测,机器人触诊; 机器人触诊/肿块搜索,"[""research-article"", ""Journal Article"", ""Research Support, N.I.H., Extramural""]","Background The loss of tactile feedback in minimally invasive robotic surgery remains a major challenge to the expanding field. With visual cue compensation alone, tissue characterization via palpation proves to be immensely difficult. This work evaluates a bimodal vibrotactile system as a means of conveying applied forces to simulate haptic feedback in two sets of studies simulating an artificial palpation task using the da Vinci surgical robot. Methods Subjects in the first study were tasked with localizing an embedded vessel in a soft tissue phantom using a single-sensor unit. In the second study, subjects localized tumor-like structures using a three-sensor array. In both sets of studies, subjects completed the task under three trial conditions: no feedback, normal force tactile feedback, and hybrid vibrotactile feedback. Recordings of correct localization, incorrect localization, and time-to-completion were used to evaluate performance outcomes. Results With the addition of vibrotactile and pneumatic feedback, significant improvements in the percentage of correct localization attempts were detected (p = 0.0001 and p = 0.0459, respectively) during the first experiment with phantom vessels. Similarly, significant improvements in correct localization were found with the addition of vibrotactile (p = 2.57E-5) and pneumatic significance (p = 8.54E-5) were observed in the second experiment involving tumor phantoms. Conclusions This work demonstrates not only the superior benefits of a multi-modal feedback over traditional single-modality feedback, but also the effectiveness of vibration in providing haptic feedback to artificial palpation systems."
doi:10.1007/s00464-025-12415-8,10.1007/s00464-025-12415-8,Application of artificial intelligence for detection of Helicobacter pylori infection by magnetically controlled capsule endoscopy.,2026,https://doi.org/10.1007/s00464-025-12415-8,Europe PMC,MED/41295999,multisource_preferred,Active observational sensing,磁控/主动胶囊内镜巡检,"[""Journal Article""]","Background Application of artificial intelligence (AI) in magnetically controlled capsule endoscopy (MCCE) is increasing. The aim of this study was to develop an AI system that can automatically detect Helicobacter pylori (H. pylori) infection in MCCE images and to evaluate the diagnostic performance of the system. Methods This study prospectively enrolled subjects with known H. pylori infection status for MCCE examination between April 2022 and March 2023. The MCCE images were collected and prepared for the data set (80% for training, 10% for validation and 10% for testing). Four convolutional neural network models (i.e., MobileNetV2, DenseNet264, ShuffleNetV2 and ResNet50) were applied in the AI system respectively. We evaluated their diagnostic performance and identify the optimal model by calculating the accuracy, sensitivity, specificity, and average reading time for per image. Results A total of 142 subjects were registered including 71 H. pylori-positive and 71 H. pylori-negative. The numbers of images in the training set, validation set and testing set were 25,985 (114 patients), 2767 (14 patients), and 3027 (14 patients), respectively. The accuracy, sensitivity, specificity, and average reading time for per image of each CNN model were as follows: MobileNetV2 model, 95.7, 98.1, 93.3% and 0.01176 s; DenseNet264 model, 95.3, 98.5, 92.2% and 0.04572 s; ShuffleNetV2 model, 95.7, 98.5, 93.1% and 0.00588 s; ResNet50 model, 95.1, 95.8, 94.5% and 0.01110 s, respectively. Conclusions The AI system based on the ShuffleNetV2 model achieved better performance, highlighting its potential for future application to help clinicians detect H. pylori infection in MCCE examination."
doi:10.1007/s10396-026-01667-z,10.1007/s10396-026-01667-z,Feasibility and preliminary validation of an autonomous robotic ultrasound system for thyroid nodule screening: a pilot prospective study.,2026,https://doi.org/10.1007/s10396-026-01667-z,Europe PMC; OpenAlex,MED/42401697; https://openalex.org/W7167328246,epmc_arxiv; multisource_preferred; openalex_legacy,Active observational sensing; 主动观察式检测,机器人超声; 机器人超声扫描,"[""Journal Article""]","Purpose Thyroid nodules are highly prevalent in the general population, yet large-scale ultrasound screening is limited by its reliance on experienced sonographers. Autonomous robotic ultrasound systems have the potential to enable standardized thyroid screening with reduced operator dependency. Methods In this pilot prospective study, a fully autonomous robotic ultrasound system was evaluated for thyroid nodule screening in a clinical setting. Twenty-one consecutive participants underwent both autonomous robotic ultrasound and standard operator-performed ultrasound examinations in a randomized order. The primary outcome was participant-level thyroid nodule detection rate compared with operator-performed ultrasound. Secondary outcomes included feasibility, thyroid gland coverage, and participant-reported comfort. Results Autonomous robotic ultrasound was successfully completed without human intervention in 20 of 21 participants (95.2%). Thyroid nodules were identified on operator-performed ultrasound in nine participants, of whom eight were correctly detected by the autonomous system, corresponding to a participant-level detection rate of 88.9%. Complete coverage of the left lobe, right lobe, and isthmus was achieved in 100%, 95%, and 80% of participants, respectively. Participant-reported comfort was neutral to positive, with a median Likert score of 3 (interquartile range, 3-4). Conclusion This pilot study demonstrated the feasibility of fully autonomous robotic ultrasound for standardized thyroid nodule screening. The system achieved high completion rates and acceptable screening performance in a controlled clinical setting, supporting further validation in larger and more diverse populations."
doi:10.1007/s10846-022-01615-2,10.1007/s10846-022-01615-2,A Visual Servo Controlled Robotic System for MRI-guided Breast Biopsy,2022,https://doi.org/10.1007/s10846-022-01615-2,Crossref,10.1007/s10846-022-01615-2,multisource_preferred,Sample-based interactive diagnosis,机器人经皮/芯针活检,"[""journal-article""]",
doi:10.1007/s11431-022-2232-5,10.1007/s11431-022-2232-5,Puncture site decision method for venipuncture robot based on near-infrared vision and multiobjective optimization.,2023,https://doi.org/10.1007/s11431-022-2232-5,Europe PMC,MED/36570559,epmc_arxiv; multisource_preferred,Sample-based interactive diagnosis; 采样式交互检测,机器人采血/静脉穿刺; 机器人静脉穿刺/采血,"[""research-article"", ""Journal Article""]","Venipuncture robots have superior perception and stability to humans and are expected to replace manual venipuncture. However, their use is greatly restricted because they cannot make decisions regarding the puncture sites. Thus, this study presents a multi-information fusion method for determining puncture sites for venipuncture robots to improve their autonomy in the case of limited resources. Here, numerous images have been gathered and processed to establish an image dataset of human forearms for training the U-Net with the soft attention mechanism (SAU-Net) for vein segmentation. Then, the veins are segmented from the images, feature information is extracted based on near-infrared vision, and a multiobjective optimization model for puncture site decision is provided by considering the depth, diameter, curvature, and length of the vein to determine the optimal puncture site. Experiments demonstrate that the method achieves a segmentation accuracy of 91.2% and a vein extraction rate of 86.7% while achieving the Pareto solution set (average time: 1.458 s) and optimal results for each vessel. Finally, a near-infrared camera is applied to the venipuncture robot to segment veins and determine puncture sites in real time, with the results transmitted back to the robot for an attitude adjustment. Consequently, this method can enhance the autonomy of venipuncture robots if implemented dramatically."
doi:10.1007/s11432-018-9664-3,10.1007/s11432-018-9664-3,Automatic ultrasound scanning system based on robotic arm,2019,https://doi.org/10.1007/s11432-018-9664-3,Crossref,10.1007/s11432-018-9664-3,multisource_preferred,Active observational sensing,机器人超声扫描,"[""journal-article""]",
doi:10.1007/s11432-024-4288-3,10.1007/s11432-024-4288-3,Toward eFAST autonomous robotic ultrasound imaging: system integrations and experimental studies,2025,https://doi.org/10.1007/s11432-024-4288-3,Crossref; OpenAlex,10.1007/s11432-024-4288-3; https://openalex.org/W4407565851,multisource_preferred; openalex_legacy,Active observational sensing; 主动观察式检测,机器人超声; 机器人超声扫描,article,
doi:10.1007/s11548-017-1561-1,10.1007/s11548-017-1561-1,On the reproducibility of expert-operated and robotic ultrasound acquisitions.,2017,https://doi.org/10.1007/s11548-017-1561-1,Europe PMC,MED/28321804,epmc_arxiv; multisource_preferred,Active observational sensing; 主动观察式检测,机器人超声; 机器人超声扫描,"[""Journal Article""]","Purpose We present the evaluation of the reproducibility of measurements performed using robotic ultrasound imaging in comparison with expert-operated sonography. Robotic imaging for interventional procedures may be a valuable contribution, but requires reproducibility for its acceptance in clinical routine. We study this by comparing repeated measurements based on robotic and expert-operated ultrasound imaging. Methods Robotic ultrasound acquisition is performed in three steps under user guidance: First, the patient is observed using a 3D camera on the robot end effector, and the user selects the region of interest. This allows for automatic planning of the robot trajectory. Next, the robot executes a sweeping motion following the planned trajectory, during which the ultrasound images and tracking data are recorded. As the robot is compliant, deviations from the path are possible, for instance due to patient motion. Finally, the ultrasound slices are compounded to create a volume. Repeated acquisitions can be performed automatically by comparing the previous and current patient surface. Results After repeated image acquisitions, the measurements based on acquisitions performed by the robotic system and expert are compared. Within our case series, the expert measured the anterior-posterior, longitudinal, transversal lengths of both of the left and right thyroid lobes on each of the 4 healthy volunteers 3 times, providing 72 measurements. Subsequently, the same procedure was performed using the robotic system resulting in a cumulative total of 144 clinically relevant measurements. Our results clearly indicated that robotic ultrasound enables more repeatable measurements. Conclusions A robotic ultrasound platform leads to more reproducible data, which is of crucial importance for planning and executing interventions."
doi:10.1007/s11548-017-1566-9,10.1007/s11548-017-1566-9,Force-assisted ultrasound imaging system through dual force sensing and admittance robot control.,2017,https://doi.org/10.1007/s11548-017-1566-9,Europe PMC,MED/28343302,epmc_arxiv; multisource_preferred,Active observational sensing; 主动观察式检测,机器人超声; 机器人超声扫描,"[""Journal Article""]","Purpose Ultrasound imaging has been a gold standard for clinical diagnoses due to its unique advantages compared to other imaging modalities including: low cost, noninvasiveness, and safeness to the human body. However, the ultrasound scanning process requires applying a large force over extended periods of time, often in uncomfortable postures in order to maintain the desired orientation. This physical requirement over sonographers' careers often leads to musculoskeletal pain and strain injuries. Methods To address this problem, we propose a cooperatively controlled robotic ultrasound system to reduce the force sonographers apply. The proposed system consists of two key components: a six-axis robotic arm that holds and actuates the ultrasound probe, and a dual force sensor setup that enables cooperative control and adaptive force assistance. With the admittance force control, the robotic arm complies with the motion of the operator, while assisting with force during the scanning. Results We validated the system through a user study involving expert sonographers and lay people and demonstrated 32-73% reduction in human applied force and 8- 18% improvement in image stability. Conclusion These results indicate that the system has the potential to not only reduce the burden on the sonographer, but also provide more stable ultrasound scanning."
doi:10.1007/s11548-018-1759-x,10.1007/s11548-018-1759-x,Robotic ultrasound-guided facet joint insertion.,2018,https://doi.org/10.1007/s11548-018-1759-x,Europe PMC,MED/29671200,multisource_preferred,Active observational sensing,机器人超声扫描,"[""Journal Article""]","Purpose Facet joint insertion is a common treatment of chronic pain in the back and spine. This procedure is often performed under fluoroscopic guidance, where the staff's repetitive radiation exposure remains an unsolved problem. Robotic ultrasound (rUS) has the potential to reduce or even eliminate the use of radiation by using ultrasound with a robotic-guided needle insertion. This work presents first clinical data of rUS-based needle insertions extending previous work of our group. Methods Our system implements an automatic US acquisition protocol combined with a calibrated needle targeting system. This approach assists the physician by positioning the needle holder on a trajectory selected in a 3D US volume of the spine. Results By the time of submission, nine facets were treated with our approach as first data from an ongoing clinical study. The insertion success rate was shown to be comparable to current clinical practice. Furthermore, US imaging offers additional anatomical context for needle trajectory planning. Conclusion This work shows first clinical data for robotic ultrasound-assisted facet joint insertion as a promising solution that can easily be incorporated into the clinical workflow. Presented results show the clinical value of such a system."
doi:10.1007/s11548-019-02009-w,10.1007/s11548-019-02009-w,Analysis and optimization of the robot setup for robotic-ultrasound-guided radiation therapy.,2019,https://doi.org/10.1007/s11548-019-02009-w,Europe PMC,MED/31172439,multisource_preferred,Active observational sensing,机器人超声扫描,"[""Journal Article""]","Purpose Robotic ultrasound promises continuous, volumetric, and non-ionizing tracking of organ motion during radiation therapy. However, placement of the robot is critical because it is radio-opaque and might severely influence the achievable dose distribution. Methods We propose two heuristic optimization strategies for automatic placement of an ultrasound robot around a patient. Considering a kinematically redundant robot arm, we compare a generic approach based on stochastic search and a more problem-specific segmentwise construction approach. The former allows for multiple elbow configurations while the latter is deterministic. Additionally, we study different objective functions guiding the search. Our evaluation is based on data for ten actual prostate cancer cases and we compare the resulting plan quality for both methods to manually chosen robot configurations previously proposed. Results The mean improvements in the treatment planning objective value with respect to the best manually selected robot position and a single elbow configuration range from 8.2 to 32.8% and 8.5 to 15.5% for segmentwise construction and stochastic search, respectively. Considering three different elbow configurations, the stochastic search results in better objective values in 80% of the cases, with 30% being significantly better. The optimization strategies are robust with respect to beam sampling and transducer orientation and using previous optimization results as starting point for stochastic search typically results in better solutions compared to random starting points. Conclusion We propose a robust and generic optimization scheme, which can be used to optimize the robot placement for robotic ultrasound guidance in radiation therapy. The automatic optimization further mitigates the impact of robotic ultrasound on the treatment plan quality."
doi:10.1007/s11548-019-02104-y,10.1007/s11548-019-02104-y,Development of a robot-assisted ultrasound-guided radiation therapy (USgRT).,2020,https://doi.org/10.1007/s11548-019-02104-y,Europe PMC,MED/31832907,multisource_preferred,Active observational sensing,机器人超声扫描,"[""Journal Article""]","Purpose Radiation treatment is improved by the use of image-guided workflows. This work pursues the approach of using ultrasound (US) as a real-time imaging modality. The primary focus of this study is to develop and test a breathing and motion control for a robotic-guided US transducer. All control functions of the robot and the US image processing were then integrated into one software platform enabling US-guided radiation therapy. Methods The robot (KUKA LBR iiwa 7 R800) and the US image processing workflows were integrated into the Medical Interaction Toolkit (MITK) (Nolden et al. in Int J Comput Assist Radiol Surg 8(4):607-620, 2013). The positions of the US probe were tracked with an optical tracking system. As a main function of robot positioning control, a highly sensitive breathing and motion compensation method was developed using KUKA's robotic application programming interface. The resulting autonomous robot motions were tested by the use of defined breathing patterns with two volunteers. Furthermore, a filter pipeline for 3D US image processing with MITK was developed. Thus, image registration of US images and previously acquired planning image data was enabled. Results The implemented breathing and motion compensation feature was successful with the addition of the remote rotating, translating capability of the US probe. Desired force applied to the US probe, and thus to the patient, is stable and enables a continuous US imaging. The developed filter pipeline for image processing facilitates registration and display of planning data and US image data in one graphical user interface. Conclusion A stable and robust method for motion compensation for robot-assisted US imaging was developed and tested successfully. This is a first step toward the safe use of autonomous robot motions in interaction with patients. Furthermore, main software components were integrated into a single platform and used with the purpose of ultrasound-guided radiation therapy."
doi:10.1007/s11548-020-02130-1,10.1007/s11548-020-02130-1,Robotic fetal ultrasonography platform with a passive scan mechanism.,2020,https://doi.org/10.1007/s11548-020-02130-1,Europe PMC,MED/32107746,epmc_arxiv; multisource_preferred,Active observational sensing; 主动观察式检测,机器人超声; 机器人超声扫描,"[""Journal Article""]","Purpose The shortage of obstetricians and gynecologists has intensified in developed countries. Our long-term goal is to develop a robotic prenatal care platform for automatic ultrasound (US) scanning to improve the workflow efficiency of obstetricians and gynecologists. This paper develops a hardware platform for the positioning of the US probe to obtain diagnostic US images while satisfying safety requirements of the fetus and pregnant woman. Method The proposed system includes a mechanism that maintains the contact force in a certain range and passively adjusts the US probe posture relative to the body surface. The system is designed according to clinical survey data. For proof of concept, we conducted a robotic US scan with an agar phantom and three pregnant women under the operation of a physician. Results Experimental results show the passive US scan motion followed the phantom surface with an acceptable contact force ( Conclusion Our proposed platform acquired US images with satisfactory contact forces in the phantom study. The feasibility of the platform was demonstrated in a clinical study."
doi:10.1007/s11548-021-02385-2,10.1007/s11548-021-02385-2,Automatic ultrasound scanning robotic system with optical waveguide-based force measurement,2021,https://doi.org/10.1007/s11548-021-02385-2,Crossref,10.1007/s11548-021-02385-2,multisource_preferred,Active observational sensing,机器人超声扫描,"[""journal-article""]",
doi:10.1007/s11548-021-02462-6,10.1007/s11548-021-02462-6,Force-guided autonomous robotic ultrasound scanning control method for soft uncertain environment.,2021,https://doi.org/10.1007/s11548-021-02462-6,Europe PMC; OpenAlex,MED/34373973; https://openalex.org/W3191221135,epmc_arxiv; multisource_preferred; openalex_legacy,Active observational sensing; 主动观察式检测,机器人超声; 机器人超声扫描,"[""Journal Article""]","Purpose Autonomous ultrasound imaging by robotic ultrasound scanning systems in complex soft uncertain clinical environments is important and challenging to assist in therapy. To cope with the complex environment faced by the ultrasound probe during the scanning process, we propose an autonomous robotic ultrasound (US) control method based on reinforcement learning (RL) model to build the relationship between the environment and the system. The proposed method requires only contact force as input information to achieve robot control of the posture and contact force of the probe without any a priori information about the target and the environment. Methods First, an RL agent is proposed and trained by a policy gradient theorem-based RL model with the 6-degree-of-freedom (DOF) contact force of the US probe to learn the relationship between contact force and output force directly. Then, a force control strategy based on the admittance controller is proposed for synchronous force, orientation and position control by defining the desired contact force as the action space. Results The proposed method was evaluated via collected US images, contact force and scan trajectories by scanning an unknown soft phantom. The experimental results indicated that the proposed method differs from the free-hand scanned approach in the US images within 3 ± 0.4%. The analysis results of contact forces and trajectories indicated that our method could make stable scanning processes on a soft uncertain skin surface and obtained US images. Conclusion We propose a concise and efficient force-guided US robot scanning control method for soft uncertain environment based on reinforcement learning. Experimental results validated our method's feasibility and validity for complex skin surface scanning, and the volunteer experiments indicated the potential application value in the complex clinical environment of robotic US imaging system especially with limited visual information."
doi:10.1007/s11548-022-02810-0,10.1007/s11548-022-02810-0,A multimodal user interface for touchless control of robotic ultrasound.,2023,https://doi.org/10.1007/s11548-022-02810-0,Europe PMC; OpenAlex,MED/36565368; https://openalex.org/W4312129163,multisource_preferred; openalex_legacy,Active observational sensing; 主动观察式检测,机器人超声; 机器人超声扫描,"[""Journal Article""]","Purpose Past research contained the investigation and development of robotic ultrasound. In this context, interfaces which allow for interaction with the robotic system are of paramount importance. Few researchers have addressed the issue of developing non-tactile interaction approaches, although they could be beneficial for maintaining sterility during medical procedures. Interaction could be supported by multimodality, which has the potential to enable intuitive and natural interaction. To assess the feasibility of multimodal interaction for non-tactile control of a co-located robotic ultrasound system, a novel human-robot interaction concept was developed. Methods The medical use case of needle-based interventions under hybrid computed tomography and ultrasound imaging was analyzed by interviewing four radiologists. From the resulting workflow, interaction tasks were derived which include human-robot interaction. Based on this, characteristics of a multimodal, touchless human-robot interface were elaborated, suitable interaction modalities were identified, and a corresponding interface was developed, which was thereafter evaluated in a user study with eight participants. Results The implemented interface includes voice commands, combined with hand gesture control for discrete control and navigation interaction of the robotic US probe, respectively. The interaction concept was evaluated by the users in the form of a quantitative questionnaire with a average usability. Qualitative analysis of interview results revealed user satisfaction with the implemented interaction methods and potential improvements to the system. Conclusion A multimodal, touchless interaction concept for a robotic US for the use case of needle-based procedures in interventional radiology was developed, incorporating combined voice and hand gesture control. Future steps will include the integration of a solution for the missing haptic feedback and the evaluation of its clinical suitability."
doi:10.1007/s11548-023-02932-z,10.1007/s11548-023-02932-z,Robot-assisted ultrasound reconstruction for spine surgery: from bench-top to pre-clinical study.,2023,https://doi.org/10.1007/s11548-023-02932-z,Europe PMC,MED/37171662,multisource_preferred,Active observational sensing,机器人超声扫描,"[""Journal Article""]","Purpose Robot-assisted ultrasound (rUS) systems have already been used to provide non-radiative three-dimensional (3D) reconstructions that form the basis for guiding spine surgical procedures. Despite promising studies on this technology, there are few studies that offer insight into the robustness and generality of the approach by verifying performance in various testing scenarios. Therefore, this study aims at providing an assessment of a rUS system, with technical details from experiments starting at the bench-top to the pre-clinical study. Methods A semi-automatic control strategy was proposed to ensure continuous and smooth robotic scanning. Next, a U-Net-based segmentation approach was developed to automatically process the anatomic features and derive a high-quality 3D US reconstruction. Experiments were conducted on synthetic phantoms and human cadavers to validate the proposed approach. Results Average deviations of scanning force were found to be 2.84±0.45 N on synthetic phantoms and to be 5.64±1.10 N on human cadavers. The anatomic features could be reliably reconstructed at mean accuracy of 1.28±0.87 mm for the synthetic phantoms and of 1.74±0.89 mm for the human cadavers. Conclusion The results and experiments demonstrate the feasibility of the proposed system in a pre-clinical setting. This work is complementary to previous work, encouraging further exploration of the potential of this technology in in vivo studies."
doi:10.1007/s11548-024-03152-9,10.1007/s11548-024-03152-9,Characterizing the accuracy of robotic bronchoscopy in localization & targeting of small pulmonary lesions.,2024,https://doi.org/10.1007/s11548-024-03152-9,Europe PMC,MED/38890223,epmc_arxiv; multisource_preferred,Active observational sensing; 主动观察式检测,内镜搜索/自主巡检; 机器人支气管镜搜索/导航,"[""Comparative Study"", ""Journal Article""]","Purpose Considering the recent implementation of lung cancer screening guidelines, it is crucial that small pulmonary nodules are accurately diagnosed. There is a significant need for quick, precise, and minimally invasive biopsy methods, especially for patients with small lung lesions in the outer periphery. Robotic bronchoscopy (RB) has recently emerged as a novel solution. The purpose of this study was to evaluate the accuracy of RB compared to the existing standard, electromagnetic navigational bronchoscopy (EM-NB). Methods A prospective, single-blinded, and randomized-controlled study was performed to compare the accuracy of RB to EM-NB in localizing and targeting pulmonary lesions in a porcine lung model. Four operators were tasked with navigating to four pulmonary targets in the outer periphery of a porcine lung, to which they were blinded, using both the RB and EM-NB systems. The dependent variable was accuracy. Accuracy was measured as a rate of success in lesion localization and targeting, the distance from the center of the pulmonary target, and by anatomic location. The independent variable was the navigation system, RB was compared to EM-NB using 1:1 randomization. Results Of 75 attempts, 72 were successful in lesion localization and 60 were successful in lesion targeting. The success rate for lesion localization was 100% with RB and 91% with EM- NB. The success rate for lesion targeting was 93% with RB and 80% for EM-NB. RB demonstrated superior accuracy in reaching the distance from the center of the lesion, at 0.62 mm compared to EM-NB at 1.28 mm (p = 0.001). Accuracy was improved using RB compared to EM- NB for lesions in the LLL (p = 0.025), LUL (p Conclusion Our findings support RB as a more accurate method of navigating and localizing small peripheral pulmonary targets when compared to standard EM-NB in a porcine lung model. This may be attributed to the ability of RB to reduce substantial tissue displacement seen with standard EM-NB navigation. As the development and application of RB advances, so will the ability to accurately diagnose small peripheral lung cancer nodules, providing patients with early-stage lung cancer the best possible outcomes."
doi:10.1007/s11548-024-03178-z,10.1007/s11548-024-03178-z,Autonomous control of an ultrasound probe for intra-operative ultrasonography using vision-based shape sensing of pneumatically attachable flexible rails,2024,https://doi.org/10.1007/s11548-024-03178-z,Crossref; Europe PMC; OpenAlex,10.1007/s11548-024-03178-z; MED/38777945; https://openalex.org/W4398200065,epmc_arxiv; multisource_preferred; openalex_legacy,Active observational sensing; 主动观察式检测,机器人超声; 机器人超声扫描,"[""journal-article""]","Abstract Purpose In robotic-assisted minimally invasive surgery, surgeons often use intra-operative ultrasound to visualise endophytic structures and localise resection margins. This must be performed by a highly skilled surgeon. Automating this subtask may reduce the cognitive load for the surgeon and improve patient outcomes. Methods We demonstrate vision-based shape sensing of the pneumatically attachable flexible (PAF) rail by using colour-dependent image segmentation. The shape-sensing framework is evaluated on known curves ranging from $$r = 30$$ r = 30 to $$r = 110$$ r = 110 mm, replicating curvatures in a human kidney. The shape sensing is then used to inform path planning of a collaborative robot arm paired with an intra-operative ultrasound probe. We execute 15 autonomous ultrasound scans of a tumour-embedded kidney phantom and retrieve viable ultrasound images, as well as seven freehand ultrasound scans for comparison. Results The vision-based sensor is shown to have comparable sensing accuracy with FBGS-based systems. We find the RMSE of the vision-based shape sensing of the PAF rail compared with ground truth to be $$0.4975 \pm 0.4169$$ 0.4975 ± 0.4169 mm. The ultrasound images acquired by the robot and by the human were evaluated by two independent clinicians. The median score across all criteria for both readers was ‘3—good’ for human and ‘4—very good’ for robot. Conclusion We have proposed a framework for autonomous intra-operative US scanning using vision-based shape sensing to inform path planning. Ultrasound images were evaluated by clinicians for sharpness of image, clarity of structures visible, and contrast of solid and fluid areas. Clinicians evaluated that robot-acquired images were superior to human-acquired images in all metrics. Future work will translate the framework to a da Vinci surgical robot."
doi:10.1007/s11548-024-03235-7,10.1007/s11548-024-03235-7,Automatic robotic doppler sonography of leg arteries.,2024,https://doi.org/10.1007/s11548-024-03235-7,Europe PMC; OpenAlex,MED/39052197; https://openalex.org/W4400986291,multisource_preferred; openalex_legacy,Active observational sensing; 主动观察式检测,机器人超声; 机器人超声扫描,"[""research-article"", ""Journal Article""]","Purpose Robot-assisted systems offer an opportunity to support the diagnostic and therapeutic treatment of vascular diseases to reduce radiation exposure and support the limited medical staff in vascular medicine. In the diagnosis and follow-up care of vascular pathologies, Doppler ultrasound has become the preferred diagnostic tool. The study presents a robotic system for automatic Doppler ultrasound examinations of patients' leg vessels. Methods The robotic system consists of a redundant 7 DoF serial manipulator, to which a 3D ultrasound probe is attached. A compliant control was employed, whereby the transducer was guided along the vessel with a defined contact force. Visual servoing was used to correct the position of the probe during the scan so that the vessel can always be properly visualized. To track the vessel's position, methods based on template matching and Doppler sonography were used. Results Our system was able to successfully scan the femoral artery of seven volunteers automatically for a distance of 20 cm. In particular, our approach using Doppler ultrasound data showed high robustness and an accuracy of 10.7 (±3.1) px in determining the vessel's position and thus outperformed our template matching approach, whereby an accuracy of 13.9 (±6.4) px was achieved. Conclusions The developed system enables automated robotic ultrasound examinations of vessels and thus represents an opportunity to reduce radiation exposure and staff workload. The integration of Doppler ultrasound improves the accuracy and robustness of vessel tracking, and could thus contribute to the realization of routine robotic vascular examinations and potential endovascular interventions."
doi:10.1007/s11548-025-03336-x,10.1007/s11548-025-03336-x,Robotic CBCT meets robotic ultrasound.,2025,https://doi.org/10.1007/s11548-025-03336-x,Europe PMC; OpenAlex,MED/40072764; https://openalex.org/W4408351365,multisource_preferred; openalex_legacy,Active observational sensing; 主动观察式检测,机器人超声; 机器人超声扫描,"[""research-article"", ""Journal Article""]","Purpose The multi-modality imaging system offers optimal fused images for safe and precise interventions in modern clinical practices, such as computed tomography-ultrasound (CT-US) guidance for needle insertion. However, the limited dexterity and mobility of current imaging devices hinder their integration into standardized workflows and the advancement toward fully autonomous intervention systems. In this paper, we present a novel clinical setup where robotic cone beam computed tomography (CBCT) and robotic US are pre-calibrated and dynamically co-registered, enabling new clinical applications. This setup allows registration-free rigid registration, facilitating multi-modal guided procedures in the absence of tissue deformation. Methods First, a one-time pre-calibration is performed between the systems. To ensure a safe insertion path by highlighting critical vasculature on the 3D CBCT, SAM2 segments vessels from B-mode images, using the Doppler signal as an autonomously generated prompt. Based on the registration, the Doppler image or segmented vessel masks are then mapped onto the CBCT, creating an optimally fused image with comprehensive detail. To validate the system, we used a specially designed phantom, featuring lesions covered by ribs and multiple vessels with simulated moving flow. Results The mapping error between US and CBCT resulted in an average deviation of 1.72±0.62 mm. A user study demonstrated the effectiveness of CBCT-US fusion for needle insertion guidance, showing significant improvements in time efficiency, accuracy, and success rate. Needle intervention performance improved by approximately 50% compared to the conventional US-guided workflow. Conclusion We present the first robotic dual-modality imaging system designed to guide clinical applications. The results show significant performance improvements compared to traditional manual interventions."
doi:10.1007/s11548-025-03347-8,10.1007/s11548-025-03347-8,Robot-assisted ultrasound probe calibration for image-guided interventions.,2025,https://doi.org/10.1007/s11548-025-03347-8,Europe PMC; OpenAlex,MED/40183862; https://openalex.org/W4409182718,epmc_arxiv; multisource_preferred; openalex_legacy,Active observational sensing; 主动观察式检测,机器人超声; 机器人超声扫描,"[""research-article"", ""Journal Article""]","Background Trackable ultrasound probes facilitate ultrasound-guided procedures, allowing real-time fusion of augmented ultrasound images and live video streams. The integration aids surgeons in accurately locating lesions within organs, and this could only be achieved through a precise registration between the ultrasound probe and the ultrasound image. Currently, calibration and registration processes are often manual, labor-intensive, time-consuming, and suboptimal. Technologists manually manipulate a stylus, moving it through various poses within the ultrasound probe's imaging plane to detect its tip in the ultrasound image. This paper addresses this challenge by proposing a novel automated calibration approach for trackable ultrasound probes. Methods We utilized a robotic manipulator (KUKA LBR iiwa 7) to execute stylus movements, eliminating the cumbersome manual positioning of the probe. We incorporated a 6-degree-of-freedom electromagnetic tracker into the ultrasound probe to enable real-time pose and orientation tracking. Also, we developed a feature detection algorithm to effectively identify in plane stylus tip coordinates from recorded ultrasound feeds, facilitating automatic selection of calibration correspondences. Results The proposed system performed comparably to manual ultrasound feature segmentation, yielding a mean re-projection error of 0.38 mm compared to a manual landmark selection error of 0.34 mm. We also achieved an image plane reconstruction of 0.80 deg with manual segmentation and 0.20 deg with automatic segmentation. Conclusion The proposed system allowed for fully automated calibration while maintaining the same level of accuracy as the state-of-the-art methods. It streamlines the process of using a trackable US probe by simplifying recalibration after sterilization when the electromagnetic tracker is externally attached and is required to be disassembled for cleaning and sterilization, or as a part of out-of-factory calibration of US probe with embedded trackers where probes are in mass production."
doi:10.1007/s11548-025-03445-7,10.1007/s11548-025-03445-7,Transformer-based robotic ultrasound 3D tracking for capsule robot in GI tract.,2025,https://doi.org/10.1007/s11548-025-03445-7,Europe PMC; OpenAlex,MED/40490591; https://openalex.org/W4411142321,multisource_preferred; openalex_legacy,Active observational sensing; 主动观察式检测,机器人超声; 机器人超声扫描,"[""Journal Article""]","Purpose Ultrasound (US) imaging is a promising modality for real-time monitoring of robotic capsule endoscopes navigating through the gastrointestinal (GI) tract. It offers high temporal resolution and safety but is limited by a narrow field of view, low visibility in gas-filled regions and challenges in detecting out-of-plane motions. This work addresses these issues by proposing a novel robotic ultrasound tracking system capable of long-distance 3D tracking and active re-localization when the capsule is lost due to motion or artifacts. Methods We develop a hybrid deep learning-based tracking framework combining convolutional neural networks (CNNs) and a transformer backbone. The CNN component efficiently encodes spatial features, while the transformer captures long-range contextual dependencies in B-mode US images. This model is integrated with a robotic arm that adaptively scans and tracks the capsule. The system's performance is evaluated using ex vivo colon phantoms under varying imaging conditions, with physical perturbations introduced to simulate realistic clinical scenarios. Results The proposed system achieved continuous 3D tracking over distances exceeding 90 cm, with a mean centroid localization error of 1.5 mm and over 90% detection accuracy. We demonstrated 3D tracking in a more complex workspace featuring two curved sections to simulate anatomical challenges. This suggests the strong resilience of the tracking system to motion-induced artifacts and geometric variability. The system maintained real-time tracking at 9-12 FPS and successfully re-localized the capsule within seconds after tracking loss, even under gas artifacts and acoustic shadowing. Conclusion This study presents a hybrid CNN-transformer system for automatic, real-time 3D ultrasound tracking of capsule robots over long distances. The method reliably handles occlusions, view loss and image artifacts, offering millimeter-level tracking accuracy. It significantly reduces clinical workload through autonomous detection and re-localization. Future work includes improving probe-tissue interaction handling and validating performance in live animal and human trials to assess physiological impacts."
doi:10.1007/s11548-025-03563-2,10.1007/s11548-025-03563-2,Personalized scan path planning for robotic ultrasound in head and neck lesions.,2025,https://doi.org/10.1007/s11548-025-03563-2,Europe PMC; OpenAlex,MED/41455055; https://openalex.org/W7117364674,epmc_arxiv; multisource_preferred; openalex_legacy,Active observational sensing; 主动观察式检测,机器人超声; 机器人超声扫描,"[""Journal Article""]","Purpose Scan path planning is an essential technology for fully automated robotic ultrasound (US). During US screening in head and neck lesions, it is necessary to observe the entire neck, including the thyroid, parotid, submandibular glands, and cervical lymph nodes efficiently. This study developed a personalized scan path planning for robotic US in head and neck lesions. Methods We proposed the personalized scan path planning that can estimate the scan position by applying the non-rigid registration between the patient neck image and the similar neck image among the previous patients. To select the most similar neck image in the database, the unique similarity index with the combination of multiple similarity metrics (neck area, position of the centroid, SSIM, Dice coefficient, and contours of the neck area) was developed. Fifty neck images were used to determine the optimal combination experimentally. The non-rigid registration from each of the 50 images to the other 49 images, resulting in a total of 2,450 registration pairs, was conducted, and the correlations between each similarity metric and registration error were analyzed. Results The best-performing similarity index achieved a correlation coefficient of 0.730 between the similarity score and registration error, which shows that the proposed index can select the similar image with a high accuracy of scan path registration. With the proposed scan path planning, the feasibility study is performed on six healthy subjects. The results showed a success rate of 94.4% for obtaining the specific target images required for the neck and head US examinations. Conclusion The proposed scan path planning allows the scan to adapt to individual differences in the neck, which can contribute to the automated robotic US in head and neck lesions."
doi:10.1007/s11548-026-03591-6,10.1007/s11548-026-03591-6,Enhanced distance perception in automated robotic endoscopy through scale-aware monocular depth estimation.,2026,https://doi.org/10.1007/s11548-026-03591-6,Europe PMC; OpenAlex,MED/41979820; https://openalex.org/W7154251238,epmc_arxiv; multisource_preferred; openalex_legacy,Active observational sensing; 主动观察式检测,内镜搜索/自主巡检; 机器人胃肠柔性内镜巡检,"[""research-article"", ""Journal Article""]","Purpose The increasing demand for distance perception in surgical robotic systems is crucial for ensuring safe and effective operations in minimally invasive procedures. Accurate distance awareness allows surgical robots to autonomously navigate complex anatomical structures, particularly in endoscopic environments with limited visual feedback. Existing distance estimation methods often rely on expensive sensors that can pose safety risks and are ineffective under these conditions. To address this challenge, this work develops a monocular image-based framework leveraging geometric modeling and long-term tracking technologies to enable accurate distance measurements from a monocular camera, enhancing current endoscopic practices. Methods The proposed approach introduces an endoscopic image-based pipeline designed to estimate high-quality, scale-aware depth from monocular endoscopic scenes. This pipeline utilizes surgical instruments with cylindrical shafts of known radius as geometric constraints to recover absolute scale. An automatic module is designed for continuous tracking of specific tissue regions and instruments within the scene, allowing for precise distance calculations between various objects. Results Compared to state-of-the-art baselines, the depth model reduces mean absolute error from 8.56 mm to 6.35 mm and improves accuracy from 76.9% to 88.0%, while achieving near-perfect absolute scale estimation. The overall framework attains average distance errors between 4.7 and 6.4 mm across multiple measurement types, demonstrating reliable and efficient performance in complex endoscopic scenarios. Conclusion We present a novel image-based distance perception framework aimed at enhancing surgical robot automation. The framework facilitates efficient measurements of various objects within endoscopic views. Through multiple distance-augmented endoscopic videos, we demonstrate the potential of our work to benefit robotic surgery tasks, including automatic navigation."
doi:10.1007/s11548-026-03763-4,10.1007/s11548-026-03763-4,"Robotic ultrasound scanning platform with autonomous control, multimodal human-machine interface and real-time image analysis.",2026,https://doi.org/10.1007/s11548-026-03763-4,Europe PMC; OpenAlex,MED/42533186; https://openalex.org/W7171798853,epmc_arxiv; multisource_preferred; openalex_legacy,Active observational sensing; 主动观察式检测,机器人超声; 机器人超声扫描,"[""Journal Article""]","Purpose Autonomous robots can streamline repetitive and time-consuming surgical tasks like ultrasound scanning. AI can provide the necessary intelligence, but for clinical acceptance, systems must move predictably, offer intuitive interaction, and maintain low latency on medical-grade hardware. Methods We present an integral robotic platform for autonomous ultrasound scanning. The platform allows to perform scanning on either manual or autonomous mode. The autonomous control combines AI-driven ultrasound target segmentation with geometric motion algorithms designed to focus the probe on the segmented target. We optimized the image processing models for specialized hardware to ensure real-time performance with constrained resources. Users can control the platform via natural language voice commands processed by a Large Language Model (LLM) and visualize the procedure through a synchronized 3D Digital Twin and an augmented reality (AR) environment. Results We tested the platform in hepatic tumor localization in a synthetic phantom. Autonomous tumor localization showed a success rate of 84% with an average execution time of 5.75 s. Conclusions Our system successfully automates ultrasound tasks, allowing the user to control the process through an intuitive, multimodal interface. By pairing optimized AI with specialized hardware, we achieved low-latency, real-time adaptability with minimal hardware resources. In the future we plan to adapt this platform for more complex neurosurgical and urological procedures."
doi:10.1007/s11701-026-03509-z,10.1007/s11701-026-03509-z,"Technical challenges in autonomous robotic ultrasound examinations: perception, planning, and control",2026,https://doi.org/10.1007/s11701-026-03509-z,Crossref; OpenAlex,10.1007/s11701-026-03509-z; https://openalex.org/W7162846370,multisource_preferred; openalex_legacy,Active observational sensing; 主动观察式检测,机器人超声; 机器人超声扫描,article,
doi:10.1007/s13304-025-02492-8,10.1007/s13304-025-02492-8,Bridging the sensory gap: intraoperative lung ultrasound for deep pulmonary nodule localization in totally endoscopic robotic thoracic surgery,2026,https://doi.org/10.1007/s13304-025-02492-8,Crossref,10.1007/s13304-025-02492-8,multisource_preferred,Active observational sensing,机器人超声扫描,"[""journal-article""]","Abstract In robotic-assisted thoracic surgery (RATS), the absence of tactile feedback remains a critical limitation for intra-operative localization of small or deeply located pulmonary nodules. This study aimed to evaluate feasibility and safety of intra-operative lung ultrasound (ILU) as a real-time localization tool in this setting. We prospectively enrolled 26 patients undergoing totally endoscopic RATS for solid or part-solid pulmonary nodules located > 1 cm from the visceral pleura between February 2024 and February 2025. A linear extracorporeal ultrasound probe (Esaote LP 4–13) was used via the assistant port to identify the target lesion. Detection rate, localization time, resection margins, histology at frozen section and intra-operative outcomes were recorded. ILU successfully localized the target nodule in 25 out of 26 patients (96.1%). Median nodule diameter was 12 mm (IQR 9–14 mm), and median localization time was 12 min (IQR 10–15 min). All resected nodules had clear margins, with a median tumor-free distance of 11 mm (IQR 9–13 mm). Lobectomy was completed in 23 cases, while remaining patients underwent wedge resection alone due to indolent histology or intolerance to one-lung ventilation. No conversions to thoracotomy or peri-operative complications were observed. ILU proved to be a safe, accurate, and reproducible method for localizing deep pulmonary nodules in totally endoscopic RATS. By restoring the surgeon’s spatial perception through imaging, ILU effectively compensates for the lack of tactile feedback in robotic surgery. This technique may allow for broader adoption of upfront robotic resections without pre-operative localization or biopsy."
doi:10.1016/b978-0-323-99647-1.00009-5,10.1016/b978-0-323-99647-1.00009-5,Magnetic capsule endoscopy: concept and application of artificial intelligence,2023,https://doi.org/10.1016/b978-0-323-99647-1.00009-5,Crossref,10.1016/b978-0-323-99647-1.00009-5,multisource_preferred,Active observational sensing,磁控/主动胶囊内镜巡检,"[""book-chapter""]",
doi:10.1016/j.annemergmed.2022.10.016,10.1016/j.annemergmed.2022.10.016,Robotic Optical Coherence Tomography Retinal Imaging for Emergency Department Patients: A Pilot Study for Emergency Physicians' Diagnostic Performance.,2023,https://doi.org/10.1016/j.annemergmed.2022.10.016,Europe PMC,MED/36669908,epmc_arxiv; multisource_preferred,Active observational sensing; 主动观察式检测,机器人OCT扫描,"[""Research Support, Non-U.S. Gov't"", ""research-article"", ""Journal Article"", ""Research Support, N.I.H., Extramural""]","Study objective To evaluate the diagnostic performance of emergency physicians' interpretation of robotically acquired retinal optical coherence tomography images for detecting posterior eye abnormalities in patients seen in the emergency department (ED). Methods Adult patients presenting to Duke University Hospital emergency department from November 2020 through October 2021 with acute visual changes, headache, or focal neurologic deficit(s) who received an ophthalmology consultation were enrolled in this pilot study. Emergency physicians provided standard clinical care, including direct ophthalmoscopy, at their discretion. Retinal optical coherence tomography images of these patients were obtained with a robotic, semi-autonomous optical coherence tomography system. We compared the detection of abnormalities in optical coherence tomography images by emergency physicians with a reference standard, a combination of ophthalmology consultation diagnosis and retina specialist optical coherence tomography review. Results Nine emergency physicians reviewed the optical coherence tomography images of 72 eyes from 38 patients. Based on the reference standard, 33 (46%) eyes were normal, 16 (22%) had at least 1 urgent/emergency abnormality, and the remaining 23 (32%) had at least 1 nonurgent abnormality. Emergency physicians' optical coherence tomography interpretation had 69% (95% confidence interval [CI], 49% to 89%) sensitivity for any abnormality, 100% (95% CI, 79% to 100%) sensitivity for urgent/emergency abnormalities, 48% (95% CI, 28% to 68%) sensitivity for nonurgent abnormalities, and 64% (95% CI, 44% to 84%) overall specificity. In contrast, emergency physicians providing standard clinical care did not detect any abnormality with direct ophthalmoscopy. Conclusion Robotic, semi-autonomous optical coherence tomography enabled ocular imaging of emergency department patients with a broad range of posterior eye abnormalities. In addition, emergency provider optical coherence tomography interpretation was more sensitive than direct ophthalmoscopy for any abnormalities, urgent/emergency abnormalities, and nonurgent abnormalities in this pilot study with a small sample of patients and emergency physicians."
doi:10.1016/j.brs.2021.10.545,10.1016/j.brs.2021.10.545,Agile TMS: A multi-locus system for rapid and automatic spatial targeting and mapping,2021,https://doi.org/10.1016/j.brs.2021.10.545,Crossref,10.1016/j.brs.2021.10.545,multisource_preferred,Response-based interactive diagnosis,机器人神经刺激—响应映射,"[""journal-article""]",
doi:10.1016/j.brs.2023.01.593,10.1016/j.brs.2023.01.593,Closed-loop robotic TMS motor mapping using an online-optimized sampling scheme,2023,https://doi.org/10.1016/j.brs.2023.01.593,Crossref; OpenAlex,10.1016/j.brs.2023.01.593; https://openalex.org/W4320898916,multisource_preferred; openalex_legacy,Response-based interactive diagnosis; 响应式交互检测,机器人神经刺激—响应映射; 机器人神经刺激—响应检测,article,
doi:10.1016/j.chest.2020.08.2047,10.1016/j.chest.2020.08.2047,Robotic Bronchoscopy for Peripheral Pulmonary Lesions: A Multicenter Pilot and Feasibility Study (BENEFIT).,2021,https://doi.org/10.1016/j.chest.2020.08.2047,Europe PMC; OpenAlex,MED/32822675; https://openalex.org/W3064573515,multisource_preferred; openalex_legacy,Active observational sensing; 主动观察式检测,内镜搜索/自主巡检; 机器人支气管镜搜索/导航,"[""Research Support, Non-U.S. Gov't"", ""research-article"", ""Multicenter Study"", ""Journal Article""]","Background The diagnosis of peripheral pulmonary lesions (PPL) continues to present clinical challenges. Despite extensive experience with guided bronchoscopy, the diagnostic yield has not improved significantly. Robotic-assisted bronchoscopic platforms have been developed potentially to improve the diagnostic yield for PPL. Presently, limited data exist that evaluate the performance of robotic systems in live human subjects. Research question What is the safety and feasibility of robotic-assisted bronchoscopy in patients with PPLs? Study design and methods This was a prospective, multicenter pilot and feasibility study that used a robotic bronchoscopic system with a mother-daughter configuration in patients with PPL 1 to 5 cm in size. The primary end points were successful lesion localization with the use of radial probe endobronchial ultrasound (R-EBUS) imaging and incidence of procedure related adverse events. Robotic bronchoscopy was performed in patients with the use of direct visualization, electromagnetic navigation, and fluoroscopy. After the use of R-EBUS imaging, transbronchial needle aspiration was performed. Rapid on-site evaluation (ROSE) was used on all cases. Transbronchial needle aspiration alone was sufficient when ROSE was diagnostic; when ROSE was not diagnostic, transbronchial biopsy was performed with the use of the robotic platform, followed by conventional guided bronchoscopic approaches at the discretion of the investigator. Results Fifty-five patients were enrolled at five centers. One patient withdrew consent, which left 54 patients for data analysis. Median lesion size was 23 mm (interquartile range, 15 to 29 mm). R-EBUS images were available in 53 of 54 cases. Lesion localization was successful in 51 of 53 patients (96.2%). Pneumothorax was reported in two of 54 of the cases (3.7%); tube thoracostomy was required in one of the cases (1.9 %). No additional adverse events occurred. Interpretation This is the first, prospective, multicenter study of robotic bronchoscopy in patients with PPLs. Successful lesion localization was achieved in 96.2% of cases, with an adverse event rate comparable with conventional bronchoscopic procedures. Additional large prospective studies are warranted to evaluate procedure characteristics, such as diagnostic yield. Clinical trial registration ClinicalTrials.gov; No.: NCT03727425; URL: www.clinicaltrials.gov."
doi:10.1016/j.chpulm.2025.100229,10.1016/j.chpulm.2025.100229,Investigating Partial Registration for Optimizing Robotic-Assisted Bronchoscopy Evaluations of Peripheral Lung Nodules (I-PROBE).,2026,https://doi.org/10.1016/j.chpulm.2025.100229,Europe PMC,MED/42548431,multisource_preferred,Active observational sensing,机器人支气管镜搜索/导航,"[""Journal Article""]","Background Robotic-assisted bronchoscopy has transformed the diagnostic approach to lung cancer by improving access to peripheral pulmonary lesions (PPLs). Among these platforms, shape-sensing robotic-assisted bronchoscopy (ssRAB) relies on registration techniques to align virtual airway maps with patient anatomy. However, conventional full registration may not be essential for optimal accuracy and potentially add unnecessary time. We evaluated the novel technique of partial registration and assessed its feasibility and efficacy during ssRAB. Research question During ssRAB, how does partial registration impact the technical accuracy in targeting PPLs compared to full registration? Study design and methods A prospective comparative study was conducted on 22 patients undergoing ssRAB for tissue diagnosis of PPLs Results There was significant improvement in TCD with partial registration over full registration. Specifically, for full registration, the mean TCD was 9.23 mm. In contrast, partial registration achieved a mean TCD of 7.00 mm, suggesting enhanced accuracy with the partial registration technique ( P = .0383). In subgroup analysis, this difference was most noticeable in the posterior lung fields (10.73 vs 6.32 mm) and lower lobes (9.15 vs 6.77 mm). Interpretation Our results indicate that partial registration offers a feasible and efficient alternative for targeting small PPLs during ssRAB. These findings suggest that the full registration may not be necessary, because partial registration demonstrates comparable lesion localization accuracy-and possibly superior in certain cases. Further research is warranted to confirm these technical advantages and to confirm whether they translate into improved diagnostic outcomes."
doi:10.1016/j.compbiomed.2025.110191,10.1016/j.compbiomed.2025.110191,Point cloud-guided ultrasound robotic scanning path planning for the kidney based on anatomical positioning,2025,https://doi.org/10.1016/j.compbiomed.2025.110191,Crossref,10.1016/j.compbiomed.2025.110191,multisource_preferred,Active observational sensing,机器人超声扫描,"[""journal-article""]",
doi:10.1016/j.eswa.2025.128841,10.1016/j.eswa.2025.128841,Safe navigation for robotic digestive endoscopy via human intervention-based reinforcement learning,2025,https://doi.org/10.1016/j.eswa.2025.128841,Crossref,10.1016/j.eswa.2025.128841,multisource_preferred,Active observational sensing,机器人胃肠柔性内镜巡检,"[""journal-article""]",
doi:10.1016/j.gie.2015.03.1451,10.1016/j.gie.2015.03.1451,Su1554 Colonoscopy With Robotic Steering and Automated Lumen Centralization Compared With Conventional Colonoscopy: Results of a Randomized In Vitro Pilot Study,2015,https://doi.org/10.1016/j.gie.2015.03.1451,Crossref,10.1016/j.gie.2015.03.1451,multisource_preferred,Active observational sensing,机器人胃肠柔性内镜巡检,"[""journal-article""]",
doi:10.1016/j.gie.2020.05.027,10.1016/j.gie.2020.05.027,Use of artificial intelligence for detection of gastric lesions by magnetically controlled capsule endoscopy.,2021,https://doi.org/10.1016/j.gie.2020.05.027,Europe PMC,MED/32470426,multisource_preferred,Active observational sensing,磁控/主动胶囊内镜巡检,"[""Journal Article""]","Background and aims Magnetically controlled capsule endoscopy (MCE) has become an efficient diagnostic modality for gastric diseases. We developed a novel automatic gastric lesion detection system to assist in diagnosis and reduce inter-physician variations. This study aimed to evaluate the diagnostic capability of the computer-aided detection system for MCE images. Methods We developed a novel automatic gastric lesion detection system based on a convolutional neural network (CNN) and faster region-based convolutional neural network (RCNN). A total of 1,023,955 MCE images from 797 patients were used to train and test the system. These images were divided into 7 categories (erosion, polyp, ulcer, submucosal tumor, xanthoma, normal mucosa, and invalid images). The primary endpoint was the sensitivity of the system. Results The system detected gastric focal lesions with 96.2% sensitivity (95% confidence interval [CI], 95.7%-96.5%), 76.2% specificity (95% CI, 75.97%-76.3%), 16.0% positive predictive value (95% CI, 15.7%-16.3%), 99.7% negative predictive value (95% CI, 99.74%-99.79%), and 77.1% accuracy (95% CI, 76.9%-77.3%) (sensitivity was 99.3% for erosions; 96.5% for polyps; 89.3% for ulcers; 87.2% for submucosal tumors; 90.6% for xanthomas; 67.8% for normal; and 96.1% for invalid images). Analysis of the receiver operating characteristic curve showed that the area under the curve for all positive images was 0.84. Image processing time was 44 milliseconds per image for the system and 0.38 ± 0.29 seconds per image for clinicians (P Conclusions The CNN faster-RCNN-based diagnostic program system showed good performance in diagnosing gastric focal lesions in MCE images."
doi:10.1016/j.jneumeth.2018.08.007,10.1016/j.jneumeth.2018.08.007,Robotic TMS mapping of motor cortex in the developing brain.,2018,https://doi.org/10.1016/j.jneumeth.2018.08.007,Europe PMC,MED/30121208,epmc_arxiv; multisource_preferred,Response-based interactive diagnosis; 响应式交互检测,机器人神经刺激—响应映射; 机器人神经刺激—响应检测,"[""Research Support, Non-U.S. Gov't"", ""Journal Article""]","Background The human motor cortex can be mapped safely and painlessly with transcranial magnetic stimulation (TMS) to explore neurophysiology in health and disease. Human error likely contributes to heterogeneity of such TMS measures. Here, we aimed to use recently pioneered robotic TMS technology to develop an efficient, reproducible protocol to characterize cortical motor maps in a pediatric population. New method Magnetic resonance imaging was performed on 12 typically developing children and brain reconstructions were paired with the robotic TMS system. The system automatically aligned the TMS coil to target sites in 3 dimensions with near-perfect coil orientation and real-time head motion correction. Motor maps of 4 forelimb muscles were derived bilaterally by delivering single-pulse TMS at predefined, uniformly spaced trajectories across a 10 × 10 grid (7 mm spacing) customized to the participant's MRI. Results Procedures were well tolerated with no adverse events. Two male, eight-year-old participants had high resting motor thresholds that precluded mapping. The mean hotspot coordinate and centre of gravity coordinate were determined in each hemisphere for four forelimb muscles bilaterally. Average mapping time was 14.25 min per hemisphere. Comparison with existing methods Traditional manual TMS methods of motor mapping are time intensive, technically challenging, prone to human error, and arduous for use in pediatrics. This novel TMS robot approach facilitates improved efficiency, tolerability, and precision in derived, high-fidelity motor maps. Conclusions Robotic TMS opens new avenues to explore motor map neurophysiology and its influence on developmental plasticity and therapeutic neuromodulation. Our findings provide evidence that TMS robotic motor mapping is feasible in young participants."
doi:10.1016/j.jneumeth.2022.109689,10.1016/j.jneumeth.2022.109689,3D-mapping of TMS effects with automatic robotic placement improved reliability and the risk of spurious correlation,2022,https://doi.org/10.1016/j.jneumeth.2022.109689,Crossref,10.1016/j.jneumeth.2022.109689,multisource_preferred,Response-based interactive diagnosis,机器人神经刺激—响应映射,"[""journal-article""]",
doi:10.1016/j.knee.2012.10.010,10.1016/j.knee.2012.10.010,Robotic knee laxity testing: reliability and normative data.,2013,https://doi.org/10.1016/j.knee.2012.10.010,Europe PMC,MED/23178112,epmc_arxiv; multisource_preferred,Response-based interactive diagnosis; 响应式交互检测,机器人关节/激发检查; 机器人关节松弛度/激发检查,"[""Research Support, Non-U.S. Gov't"", ""Evaluation Study"", ""Journal Article""]","Purpose To evaluate the reliability of the GeNouRoB knee arthrometer and present normative values of knee anterior laxity using this device on young females. Methods Anterior laxity in both knees was tested in two groups of young, uninjured females using the hamstrings electromyography biofeedback feature of the device. There were 13 participants in the group tested for reliability and 23 for the normative study. Laxity (mm of movement of the proximal tibia in the anterior direction relative to the femur) was calculated at test forces of 134 N and 250 N with values presented for the unstandardised and standardised (relative to stabilisation force) conditions. Results The relative reliability (95% limits of agreement) of the device for laxity at a test force of 134 N was 2 to 3mm. Left knee anterior laxity was almost 1mm greater than the right. Conclusions The relative reliability of the GeNouRoB arthrometer is comparable to the KT device. In agreement with previous work on the nonrobotic KT arthrometer, the knee anterior laxity values found with the GeNouRoB are greater in the left as compared to the right knee."
doi:10.1016/j.robot.2023.104444,10.1016/j.robot.2023.104444,A lumen-adapted navigation scheme with spatial awareness from monocular vision for autonomous robotic endoscopy,2023,https://doi.org/10.1016/j.robot.2023.104444,Crossref; OpenAlex,10.1016/j.robot.2023.104444; https://openalex.org/W4367040751,multisource_preferred; openalex_legacy,Active observational sensing; 主动观察式检测,内镜搜索/自主巡检; 机器人胃肠柔性内镜巡检,article,
doi:10.1016/j.ultrasmedbio.2009.08.014,10.1016/j.ultrasmedbio.2009.08.014,Three-dimensional ultrasound guidance of autonomous robotic breast biopsy: feasibility study.,2010,https://doi.org/10.1016/j.ultrasmedbio.2009.08.014,Europe PMC; OpenAlex,MED/19900753; https://openalex.org/W2102031973,epmc_arxiv; multisource_preferred; openalex_legacy,Sample-based interactive diagnosis; 采样式交互检测,机器人穿刺/芯针活检; 机器人经皮/芯针活检,"[""research-article"", ""Journal Article"", ""Research Support, N.I.H., Extramural""]","Feasibility studies of autonomous robot biopsies in tissue have been conducted using real-time three-dimensional (3-D) ultrasound combined with simple thresholding algorithms. The robot first autonomously processed 3-D image volumes received from the ultrasound scanner to locate a metal rod target embedded in turkey breast tissue simulating a calcification, and in a separate experiment, the center of a water-filled void in the breast tissue simulating a cyst. In both experiments the robot then directed a needle to the desired target, with no user input required. Separate needle-touch experiments performed by the image-guided robot in a water tank yielded an rms error of 1.15 mm. (E-mail: kaicheng.liang@duke.edu)."
doi:10.1016/j.ultrasmedbio.2019.10.015,10.1016/j.ultrasmedbio.2019.10.015,Deep Learning-Based Femoral Cartilage Automatic Segmentation in Ultrasound Imaging for Guidance in Robotic Knee Arthroscopy,2020,https://doi.org/10.1016/j.ultrasmedbio.2019.10.015,Crossref,10.1016/j.ultrasmedbio.2019.10.015,multisource_preferred,Active observational sensing,机器人超声扫描,"[""journal-article""]",
doi:10.1016/j.xjtc.2024.05.011,10.1016/j.xjtc.2024.05.011,Assessing the accuracy of a multisection robotic bronchoscope prototype in localization and targeting of small pulmonary lesions.,2024,https://doi.org/10.1016/j.xjtc.2024.05.011,Europe PMC; OpenAlex,MED/39156546; https://openalex.org/W4398785585,epmc_arxiv; multisource_preferred; openalex_legacy,Active observational sensing; 主动观察式检测,内镜搜索/自主巡检; 机器人支气管镜搜索/导航,"[""research-article"", ""Journal Article""]","Objectives Robotic bronchoscopy (RB) has emerged as a novel technique to address issues with the biopsy of small peripheral lung lesions. The objective of this study was to quantitatively assess the accuracy of a novel multisection robotic bronchoscope compared with current standards of care. Methods This is a prospective, single-blind, comparative study where the accuracy of a multisection RB was compared against the accuracy of standard electromagnetic navigational bronchoscopy (EM-NB) during lesion localization and targeting. Five blinded subjects of varying bronchoscopy experience were recruited to use both RB and EM-NB in a swine lung model. Accuracy of localization and targeting success was measured as the distance from the center of pulmonary targets at each anatomic location. Subjects used both RB and EM-NB to navigate to 4 pulmonary targets assigned using 1:1 block randomization. Differences in accuracy and time between navigation systems were assessed using Wilcoxon rank-sum test. Results Of the 40 total attempts per modality, successful targeting was achieved on 90% and 85% of attempts utilizing RB and EM-NB, respectively. Furthermore, RB demonstrated significantly lower median distance to the real-time EM target (1.1 mm; interquartile range [IQR], 0.6-2.0 mm) compared with EM-NB (2.6 mm; IQR, 1.6-3.8) ( P P Conclusions The results of this study demonstrate that the multi-section RB prototype allows for improved localization and targeting of small peripheral lung nodules compared with current nonrobot bronchoscopy modalities."
doi:10.1016/s0016-5085(24)03224-4,10.1016/s0016-5085(24)03224-4,Mo2032 COMPARISON OF GASTRIC SURFACE VISIBILITY IN MAGNETIC CAPSULE ENDOSCOPY USING ROBOTICALLY CONTROLLED AUTOMATION AND ARTEFICIAL INTELLIGENCE VS EXPERT MANUAL CONTROL,2024,https://doi.org/10.1016/s0016-5085(24)03224-4,Crossref,10.1016/s0016-5085(24)03224-4,multisource_preferred,Active observational sensing,磁控/主动胶囊内镜巡检,"[""journal-article""]",
doi:10.1016/s0016-5107(26)00889-8,10.1016/s0016-5107(26)00889-8,Su1368 AUTONOMOUS ROBOTIC COLONOSCOPE INSERTION VIA DEEP LEARNING LUMEN DETECTION AND BEHAVIOR MIMICRY,2026,https://doi.org/10.1016/s0016-5107(26)00889-8,Crossref,10.1016/s0016-5107(26)00889-8,multisource_preferred,Active observational sensing,机器人胃肠柔性内镜巡检,"[""journal-article""]",
doi:10.1016/s2468-1253(21)00274-0,10.1016/s2468-1253(21)00274-0,"Fully automated magnetically controlled capsule endoscopy for examination of the stomach and small bowel: a prospective, feasibility, two-centre study.",2021,https://doi.org/10.1016/s2468-1253(21)00274-0,Europe PMC,MED/34555347,multisource_preferred,Active observational sensing,磁控/主动胶囊内镜巡检,"[""Video-Audio Media"", ""Comparative Study"", ""Clinical Trial"", ""Research Support, Non-U.S. Gov't"", ""Multicenter Study"", ""Journal Article""]","Background The use of magnetically controlled capsules for gastroscopy is in the early stages of clinical adoption. We aimed to evaluate the safety and efficacy of a fully automated magnetically controlled capsule endoscopy (FAMCE) system in clinical practice for gastroscopy and small bowel examination. Methods We did a prospective, comparative study to evaluate the safety and efficacy of FAMCE. Patients from two hospitals in Chongqing, China were consecutively enrolled. Eligible participants were aged 18-80 years with suspected gastric pathology and no previous surgery. Participants underwent FAMCE for screening of gastric lesions, then conventional transoral gastroscopy 2 h later, and stomach examination results were compared. The primary outcome was the rate of complete detection of gastric anatomy landmarks (cardia, fundus, body, angulus, antrum, and pylorus) by FAMCE. Secondary outcomes were the time required for gastric completion by FAMCE, the rate of detection of gastric lesions by FAMCE compared with conventional transoral gastroscopy, and the rate of complete small bowel examination. Adverse events were also evaluated. The study was registered in the Chinese Clinical Trial Registry, ChiCTR2000040507. Findings Between May 12 and Aug 17, 2020, 114 patients (mean age 44·0 years [IQR 34·0-55·0]; 63 [55%] female) were enrolled. The rate of complete detection of gastric anatomical structures by FAMCE was 100% (95% CI 99·3-100·0). The concordance between FAMCE and conventional transoral gastroscopy was 99·61% (99·45-99·78). The mean completion time of a gastroscopy with FAMCE was 19·17 min (SD 1·43; median 19·00, IQR 19·00-20·00), compared with 5·21 min (2·00; 5·18, 3·68-6·45) for conventional transoral gastroscopy. In 114 enrolled patients, 214 lesions were detected by FAMCE and conventional transoral gastroscopy. Of those, 193 were detected by both modalities. FAMCE missed five pathologies (four cases of gastritis and one polyp), whereas conventional transoral gastroscopy missed 16 pathologies (12 cases of gastritis, one polyp, one fundal xanthoma, and two antral erosions). FAMCE was able to provide a complete small bowel examination for all 114 patients and detected intestinal lesions in 50 (44%) patients. During the study, two (2%) patients experienced adverse events. No serious adverse events were recorded, and there was no evidence of capsule retention. Interpretation The performance of FAMCE is similar to conventional transoral gastroscopy in completion of gastric examination and lesion detection. Furthermore, it can provide a complete small bowel examination. Therefore, FAMCE could be effective method for examination of the gastrointestinal tract. Funding Chinese National Key Research and Development Program."
doi:10.1017/s0263574724000407,10.1017/s0263574724000407,A trocar puncture robot for assisting venipuncture blood collection,2024,https://doi.org/10.1017/s0263574724000407,Crossref,10.1017/s0263574724000407,multisource_preferred,Sample-based interactive diagnosis,机器人静脉穿刺/采血,"[""journal-article""]","Abstract The venous blood test is a prevalent auxiliary medical diagnostic method. Venous blood collection equipment can improve blood collection’s success rate and stability, reduce the workload of medical staff, and improve the efficiency of diagnosis and treatment. This study proposed a rigid-flexible composite puncture (RFCP) strategy, based on which a small 7-degree-of-freedom (DOF) auxiliary venipuncture blood collection (VPBC) robot using a trocar needle was designed. The robot consists of a position and orientation adjustment mechanism and a RFCP end-effector, which can perform RFCP to avoid piercing the blood vessel’s lower wall during puncture. The inverse kinematics solution and validation of the robot were analyzed based on the differential evolution algorithm, after which the quintic polynomial interpolation algorithm was applied to achieve the robot trajectory planning control. Finally, the VPBC robot prototype was developed for experiments. The trajectory planning experiment verified the correctness of the inverse kinematics solution and trajectory planning, and the composite puncture blood collection experiment verified the feasibility of the RFCP strategy."
doi:10.1038/s41467-024-48421-y,10.1038/s41467-024-48421-y,A fully autonomous robotic ultrasound system for thyroid scanning,2024,https://doi.org/10.1038/s41467-024-48421-y,Crossref; Europe PMC; OpenAlex,10.1038/s41467-024-48421-y; MED/38734697; https://openalex.org/W4396821882,epmc_arxiv; multisource_preferred; openalex_legacy,Active observational sensing; 主动观察式检测,机器人超声; 机器人超声扫描,"[""journal-article""]","Abstract The current thyroid ultrasound relies heavily on the experience and skills of the sonographer and the expertise of the radiologist, and the process is physically and cognitively exhausting. In this paper, we report a fully autonomous robotic ultrasound system, which is able to scan thyroid regions without human assistance and identify malignant nod- ules. In this system, human skeleton point recognition, reinforcement learning, and force feedback are used to deal with the difficulties in locating thyroid targets. The orientation of the ultrasound probe is adjusted dynamically via Bayesian optimization. Experimental results on human participants demonstrated that this system can perform high-quality ultrasound scans, close to manual scans obtained by clinicians. Additionally, it has the potential to detect thyroid nodules and provide data on nodule characteristics for American College of Radiology Thyroid Imaging Reporting and Data System (ACR TI-RADS) calculation."
doi:10.1038/s41467-024-49019-0,10.1038/s41467-024-49019-0,Robotic wireless capsule endoscopy: recent advances and upcoming technologies,2024,https://doi.org/10.1038/s41467-024-49019-0,Crossref,10.1038/s41467-024-49019-0,multisource_preferred,Active observational sensing,磁控/主动胶囊内镜巡检,"[""journal-article""]","Abstract Wireless capsule endoscopy (WCE) offers a non-invasive evaluation of the digestive system, eliminating the need for sedation and the risks associated with conventional endoscopic procedures. Its significance lies in diagnosing gastrointestinal tissue irregularities, especially in the small intestine. However, existing commercial WCE devices face limitations, such as the absence of autonomous lesion detection and treatment capabilities. Recent advancements in micro-electromechanical fabrication and computational methods have led to extensive research in sophisticated technology integration into commercial capsule endoscopes, intending to supersede wired endoscopes. This Review discusses the future requirements for intelligent capsule robots, providing a comparative evaluation of various methods’ merits and disadvantages, and highlighting recent developments in six technologies relevant to WCE. These include near-field wireless power transmission, magnetic field active drive, ultra-wideband/intrabody communication, hybrid localization, AI-based autonomous lesion detection, and magnetic-controlled diagnosis and treatment. Moreover, we explore the feasibility for future “capsule surgeons”."
doi:10.1038/s41467-025-62865-w,10.1038/s41467-025-62865-w,Towards expert-level autonomous carotid ultrasonography with large-scale learning-based robotic system.,2025,https://doi.org/10.1038/s41467-025-62865-w,Europe PMC,MED/40849291,multisource_preferred,Active observational sensing,机器人超声扫描,"[""research-article"", ""Journal Article""]","Carotid ultrasound requires skilled operators due to small vessel dimensions and high anatomical variability, exacerbating sonographer shortages and diagnostic inconsistencies. Prior automation attempts, including rule-based approaches with manual heuristics and reinforcement learning trained in simulated environments, demonstrate limited generalizability and fail to complete real-world clinical workflows. Here, we present UltraBot, a fully learning-based autonomous carotid ultrasound robot, achieving human-expert-level performance through four innovations: (1) A unified imitation learning framework for acquiring anatomical knowledge and scanning operational skills; (2) A large-scale expert demonstration dataset (247,000 samples, 100 × scale-up), enabling embodied foundation models with strong generalization; (3) A comprehensive scanning protocol ensuring full anatomical coverage for biometric measurement and plaque screening; (4) The clinical-oriented validation showing over 90% success rates, expert-level accuracy, up to 5.5 × higher reproducibility across diverse unseen populations. Overall, we show that large-scale deep learning offers a promising pathway toward autonomous, high-precision ultrasonography in clinical practice."
doi:10.1038/s41551-021-00753-6,10.1038/s41551-021-00753-6,Contactless optical coherence tomography of the eyes of freestanding individuals with a robotic scanner.,2021,https://doi.org/10.1038/s41551-021-00753-6,Europe PMC,MED/34253888,epmc_arxiv; multisource_preferred,Active observational sensing; 主动观察式检测,机器人OCT扫描,"[""Research Support, Non-U.S. Gov't"", ""research-article"", ""Journal Article"", ""Research Support, N.I.H., Extramural""]","Clinical systems for optical coherence tomography (OCT) are used routinely to diagnose and monitor patients with a range of ocular diseases. They are large tabletop instruments operated by trained staff, and require mechanical stabilization of the head of the patient for positioning and motion reduction. Here we report the development and performance of a robot-mounted OCT scanner for the autonomous contactless imaging, at safe distances, of the eyes of freestanding individuals without the need for operator intervention or head stabilization. The scanner uses robotic positioning to align itself with the eye to be imaged, as well as optical active scanning to locate the pupil and to attenuate physiological eye motion. We show that the scanner enables the acquisition of OCT volumetric datasets, comparable in quality to those of clinical tabletop systems, that resolve key anatomic structures relevant for the management of common eye conditions. Robotic OCT scanners may enable the diagnosis and monitoring of patients with eye conditions in non-specialist clinics."
doi:10.1038/s41597-025-06047-9,10.1038/s41597-025-06047-9,"A large, paired dataset of robotic and handheld lumbar spine ultrasound with ground-truth CT benchmarking.",2025,https://doi.org/10.1038/s41597-025-06047-9,Europe PMC,MED/41213998,multisource_preferred,Active observational sensing,机器人超声扫描,"[""Dataset"", ""data-paper"", ""Journal Article""]","Musculoskeletal disorders present significant socio-economic challenges globally, requiring innovative diagnostic and therapeutic approaches. Current intraoperative imaging techniques, including computed tomography (CT) and radiography, involve high radiation exposure and limited soft tissue visualization. Ultrasound (US) offers a non-invasive, real-time alternative but is underutilized intraoperatively, as it is highly observer-dependent. US enhanced by artificial intelligence shows high potential for observer-independent surgical guidance, decision support, and robot-assisted applications in orthopedics. Given the limited availability of high-quality, in vivo ultrasound data, we introduce a comprehensive dataset from a collection of handheld 2D US (HUS) and robot-assisted US (RUS) lumbar spine imaging in 63 healthy volunteers. This dataset includes demographic data, HUS and RUS imaging with synchronized 3D positioning data of the US probe, corresponding CT data, and CT-reconstructed 3D models of the lumbar vertebrae L1 to L5, establishing a robust baseline for machine learning algorithms. This extensive collection is the first anatomy dataset for the lumbar spine that includes paired CT, HUS, and RUS imaging, supporting advancements in intraoperative imaging and robot-assisted surgery."
doi:10.1038/s41598-024-55480-0,10.1038/s41598-024-55480-0,Design and testing of ultrasound probe adapters for a robotic imaging platform,2024,https://doi.org/10.1038/s41598-024-55480-0,Crossref,10.1038/s41598-024-55480-0,multisource_preferred,Active observational sensing,机器人超声扫描,"[""journal-article""]","Abstract Medical imaging-based triage is a critical tool for emergency medicine in both civilian and military settings. Ultrasound imaging can be used to rapidly identify free fluid in abdominal and thoracic cavities which could necessitate immediate surgical intervention. However, proper ultrasound image capture requires a skilled ultrasonography technician who is likely unavailable at the point of injury where resources are limited. Instead, robotics and computer vision technology can simplify image acquisition. As a first step towards this larger goal, here, we focus on the development of prototypes for ultrasound probe securement using a robotics platform. The ability of four probe adapter technologies to precisely capture images at anatomical locations, repeatedly, and with different ultrasound transducer types were evaluated across more than five scoring criteria. Testing demonstrated two of the adapters outperformed the traditional robot gripper and manual image capture, with a compact, rotating design compatible with wireless imaging technology being most suitable for use at the point of injury. Next steps will integrate the robotic platform with computer vision and deep learning image interpretation models to automate image capture and diagnosis. This will lower the skill threshold needed for medical imaging-based triage, enabling this procedure to be available at or near the point of injury."
doi:10.1038/s41598-025-31892-4,10.1038/s41598-025-31892-4,Fully automated robotic ultrasound gallbladder imaging with subcostal scanning,2025,https://doi.org/10.1038/s41598-025-31892-4,Crossref; Europe PMC; OpenAlex,10.1038/s41598-025-31892-4; MED/41372569; https://openalex.org/W4417186273,epmc_arxiv; multisource_preferred; openalex_legacy,Active observational sensing; 主动观察式检测,机器人超声; 机器人超声扫描,"[""journal-article""]","Abstract To overcome the operator-dependence of ultrasound (US) imaging, robotic US systems have been widely developed for fully automated scanning. In this study, toward fully automated screening of gallbladder in abdominal US examinations, we propose a scan path planning method and a probe posture control strategy using our robotic US system. The path planning method uses an RGB-D camera to capture changes in the patient’s chest height position due to breathing. This allows the boundary line of the subcostal, which is an important landmark for the gallbladder scan, to be identified, and the scanning path for the robot is automatically generated. Regarding the probe posture control strategy, for proper contact between the probe and the body surface, we combine probe posture control with body surface normal estimation using the RGB-D camera before scanning and deep learning-based visual servoing to avoid shadows during scanning. These were implemented in our robotic US system and feasibility experiments were conducted on six healthy subjects. When the path planning method and the posture control strategy proposed in this study were applied, the detection rate of the gallbladder was 78.3%. These results demonstrate the possibility of fully automated gallbladder screening using the proposed system."
doi:10.1038/s41598-025-88718-6,10.1038/s41598-025-88718-6,Towards autonomous robotic THz-based in vivo skin sensing: the PicoBot,2025,https://doi.org/10.1038/s41598-025-88718-6,Crossref,10.1038/s41598-025-88718-6,multisource_preferred,Active observational sensing,机器人创面/皮肤表面扫描,"[""journal-article""]","Abstract Terahertz (THz) light has the unique properties of being very sensitive to water, non-ionizing, and having sub-millimeter depth resolution, making it suitable for medical imaging. Skin conditions including eczema, psoriasis and skin cancer affect a high percentage of the population and we have been developing a THz probe to help with their diagnosis, treatment and management. Our in vivo studies have been using a handheld THz probe, but this has been prone to positional errors through sensorimotor perturbations and tremors, giving spatially imprecise measurements and significant variations in contact pressure. As the operator tires through extended device use, these errors are further exacerbated. A robotic system is therefore needed to tune the critical parameters and achieve accurate and repeatable measurements of skin. This paper proposes an autonomous robotic THz acquisition system, the PicoBot, designed for non-invasive diagnosis of healthy and diseased skin conditions, based on hydration levels in the skin. The PicoBot can 3D scan and segment out the region of interest on the skin’s surface, precisely position (± 0.5/1 mm/degrees) the probe normal to the surface, and apply a desired amount of force (± 0.1N) to maintain firm contact for the required 60 s during THz data acquisition. The robotic automation improves the stability of the acquired THz signals, reducing the standard deviation of amplitude fluctuations by over a factor of four at 1 THz compared to hand-held mode. We show THz results for skin measurements of volunteers with healthy and dry skin conditions on various parts of the body such as the volar forearm, forehead, cheeks, and hands. The tests conducted validate the preclinical feasibility of the concept along with the robustness and advantages of using the PicoBot, compared to a manual measurement setup."
doi:10.1038/s41598-026-37702-9,10.1038/s41598-026-37702-9,Autonomous path planning for intercostal robotic ultrasound imaging using reinforcement learning,2026,https://doi.org/10.1038/s41598-026-37702-9,Crossref; Europe PMC; OpenAlex,10.1038/s41598-026-37702-9; MED/41673226; https://openalex.org/W7128598646,epmc_arxiv; multisource_preferred; openalex_legacy,Active observational sensing; 主动观察式检测,机器人超声; 机器人超声扫描,"[""journal-article""]","Abstract Ultrasound (US) is widely used in clinical practice for the screening internal organs and guiding interventions. Nonetheless, US imaging suffers from inter- and intra-operator variations. Leveraging the reproducibility offered by robots, robotic ultrasound systems emerge as a promising solution, offering enhanced precision, stability, and repeatability. To realize autonomous US scanning, robot learning algorithms have been widely explored. However, current approaches primarily base the decision-making process for US navigation on 2D US images data, often overlooking the integration of 3D anatomical knowledge, which is a critical component for path planning in anatomically complex regions, such as the intercostal area. To address this limitation, we propose a novel reinforcement learning (RL) approach for intercostal US scanning path planning, leveraging computed tomography (CT) templates and utilizing 3D state representations. To this end, a virtual environment is developed using CT templates with randomly initialized tumors of various shapes and locations as a training environment. In addition, task-specific state representation and reward functions are introduced to encourage the convergence of the training process while minimizing the effects of acoustic attenuation and shadows during scanning. It is important to note that the scope of this work is limited to the autonomous path planning component, while robotic execution and control integration will be addressed in future studies. To validate the effectiveness of the proposed approach, experiments have been carried out on unseen patient models with randomly defined single or multiple scanning targets. The results demonstrate the efficiency of the proposed RL framework in planning non-shadowed US scanning trajectories in areas with limited acoustic access."
doi:10.1038/s44172-024-00264-7,10.1038/s44172-024-00264-7,Large area kidney imaging for pre-transplant evaluation using real-time robotic optical coherence tomography.,2024,https://doi.org/10.1038/s44172-024-00264-7,Europe PMC; OpenAlex,MED/39223332; https://openalex.org/W4402148399,multisource_preferred; openalex_legacy,Active observational sensing; 主动观察式检测,机器人OCT扫描,"[""research-article"", ""Journal Article""]","Optical coherence tomography (OCT) can be used to image microstructures of human kidneys. However, current OCT probes exhibit inadequate field-of-view, leading to potentially biased kidney assessment. Here we present a robotic OCT system where the probe is integrated to a robot manipulator, enabling wider area (covers an area of 106.39 mm by 37.70 mm) spatially-resolved imaging. Our system comprehensively scans the kidney surface at the optimal altitude with preoperative path planning and OCT image-based feedback control scheme. It further parameterizes and visualizes microstructures of large area. We verified the system positioning accuracy on a phantom as 0.0762 ± 0.0727 mm and showed the clinical feasibility by scanning ex vivo kidneys. The parameterization reveals vasculatures beneath the kidney surface. Quantification on the proximal convoluted tubule of a human kidney yields clinical-relevant information. The system promises to assess kidney viability for transplantation after collecting a vast amount of whole-organ parameterization and patient outcomes data."
doi:10.1049/ell2.13121,10.1049/ell2.13121,Design and development of robotic system for precise vascular access and autonomous venipuncture,2024,https://doi.org/10.1049/ell2.13121,Crossref; OpenAlex,10.1049/ell2.13121; https://openalex.org/W4391692150,multisource_preferred; openalex_legacy,Sample-based interactive diagnosis; 采样式交互检测,机器人采血/静脉穿刺; 机器人静脉穿刺/采血,"[""journal-article""]","Abstract The medical robot systems have the effect of reducing the work load and preventing accidents by supporting task that are difficult for inexperienced medical practitioners. Recently, research on automated blood collection and injection robotic system has been increasing, but work is still necessary such as replacing needle tips, setting tourniquet, and fixing the patient's arm. This letter proposes an intelligent intravenous injection robot without having to see the medical workers face‐to‐face. A revolving system is designed for automatic needle replacement and an arm holder for vessel fixation. Finally, positioning the needle at the target point is experimented by position control based on mathematical modelling and velocity kinematics."
doi:10.1055/a-0774-4554,10.1055/a-0774-4554,Assessment of technical parameters and skills training to inform a simulation-based training program for semi-automated robotic colonoscopy.,2019,https://doi.org/10.1055/a-0774-4554,Europe PMC; OpenAlex,MED/30648134; https://openalex.org/W2908229120,epmc_arxiv; multisource_preferred; openalex_legacy,Active observational sensing; 主动观察式检测,内镜搜索/自主巡检; 机器人胃肠柔性内镜巡检,"[""research-article"", ""Journal Article""]","Background and study aims Video-colonoscopy, despite being the gold-standard for diagnosis of colorectal lesions, has limitations including patient discomfort and risk of complications. This study assessed training characteristics and acceptability in operators of a new robotic colonoscope (RC). Materials and methods Participants (n = 9) with varying degrees of skill and background knowledge in colonoscopy performed colonoscopies with a RC on a simulation-based training model. Quantitative procedure-related and qualitative operator-related parameters were recorded. Results Polyp detection rate was highest in the novice group (91.67 %) followed by experts (86.11 %), then equally, trainees and video gamers (79.17 %). Four participants repeated the procedure at a follow-up session. Each participant improved cecal intubation time and had the same or higher polyp detection rate. The potential role for RC was identified for an out-of-hospital environment and as a novel diagnostic tool. Conclusions Results from this pilot suggest that operators at all skill levels found the RC acceptable and potentially useful as a diagnostic tool. Acquisition of skills with RC seems to improve rapidly to a clinically relevant level with simulation-based training."
doi:10.1055/a-1724-6958,10.1055/a-1724-6958,Real-time identification of gastric lesions and anatomical landmarks by artificial intelligence during magnetically controlled capsule endoscopy.,2022,https://doi.org/10.1055/a-1724-6958,Europe PMC,MED/35081639,multisource_preferred,Active observational sensing,磁控/主动胶囊内镜巡检,"[""Journal Article""]",
doi:10.1055/a-1761-5217,10.1055/a-1761-5217,Correction: Real-time identification of gastric lesions and anatomical landmarks by artificial intelligence during magnetically controlled capsule endoscopy.,2022,https://doi.org/10.1055/a-1761-5217,Europe PMC,MED/35139565,multisource_preferred,Active observational sensing,磁控/主动胶囊内镜巡检,"[""Published Erratum"", ""Journal Article""]",
doi:10.1055/s-0034-1392550,10.1055/s-0034-1392550,Colonoscopy with robotic steering and automated lumen centralization: a feasibility study in a colon model,2015,https://doi.org/10.1055/s-0034-1392550,Crossref,10.1055/s-0034-1392550,multisource_preferred,Active observational sensing,机器人胃肠柔性内镜巡检,"[""journal-article""]",
doi:10.1055/s-0037-1602791,10.1055/s-0037-1602791,Performance of Robotic Assistance for Skull Base Biopsy: A Phantom Study.,2017,https://doi.org/10.1055/s-0037-1602791,Europe PMC; OpenAlex,MED/28875116; https://openalex.org/W2611842646,epmc_arxiv; multisource_preferred; openalex_legacy,Sample-based interactive diagnosis; 采样式交互检测,机器人穿刺/芯针活检; 机器人经皮/芯针活检,"[""research-article"", ""Journal Article""]","Objectives This study aims to evaluate the feasibility of a custom robot system guided by optical cone beam computed tomography (CBCT)-based navigation for skull base biopsy. Design An accuracy study was conducted. Setting Platform for navigation and robot-aided surgery technology. Participants Phantom skull. Main Outcome Measures The primary outcome measure was to investigate the accuracy of robot-assisted needle biopsy for skull base tumors. A 14-gauge needle was automatically inserted by the five degrees of freedom robot into the intended target, guided by optical navigation. The result was displayed on the graphical user interface after matrix transformation. Postoperative image scanning was performed, and the result was verified with image fusion. Results All 20 interventions were successfully performed. The mean deviation of the needle tip was 0.56 ± 0.22 mm (measured by the navigation system) versus 1.73 ± 0.60 mm (measured by image fusion) ( p Conclusions The experimental results show the robot system is efficient, reliable, and safe. The navigation accuracy is a significant factor in robotic procedures."
doi:10.1080/01691864.2024.2315058,10.1080/01691864.2024.2315058,Autonomous scanning motion generation adapted to individual differences in abdominal shape for robotic fetal ultrasound,2024,https://doi.org/10.1080/01691864.2024.2315058,Crossref,10.1080/01691864.2024.2315058,multisource_preferred,Active observational sensing,机器人超声扫描,"[""journal-article""]",
doi:10.1080/03091902.2016.1275853,10.1080/03091902.2016.1275853,"Design and preliminary evaluation of a self-steering, pneumatically driven colonoscopy robot.",2017,https://doi.org/10.1080/03091902.2016.1275853,Europe PMC; OpenAlex,MED/28122477; https://openalex.org/W2582509576,multisource_preferred; openalex_legacy,Active observational sensing; 主动观察式检测,内镜搜索/自主巡检; 机器人胃肠柔性内镜巡检,"[""Journal Article""]","Colonoscopy is a diagnostic procedure to detect pre-cancerous polyps and tumours in the colon, and is performed by inserting a long tube equipped with a camera and biopsy tools. Despite the medical benefits, patients undergoing this procedure often complain about the associated pain and discomfort. This discomfort is mostly due to the rough handling of the tube and the creation of loops during the insertion. The overall goal of this work is to minimise the invasiveness of traditional colonoscopy. In pursuit of this goal, this work presents the development of a semi-autonomous colonoscopic robot with minimally invasive locomotion. The proposed robotic approach allows physicians to concentrate mainly on the diagnosis rather than the mechanics of the procedure. In this paper, an innovative locomotion approach for robotic colonoscopy is addressed. Our locomotion approach takes advantage of longitudinal expansion of a latex tube to propel the robot's tip along the colon. This soft and compliant propulsion mechanism, in contrast to minimally invasive mechanisms used in, for example, inchworm-like robots, has shown promising potential. In the preliminary ex vivo experiments, the robot successfully advanced 1.5 metres inside an excised curvilinear porcine colon with average speed of 28 mm/s, and was capable of traversing bends up to 150 degrees. The robot creates less than 6 N of normal force at its tip when it is pressurised with 90 kPa. This maximum force generates pressure of 44.17 mmHg at the tip, which is significantly lower than safe intraluminal human colonic pressure of 80 mmHg. The robot design inherently prevents loop formation in the colon, which is recognised as the main cause of post procedural pain in patients. Overall, the robot has shown great promise in an ex vivo experimental setup. The design of an autonomous control system and in vivo experiments are left as future work."
doi:10.1080/13645706.2022.2032181,10.1080/13645706.2022.2032181,Robot-assisted magnetic capsule endoscopy; navigating colorectal inclinations.,2022,https://doi.org/10.1080/13645706.2022.2032181,Europe PMC; OpenAlex,MED/35112641; https://openalex.org/W4212923236,epmc_arxiv; multisource_preferred; openalex_legacy,Active observational sensing; 主动观察式检测,内镜搜索/自主巡检; 磁控/主动胶囊内镜巡检,"[""Journal Article""]","Purpose: To investigate the interaction of a robot assisted magnetically driven wireless capsule endoscope (WCE) with colonic tissue, as it traverses the colorectal bends in the dorsal and ventral directions, relying only on the feedback from a 3D accelerometer. We also investigate the impact of shell geometry and water insufflation on WCE locomotion. Methods: A 3D printed incline phantom, lined with porcine colon, was used as the experimental platform, for controlled and repeatable results. The tilt angle of WCE was controlled to observe its influence on WCE locomotion. The phantom was placed underwater to observe the effects of water insufflation. The experiments were repeated using the two capsule shell geometries to observe the effect of shell geometry on WCE locomotion. Results: Friction between WCE and intestinal tissue increased when the tilt angle of the WCE was lower than the angle of the incline of the phantom. Increasing the WCE tilt angle to match the angle of the incline reduced this friction. Water insufflation and elliptical capsule shell geometry reduced the friction further. Conclusion: Tilting of the WCE equal to, or more than the angle of the incline improved the WCE locomotion. WCE locomotion was also improved by using elliptical capsule shell geometry and water insufflation. Abbreviations: CRC: colorectal cancer; GI: gastrointestinal; MRI: magnetic resonance imaging; WCE: wireless capsule endoscope."
doi:10.1088/1361-6560/abf277,10.1088/1361-6560/abf277,Towards automated ultrasound imaging-robotic image acquisition in liver and prostate for long-term motion monitoring.,2021,https://doi.org/10.1088/1361-6560/abf277,Europe PMC; OpenAlex,MED/33770768; https://openalex.org/W3139404660,epmc_arxiv; multisource_preferred; openalex_legacy,Active observational sensing; 主动观察式检测,机器人超声; 机器人超声扫描,"[""Research Support, Non-U.S. Gov't"", ""Journal Article""]","Real-time volumetric (4D) ultrasound has shown high potential for diagnostic and therapy guidance tasks. One of the main drawbacks of ultrasound imaging to date is the reliance on manual probe positioning and the resulting user dependence. Robotic assistance could help overcome this issue and facilitate the acquisition of long-term image data to observe dynamic processes in vivo over time. The aim of this study is to assess the feasibility of robotic probe manipulation and organ motion quantification during extended imaging sessions. The system consists of a collaborative robot and a 4D ultrasound system providing real-time data access. Five healthy volunteers received liver and prostate scans during free breathing over 30 min. Initial probe placement was performed with real-time remote control with a predefined contact force of 10 N. During scan acquisition, the probe position was continuously adjusted to the body surface motion using impedance control. Ultrasound volumes, the pose of the end-effector and the estimated contact forces were recorded. For motion analysis, one anatomical landmark was manually annotated in a subset of ultrasound frames for each experiment. Probe contact was uninterrupted over the entire scan duration in all ten sessions. Organ drift and imaging artefacts were successfully compensated using remote control. The median contact force along the probe's longitudinal axis was 10.0 N with maximum values of 13.2 and 21.3 N for liver and prostate, respectively. Forces exceeding 11 N only occurred in 0.3% of the time. Probe and landmark motion were more pronounced in the liver, with median interquartile ranges of 1.5 and 9.6 mm, compared to 0.6 and 2.7 mm in the prostate. The results show that robotic ultrasound imaging with dynamic force control can be used for stable, long-term imaging of anatomical regions affected by motion. The system facilitates the acquisition of 4D image data in vivo over extended scanning periods for the first time and holds the potential to be used for motion monitoring for therapy guidance as well as diagnostic tasks."
doi:10.1088/1361-6560/acaf46,10.1088/1361-6560/acaf46,Strategy for automatic ultrasound (US) probe positioning in robot-assisted ultrasound guided radiation therapy.,2023,https://doi.org/10.1088/1361-6560/acaf46,Europe PMC; OpenAlex,MED/36584398; https://openalex.org/W4313339806,epmc_arxiv; multisource_preferred; openalex_legacy,Active observational sensing; 主动观察式检测,机器人超声; 机器人超声扫描,"[""Journal Article""]","Objective . As part of image-guided radiotherapy, ultrasound-guided radiotherapy is currently already in use and under investigation for robot assisted systems Ipsen 2021. It promises a real-time tumor localization during irradiation (intrafractional) without extra dose. The ultrasound probe is held and guided by a robot. However, there is a lack of basic safety mechanisms and interaction strategies to enable a safe clinical procedure. In this study we investigate potential positioning strategies with safety mechanisms for a safe robot-human-interaction. Approach . A compact setup of ultrasound device, lightweight robot, tracking camera, force sensor and control computer were integrated in a software application to represent a potential USgRT setup. For the realization of a clinical procedure, positioning strategies for the ultrasound head with the help of the robot were developed, implemented, and tested. In addition, basic safety mechanisms for the robot have been implemented, using the integrated force sensor, and have been tested by intentional collisions. Main results . Various positioning methods from manual guidance to completely automated procedures were tested. Robot-guided methods achieved higher positioning accuracy and were faster in execution compared to conventional hand-guided methods. The developed safety mechanisms worked as intended and the detected collision force were below 20 N. Significance . The study demonstrates the feasibility of a new approach for safe robotic ultrasound imaging, with a focus on abdominal usage (liver, prostate, kidney). The safety measures applied here can be extended to other human-robot interactions and present the basic for further studies in medical applications."
doi:10.1089/end.2012.0528,10.1089/end.2012.0528,Comparison of robotic and laparoscopic ultrasound probes for robotic partial nephrectomy.,2013,https://doi.org/10.1089/end.2012.0528,Europe PMC; OpenAlex,MED/23510382; https://openalex.org/W2072746638,epmc_arxiv; multisource_preferred; openalex_legacy,Active observational sensing; 主动观察式检测,机器人超声; 机器人超声扫描,"[""Comparative Study"", ""Journal Article""]","Objectives To evaluate and compare perioperative outcomes of robotic partial nephrectomy (RPN) using robotic and laparoscopic ultrasound probe for tumor identification. Materials and methods Data from 75 consecutive RPN procedures using a laparoscopic ultrasound probe (January 2009- November 2010) and 75 consecutive RPN procedures using a robotic ultrasound probe (November 2010- November 2011) were collected. Perioperative outcomes of the two groups were retrospectively analyzed. Results A total of 72 patients underwent 75 consecutive RPN using the laparoscopic ultrasound probe followed by 73 patients who underwent 75 consecutive RPNs using the robotic ultrasound probe. Characteristics were similar between groups, and tumors had a similar complexity (mean nephrometry score 6.6 vs. 6.8, p=0.534), mean operating room time (234 vs. 218 min, p=0.095), mean console time (173 vs. 156 min, p=0.071), mean blood loss (171 mL vs. 164 mL, p=0.79), and positive tumor margin rates (1.2% vs. 2.2%, p=1) did not achieve significance. All patients are free of cancer recurrence after a mean follow up of 25.7 months in the laparoscopic probe group and of 10.2 months in the robotic probe group. Conclusions Robotic ultrasound probes for tumor identification during RPN had comparable perioperative outcomes and surgical margin rates as a laparoscopic ultrasound probe, but with the advantage of surgeon autonomy."
doi:10.1093/clinchem/hvag029,10.1093/clinchem/hvag029,"Performance, Safety, and Patient Experience of an Autonomous Robotic Phlebotomy Device: A Multicenter Trial.",2026,https://doi.org/10.1093/clinchem/hvag029,Europe PMC; OpenAlex,MED/41967464; https://openalex.org/W7153790217,epmc_arxiv; multisource_preferred; openalex_legacy,Sample-based interactive diagnosis; 采样式交互检测,机器人采血/静脉穿刺; 机器人静脉穿刺/采血,"[""Clinical Trial"", ""Multicenter Study"", ""Journal Article""]","Background Automated phlebotomy has the potential to improve patient outcomes and address phlebotomist workforce challenges. The Autonomous Blood Drawing Optimization and Performance Testing trial (ADOPT, ClinicalTrials.gov NCT05878483) assesses performance, safety, and patient experience of an autonomous robotic phlebotomy device (ARPD) that utilizes multimodal imaging. Methods Patients were recruited from outpatient phlebotomy departments in the Netherlands. In cohort 1, analytical equivalence was assessed by comparing within-subject test results from ARPD-collected and manually collected samples using Passing-Bablok regression analysis.In cohort 2, the ARPD was assessed in routine use. The primary performance endpoint was first-stick success rate; the primary safety endpoint was the rate of adverse events. Exploratory endpoints assessed pain and patient preference. Results One hundred fifty-three patients were enrolled in cohort 1. No statistically significant differences were observed in activated partial thromboplastin time, prothrombin time, lactate dehydrogenase, aspartate transaminase, or platelet count, indicating analytical equivalence.A total of 1633 patients were enrolled in cohort 2. The overall first-stick success rate, in patients where the ARPD could identify a suitable vein, was 94.5% (95% CI, 93.3-95.5) and remained high in patients with difficult venous access (92.7%), obesity (97.4%), and age ≥65 years (93.4%). Adverse events, all mild, occurred at a rate of 0.6%. Ninety percent of patients reported far less (19%), less (32%), or similar pain (39%) compared with manual phlebotomy. Eighty-two percent indicated they would strongly prefer (16%) or prefer (31%) use of the ARPD in the future or had no preference (35%). Conclusions Automated phlebotomy using the ARPD shows a favorable performance and safety profile and may improve patient experience. ClinicalTrials.gov Registration Number: NCT05878483."
doi:10.1097/01.ccm.0001186612.35676.db,10.1097/01.ccm.0001186612.35676.db,1154: INITIAL TESTING OF THE NOVEL RAPIDSCAN AUTONOMOUS 30-SECOND ULTRASOUND IMAGING DEVICE,2026,https://doi.org/10.1097/01.ccm.0001186612.35676.db,Crossref,10.1097/01.ccm.0001186612.35676.db,multisource_preferred,Active observational sensing,机器人超声扫描,"[""journal-article""]",
doi:10.1097/lbr.0000000000001050,10.1097/lbr.0000000000001050,Proceduralist-Directed Rapid On-Site Pathologic Evaluation (ROPE) Using Dynamic Cell Imaging: A Pilot Study of Peripheral Pulmonary Lesion Sampling Through Robotic Bronchoscopy.,2026,https://doi.org/10.1097/lbr.0000000000001050,Europe PMC,MED/41370749,multisource_preferred,Active observational sensing,机器人支气管镜搜索/导航,"[""Journal Article""]","Background Diagnostic evaluation of peripheral pulmonary lesions (PPLs) relies on complementary technologies. Rapid onsite evaluation (ROSE) of cytopathology's role is established for mediastinal lymph nodes, though less studied for PPLs. VanGogh, a novel Dynamic Cell Imaging (DCI) technology for on-site histopathologic analysis ( formerly CelTivity, used in the study) may offer intraprocedural confirmation of diagnostic tissue during the evaluation of PPLs. This study looks to quantify the concordance between rapid onsite pathologic evaluation (ROPE) under DCI and a pathologist's diagnosis in evaluating PPLs. Methods Single-center study of robotic bronchoscopic PPL samples using 21G fine needle aspiration, cryobiopsy, and forceps biopsy. Samples interpreted at the point of care by the proceduralist using DCI as either lesional or nonlesional, then evaluated by a pathologist as either diagnostic or nondiagnostic. The concordance between the proceduralist's and the pathologist's assessments was calculated at the patient-level and biopsy-level and stratified by tissue acquisition technique. Results Fifty patients with 146 samples were included. Overall concordance between the proceduralist's DCI interpretation and the pathologist's diagnosis was 88% (95% CI: not defined) at the patient level. Overall concordance was 84% (95% CI: 77%-90%). Stratified by tissue acquisition technique, concordance was highest for cryobiopsy (88% [95% CI: not defined]) and forceps biopsy (86% [95% CI: 74-94]). Conclusion ROPE, using cryoprobe and forceps biopsy of PPLs, demonstrated high concordance with final pathology, improving intraprocedural confidence in procuring representative diagnostic specimens. Further studies may determine DCI's impact on diagnostic yields and confirmatory role in target localization for future bronchoscopy ablative treatments."
doi:10.1108/aa-12-2016-163,10.1108/aa-12-2016-163,Viscoelastic model based bilateral teleoperation for robotic-assisted tele-palpation,2017,https://doi.org/10.1108/aa-12-2016-163,Crossref,10.1108/aa-12-2016-163,multisource_preferred,Response-based interactive diagnosis,机器人触诊/肿块搜索,"[""journal-article""]","Purpose The purpose of this paper is to design a model-based bilateral teleoperation method to improve the feedback force and velocity/position tracking for robotic-assisted tasks (such as palpation, etc.) under constant and/or varying time delay with environment dynamic property. Time delay existing in bilateral teleoperation easily destabilizes the system. Proper control strategies are able to make the system stable, but at the cost of compromised performance. Model-based bilateral teleoperation is designed to achieve enhanced performance of this time-delayed system, but an accurate model is required. Design/methodology/approach Viscoelastic model has been used to describe the robot tool-soft tissue interaction behavior. Kevin-Boltzmann (K-B) model is selected to model the soft tissue behavior due to its good accuracy, transient and linearity properties among several viscoelastic models. In this work, the K-B model is designed at the master side to generate a virtual environment of remote robotic tool-soft tissue interaction. In order to obtain improved performance, a self perturbing recursive least square (SPRLS) algorithm is developed to on-line update the necessary parameters of the environment with varying dynamics. Findings With fast and optimal on-line estimation of primary parameters of the K-B model, the reflected force of the model-based bilateral teleoperation at the master side is improved as well as the position/velocity tracking performance. This model-based design in the bilateral teleoperation avoids the stability issue caused by time delay in the communication channel since the exchanged information become position/velocity and estimated parameters of the used model. Even facing with big and varying time delay, the system keeps stably and enhanced tracking performance. Besides, the fast convergence of the SPRLS algorithm helps to track the time-varying dynamic of the environment, which satisfies the surgical applications as the soft tissue properties usually are not static. Originality/value The originality of this work lies in that an enhanced perception of bilateral teleoperation structure under constant/varying time delay that benefits robotic assisted tele-palpation (time varying environment dynamic) tasks is developed. With SPRLS algorithm to on-line estimate the main parameters of environment, the feedback perception of system can be enhanced with stable velocity/position tracking. The superior velocity/position and force tracking performance of the developed method makes it possible for future robotic-assisted tasks with long-distance communication."
doi:10.1109/access.2021.3077037,10.1109/access.2021.3077037,RobUSt–An Autonomous Robotic Ultrasound System for Medical Imaging,2021,https://doi.org/10.1109/access.2021.3077037,Crossref; OpenAlex,10.1109/access.2021.3077037; https://openalex.org/W3159554907,multisource_preferred; openalex_legacy,Active observational sensing; 主动观察式检测,机器人超声; 机器人超声扫描,article,
doi:10.1109/access.2026.3672161,10.1109/access.2026.3672161,Robotic Automation of Nasopharyngeal Swab Collection With Non-Contact Posture Adaptation,2026,https://doi.org/10.1109/access.2026.3672161,Crossref,10.1109/access.2026.3672161,multisource_preferred,Sample-based interactive diagnosis,机器人拭子/腔道标本采集,"[""journal-article""]",
doi:10.1109/biorob.2016.7523646,10.1109/biorob.2016.7523646,Autonomous robotic palpation of soft tissue using the modulation of applied force,2016,https://doi.org/10.1109/biorob.2016.7523646,Crossref; OpenAlex,10.1109/biorob.2016.7523646; https://openalex.org/W2491884417,multisource_preferred; openalex_legacy,Response-based interactive diagnosis; 响应式交互检测,机器人触诊; 机器人触诊/肿块搜索,conference-paper,
doi:10.1109/case56687.2023.10260479,10.1109/case56687.2023.10260479,RUSOpt: Robotic UltraSound Probe Normalization with Bayesian Optimization for In-plane and Out-plane Scanning,2023,https://doi.org/10.1109/case56687.2023.10260479,OpenAlex; arXiv,http://arxiv.org/abs/2310.03406v1; https://openalex.org/W4387143432,epmc_arxiv; multisource_preferred; openalex_legacy,Active observational sensing; 主动观察式检测,机器人超声; 机器人超声扫描,"[""preprint""]","The one of the significant challenges faced by autonomous robotic ultrasound systems is acquiring high-quality images across different patients. The proper orientation of the robotized probe plays a crucial role in governing the quality of ultrasound images. To address this challenge, we propose a sample-efficient method to automatically adjust the orientation of the ultrasound probe normal to the point of contact on the scanning surface, thereby improving the acoustic coupling of the probe and resulting image quality. Our method utilizes Bayesian Optimization (BO) based search on the scanning surface to efficiently search for the normalized probe orientation. We formulate a novel objective function for BO that leverages the contact force measurements and underlying mechanics to identify the normal. We further incorporate a regularization scheme in BO to handle the noisy objective function. The performance of the proposed strategy has been assessed through experiments on urinary bladder phantoms. These phantoms included planar, tilted, and rough surfaces, and were examined using both linear and convex probes with varying search space limits. Further, simulation-based studies have been carried out using 3D human mesh models. The results demonstrate that the mean ($\pm$SD) absolute angular error averaged over all phantoms and 3D models is $\boldsymbol{2.4\pm0.7^\circ}$ and $\boldsymbol{2.1\pm1.3^\circ}$, respectively."
doi:10.1109/case58245.2025.11163944,10.1109/case58245.2025.11163944,An Autonomous Robotic System for Aorta Ultrasound Screening with Deep Learning Segmentation,2025,https://doi.org/10.1109/case58245.2025.11163944,Crossref,10.1109/case58245.2025.11163944,multisource_preferred,Active observational sensing,机器人超声扫描,"[""proceedings-article""]",
doi:10.1109/embc46164.2021.9630059,10.1109/embc46164.2021.9630059,Development of a tendon driven robotic probe for prostate palpation.,2021,https://doi.org/10.1109/embc46164.2021.9630059,Europe PMC; OpenAlex,MED/34891530; https://openalex.org/W4200451572,epmc_arxiv; multisource_preferred; openalex_legacy,Response-based interactive diagnosis; 响应式交互检测,机器人触诊; 机器人触诊/肿块搜索,"[""Journal Article""]","Palpation is a clinical diagnosis method utilized by physicians to acquire valuable information about the pathological condition of an organ using the sense of touch. This method, however, is subjective. The accuracy depends on the physician's experience and skill. Therefore, to make palpation objective and minimize variability in prostate cancer diagnosis among physicians, an automated palpation system is required. This paper describes the design and experimental evaluation of a 2 Degrees of Freedom (2DoF) tendon driven robotic palpation probe. The probe's palpation motion is controlled by actuating driving tendons using a cable-differential pulley transmission system and a return spring. A kinematic model of the robotic probe was derived. Furthermore, a tendon path length model was geometrically determined, and an optimization method for guide arc center placement to minimize change in tendon length was presented. Preliminary experimental and theoretical results were compared to determine the positioning accuracy. The difference between theoretical pitch angles [0°,80°] and measured values for the yaw angle range of [0°, 40°] was found to be in the range of 0.03° ~ 5.06°.Clinical Relevance- Diagnosis based on manual palpation is often subjective and palpation sensitivity depends on the physician's level of experience and skill. Therefore, an objective method for acquiring tactile information is relevant. Robotic palpation system provides objective and quantitative information for better understanding of the pathological and physiological changes in the tissue using mechanical properties as biomarkers."
doi:10.1109/embc58623.2025.11254011,10.1109/embc58623.2025.11254011,Method of synthesizing and enhancing multiple auscultatory sounds for safe and efficient robotic auscultation.,2025,https://doi.org/10.1109/embc58623.2025.11254011,Europe PMC; OpenAlex,MED/41336433; https://openalex.org/W4416960374,epmc_arxiv; multisource_preferred; openalex_legacy,Active observational sensing; 主动观察式检测,机器人听诊,"[""Journal Article""]","Traditional auscultation requires direct skin contact to ensure optimal diagnostic accuracy. However, this often necessitates that patients remove clothing, which may lead to discomfort or embarrassment - especially in situations involving physicians and patients of different genders. For efficient, safe and gender-free auscultation, we are developing a robotic multi-acoustic sensor array system capable of acquiring auscultatory sounds in the chest and back. Since multiple acoustic sensors are placed for each auscultation position, it is necessary to post-process the acoustic data acquired by each auscultation sensor to generate diagnostic available auscultatory sounds. This study proposes a method to synthesize heart sounds from multiple sensors to enhance clarity. Noise reduction was applied, followed by delay compensation to align heart sound peaks. Weighted synthesis based on peak amplitudes improved the signal-to-noise ratio (SNR). Experiments with six subjects showed SNR improvement in all cases, with three subjects achieving over a 3 dB increase. These results confirm the effectiveness of this method in enhancing auscultation sound quality.Clinical Relevance- This method improves robotic auscultation by enhancing heart sound clarity and reducing noise. It enables non-contact, efficient diagnosis, potentially improving telemedicine, automated screenings, and accessibility for patients with mobility or privacy concerns."
doi:10.1109/glbc.2017.7928899,10.1109/glbc.2017.7928899,Automated hand support system for robotic ultrasound hand scanner,2017,https://doi.org/10.1109/glbc.2017.7928899,Crossref; OpenAlex,10.1109/glbc.2017.7928899; https://openalex.org/W2616272678,multisource_preferred; openalex_legacy,Active observational sensing; 主动观察式检测,机器人超声; 机器人超声扫描,conference-paper,
doi:10.1109/icaace69793.2026.11509110,10.1109/icaace69793.2026.11509110,LSTM-Based Imitation Learning for Autonomous Ultrasound Scanning in Robot-Assisted Biopsy,2026,https://doi.org/10.1109/icaace69793.2026.11509110,Crossref; OpenAlex,10.1109/icaace69793.2026.11509110; https://openalex.org/W7161143897,multisource_preferred; openalex_legacy,Active observational sensing; 主动观察式检测,机器人超声; 机器人超声扫描,conference-paper,
doi:10.1109/icar53236.2021.9659396,10.1109/icar53236.2021.9659396,Autonomy in robotic prostate biopsy through AI-assisted fusion,2021,https://doi.org/10.1109/icar53236.2021.9659396,Crossref,10.1109/icar53236.2021.9659396,multisource_preferred,Sample-based interactive diagnosis,机器人经皮/芯针活检,"[""proceedings-article""]",
doi:10.1109/icat2i69744.2025.11472683,10.1109/icat2i69744.2025.11472683,Design and Implementation of a Robotic Arm for Automated Swab Collection in PCR Testing,2025,https://doi.org/10.1109/icat2i69744.2025.11472683,Crossref; OpenAlex,10.1109/icat2i69744.2025.11472683; https://openalex.org/W7154512555,multisource_preferred; openalex_legacy,Sample-based interactive diagnosis; 采样式交互检测,机器人拭子/腔道标本采集; 机器人拭子/腔道采样,conference-paper,
doi:10.1109/icosr57188.2022.00039,10.1109/icosr57188.2022.00039,Automatic ultrasound scanning for the Carotid Artery by robotic system,2022,https://doi.org/10.1109/icosr57188.2022.00039,Crossref,10.1109/icosr57188.2022.00039,multisource_preferred,Active observational sensing,机器人超声扫描,"[""proceedings-article""]",
doi:10.1109/icra.2013.6631198,10.1109/icra.2013.6631198,Autonomous robotic palpation: Machine learning techniques to identify hard inclusions in soft tissues,2013,https://doi.org/10.1109/icra.2013.6631198,Crossref; OpenAlex,10.1109/icra.2013.6631198; https://openalex.org/W2032228491,multisource_preferred; openalex_legacy,Response-based interactive diagnosis; 响应式交互检测,机器人触诊; 机器人触诊/肿块搜索,conference-paper,
doi:10.1109/icra.2016.7487201,10.1109/icra.2016.7487201,Robotic ultrasound trajectory planning for volume of interest coverage,2016,https://doi.org/10.1109/icra.2016.7487201,Crossref; OpenAlex,10.1109/icra.2016.7487201; https://openalex.org/W2412329746,multisource_preferred; openalex_legacy,Active observational sensing; 主动观察式检测,机器人超声; 机器人超声扫描,conference-paper,
doi:10.1109/icra.2017.7989729,10.1109/icra.2017.7989729,Towards a soft robotic skin for autonomous tissue palpation,2017,https://doi.org/10.1109/icra.2017.7989729,Crossref,10.1109/icra.2017.7989729,multisource_preferred,Response-based interactive diagnosis,机器人触诊/肿块搜索,"[""proceedings-article""]",
doi:10.1109/icra40945.2020.9196736,10.1109/icra40945.2020.9196736,Automated robotic breast ultrasound acquisition using ultrasound feedback,2020,https://doi.org/10.1109/icra40945.2020.9196736,Crossref,10.1109/icra40945.2020.9196736,multisource_preferred,Active observational sensing,机器人超声扫描,"[""proceedings-article""]",
doi:10.1109/icra46639.2022.9811982,10.1109/icra46639.2022.9811982,Automatic Biopsy Tool Presence and Episode Recognition in Robotic Bronchoscopy Using a Multi-Task Vision Transformer Network,2022,https://doi.org/10.1109/icra46639.2022.9811982,Crossref,10.1109/icra46639.2022.9811982,multisource_preferred,Sample-based interactive diagnosis,机器人内镜/支气管镜活检,"[""proceedings-article""]",
doi:10.1109/icra48506.2021.9560865,10.1109/icra48506.2021.9560865,Out-of-Plane Corrections for Autonomous Robotic Breast Ultrasound Acquisitions,2021,https://doi.org/10.1109/icra48506.2021.9560865,Crossref,10.1109/icra48506.2021.9560865,multisource_preferred,Active observational sensing,机器人超声扫描,"[""proceedings-article""]",
doi:10.1109/icra48506.2021.9561295,10.1109/icra48506.2021.9561295,Autonomous Navigation of an Ultrasound Probe Towards Standard Scan Planes with Deep Reinforcement Learning,2021,https://doi.org/10.1109/icra48506.2021.9561295,OpenAlex; arXiv,http://arxiv.org/abs/2103.00718v2; https://openalex.org/W3135181254,epmc_arxiv; multisource_preferred; openalex_legacy,Active observational sensing; 主动观察式检测,机器人超声; 机器人超声扫描,"[""preprint""]","Autonomous ultrasound (US) acquisition is an important yet challenging task, as it involves interpretation of the highly complex and variable images and their spatial relationships. In this work, we propose a deep reinforcement learning framework to autonomously control the 6-D pose of a virtual US probe based on real-time image feedback to navigate towards the standard scan planes under the restrictions in real-world US scans. Furthermore, we propose a confidence-based approach to encode the optimization of image quality in the learning process. We validate our method in a simulation environment built with real-world data collected in the US imaging of the spine. Experimental results demonstrate that our method can perform reproducible US probe navigation towards the standard scan plane with an accuracy of $4.91mm/4.65^\circ$ in the intra-patient setting, and accomplish the task in the intra- and inter-patient settings with a success rate of $92\%$ and $46\%$, respectively. The results also show that the introduction of image quality optimization in our method can effectively improve the navigation performance."
doi:10.1109/icra48506.2021.9561833,10.1109/icra48506.2021.9561833,Reciprocally Rotating Magnetic Actuation and Automatic Trajectory Following for Wireless Capsule Endoscopy,2021,https://doi.org/10.1109/icra48506.2021.9561833,Crossref,10.1109/icra48506.2021.9561833,multisource_preferred,Active observational sensing,磁控/主动胶囊内镜巡检,"[""proceedings-article""]",
doi:10.1109/icra48891.2023.10161377,10.1109/icra48891.2023.10161377,Collaborative Robotic Biopsy with Trajectory Guidance and Needle Tip Force Feedback,2023,https://doi.org/10.1109/icra48891.2023.10161377,Crossref; OpenAlex,10.1109/icra48891.2023.10161377; https://openalex.org/W4383109123,multisource_preferred; openalex_legacy,Sample-based interactive diagnosis; 采样式交互检测,机器人穿刺/芯针活检; 机器人经皮/芯针活检,conference-paper,
doi:10.1109/icra48891.2023.10161542,10.1109/icra48891.2023.10161542,Robotic Sonographer: Autonomous Robotic Ultrasound using Domain Expertise in Bayesian Optimization,2023,https://doi.org/10.1109/icra48891.2023.10161542,OpenAlex; arXiv,http://arxiv.org/abs/2307.02442v1; https://openalex.org/W4383108835,multisource_preferred; openalex_legacy,Active observational sensing; 主动观察式检测,机器人超声; 机器人超声扫描,"[""preprint""]","Ultrasound is a vital imaging modality utilized for a variety of diagnostic and interventional procedures. However, an expert sonographer is required to make accurate maneuvers of the probe over the human body while making sense of the ultrasound images for diagnostic purposes. This procedure requires a substantial amount of training and up to a few years of experience. In this paper, we propose an autonomous robotic ultrasound system that uses Bayesian Optimization (BO) in combination with the domain expertise to predict and effectively scan the regions where diagnostic quality ultrasound images can be acquired. The quality map, which is a distribution of image quality in a scanning region, is estimated using Gaussian process in BO. This relies on a prior quality map modeled using expert's demonstration of the high-quality probing maneuvers. The ultrasound image quality feedback is provided to BO, which is estimated using a deep convolution neural network model. This model was previously trained on database of images labelled for diagnostic quality by expert radiologists. Experiments on three different urinary bladder phantoms validated that the proposed autonomous ultrasound system can acquire ultrasound images for diagnostic purposes with a probing position and force accuracy of 98.7% and 97.8%, respectively."
doi:10.1109/icra55743.2025.11127435,10.1109/icra55743.2025.11127435,Robust Robotic Breast Ultrasound Scanning and Real-Time Lesion Localization,2025,https://doi.org/10.1109/icra55743.2025.11127435,Crossref,10.1109/icra55743.2025.11127435,multisource_preferred,Active observational sensing,机器人超声扫描,"[""proceedings-article""]",
doi:10.1109/irc.2018.00083,10.1109/irc.2018.00083,Simulation Study of Autonomous Drive for Active Capsule Endoscopy,2018,https://doi.org/10.1109/irc.2018.00083,Crossref,10.1109/irc.2018.00083,multisource_preferred,Active observational sensing,磁控/主动胶囊内镜巡检,"[""proceedings-article""]",
doi:10.1109/iros.2013.6696818,10.1109/iros.2013.6696818,Autonomous eFAST ultrasound scanning by a robotic manipulator using learning from demonstrations,2013,https://doi.org/10.1109/iros.2013.6696818,Crossref,10.1109/iros.2013.6696818,multisource_preferred,Active observational sensing,机器人超声扫描,"[""proceedings-article""]",
doi:10.1109/iros.2015.7353736,10.1109/iros.2015.7353736,Real-time Needle Steering in Response to Rolling Vein Deformation by a 9-DOF Image-Guided Autonomous Venipuncture Robot.,2015,https://doi.org/10.1109/iros.2015.7353736,Europe PMC; OpenAlex,MED/26779381; https://openalex.org/W2218586536,epmc_arxiv; multisource_preferred; openalex_legacy,Sample-based interactive diagnosis; 采样式交互检测,机器人采血/静脉穿刺; 机器人静脉穿刺/采血,"[""research-article"", ""Journal Article""]","Venipuncture is the most common invasive medical procedure performed in the United States and the number one cause of hospital injury. Failure rates are particularly high in pediatric and elderly patients, whose veins tend to deform, move, or roll as the needle is introduced. To improve venipuncture accuracy in challenging patient populations, we have developed a portable device that autonomously servos a needle into a suitable vein under image guidance. The device operates in real time, combining near-infrared and ultrasound imaging, computer vision software, and a 9 degrees-of-freedom robot that servos the needle. In this paper, we present the kinematic and mechanical design of the latest generation robot. We then investigate in silico and in vitro the mechanics of vessel rolling and deformation in response to needle insertions performed by the robot. Finally, we demonstrate how the robot can make real-time adjustments under ultrasound image guidance to compensate for subtle vessel motions during venipuncture."
doi:10.1109/iros.2016.7759101,10.1109/iros.2016.7759101,Automatic force-compliant robotic ultrasound screening of abdominal aortic aneurysms,2016,https://doi.org/10.1109/iros.2016.7759101,Crossref; OpenAlex,10.1109/iros.2016.7759101; https://openalex.org/W2564163422,multisource_preferred; openalex_legacy,Active observational sensing; 主动观察式检测,机器人超声; 机器人超声扫描,conference-paper,
doi:10.1109/iros.2016.7759102,10.1109/iros.2016.7759102,System Design and Development of a Robotic Device for Automated Venipuncture and Diagnostic Blood Cell Analysis.,2016,https://doi.org/10.1109/iros.2016.7759102,Europe PMC; OpenAlex,MED/28239509; https://openalex.org/W2562918853,epmc_arxiv; multisource_preferred; openalex_legacy,Sample-based interactive diagnosis; 采样式交互检测,机器人采血/静脉穿刺; 机器人静脉穿刺/采血,"[""research-article"", ""Journal Article""]","Diagnostic blood testing is the most prevalent medical procedure performed in the world and forms the cornerstone of modern health care delivery. Yet blood tests are still predominantly carried out in centralized labs using large-volume samples acquired by manual venipuncture, and no end-to-end solution from blood draw to sample analysis exists today. Our group is developing a platform device that merges robotic phlebotomy with automated diagnostics to rapidly deliver patient information at the site of the blood draw. The system couples an image-guided venipuncture robot, designed to address the challenges of routine venous access, with a centrifuge-based blood analyzer to obtain quantitative measurements of hematology. In this paper, we first present the system design and architecture of the integrated device. We then perform a series of in vitro experiments to evaluate the cannulation accuracy of the system on blood vessel phantoms. Next, we assess the effects of vessel diameter, needle gauge, flow rate, and viscosity on the rate of sample collection. Finally, we demonstrate proof-of-concept of a white cell assay on the blood analyzer using in vitro human samples spiked with fluorescently labeled microbeads."
doi:10.1109/iros.2018.8594106,10.1109/iros.2018.8594106,"Autonomous Localization, Navigation and Haustral Fold Detection for Robotic Endoscopy",2018,https://doi.org/10.1109/iros.2018.8594106,Crossref; OpenAlex,10.1109/iros.2018.8594106; https://openalex.org/W2908582708,multisource_preferred; openalex_legacy,Active observational sensing; 主动观察式检测,内镜搜索/自主巡检; 机器人胃肠柔性内镜巡检,conference-paper,
doi:10.1109/iros47612.2022.9981349,10.1109/iros47612.2022.9981349,Visual Servo Control of COVID-19 Nasopharyngeal Swab Sampling Robot,2022,https://doi.org/10.1109/iros47612.2022.9981349,Crossref,10.1109/iros47612.2022.9981349,multisource_preferred,Sample-based interactive diagnosis,机器人拭子/腔道标本采集,"[""proceedings-article""]",
doi:10.1109/iros51168.2021.9635902,10.1109/iros51168.2021.9635902,Autonomous Scanning Target Localization for Robotic Lung Ultrasound Imaging.,2021,https://doi.org/10.1109/iros51168.2021.9635902,Europe PMC; OpenAlex,MED/35965637; https://openalex.org/W4200470402,epmc_arxiv; multisource_preferred; openalex_legacy,Active observational sensing; 主动观察式检测,机器人超声; 机器人超声扫描,"[""research-article"", ""Journal Article""]","Under the ceaseless global COVID-19 pandemic, lung ultrasound (LUS) is the emerging way for effective diagnosis and severeness evaluation of respiratory diseases. However, close physical contact is unavoidable in conventional clinical ultrasound, increasing the infection risk for health-care workers. Hence, a scanning approach involving minimal physical contact between an operator and a patient is vital to maximize the safety of clinical ultrasound procedures. A robotic ultrasound platform can satisfy this need by remotely manipulating the ultrasound probe with a robotic arm. This paper proposes a robotic LUS system that incorporates the automatic identification and execution of the ultrasound probe placement pose without manual input. An RGB-D camera is utilized to recognize the scanning targets on the patient through a learning-based human pose estimation algorithm and solve for the landing pose to attach the probe vertically to the tissue surface; A position/force controller is designed to handle intraoperative probe pose adjustment for maintaining the contact force. We evaluated the scanning area localization accuracy, motion execution accuracy, and ultrasound image acquisition capability using an upper torso mannequin and a realistic lung ultrasound phantom with healthy and COVID-19-infected lung anatomy. Results demonstrated the overall scanning target localization accuracy of 19.67 ± 4.92 mm and the probe landing pose estimation accuracy of 6.92 ± 2.75 mm in translation, 10.35 ± 2.97 deg in rotation. The contact force-controlled robotic scanning allowed the successful ultrasound image collection, capturing pathological landmarks."
doi:10.1109/iros60139.2025.11247389,10.1109/iros60139.2025.11247389,Quality-Driven Adaptive Control Framework for Robotic Ultrasound Imaging of Vascular Anatomies,2025,https://doi.org/10.1109/iros60139.2025.11247389,Crossref; OpenAlex,10.1109/iros60139.2025.11247389; https://openalex.org/W4416750057,multisource_preferred; openalex_legacy,Active observational sensing; 主动观察式检测,机器人超声; 机器人超声扫描,conference-paper,
doi:10.1109/ismr.2019.8710206,10.1109/ismr.2019.8710206,An Admittance-Controlled Robotic Assistant for Semi-Autonomous Breast Ultrasound Scanning,2019,https://doi.org/10.1109/ismr.2019.8710206,Crossref,10.1109/ismr.2019.8710206,multisource_preferred,Active observational sensing,机器人超声扫描,"[""proceedings-article""]",
doi:10.1109/ismr57123.2023.10130193,10.1109/ismr57123.2023.10130193,Deep Kernel and Image Quality Estimators for Optimizing Robotic Ultrasound Controller using Bayesian Optimization,2023,https://doi.org/10.1109/ismr57123.2023.10130193,OpenAlex; arXiv,http://arxiv.org/abs/2310.07392v1; https://openalex.org/W4378174244,multisource_preferred; openalex_legacy,Active observational sensing; 主动观察式检测,机器人超声; 机器人超声扫描,"[""preprint""]","Ultrasound is a commonly used medical imaging modality that requires expert sonographers to manually maneuver the ultrasound probe based on the acquired image. Autonomous Robotic Ultrasound (A-RUS) is an appealing alternative to this manual procedure in order to reduce sonographers' workload. The key challenge to A-RUS is optimizing the ultrasound image quality for the region of interest across different patients. This requires knowledge of anatomy, recognition of error sources and precise probe position, orientation and pressure. Sample efficiency is important while optimizing these parameters associated with the robotized probe controller. Bayesian Optimization (BO), a sample-efficient optimization framework, has recently been applied to optimize the 2D motion of the probe. Nevertheless, further improvements are needed to improve the sample efficiency for high-dimensional control of the probe. We aim to overcome this problem by using a neural network to learn a low-dimensional kernel in BO, termed as Deep Kernel (DK). The neural network of DK is trained using probe and image data acquired during the procedure. The two image quality estimators are proposed that use a deep convolution neural network and provide real-time feedback to the BO. We validated our framework using these two feedback functions on three urinary bladder phantoms. We obtained over 50% increase in sample efficiency for 6D control of the robotized probe. Furthermore, our results indicate that this performance enhancement in BO is independent of the specific training dataset, demonstrating inter-patient adaptability."
doi:10.1109/ismr57123.2023.10130200,10.1109/ismr57123.2023.10130200,Automatic Contact Force-regulated End-effector Using Pneumatic Actuator for Safe Robotic Ultrasound Imaging,2023,https://doi.org/10.1109/ismr57123.2023.10130200,Crossref; OpenAlex,10.1109/ismr57123.2023.10130200; https://openalex.org/W4378191988,multisource_preferred; openalex_legacy,Active observational sensing; 主动观察式检测,机器人超声; 机器人超声扫描,conference-paper,
doi:10.1109/ismr57123.2023.10130250,10.1109/ismr57123.2023.10130250,Robotic Optical Coherence Tomography of Human Subjects with Posture-Invariant Head and Eye Alignment in Six Degrees of Freedom.,2023,https://doi.org/10.1109/ismr57123.2023.10130250,Europe PMC; OpenAlex,MED/39092148; https://openalex.org/W4378191820,epmc_arxiv; multisource_preferred; openalex_legacy,Active observational sensing; 主动观察式检测,机器人OCT扫描,"[""research-article"", ""Journal Article""]","Ophthalmic optical coherence tomography (OCT) has achieved remarkable clinical success but remains sequestered in ophthalmology specialty offices. Recently introduced robotic OCT systems seek to expand patient access but fall short of their full potential due to significant imaging workspace and motion planning restrictions. Here, we present a next-generation robotic OCT system capable of imaging in any head orientation or posture that is mechanically reachable. This system overcomes prior restrictions by eliminating fixed-base tracking components, extending robot reach, and planning alignment in six degrees of freedom. With this robotic system, we show repeatable subject imaging independent of posture (standing, seated, reclined, and supine) under widely varying head orientations for multiple human subjects. For each subject, we obtained a consistent view of the retina, including the fovea, retinal vasculature, and edge of the optic nerve head. We believe this robotic approach can extend OCT as an eye disease screening, diagnosis, and monitoring tool to previously unreached patient populations."
doi:10.1109/ismr67322.2025.11025963,10.1109/ismr67322.2025.11025963,Mobile Robotic Optical Coherence Tomography System for Ophthalmic Imaging in Clinical Environments.,2025,https://doi.org/10.1109/ismr67322.2025.11025963,Europe PMC; OpenAlex,MED/40747362; https://openalex.org/W4411272469,epmc_arxiv; multisource_preferred; openalex_legacy,Active observational sensing; 主动观察式检测,机器人OCT扫描,"[""research-article"", ""Journal Article""]","Optical coherence tomography (OCT) is an indispensable imaging modality for the diagnosis and management of many common eye diseases. We previously presented a fixed-base robotic OCT system to enable automated imaging and alleviate the necessity for restricted patient posture required by traditional clinical OCT. To adapt our system to diverse clinic environments, we introduce a mobile robotic OCT system designed for imaging patients in diverse clinical configurations. Our system includes a robot arm, a vertical motorized lift, and a wheeled cart housing essential components for the entire system, and is equipped with real-time motion planning algorithms for head movement tracking and obstacle avoidance during imaging sessions. We validate the system's workspace through robot kinematics and clinical simulation, evaluate dynamic tracking accuracy in real world experiments, and demonstrate obstacle avoidance capability in both simulation and real world. These features will allow us to perform OCT imaging in real clinical settings in the near future."
doi:10.1109/ismr67322.2025.11025984,10.1109/ismr67322.2025.11025984,Deep Learning-Based Segmentation for Autonomous Robot-Assisted Tumor Localization using Ultrasound B-Mode and Strain Elastography Imaging,2025,https://doi.org/10.1109/ismr67322.2025.11025984,Crossref,10.1109/ismr67322.2025.11025984,multisource_preferred,Active observational sensing,机器人超声扫描,"[""proceedings-article""]",
doi:10.1109/jbhi.2024.3423791,10.1109/jbhi.2024.3423791,MonoLoT: Self-Supervised Monocular Depth Estimation in Low-Texture Scenes for Automatic Robotic Endoscopy.,2024,https://doi.org/10.1109/jbhi.2024.3423791,Europe PMC; OpenAlex,MED/38968011; https://openalex.org/W4400351747,epmc_arxiv; multisource_preferred; openalex_legacy,Active observational sensing; 主动观察式检测,内镜搜索/自主巡检; 机器人胃肠柔性内镜巡检,"[""Research Support, Non-U.S. Gov't"", ""Journal Article""]","The self-supervised monocular depth estimation framework is well-suited for medical images that lack ground-truth depth, such as those from digestive endoscopes, facilitating navigation and 3D reconstruction in the gastrointestinal tract. However, this framework faces several limitations, including poor performance in low-texture environments, limited generalisation to real-world datasets, and unclear applicability in downstream tasks like visual servoing. To tackle these challenges, we propose MonoLoT, a self-supervised monocular depth estimation framework featuring two key innovations: point matching loss and batch image shuffle. Extensive ablation studies on two publicly available datasets, namely C3VD and SimCol, have shown that methods enabled by MonoLoT achieve substantial improvements, with accuracies of 0.944 on C3VD and 0.959 on SimCol, surpassing both depth-supervised and self-supervised baselines on C3VD. Qualitative evaluations on real-world endoscopic data underscore the generalisation capabilities of our methods, outperforming both depth-supervised and self-supervised baselines. To demonstrate the feasibility of using monocular depth estimation for visual servoing, we have successfully integrated our method into a proof-of-concept robotic platform, enabling real-time automatic intervention and control in digestive endoscopy. In summary, our method represents a significant advancement in monocular depth estimation for digestive endoscopy, overcoming key challenges and opening promising avenues for medical applications."
doi:10.1109/jsen.2025.11235502,10.1109/jsen.2025.11235502,In vivo validation of Wireless Power Transfer System for Magnetically Controlled Robotic Capsule Endoscopy,2025,https://doi.org/10.1109/jsen.2025.11235502,arXiv,http://arxiv.org/abs/2503.12850v2,multisource_preferred,Active observational sensing,磁控/主动胶囊内镜巡检,"[""preprint""]","This paper presents the in vivo validation of an inductive wireless power transfer (WPT) system integrated for the first time into a magnetically controlled robotic capsule endoscopy platform. The proposed system enables continuous power delivery to the capsule without the need for onboard batteries, thus extending operational time and reducing size constraints. The WPT system operates through a resonant inductive coupling mechanism, based on a transmitting coil mounted on the end effector of a robotic arm that also houses an external permanent magnet and a localization coil for precise capsule manipulation. To ensure robust and stable power transmission in the presence of coil misalignment and rotation, a 3D receiving coil is integrated within the capsule. Additionally, a closed-loop adaptive control system, based on load-shift keying (LSK) modulation, dynamically adjusts the transmitted power to optimize efficiency while maintaining compliance with specific absorption rate (SAR) safety limits. The system has been extensively characterized in laboratory settings and validated through in vivo experiments using a porcine model, demonstrating reliable power transfer and effective robotic navigation in realistic gastrointestinal conditions: the average received power was 110 mW at a distance of 9 cm between the coils, with variable capsule rotation angles. The results confirm the feasibility of the proposed WPT approach for autonomous, battery-free robotic capsule endoscopy, paving the way for enhanced diagnostic in gastrointestinal medicine."
doi:10.1109/lra.2020.3003868,10.1109/lra.2020.3003868,Ultrasound-Guided Wireless Tubular Robotic Anchoring System.,2020,https://doi.org/10.1109/lra.2020.3003868,Europe PMC,MED/33880401,multisource_preferred,Active observational sensing,机器人超声扫描,"[""research-article"", ""Journal Article""]","Untethered miniature robots have significant poten-tial and promise in diverse minimally invasive medical applications inside the human body. For drug delivery and physical contra-ception applications inside tubular structures, it is desirable to have a miniature anchoring robot with self-locking mechanism at a target tubular region. Moreover, the behavior of this robot should be tracked and feedback-controlled by a medical imaging-based system. While such a system is unavailable, we report a reversible untethered anchoring robot design based on remote magnetic actuation. The current robot prototype's dimension is 7.5 mm in diameter, 17.8 mm in length, and made of soft polyurethane elastomer, photopolymer, and two tiny permanent magnets. Its relaxation and anchoring states can be maintained in a stable manner without supplying any control and actuation input. To control the robot's locomotion, we implement a two-dimensional (2D) ultrasound imaging-based tracking and control system, which automatically sweeps locally and updates the robot's position. With such a system, we demonstrate that the robot can be controlled to follow a pre-defined 1D path with the maximal position error of 0.53 ± 0.05 mm inside a tubular phantom, where the reversible anchoring could be achieved under the monitoring of ultrasound imaging."
doi:10.1109/lra.2021.3056033,10.1109/lra.2021.3056033,Towards Standardized Acquisition with a Dual-probe Ultrasound Robot for Fetal Imaging.,2021,https://doi.org/10.1109/lra.2021.3056033,Europe PMC,MED/33912664,epmc_arxiv; multisource_preferred,Active observational sensing; 主动观察式检测,机器人超声; 机器人超声扫描,"[""research-article"", ""Journal Article""]","Standardized acquisitions and diagnoses using robots and AI would potentially increase the general usability and reliability of medical ultrasound. Working towards this prospect, this paper presents the recent developments of a standardized acquisition workflow using a novel dual-probe ultrasound robot, for a project known as intelligent Fetal Imaging and Diagnosis (iFIND). The workflow includes an abdominal surface mapping step to obtain a non-parametric spline surface, a rule-based end-point calculation method to position each individual joint, and a motor synchronization method to achieve a smooth motion towards a target point. The design and implementation of the robot are first presented in this paper and the proposed workflow is then explained in detail with simulation and volunteer experiments performed and analyzed. The closed-form analytical solution to the specific motion planning problem has demonstrated a reliable performance controlling the robot to move towards the expected scanning areas and the calculated proximity of the robot to the surface shows that the robot maintains a safe distance while moving around the abdomen. The volunteer study has successfully demonstrated the reliable working and controllability of the robot in terms of acquiring desired ultrasound views. Our future work will focus on improving the motion planning, and on integrating the proposed standardized acquisition workflow with newly- developed ultrasound image processing methods to obtain diagnostic results in an accurate and consistent way."
doi:10.1109/lra.2021.3058870,10.1109/lra.2021.3058870,Fast Localization and Segmentation of Tissue Abnormalities by Autonomous Robotic Palpation,2021,https://doi.org/10.1109/lra.2021.3058870,Crossref; OpenAlex,10.1109/lra.2021.3058870; https://openalex.org/W3130510173,multisource_preferred; openalex_legacy,Response-based interactive diagnosis; 响应式交互检测,机器人触诊; 机器人触诊/肿块搜索,article,
doi:10.1109/lra.2021.3064283,10.1109/lra.2021.3064283,Towards Fully Autonomous Ultrasound Scanning Robot With Imitation Learning Based on Clinical Protocols,2021,https://doi.org/10.1109/lra.2021.3064283,Crossref; OpenAlex,10.1109/lra.2021.3064283; https://openalex.org/W3135545534,multisource_preferred; openalex_legacy,Active observational sensing; 主动观察式检测,机器人超声; 机器人超声扫描,article,
doi:10.1109/lra.2022.3146542,10.1109/lra.2022.3146542,RSV: Robotic Sonography for Thyroid Volumetry,2021,https://doi.org/10.1109/lra.2022.3146542,OpenAlex; arXiv,http://arxiv.org/abs/2112.06761v1; https://openalex.org/W4210703720,multisource_preferred; openalex_legacy,Active observational sensing; 主动观察式检测,机器人超声; 机器人超声扫描,"[""preprint""]","In nuclear medicine, radioiodine therapy is prescribed to treat diseases like hyperthyroidism. The calculation of the prescribed dose depends, amongst other factors, on the thyroid volume. This is currently estimated using conventional 2D ultrasound imaging. However, this modality is inherently user-dependant, resulting in high variability in volume estimations. To increase reproducibility and consistency, we uniquely combine a neural network-based segmentation with an automatic robotic ultrasound scanning for thyroid volumetry. The robotic acquisition is achieved by using a 6 DOF robotic arm with an attached ultrasound probe. Its movement is based on an online segmentation of each thyroid lobe and the appearance of the US image. During post-processing, the US images are segmented to obtain a volume estimation. In an ablation study, we demonstrated the superiority of the motion guidance algorithms for the robot arm movement compared to a naive linear motion, executed by the robot in terms of volumetric accuracy. In a user study on a phantom, we compared conventional 2D ultrasound measurements with our robotic system. The mean volume measurement error of ultrasound expert users could be significantly decreased from 20.85+/-16.10% to only 8.23+/-3.10% compared to the ground truth. This tendency was observed even more in non-expert users where the mean error improvement with the robotic system was measured to be as high as $85\%$ which clearly shows the advantages of the robotic support."
doi:10.1109/lra.2022.3170209,10.1109/lra.2022.3170209,Medical Ultrasound Image Quality Assessment for Autonomous Robotic Screening,2022,https://doi.org/10.1109/lra.2022.3170209,Crossref; OpenAlex,10.1109/lra.2022.3170209; https://openalex.org/W4226514657,multisource_preferred; openalex_legacy,Active observational sensing; 主动观察式检测,机器人超声; 机器人超声扫描,article,
doi:10.1109/lra.2022.3218183,10.1109/lra.2022.3218183,A-SEE: Active-Sensing End-effector Enabled Probe Self-Normal-Positioning for Robotic Ultrasound Imaging Applications.,2022,https://doi.org/10.1109/lra.2022.3218183,Europe PMC; OpenAlex,MED/37325198; https://openalex.org/W4309326651,epmc_arxiv; multisource_preferred; openalex_legacy,Active observational sensing; 主动观察式检测,机器人超声; 机器人超声扫描,"[""research-article"", ""Journal Article""]","Conventional manual ultrasound (US) imaging is a physically demanding procedure for sonographers. A robotic US system (RUSS) has the potential to overcome this limitation by automating and standardizing the imaging procedure. It also extends ultrasound accessibility in resource-limited environments with the shortage of human operators by enabling remote diagnosis. During imaging, keeping the US probe normal to the skin surface largely benefits the US image quality. However, an autonomous, real-time, low-cost method to align the probe towards the direction orthogonal to the skin surface without pre-operative information is absent in RUSS. We propose a novel end-effector design to achieve self-normal-positioning of the US probe. The end-effector embeds four laser distance sensors to estimate the desired rotation towards the normal direction. We then integrate the proposed end-effector with a RUSS system which allows the probe to be automatically and dynamically kept to normal direction during US imaging. We evaluated the normal positioning accuracy and the US image quality using a flat surface phantom, an upper torso mannequin, and a lung ultrasound phantom. Results show that the normal positioning accuracy is 4.17 ± 2.24 degrees on the flat surface and 14.67 ± 8.46 degrees on the mannequin. The quality of the RUSS collected US images from the lung ultrasound phantom was equivalent to that of the manually collected ones."
doi:10.1109/lra.2023.3237499,10.1109/lra.2023.3237499,Autonomous Robotic System for Breast Biopsy With Deformation Compensation,2023,https://doi.org/10.1109/lra.2023.3237499,Crossref,10.1109/lra.2023.3237499,multisource_preferred,Sample-based interactive diagnosis,机器人经皮/芯针活检,"[""journal-article""]",
doi:10.1109/lra.2025.3554104,10.1109/lra.2025.3554104,"A Real-Time, Semi-Autonomous Navigation Platform for Soft Robotic Bronchoscopy.",2025,https://doi.org/10.1109/lra.2025.3554104,Europe PMC; OpenAlex,MED/40969572; https://openalex.org/W4408859577,epmc_arxiv; multisource_preferred; openalex_legacy,Active observational sensing; 主动观察式检测,内镜搜索/自主巡检; 机器人支气管镜搜索/导航,"[""research-article"", ""Journal Article""]","Navigating through the peripheral lung branches poses a significant challenge in diagnosing lesions during bronchoscopy. Soft robots are well-suited to address current limitations in bronchoscopy due to their scale, dexterity, and adaptability. In this paper, we propose a real-time, semi-autonomous navigation platform that leverages a soft continuum robot with an outer diameter of 2.5 mm for tip steering and a UR5e robot arm for insertion, translation, and rotation. Closed-loop feedback is provided via on-board visualization and electromagnetic tracking. Steering capability and workspace are characterized to demonstrate sufficient robot tip dexterity. A driving algorithm combined with a YOLO-based computer vision algorithm is developed to enable the robot to steer toward the target branch along preplanned paths. Multiple successful navigational experiments were performed within an in-vitro lung phantom to validate the proposed platform. The scale of the robot allows for successful navigation deep into the smaller, peripheral branches of the lung (6th generation) and exits the lung phantom, demonstrating the ability to reach the lung periphery with an average error at the target location of 1.1 mm."
doi:10.1109/lra.2025.3555865,10.1109/lra.2025.3555865,Tissue-View Map for Robotic Carotid Artery Ultrasound Scanning Using Reinforcement Learning,2025,https://doi.org/10.1109/lra.2025.3555865,Crossref; OpenAlex,10.1109/lra.2025.3555865; https://openalex.org/W4409014132,multisource_preferred; openalex_legacy,Active observational sensing; 主动观察式检测,机器人超声; 机器人超声扫描,article,
doi:10.1109/lra.2025.3604746,10.1109/lra.2025.3604746,Smooth Path Planning and Dynamic Contact Force Regulation for Robotic Ultrasound Scanning,2025,https://doi.org/10.1109/lra.2025.3604746,Crossref; OpenAlex,10.1109/lra.2025.3604746; https://openalex.org/W4413925431,multisource_preferred; openalex_legacy,Active observational sensing; 主动观察式检测,机器人超声; 机器人超声扫描,article,
doi:10.1109/lra.2026.3665067,10.1109/lra.2026.3665067,Real-Time Coverage Path Planning for Bone-Aware Robotic Ultrasound Scanning,2026,https://doi.org/10.1109/lra.2026.3665067,Crossref; OpenAlex,10.1109/lra.2026.3665067; https://openalex.org/W7129112580,multisource_preferred; openalex_legacy,Active observational sensing; 主动观察式检测,机器人超声; 机器人超声扫描,article,
doi:10.1109/mra.2016.2580478,10.1109/mra.2016.2580478,"Robotic Ultrasound: View Planning, Tracking, and Automatic Acquisition of Transesophageal Echocardiography",2016,https://doi.org/10.1109/mra.2016.2580478,Crossref; OpenAlex,10.1109/mra.2016.2580478; https://openalex.org/W2555681516,multisource_preferred; openalex_legacy,Active observational sensing; 主动观察式检测,机器人超声; 机器人超声扫描,article,
doi:10.1109/ro-man60168.2024.10731427,10.1109/ro-man60168.2024.10731427,"Trust, Safety and Efficacy of Autonomous Robotic Ultrasound Vascular Imaging Collection on Human Subjects",2024,https://doi.org/10.1109/ro-man60168.2024.10731427,Crossref; OpenAlex,10.1109/ro-man60168.2024.10731427; https://openalex.org/W4403919852,multisource_preferred; openalex_legacy,Active observational sensing; 主动观察式检测,机器人超声; 机器人超声扫描,conference-paper,
doi:10.1109/robio.2013.6739561,10.1109/robio.2013.6739561,Development of robotic system for autonomous liver screening using ultrasound scanning device,2013,https://doi.org/10.1109/robio.2013.6739561,Crossref,10.1109/robio.2013.6739561,multisource_preferred,Active observational sensing,机器人超声扫描,"[""proceedings-article""]",
doi:10.1109/robio54168.2021.9739464,10.1109/robio54168.2021.9739464,Learning Robotic Ultrasound Scanning Skills via Human Demonstrations and Guided Explorations,2021,https://doi.org/10.1109/robio54168.2021.9739464,OpenAlex; arXiv,http://arxiv.org/abs/2111.01625v1; https://openalex.org/W3211330821,epmc_arxiv; multisource_preferred; openalex_legacy,Active observational sensing; 主动观察式检测,机器人超声; 机器人超声扫描,"[""preprint""]","Medical ultrasound has become a routine examination approach nowadays and is widely adopted for different medical applications, so it is desired to have a robotic ultrasound system to perform the ultrasound scanning autonomously. However, the ultrasound scanning skill is considerably complex, which highly depends on the experience of the ultrasound physician. In this paper, we propose a learning-based approach to learn the robotic ultrasound scanning skills from human demonstrations. First, the robotic ultrasound scanning skill is encapsulated into a high-dimensional multi-modal model, which takes the ultrasound images, the pose/position of the probe and the contact force into account. Second, we leverage the power of imitation learning to train the multi-modal model with the training data collected from the demonstrations of experienced ultrasound physicians. Finally, a post-optimization procedure with guided explorations is proposed to further improve the performance of the learned model. Robotic experiments are conducted to validate the advantages of our proposed framework and the learned models."
doi:10.1109/robio55434.2022.10012022,10.1109/robio55434.2022.10012022,Autonomous tumor palpation and resection path planning using tactile array sensor and deep reinforcement learning for surgical robot,2022,https://doi.org/10.1109/robio55434.2022.10012022,Crossref,10.1109/robio55434.2022.10012022,multisource_preferred,Response-based interactive diagnosis,机器人触诊/肿块搜索,"[""proceedings-article""]",
doi:10.1109/robio64047.2024.10907531,10.1109/robio64047.2024.10907531,Autonomous In-Plane Normal Positioning in Robotic Ultrasound Scanning,2024,https://doi.org/10.1109/robio64047.2024.10907531,Crossref; OpenAlex,10.1109/robio64047.2024.10907531; https://openalex.org/W4408223393,multisource_preferred; openalex_legacy,Active observational sensing; 主动观察式检测,机器人超声; 机器人超声扫描,conference-paper,
doi:10.1109/tase.2020.2978881,10.1109/tase.2020.2978881,Depth Estimation of Hard Inclusions in Soft Tissue by Autonomous Robotic Palpation Using Deep Recurrent Neural Network,2020,https://doi.org/10.1109/tase.2020.2978881,Crossref; OpenAlex,10.1109/tase.2020.2978881; https://openalex.org/W3012355143,multisource_preferred; openalex_legacy,Response-based interactive diagnosis; 响应式交互检测,机器人触诊; 机器人触诊/肿块搜索,article,
doi:10.1109/tase.2022.3189339,10.1109/tase.2022.3189339,A Flexible and Fully Autonomous Breast Ultrasound Scanning System,2022,https://doi.org/10.1109/tase.2022.3189339,Crossref; OpenAlex,10.1109/tase.2022.3189339; https://openalex.org/W4285505126,multisource_preferred; openalex_legacy,Active observational sensing; 主动观察式检测,机器人超声; 机器人超声扫描,article,
doi:10.1109/tase.2023.3282974,10.1109/tase.2023.3282974,Task Space Compliant Control and Six-Dimensional Force Regulation Toward Automated Robotic Ultrasound Imaging,2023,https://doi.org/10.1109/tase.2023.3282974,Crossref; OpenAlex,10.1109/tase.2023.3282974; https://openalex.org/W4380318419,multisource_preferred; openalex_legacy,Active observational sensing; 主动观察式检测,机器人超声; 机器人超声扫描,article,
doi:10.1109/tase.2024.3411784,10.1109/tase.2024.3411784,Class-Aware Cartilage Segmentation for Autonomous US-CT Registration in Robotic Intercostal Ultrasound Imaging,2025,https://doi.org/10.1109/tase.2024.3411784,Crossref,10.1109/tase.2024.3411784,multisource_preferred,Active observational sensing,机器人超声扫描,"[""journal-article""]",
doi:10.1109/tase.2026.3684122,10.1109/tase.2026.3684122,Path Generation and Stable Interaction Control for Autonomous Robotic Breast Ultrasound Scanning,2026,https://doi.org/10.1109/tase.2026.3684122,Crossref,10.1109/tase.2026.3684122,multisource_preferred,Active observational sensing,机器人超声扫描,"[""journal-article""]",
doi:10.1109/tbme.2020.3043388,10.1109/tbme.2020.3043388,Enabling Autonomous Colonoscopy Intervention Using a Robotic Endoscope Platform.,2021,https://doi.org/10.1109/tbme.2020.3043388,Europe PMC,MED/33296299,multisource_preferred,Active observational sensing,机器人胃肠柔性内镜巡检,"[""Research Support, Non-U.S. Gov't"", ""Research Support, U.S. Gov't, Non-P.H.S."", ""Journal Article""]","Objective Robotic endoscopes have the potential to dramatically improve endoscopy procedures, however current attempts remain limited due to mobility and sensing challenges and have yet to offer the full capabilities of traditional tools. Endoscopic intervention (e.g., biopsy) for robotic systems remains an understudied problem and must be addressed prior to clinical adoption. This paper presents an autonomous intervention technique onboard a Robotic Endoscope Platform (REP) using endoscopy forceps, an auto-feeding mechanism, and positional feedback. Methods A workspace model is established for estimating tool position while a Structure from Motion (SfM) approach is used for target-polyp position estimation with the onboard camera and positional sensor. Utilizing this data, a visual system for controlling the REP position and forceps extension is developed and tested within multiple anatomical environments. Results The workspace model demonstrates accuracy of 5.5% while the target-polyp estimates are within 5 mm of absolute error. This successful experiment requires only 15 seconds once the polyp has been located, with a success rate of 43% using a 1 cm polyp, 67% for a 2 cm polyp, and 81% for a 3 cm polyp. Conclusion Workspace modeling and visual sensing techniques allow for autonomous endoscopic intervention and demonstrate the potential for similar strategies to be used onboard mobile robotic endoscopic devices. Significance To the authors' knowledge this is the first attempt at automating the task of colonoscopy intervention onboard a mobile robot. While the REP is not sized for actual procedures, these techniques are translatable to devices suitable for in vivo application."
doi:10.1109/tbme.2021.3054413,10.1109/tbme.2021.3054413,Autonomic Robotic Ultrasound Imaging System Based on Reinforcement Learning.,2021,https://doi.org/10.1109/tbme.2021.3054413,Europe PMC; OpenAlex,MED/33497322; https://openalex.org/W3125472763,epmc_arxiv; multisource_preferred; openalex_legacy,Active observational sensing; 主动观察式检测,机器人超声; 机器人超声扫描,"[""Journal Article""]","Objective In this paper, we introduce an autonomous robotic ultrasound (US) imaging system based on reinforcement learning (RL). The proposed system and framework are committed to controlling the US probe to perform fully autonomous imaging of a soft, moving and marker-less target based only on single RGB images of the scene. Methods We propose several different approaches and methods to achieve the following objectives: real-time US probe controlling, soft surface constant force tracking and automatic imaging. First, to express the state of the robotic US imaging task, we proposed a state representation model to reduce the dimensionality of the imaging state and encode the force and US information into the scene image space. Then, an RL agent is trained by a policy gradient theorem based RL model with the single RGB image as the only observation. To achieve adaptable constant force tracking between the US probe and the soft moving target, we propose a force-to-displacement control method based on an admittance controller. Results In the simulation experiment, we verified the feasibility of the integrated method. Furthermore, we evaluated the proposed force-to-displacement method to demonstrate the safety and effectiveness of adaptable constant force tracking. Finally, we conducted phantom and volunteer experiments to verify the feasibility of the method on a real system. Conclusion The experiments indicated that our approaches were stable and feasible in the autonomic and accurate control of the US probe. Significance The proposed system has potential application value in the image-guided surgery and robotic surgery."
doi:10.1109/tbme.2023.3279114,10.1109/tbme.2023.3279114,Autonomous Robotic Ultrasound Vascular Imaging System With Decoupled Control Strategy for External-Vision-Free Environments.,2023,https://doi.org/10.1109/tbme.2023.3279114,Europe PMC; OpenAlex,MED/37227912; https://openalex.org/W4378195137,epmc_arxiv; multisource_preferred; openalex_legacy,Active observational sensing; 主动观察式检测,机器人超声; 机器人超声扫描,"[""Research Support, Non-U.S. Gov't"", ""Journal Article""]","Objective Ultrasound (US) probes scan over the surface of the human body to acquire US images in clinical vascular US diagnosis. However, due to the deformation and specificity of different human surfaces, the relationship between the scan trajectory of the skin and the internal tissues is not fully correlated, which poses a challenge for autonomous robotic US imaging in a dynamic and external-vision-free environment. Here, we propose a decoupled control strategy for autonomous robotic vascular US imaging in an environment without external vision. Methods The proposed system is divided into outer-loop posture control and inner-loop orientation control, which are separately determined by a deep learning (DL) agent and a reinforcement learning (RL) agent. First, we use a weakly supervised US vessel segmentation network to estimate the probe orientation. In the outer loop control, we use a force-guided reinforcement learning agent to maintain a specific angle between the US probe and the skin in the dynamic imaging processes. Finally, the orientation and the posture are integrated to complete the imaging process. Results Evaluation experiments on several volunteers showed that our RUS could autonomously perform vascular imaging in arms with different stiffness, curvature, and size without additional system adjustments. Furthermore, our system achieved reproducible imaging and reconstruction of dynamic targets without relying on vision-based surface information. Conclusion and significance Our system and control strategy provides a novel framework for the application of US robots in complex and external-vision-free environments."
doi:10.1109/tbme.2024.3357293,10.1109/tbme.2024.3357293,A Minimally Invasive Robotic Tissue Palpation Device.,2024,https://doi.org/10.1109/tbme.2024.3357293,Europe PMC; OpenAlex,MED/38261510; https://openalex.org/W4391128973,epmc_arxiv; multisource_preferred; openalex_legacy,Response-based interactive diagnosis; 响应式交互检测,机器人触诊; 机器人触诊/肿块搜索,"[""Research Support, Non-U.S. Gov't"", ""research-article"", ""Research Support, U.S. Gov't, Non-P.H.S."", ""Journal Article"", ""Research Support, N.I.H., Extramural""]","Objective Robot-assisted minimally invasive surgery remains limited by the absence of haptic feedback, which surgeons routinely rely on to assess tissue stiffness. This limitation hinders surgeons' ability to identify and treat abnormal tissues, such as tumors, during robotic surgery. Methods To address this challenge, we developed a robotic tissue palpation device capable of rapidly and non-invasively quantifying the stiffness of soft tissues, allowing surgeons to make objective and data-driven decisions during minimally invasive procedures. We evaluated the effectiveness of our device by measuring the stiffness of phantoms as well as lung, heart, liver, and skin tissues obtained from both rats and swine. Results Results demonstrated that our device can accurately determine tissue stiffness and identify tumor mimics. Specifically, in swine lung, we determined elastic modulus (E) values of 9.1 ± 2.3, 16.8 ± 1.8, and 26.0 ± 3.6 kPa under different internal pressure of the lungs (PIP) of 2, 25, and 45 cmH 2 O, respectively. Using our device, we successfully located a 2-cm tumor mimic embedded at a depth of 5 mm in the lung subpleural region. Additionally, we measured E values of 33.0 ± 5.4, 19.2 ± 2.2, 33.5 ± 8.2, and 22.6 ± 6.0 kPa for swine heart, liver, abdominal skin, and muscle, respectively, which closely matched existing literature data. Conclusion/significance Results suggest that our robotic palpation device can be utilized during surgery, either as a stand-alone or additional tool integrated into existing robotic surgical systems, to enhance treatment outcomes by enabling accurate intraoperative identification of abnormal tissue."
doi:10.1109/tbme.2024.3401681,10.1109/tbme.2024.3401681,Hybrid Hydrogel-Magnet Actuated Capsule for Automatic Gut Microbiome Sampling,2024,https://doi.org/10.1109/tbme.2024.3401681,Crossref,10.1109/tbme.2024.3401681,multisource_preferred,Sample-based interactive diagnosis,胶囊机器人组织采样/活检,"[""journal-article""]",
doi:10.1109/tbme.2025.3634552,10.1109/tbme.2025.3634552,Quasi-static Elastography-driven Automated Robotic Ultrasound Screening and Localization.,2025,https://doi.org/10.1109/tbme.2025.3634552,Europe PMC; OpenAlex,MED/41359732; https://openalex.org/W4417131675,epmc_arxiv; multisource_preferred; openalex_legacy,Active observational sensing; 主动观察式检测,机器人超声; 机器人超声扫描,"[""Journal Article""]","Robotic ultrasound imaging systems primarily focus on enhancing automation in grayscale image acquisition but lack essential functional information, which restricts their clinical effectiveness and efficiency. In this regard, we propose a novel robotic ultrasound system capable of automatically screening and anomaly localization using quasi-static elastography (QE). For continuous screening, a compliant force control strategy is devised to manage the complex probe operations required for elasticity data acquisition. This involves the integration of adaptive out-of-plane posture control and in-plane palpation motion control. For anomaly localization, tissue strains are analyzed using multi-source motion data. We introduce an unsupervised tissue displacement estimation method, complemented by a strain estimator with multi-frame fusion for robust strain estimation. A 3D strain map is reconstructed to enable closed-loop control for automated robotic localization. The system has been validated through extensive experiments on two realistic phantoms and tested on human subjects. Results demonstrate that our system can perform robotic QE-based screening across subjects with varying surface conditions and lesion depths, showing improved efficiency and adaptability compared to existing systems. It achieves satisfactory accuracy in strain-based anomaly localization, with a detection rate of 0.77 and an average localization error of 1.01±0.47 mm for the abdominal phantom, and 0.73 and 3.44±0.84 mm for the more challenging thyroid phantom. By identifying and localizing suspicious anomalies in 3D space, the proposed system shows promise in providing preliminary dia."
doi:10.1109/tie.2016.2557306,10.1109/tie.2016.2557306,"Adaptive Kinematic Control of a Robotic Venipuncture Device Based on Stereo Vision, Ultrasound, and Force Guidance.",2017,https://doi.org/10.1109/tie.2016.2557306,Europe PMC; OpenAlex,MED/28111492; https://openalex.org/W2338895756,epmc_arxiv; multisource_preferred; openalex_legacy,Sample-based interactive diagnosis; 采样式交互检测,机器人采血/静脉穿刺; 机器人静脉穿刺/采血,"[""research-article"", ""Journal Article""]","Robotic systems have slowly entered the realm of modern medicine; however, outside the operating room, medical robotics has yet to be translated to more routine interventions such as blood sampling or intravenous fluid delivery. In this paper, we present a medical robot that safely and rapidly cannulates peripheral blood vessels-a procedure commonly known as venipuncture. The device uses near-infrared and ultrasound imaging to scan and select suitable injection sites, and a 9-DOF robot to insert the needle into the center of the vessel based on image and force guidance. We first present the system design and visual servoing scheme of the latest generation robot, and then evaluate the performance of the device through workspace simulations and free-space positioning tests. Finally, we perform a series of motion tracking experiments using stereo vision, ultrasound, and force sensing to guide the position and orientation of the needle tip. Positioning experiments indicate sub-millimeter accuracy and repeatability over the operating workspace of the system, while tracking studies demonstrate real-time needle servoing in response to moving targets. Lastly, robotic phantom cannulations demonstrate the use of multiple system states to confirm that the needle has reached the center of the vessel."
doi:10.1109/tie.2020.3036215,10.1109/tie.2020.3036215,Automatic Force-Based Probe Positioning for Precise Robotic Ultrasound Acquisition,2020,https://doi.org/10.1109/tie.2020.3036215,Crossref; OpenAlex,10.1109/tie.2020.3036215; https://openalex.org/W3098362553,multisource_preferred; openalex_legacy,Active observational sensing; 主动观察式检测,机器人超声; 机器人超声扫描,article,
doi:10.1109/tie.2021.3095787,10.1109/tie.2021.3095787,Autonomous Robotic Screening of Tubular Structures Based Only on Real-Time Ultrasound Imaging Feedback,2022,https://doi.org/10.1109/tie.2021.3095787,Crossref,10.1109/tie.2021.3095787,multisource_preferred,Active observational sensing,机器人超声扫描,"[""journal-article""]",
doi:10.1109/tie.2022.3220864,10.1109/tie.2022.3220864,SAPM: Self-Adaptive Parallel Manipulator with Pose and Force Adjustment for Robotic Ultrasonography.,2023,https://doi.org/10.1109/tie.2022.3220864,Europe PMC,MED/37323755,multisource_preferred,Active observational sensing,机器人超声扫描,"[""research-article"", ""Journal Article""]","Robotic ultrasonography potentially acts as an essential aid to medical diagnosis. To overcome the limitations in robotic ultrasonography, in this paper, we proposed a novel self-adaptive parallel manipulator (SAPM) that can automatically adjust the ultrasound (US) probe pose to adapt to various contours of scanned areas, provide approximate constant operating forces/torques, achieve mechanical measurement, and cushion undesired produced forces. A novel parallel adjustment mechanism is proposed to attain automatic pose adjustment with 3 degrees of freedom (DOFs). This mechanism enables the US probe to adapt to different scanned areas and to perform the scanning with approximate constant forces and torques. Besides, we present a mechanical measurement and safety protection method that can be integrated into the SAPM and used as operation status monitoring and early warning during scanning procedures by capturing operating forces and torques. Experiments were carried out to calibrate the measurement and buffer units and evaluate the performance of the SAPM. Experimental results show the ability of the SAPM to provide 3-DoFs motion and operating force/torque measurement and automatically adjust the US probe pose to capture US images of equally good quality compared to a manual sonographer scan. Moreover, it has characteristics similar to soft robots that could significantly improve operation safety, and could be extended to some other engineering or medical applications."
doi:10.1109/tii.2018.2871864,10.1109/tii.2018.2871864,Robotic Arm Based Automatic Ultrasound Scanning for Three-Dimensional Imaging,2018,https://doi.org/10.1109/tii.2018.2871864,Crossref; OpenAlex,10.1109/tii.2018.2871864; https://openalex.org/W2893379190,multisource_preferred; openalex_legacy,Active observational sensing; 主动观察式检测,机器人超声; 机器人超声扫描,article,
doi:10.1109/tim.2021.3085110,10.1109/tim.2021.3085110,Automatic 3-D Imaging and Measurement of Human Spines With a Robotic Ultrasound System,2021,https://doi.org/10.1109/tim.2021.3085110,Crossref; OpenAlex,10.1109/tim.2021.3085110; https://openalex.org/W3171622331,multisource_preferred; openalex_legacy,Active observational sensing; 主动观察式检测,机器人超声; 机器人超声扫描,article,
doi:10.1109/tim.2022.3200360,10.1109/tim.2022.3200360,Precise Repositioning of Robotic Ultrasound: Improving Registration-based Motion Compensation using Ultrasound Confidence Optimization,2022,https://doi.org/10.1109/tim.2022.3200360,OpenAlex; arXiv,http://arxiv.org/abs/2208.05383v2; https://openalex.org/W4292793935,multisource_preferred; openalex_legacy,Active observational sensing; 主动观察式检测,机器人超声; 机器人超声扫描,"[""preprint""]","Robotic ultrasound (US) imaging has been seen as a promising solution to overcome the limitations of free-hand US examinations, i.e., inter-operator variability. However, the fact that robotic US systems cannot react to subject movements during scans limits their clinical acceptance. Regarding human sonographers, they often react to patient movements by repositioning the probe or even restarting the acquisition, in particular for the scans of anatomies with long structures like limb arteries. To realize this characteristic, we proposed a vision-based system to monitor the subject's movement and automatically update the scan trajectory thus seamlessly obtaining a complete 3D image of the target anatomy. The motion monitoring module is developed using the segmented object masks from RGB images. Once the subject is moved, the robot will stop and recompute a suitable trajectory by registering the surface point clouds of the object obtained before and after the movement using the iterative closest point algorithm. Afterward, to ensure optimal contact conditions after repositioning US probe, a confidence-based fine-tuning process is used to avoid potential gaps between the probe and contact surface. Finally, the whole system is validated on a human-like arm phantom with an uneven surface, while the object segmentation network is also validated on volunteers. The results demonstrate that the presented system can react to object movements and reliably provide accurate 3D images."
doi:10.1109/tim.2023.3239925,10.1109/tim.2023.3239925,A Novel Ultrasound Robot with Force/torque Measurement and Control for Safe and Efficient Scanning.,2023,https://doi.org/10.1109/tim.2023.3239925,Europe PMC,MED/37323850,epmc_arxiv; multisource_preferred,Active observational sensing; 主动观察式检测,机器人超声; 机器人超声扫描,"[""research-article"", ""Journal Article""]","Medical ultrasound is of increasing importance in medical diagnosis and intraoperative assistance and possesses great potential advantages when integrated with robotics. However, some concerns, including the operation efficiency, operation safety, image quality, and comfort of patients, remain after introducing robotics into medical ultrasound. In this paper, an ultrasound robot integrating a force control mechanism, force/torque measurement mechanism, and online adjustment method, is proposed to overcome the current limitations. The ultrasound robot can measure operating forces and torques, provide adjustable constant operating forces, eliminate great operating forces introduced by accidental operations, and achieve various scanning depths based on clinical requirements. The proposed ultrasound robot would potentially facilitate sonographers to find the targets quickly, improve operation safety and efficiency, and decrease patients' discomfort. Simulations and experiments were carried out to evaluate the performance of the ultrasound robot. Experimental results show that the proposed ultrasound robot is able to detect operating force in the z-direction and torques around the x- and y- directions with errors of 3.53% F.S., 6.68% F.S., and 6.11% F.S., respectively, maintain the constant operating force with errors of less than 0.57N, and achieve various scanning depths for target searching and imaging. This proposed ultrasound robot has good performance and would potentially be used in medical ultrasound."
doi:10.1109/tim.2024.3353836,10.1109/tim.2024.3353836,Robot-Assisted Autonomous Ultrasound Imaging for Carotid Artery,2024,https://doi.org/10.1109/tim.2024.3353836,Crossref; OpenAlex,10.1109/tim.2024.3353836; https://openalex.org/W4390873692,multisource_preferred; openalex_legacy,Active observational sensing; 主动观察式检测,机器人超声; 机器人超声扫描,article,
doi:10.1109/tim.2024.3400342,10.1109/tim.2024.3400342,A Portable Robot-Assisted Device With Built-In Intelligence for Autonomous Ultrasound Acquisitions in Follow-Up Diagnosis,2024,https://doi.org/10.1109/tim.2024.3400342,Crossref; OpenAlex,10.1109/tim.2024.3400342; https://openalex.org/W4396877696,multisource_preferred; openalex_legacy,Active observational sensing; 主动观察式检测,机器人超声; 机器人超声扫描,article,
doi:10.1109/tim.2025.3561373,10.1109/tim.2025.3561373,An Autonomous Liver Biopsy Robotic System Under Respiratory Motion,2025,https://doi.org/10.1109/tim.2025.3561373,Crossref,10.1109/tim.2025.3561373,multisource_preferred,Sample-based interactive diagnosis,机器人经皮/芯针活检,"[""journal-article""]",
doi:10.1109/tmech.2025.3572571,10.1109/tmech.2025.3572571,An Efficient Deep Reinforcement Learning Approach for Autonomous Ultrasound Scanning Robot Based on Multimodal Sensing and Distance ProbSparse Self-Attention,2025,https://doi.org/10.1109/tmech.2025.3572571,Crossref; OpenAlex,10.1109/tmech.2025.3572571; https://openalex.org/W4411055431,multisource_preferred; openalex_legacy,Active observational sensing; 主动观察式检测,机器人超声; 机器人超声扫描,article,
doi:10.1109/tmech.2026.3691370,10.1109/tmech.2026.3691370,A Stiffness-Adaptive Visuo-Tactile Robotic Palpation System for Surface Texture Profiling and Deep Lesion Localization,2026,https://doi.org/10.1109/tmech.2026.3691370,Crossref,10.1109/tmech.2026.3691370,multisource_preferred,Response-based interactive diagnosis,机器人触诊/肿块搜索,"[""journal-article""]",
doi:10.1109/tmi.2025.3571392,10.1109/tmi.2025.3571392,Online 4D Ultrasound-Guided Robotic Tracking Enables 3D Ultrasound Localization Microscopy With Large Tissue Displacements.,2025,https://doi.org/10.1109/tmi.2025.3571392,Europe PMC,MED/40388268,multisource_preferred,Active observational sensing,机器人超声扫描,"[""research-article"", ""Journal Article""]","Super-Resolution Ultrasound (SRUS) imaging through localising and tracking microbubbles, also known as Ultrasound localization Microscopy (ULM), has demonstrated reconstruction of microvascular structure and flow with sub-diffraction resolution, and its potential in a range of clinical applications. However, imaging organs with large tissue movements, such as those caused by respiration, presents substantial challenges. Existing methods often require breath holding to maintain accumulation accuracy, which limits data acquisition time and ULM image saturation. To improve image quality in the presence of large tissue movements, this study introduces an approach integrating high-frame-rate volumetric ultrasound with online precise robotic probe control. Tested on a microvasculature phantom with slow but large translation motions, up to 5 mm/s in speed and 20 mm in distance- twice the aperture size of the matrix array used, our method achieved real-time tracking of the moving phantom and imaging volume rate at 85 Hz, keeping majority of the target volume in the imaging field of view. ULM images of the moving cross channels in the phantom were successfully reconstructed in post-processing, demonstrating the feasibility of super-resolution imaging under large tissue motions. This represents a significant step towards ULM imaging of organs with large motion."
doi:10.1109/tmrb.2020.3047154,10.1109/tmrb.2020.3047154,Robot-Assisted Semi-Autonomous Ultrasound Imaging With Tactile Sensing and Convolutional Neural-Networks,2020,https://doi.org/10.1109/tmrb.2020.3047154,Crossref; OpenAlex,10.1109/tmrb.2020.3047154; https://openalex.org/W3113980039,multisource_preferred; openalex_legacy,Active observational sensing; 主动观察式检测,机器人超声; 机器人超声扫描,article,
doi:10.1109/tmrb.2021.3127015,10.1109/tmrb.2021.3127015,Image-Guided Navigation of a Robotic Ultrasound Probe for Autonomous Spinal Sonography Using a Shadow-aware Dual-Agent Framework,2021,https://doi.org/10.1109/tmrb.2021.3127015,OpenAlex; arXiv,http://arxiv.org/abs/2111.02167v2; https://openalex.org/W3209068503; https://openalex.org/W3213118596,epmc_arxiv; multisource_preferred; openalex_legacy,Active observational sensing; 主动观察式检测,机器人超声; 机器人超声扫描,"[""preprint""]","Ultrasound (US) imaging is commonly used to assist in the diagnosis and interventions of spine diseases, while the standardized US acquisitions performed by manually operating the probe require substantial experience and training of sonographers. In this work, we propose a novel dual-agent framework that integrates a reinforcement learning (RL) agent and a deep learning (DL) agent to jointly determine the movement of the US probe based on the real-time US images, in order to mimic the decision-making process of an expert sonographer to achieve autonomous standard view acquisitions in spinal sonography. Moreover, inspired by the nature of US propagation and the characteristics of the spinal anatomy, we introduce a view-specific acoustic shadow reward to utilize the shadow information to implicitly guide the navigation of the probe toward different standard views of the spine. Our method is validated in both quantitative and qualitative experiments in a simulation environment built with US data acquired from 17 volunteers. The average navigation accuracy toward different standard views achieves 5.18mm/5.25deg and 12.87mm/17.49deg in the intra- and inter-subject settings, respectively. The results demonstrate that our method can effectively interpret the US images and navigate the probe to acquire multiple standard views of the spine."
doi:10.1109/tmrb.2024.3349623,10.1109/tmrb.2024.3349623,A Simultaneous Polyp and Lumen Detection Framework Toward Autonomous Robotic Colonoscopy,2024,https://doi.org/10.1109/tmrb.2024.3349623,Crossref; OpenAlex,10.1109/tmrb.2024.3349623; https://openalex.org/W4390576442,multisource_preferred; openalex_legacy,Active observational sensing; 主动观察式检测,内镜搜索/自主巡检; 机器人胃肠柔性内镜巡检,article,
doi:10.1109/tmrb.2024.3349626,10.1109/tmrb.2024.3349626,Towards Safe and Collaborative Robotic Ultrasound Tissue Scanning in Neurosurgery,2023,https://doi.org/10.1109/tmrb.2024.3349626,OpenAlex; arXiv,http://arxiv.org/abs/2312.08409v2; https://openalex.org/W4390576606,epmc_arxiv; multisource_preferred; openalex_legacy,Active observational sensing; 主动观察式检测,机器人超声; 机器人超声扫描,"[""preprint""]","Intraoperative ultrasound imaging is used to facilitate safe brain tumour resection. However, due to challenges with image interpretation and the physical scanning, this tool has yet to achieve widespread adoption in neurosurgery. In this paper, we introduce the components and workflow of a novel, versatile robotic platform for intraoperative ultrasound tissue scanning in neurosurgery. An RGB-D camera attached to the robotic arm allows for automatic object localisation with ArUco markers, and 3D surface reconstruction as a triangular mesh using the ImFusion Suite software solution. Impedance controlled guidance of the US probe along arbitrary surfaces, represented as a mesh, enables collaborative US scanning, i.e., autonomous, teleoperated and hands-on guided data acquisition. A preliminary experiment evaluates the suitability of the conceptual workflow and system components for probe landing on a custom-made soft-tissue phantom. Further assessment in future experiments will be necessary to prove the effectiveness of the presented platform."
doi:10.1109/tmrb.2024.3377360,10.1109/tmrb.2024.3377360,The LINGCAI-II System: A Sampling Robotic System for Autonomous Oropharyngeal Swab Sampling,2024,https://doi.org/10.1109/tmrb.2024.3377360,Crossref,10.1109/tmrb.2024.3377360,multisource_preferred,Sample-based interactive diagnosis,机器人拭子/腔道标本采集,"[""journal-article""]",
doi:10.1109/tmrb.2024.3464109,10.1109/tmrb.2024.3464109,Autonomous Robotic System for Carotid Artery Ultrasound Scanning With Visual Servo Navigation,2024,https://doi.org/10.1109/tmrb.2024.3464109,Crossref,10.1109/tmrb.2024.3464109,multisource_preferred,Active observational sensing,机器人超声扫描,"[""journal-article""]",
doi:10.1109/tmrb.2024.3464698,10.1109/tmrb.2024.3464698,Coaching a Robotic Sonographer: Learning Robotic Ultrasound with Sparse Expert's Feedback,2024,https://doi.org/10.1109/tmrb.2024.3464698,OpenAlex; arXiv,http://arxiv.org/abs/2409.02337v1; https://openalex.org/W4402673279,multisource_preferred; openalex_legacy,Active observational sensing; 主动观察式检测,机器人超声; 机器人超声扫描,"[""preprint""]","Ultrasound is widely employed for clinical intervention and diagnosis, due to its advantages of offering non-invasive, radiation-free, and real-time imaging. However, the accessibility of this dexterous procedure is limited due to the substantial training and expertise required of operators. The robotic ultrasound (RUS) offers a viable solution to address this limitation; nonetheless, achieving human-level proficiency remains challenging. Learning from demonstrations (LfD) methods have been explored in RUS, which learns the policy prior from a dataset of offline demonstrations to encode the mental model of the expert sonographer. However, active engagement of experts, i.e. Coaching, during the training of RUS has not been explored thus far. Coaching is known for enhancing efficiency and performance in human training. This paper proposes a coaching framework for RUS to amplify its performance. The framework combines DRL (self-supervised practice) with sparse expert's feedback through coaching. The DRL employs an off-policy Soft Actor-Critic (SAC) network, with a reward based on image quality rating. The coaching by experts is modeled as a Partially Observable Markov Decision Process (POMDP), which updates the policy parameters based on the correction by the expert. The validation study on phantoms showed that coaching increases the learning rate by $25\%$ and the number of high-quality image acquisition by $74.5\%$."
doi:10.1109/tmrb.2024.3472856,10.1109/tmrb.2024.3472856,Imitation Learning for Robotic Assisted Ultrasound Examination of Deep Venous Thrombosis using Kernelized Movement Primitives,2024,https://doi.org/10.1109/tmrb.2024.3472856,Crossref; OpenAlex; arXiv,10.1109/tmrb.2024.3472856; http://arxiv.org/abs/2407.08506v2; https://openalex.org/W4403094292,epmc_arxiv; multisource_preferred; openalex_legacy,Active observational sensing; 主动观察式检测,机器人超声; 机器人超声扫描,"[""preprint""]","Deep Vein Thrombosis (DVT) is a common yet potentially fatal condition, often leading to critical complications like pulmonary embolism. DVT is commonly diagnosed using Ultrasound (US) imaging, which can be inconsistent due to its high dependence on the operator's skill. Robotic US Systems (RUSs) aim to improve diagnostic test consistency but face challenges with the complex scanning pattern needed for DVT assessment, where precise control over US probe pressure is crucial for indirectly detecting occlusions. This work introduces an imitation learning method, based on Kernelized Movement Primitives (KMP), to standardize DVT US exams by training an autonomous robotic controller using sonographer demonstrations. A new recording device design enhances demonstration ergonomics, integrating with US probes and enabling seamless force and position data recording. KMPs are used to capture scanning skills, linking scan trajectory and force, enabling generalization beyond the demonstrations. Our approach, evaluated on synthetic models and volunteers, shows that the KMP-based RUS can replicate an expert's force control and image quality in DVT US examination. It outperforms previous methods using manually defined force profiles, improving exam standardization and reducing reliance on specialized sonographers."
doi:10.1109/tmrb.2025.3550667,10.1109/tmrb.2025.3550667,Robotic Eye-in-Hand Visual Servo Axially Aligning Nasopharyngeal Swabs With the Nasal Cavity,2025,https://doi.org/10.1109/tmrb.2025.3550667,Crossref,10.1109/tmrb.2025.3550667,multisource_preferred,Sample-based interactive diagnosis,机器人拭子/腔道标本采集,"[""journal-article""]",
doi:10.1109/tmrb.2025.3590471,10.1109/tmrb.2025.3590471,Echo-Robot: Semi-Autonomous Cardiac Ultrasound Image Acquisition Using AI and Robotics,2025,https://doi.org/10.1109/tmrb.2025.3590471,Crossref,10.1109/tmrb.2025.3590471,multisource_preferred,Active observational sensing,机器人超声扫描,"[""journal-article""]",
doi:10.1109/tmrb.2026.3681001,10.1109/tmrb.2026.3681001,Multimodal Cross-Attention Fusion of B-Mode Ultrasound and Strain Elastography for Tumor Segmentation in Robotics-Assisted Surgery.,2026,https://doi.org/10.1109/tmrb.2026.3681001,Europe PMC; OpenAlex,MED/42292980; https://openalex.org/W7150834546,multisource_preferred; openalex_legacy,Active observational sensing; 主动观察式检测,机器人超声; 机器人超声扫描,"[""research-article"", ""Journal Article""]","Robot-assisted minimally invasive surgery offers high precision and dexterity, opening up new possibilities for intraoperative imaging to improve tumor localization. B-mode ultrasound provides real-time anatomical views, while strain elastography (SE) adds tissue stiffness information. Used together, they provide complementary cues that help increase the accuracy of tumor localization by improving boundary detection. We present a robotics-integrated framework for autonomous ultrasound scanning and multimodal tumor segmentation. The system utilizes the da Vinci ® Classic surgical robot with the da Vinci ® Research Kit (dVRK) and a custom ultrasound transducer. It simultaneously acquires paired B-mode and SE images from silicone phantoms and ex vivo porcine livers. Our architecture extends the conventional U-Net by integrating dual encoders with cross-attention and selective fusion. Cross-attention allows one modality to refine the features of the other, while selective fusion balances their contributions. We performed experiments on a multimodal dataset to validate the effectiveness of the proposed method. Results indicate that our approach outperforms unimodal baselines and standard fusion methods across both segmentation and classification metrics. These findings suggest that multimodal cross-attention and selective fusion can improve tumor segmentation in ultrasound imaging. Ultimately, the goal is to use such advances to support intraoperative guidance for robot-assisted liver surgery."
doi:10.1109/tro.2015.2402531,10.1109/tro.2015.2402531,Methods to Segment Hard Inclusions in Soft Tissue During Autonomous Robotic Palpation,2015,https://doi.org/10.1109/tro.2015.2402531,Crossref; OpenAlex,10.1109/tro.2015.2402531; https://openalex.org/W1983309556,multisource_preferred; openalex_legacy,Response-based interactive diagnosis; 响应式交互检测,机器人触诊; 机器人触诊/肿块搜索,article,
doi:10.1109/tro.2015.2452776,10.1109/tro.2015.2452776,The System Design and Evaluation of a 7-DOF Image-Guided Venipuncture Robot.,2015,https://doi.org/10.1109/tro.2015.2452776,Europe PMC; OpenAlex,MED/26257588; https://openalex.org/W1499227246,epmc_arxiv; multisource_preferred; openalex_legacy,Sample-based interactive diagnosis; 采样式交互检测,机器人采血/静脉穿刺; 机器人静脉穿刺/采血,"[""research-article"", ""Journal Article""]","Accessing the venous bloodstream to deliver fluids or obtain a blood sample is the most common clinical routine practiced in the U.S. Practitioners continue to rely on manual venipuncture techniques, but success rates are heavily dependent on clinician skill and patient physiology. In the U.S., failure rates can be as high as 50% in difficult patients, making venipuncture the leading cause of medical injury. To improve the rate of first-stick success, we have developed a portable autonomous venipuncture device that robotically servos a needle into a suitable vein under image guidance. The device operates in real time, combining near-infrared and ultra-sound imaging, image analysis, and a 7-degree-of-freedom (DOF) robotic system to perform the venipuncture. The robot consists of a 3-DOF gantry to image the patient's peripheral forearm veins and a miniaturized 4-DOF serial arm to guide the cannula into the selected vein under closed-loop control. In this paper, we present the system architecture of the robot and evaluate the accuracy and precision through tracking, free-space positioning, and in vitro phantom cannulation experiments. The results demonstrate sub-millimeter accuracy throughout the operating workspace of the manipulator and a high rate of success when cannulating phantom veins in a skin-mimicking tissue model."
doi:10.1109/tro.2016.2522433,10.1109/tro.2016.2522433,Jacobian-Based Iterative Method for Magnetic Localization in Robotic Capsule Endoscopy.,2016,https://doi.org/10.1109/tro.2016.2522433,Europe PMC,MED/27087799,epmc_arxiv; multisource_preferred,Active observational sensing; 主动观察式检测,内镜搜索/自主巡检; 磁控/主动胶囊内镜巡检,"[""research-article"", ""Journal Article""]","The purpose of this study is to validate a Jacobian-based iterative method for real-time localization of magnetically controlled endoscopic capsules. The proposed approach applies finite-element solutions to the magnetic field problem and least-squares interpolations to obtain closed-form and fast estimates of the magnetic field. By defining a closed-form expression for the Jacobian of the magnetic field relative to changes in the capsule pose, we are able to obtain an iterative localization at a faster computational time when compared with prior works, without suffering from the inaccuracies stemming from dipole assumptions. This new algorithm can be used in conjunction with an absolute localization technique that provides initialization values at a slower refresh rate. The proposed approach was assessed via simulation and experimental trials, adopting a wireless capsule equipped with a permanent magnet, six magnetic field sensors, and an inertial measurement unit. The overall refresh rate, including sensor data acquisition and wireless communication was 7 ms, thus enabling closed-loop control strategies for magnetic manipulation running faster than 100 Hz. The average localization error, expressed in cylindrical coordinates was below 7 mm in both the radial and axial components and 5 ° in the azimuthal component. The average error for the capsule orientation angles, obtained by fusing gyroscope and inclinometer measurements, was below 5°."
doi:10.1109/tuffc.2015.2499084,10.1109/tuffc.2015.2499084,A Robotic Ultrasound Scanner for Automatic Vessel Tracking and Three-Dimensional Reconstruction of B-Mode Images.,2016,https://doi.org/10.1109/tuffc.2015.2499084,Europe PMC; OpenAlex,MED/26571522; https://openalex.org/W2215544116,epmc_arxiv; multisource_preferred; openalex_legacy,Active observational sensing; 主动观察式检测,机器人超声; 机器人超声扫描,"[""Research Support, Non-U.S. Gov't"", ""Journal Article""]","Locating and evaluating the length and severity of a stenosis is very important for planning adequate treatment of peripheral arterial disease (PAD). Conventional ultrasound (US) examination cannot provide maps of entire lower limb arteries in 3-D. We propose a prototype 3D-US robotic system with B-mode images, which is nonionizing, noninvasive, and is able to track and reconstruct a continuous segment of the lower limb arterial tree between the groin and the knee. From an initialized cross-sectional view of the vessel, automatic tracking was conducted followed by 3D-US reconstructions evaluated using Hausdorff distance, cross-sectional area, and stenosis severity in comparison with 3-D reconstructions with computed tomography angiography (CTA). A mean Hausdorff distance of 0.97 ± 0.46 mm was found in vitro for 3D-US compared with 3D-CTA vessel representations. To evaluate the stenosis severity in vitro, 3D-US reconstructions gave errors of 3%-6% when compared with designed dimensions of the phantom, which are comparable to 3D-CTA reconstructions, with 4%-13% errors. The in vivo system's feasibility to reconstruct a normal femoral artery segment of a volunteer was also investigated. These results encourage further ergonomic developments to increase the robot's capacity to represent lower limb vessels in the clinical context."
doi:10.1109/tuffc.2023.3263514,10.1109/tuffc.2023.3263514,Visual Perception and Convolutional Neural Network-Based Robotic Autonomous Lung Ultrasound Scanning Localization System,2023,https://doi.org/10.1109/tuffc.2023.3263514,Crossref,10.1109/tuffc.2023.3263514,multisource_preferred,Active observational sensing,机器人超声扫描,"[""journal-article""]",
doi:10.1109/tvcg.2025.3549181,10.1109/tvcg.2025.3549181,Enhancing Patient Acceptance of Robotic Ultrasound through Conversational Virtual Agent and Immersive Visualizations.,2025,https://doi.org/10.1109/tvcg.2025.3549181,Europe PMC; OpenAlex,MED/40053648; https://openalex.org/W4408235540,multisource_preferred; openalex_legacy,Active observational sensing; 主动观察式检测,机器人超声; 机器人超声扫描,"[""Research Support, Non-U.S. Gov't"", ""Journal Article""]","Robotic ultrasound systems have the potential to improve medical diagnostics, but patient acceptance remains a key challenge. To address this, we propose a novel system that combines an AI-based virtual agent, powered by a large language model (LLM), with three mixed reality visualizations aimed at enhancing patient comfort and trust. The LLM enables the virtual assistant to engage in natural, conversational dialogue with patients, answering questions in any format and offering real-time reassurance, creating a more intelligent and reliable interaction. The virtual assistant is animated as controlling the ultrasound probe, giving the impression that the robot is guided by the assistant. The first visualization employs augmented reality (AR), allowing patients to see the real world and the robot with the virtual avatar superimposed. The second visualization is an augmented virtuality (AV) environment, where the real-world body part being scanned is visible, while a 3D Gaussian Splatting reconstruction of the room, excluding the robot, forms the virtual environment. The third is a fully immersive virtual reality (VR) experience, featuring the same 3D reconstruction but entirely virtual, where the patient sees a virtual representation of their body being scanned in a robot-free environment. In this case, the virtual ultrasound probe, mirrors the movement of the probe controlled by the robot, creating a synchronized experience as it touches and moves over the patient's virtual body. We conducted a comprehensive agent-guided robotic ultrasound study with all participants, comparing these visualizations against a standard robotic ultrasound procedure. Results showed significant improvements in patient trust, acceptance, and comfort. Based on these findings, we offer insights into designing future mixed reality visualizations and virtual agents to further enhance patient comfort and acceptance in autonomous medical procedures."
doi:10.1109/wrcsara60131.2023.10261822,10.1109/wrcsara60131.2023.10261822,Towards Autonomous Robotic Ultrasound Scanning Using the Reinforcement Learning-Based Volumetric Data Navigation Method,2023,https://doi.org/10.1109/wrcsara60131.2023.10261822,Crossref; OpenAlex,10.1109/wrcsara60131.2023.10261822; https://openalex.org/W4387088707,multisource_preferred; openalex_legacy,Active observational sensing; 主动观察式检测,机器人超声; 机器人超声扫描,conference-paper,
doi:10.1109/wrcsara60131.2023.10261827,10.1109/wrcsara60131.2023.10261827,Towards Automated Ultrasound Scanning Using Vision-Based Navigation: From Physician Skill Learning to Robotic Reproduction,2023,https://doi.org/10.1109/wrcsara60131.2023.10261827,Crossref; OpenAlex,10.1109/wrcsara60131.2023.10261827; https://openalex.org/W4387088716,multisource_preferred; openalex_legacy,Active observational sensing; 主动观察式检测,机器人超声; 机器人超声扫描,conference-paper,
doi:10.1111/1751-2980.12718,10.1111/1751-2980.12718,Emerging next‐generation robotic colonoscopy systems towards painless colonoscopy,2019,https://doi.org/10.1111/1751-2980.12718,Crossref; OpenAlex,10.1111/1751-2980.12718; https://openalex.org/W2919053362,multisource_preferred; openalex_legacy,Active observational sensing; 主动观察式检测,内镜搜索/自主巡检; 机器人胃肠柔性内镜巡检,"[""journal-article""]","Advances in the field of robotics have allowed modern technology to be integrated into medicine and that can minimize patients suffering from the side effects that are inherent to procedures for improving their quality of life. Conventional devices that are used for colonoscopies are rigid and require a high level of expertise from endoscopists to perform the procedure. Advances in robot‐assisted colonoscopic systems now produce softer, more slender, automated designs that no longer require the operator to use forceful pushing to advance the colonoscope inside the colon, reducing risks to the patient of perforation and pain. It is challenging to reprocess these scopes for reuse as the materials used can be damaged during decontamination, leading to the possible risks of cross‐infection by pathogenic microorganisms when reused by patients. An ideal solution is to eliminate these contamination risks to patients by adopting sterile, single‐use scopes straight from the manufacturer's package to the patient. With this idea in mind, emerging developments that push the boundaries in this area will benefit patients and encourage the public to participate in and adhere better to colonoscopy screening to reduce the development of colorectal cancer. Thus, in light of these concerns and challenges, to encourage patients undergoing colorectal screening to comply with colonoscopy procedures that they are less invasive, changes in the design and materials are necessary. One of the more promising technological advances in this area is the advent of robotic colonoscopy."
doi:10.1111/den.13769,10.1111/den.13769,Current status of colon capsule endoscopy,2020,https://doi.org/10.1111/den.13769,Crossref,10.1111/den.13769,multisource_preferred,Active observational sensing,磁控/主动胶囊内镜巡检,"[""journal-article""]","While both the annual incidence and mortality of colorectal cancer are slowly but steadily decreasing in the United States, the incidence of such malignancy is increasing in Japan. Thus, controlling colorectal cancer in Japan is a major concern. In 2006, colon capsule endoscopy was first introduced by Eliakim et al . First‐generation colon capsule endoscopy had a moderate sensitivity for detecting polyps of more than 6 mm. Thus, second‐generation colon capsule endoscopy was developed to achieve higher sensitivity. Colonoscopy is the gold standard tool for colorectal cancer surveillance. With an improvement in the imaging function, the performance of second‐generation colon capsule endoscopy is almost as satisfactory as that of colonoscopy. Certain situations, such as incomplete colonoscopy and contraindication for use of sedation, can benefit from colon capsule endoscopy. Colon capsule endoscopy requires a more extensive bowel preparation than colonoscopy and computed tomography colonography because it requires laxatives not only for bowel cleansing but also for promoting the excretion of the capsule. Another problem with colon capsule endoscopy includes the burden of reading and interpretation and overlook of the lesions. Currently, the development of automatic diagnosis of colon capsule endoscopy using artificial intelligence is still under progress. Although the available guidelines do not support the use of colon capsule endoscopy for inflammatory bowel disease, the possible application of colon capsule endoscopy is ulcerative colitis. This review article summarizes and focuses on the current status of colon capsule endoscopy for colorectal cancer screening and the possibility for its applicability on inflammatory bowel disease."
doi:10.1111/j.1442-2042.2012.03127.x,10.1111/j.1442-2042.2012.03127.x,Robotic ultrasound probe for tumor identification in robotic partial nephrectomy: Initial series and outcomes.,2013,https://doi.org/10.1111/j.1442-2042.2012.03127.x,Europe PMC; OpenAlex,MED/22925445; https://openalex.org/W1536645843,epmc_arxiv; multisource_preferred; openalex_legacy,Active observational sensing; 主动观察式检测,机器人超声; 机器人超声扫描,"[""Journal Article""]","Objectives Accurate tumor identification during partial nephrectomy is essential for successful tumor control. Intraoperative laparoscopic ultrasonography is useful for tumor localization, but the ultrasound probe is controlled by the assistant rather than the surgeon. We evaluated our initial experience using a robotic ultrasound probe that is controlled by the console surgeon. Methods Partial nephrectomy was carried out in 22 consecutive patients between November 2010 and March 2011. A robotic ultrasound probe under console surgeon control was used in all the cases. All patients had at least 1 year follow up. Results Mean patient age was 59 years and mean tumor size was 2.7 cm. There were six hilar tumors (27%) and 21 (95%) endophytic tumors. Mean R.E.N.A.L. nephrometry score was 6.9 (range 6-9). Mean operative time was 205.7 min and mean warm ischemia time was 17.9 min (range 6-28 min). All patients had negative tumor margins and were free of disease recurrence at a mean follow up of 13 months. Conclusion The use of a robotic ultrasound probe during partial nephrectomy allows the surgeon to optimize tumor identification with maximal autonomy, and to benefit from the precision and articulation of the robotic instrument during this key step of the partial nephrectomy procedure."
doi:10.1111/resp.14438,10.1111/resp.14438,Robotic bronchoscopic needle-based confocal laser endomicroscopy to diagnose peripheral lung nodules.,2023,https://doi.org/10.1111/resp.14438,Europe PMC; OpenAlex,MED/36535801; https://openalex.org/W4311924743,multisource_preferred; openalex_legacy,Active observational sensing; 主动观察式检测,内镜搜索/自主巡检; 机器人支气管镜搜索/导航,"[""Research Support, Non-U.S. Gov't"", ""research-article"", ""Journal Article"", ""Research Support, N.I.H., Extramural""]","Background and objective Robotic bronchoscopy has demonstrated high navigational success in small peripheral lung nodules but the diagnostic yield is discrepantly lower. Needle based confocal laser endomicroscopy (nCLE) enables real-time microscopic imaging at the needle tip. We aim to assess feasibility, safety and needle repositioning based on real-time nCLE-guidance during robotic bronchoscopy in small peripheral lung nodules. Methods Patients with suspected peripheral lung cancer underwent fluoroscopy and radial EBUS assisted robotic bronchoscopy. After radial EBUS nodule identification, nCLE-imaging of the target area was performed. nCLE-malignancy and airway/lung parenchyma criteria were used to identify the optimal sampling location. In case airway was visualized, repositioning of the biopsy needle was performed. After nCLE tool-in-nodule confirmation, needle passes and biopsies were performed at the same location. Measurements and main results Twenty patients were included (final diagnosis n = 17 (lung) cancer) with a median lung nodule size of 14.5 mm (range 8-28 mm). No complications occurred. In 19/20 patients, good quality nCLE-videos were obtained. In 9 patients (45%), real-time nCLE-imaging revealed inadequate positioning of the needle and repositioning was performed. After repositioning, nCLE-imaging provided tool-in-nodule-confirmation in 19/20 patients. Subsequent ROSE demonstrated representative material in 9/20 patients (45%) and overall diagnostic yield was 80% (16/20). Of the three patients with malignant nCLE-imaging but inadequate pathology, two were diagnosed with malignancy during follow-up. Conclusion Robotic bronchoscopic nCLE-imaging is feasible and safe. nCLE-imaging in small, difficult-to-access lung nodules provided additional real-time feedback on the correct needle positioning with the potential to optimize the sampling location and diagnostic yield."
doi:10.1115/1.2932434,10.1115/1.2932434,A Robotic System for Real-Time Tumor Manipulation During Image Guided Breast Biopsy,2008,https://doi.org/10.1115/1.2932434,Crossref,10.1115/1.2932434,multisource_preferred,Sample-based interactive diagnosis,机器人经皮/芯针活检,"[""journal-article""]","Breast biopsy guided by imaging techniques is widely used to evaluate suspicious masses within the breast. Current procedure allows the physician to determine location and extent of a tumor in the patient breast before inserting the needle. There are several problems with this procedure: Complex interaction dynamics between needle and breast tissue will likely displace the tumor from its original position necessitating multiple insertions, causing surgeons’ fatigue, patient’s discomfort, and compromising integrity of the tissue specimen. We present a new concept for real-time manipulation of a tumor using a robotic system that monitors the image of the tumor to generate appropriate external force to position the tumor at a desired location. The objective is to demonstrate that it is possible to manipulate a tumor in real-time by applying controlled external force in an automated way such that the tumor does not deviate from the path of the needle. We have demonstrated efficacy of this approach on breast phantoms. The robotic system consists of an ultrasound probe for image acquisition, a guiding mechanism for automatic probe orientation, image processing algorithm for extracting tumor position and PID (proportional-integral-derivative) controlled actuators for tumor manipulation. We have successfully tested this system for accessing mobile lesions during multiple needle insertion trials. This approach has the potential to reduce the number of attempts a surgeon makes to capture the desired tissue specimen, minimize tissue damage, improve speed of biopsy, and reduce patient discomfort."
doi:10.1115/1.4007100,10.1115/1.4007100,A Robotic Biopsy Device for Capsule Endoscopy,2012,https://doi.org/10.1115/1.4007100,Crossref; OpenAlex,10.1115/1.4007100; https://openalex.org/W2065598227,multisource_preferred; openalex_legacy,Sample-based interactive diagnosis; 采样式交互检测,机器人穿刺/芯针活检; 胶囊机器人组织采样/活检,"[""journal-article""]","This paper introduces a robotic biopsy device for capsule endoscopes. The proposed device consists of three modules for the complete process of biopsy, which includes monitoring the intestinal wall by a tissue monitoring module (TMM), aligning onto a polyp by an anchor module (AM), and sampling of the polyp tissue by a biopsy module (BM). The TMM utilizes a trigonal mirror as well as an on-board camera; since the TMM continuously takes images through lateral apertures, an operator such as a medical doctor is able to anchor the capsule endoscope onto the polyp and biopsy it with the visual feedback in real-time. When the operator finds a polyp using the TMM and the frontal camera of a capsule endoscope, then the AM is used to approach the polyp for biopsy. When the AM is in use, outriggers are extruded by shape-memory-alloy (SMA) springs, which results in the swelling of capsule endoscope body. In addition, an alignment module, which is a part of the AM, rotates the body of the capsule endoscope such that the biopsy razor can be aligned onto the polyp. Then, the BM excises a part of the polyp and seals the aperture, and the capsule endoscope continues exploring the intestine. The concept and working principles of the proposed device are introduced in this paper and are verified by a prototype that successfully integrates the three modules."
doi:10.1115/1.4063470,10.1115/1.4063470,Modeling and Simulation of Robotic Palpation to Detect Subsurface Soft Tissue Anomaly for Presurgical Assessment,2023,https://doi.org/10.1115/1.4063470,Crossref; OpenAlex,10.1115/1.4063470; https://openalex.org/W4386980985,multisource_preferred; openalex_legacy,Response-based interactive diagnosis; 响应式交互检测,机器人触诊; 机器人触诊/肿块搜索,"[""journal-article""]","Abstract Surgical Haptics is an emergent field of research to integrate and advance the sense of robotic touch in laparoscopic tools in robot-assisted minimally invasive surgery. Haptic feedback from the tooltip and soft tissue surface interaction during robotic palpation can be leveraged to detect the texture and contour of subsurface geometry. However, precise force modulation of the robotic palpating probe is necessary to determine stiff inclusions of the anatomy and maneuver successive manipulation tasks during surgery. This paper focuses on investigating the layered deformations associated with different force profiles involved in manipulating the superficial anatomy of soft tissues during dynamic robotic palpation to determine the underlying anomaly. A realistic three-dimensional (3D) cross-sectional soft tissue phantom with anatomical layers and tumor, as an anomaly, is designed, modeled, and analyzed to examine the effects of oriented palpating forces (0–5 N) of a 7 DOF robot arm equipped with a contoured palpation probe. Finite element static structural analysis of oriented robotic palpation on the developed 3D soft tissue phantoms (with and without anomaly) reveals the soft tissue layer deformations and associated strains needed to identify presence of stiffer inclusions or anomaly during Robotic palpation. The finite element analysis study shows that the difference in deformations of soft tissue layers (e.g., underlying myofascial layers) under stiffer inclusions at different force levels can facilitate haptic feedback to acquire information about subsurface tumors. The deformation variations are further compared to assess better palpation orientations for subsurface anomaly detection."
doi:10.1115/detc2015-47620,10.1115/detc2015-47620,Robotic Assistive Device for Phlebotomy,2015,https://doi.org/10.1115/detc2015-47620,Crossref,10.1115/detc2015-47620,multisource_preferred,Sample-based interactive diagnosis,机器人静脉穿刺/采血,"[""proceedings-article""]","Phlebotomy is a routine task, performed over a billion times annually in the United States alone, that is essential for proper diagnosis and treatment. We designed and constructed Phlebot, a robotic assistive device that uses a novel combination of near-infrared (NIR) monocular imaging and force-feedback to guide a needle into a forearm vein for blood sample collection or intravenous catheterization. Through initial validation on phantoms, we show that our approach offers a feasible and reliable method to automate phlebotomy. We envision the device to be a first major step towards more affordable point-of-care testing and diagnostic healthcare systems. In the long term, we expect that Phlebot will expedite healthcare delivery and drastically reduce needle stick injuries, instances of hemolysis, and infections caused by blood-borne pathogens."
doi:10.1115/dmd2017-3391,10.1115/dmd2017-3391,Towards Recovering a Lost Degree of Freedom in Magnet-Driven Robotic Capsule Endoscopy,2017,https://doi.org/10.1115/dmd2017-3391,Crossref,10.1115/dmd2017-3391,multisource_preferred,Active observational sensing,磁控/主动胶囊内镜巡检,"[""proceedings-article""]","Flexible endoscopy, a procedure during which an operator pushes a semi-rigid endoscope through a patient’s gastrointestinal tract, has been the gold-standard screening method for colon cancer screening (colonoscopy) for over 50 years. Owing to the large amounts of tissue stress that result from the need for transmitting a force to the tip of the endoscope while the device wraps through the bowel, implementing a front-actuated endoscopy system has been a popular area of research [1]. The pursuit of such a concept was accelerated by the advent of ingestible capsule endoscopes, which, since then, have been augmented by researchers to include therapeutic capabilities, modalities for maneuverability, amongst other diagnostic functions [2]. One of the more common approaches investigated has been the use of magnetic fields to apply forces and torques to steer the tip of an endoscope [3]. Recent efforts in magnetic actuation have resulted in the use of robot manipulators with permanent magnets at their end effectors that are used to manipulate endoscopes with embedded permanent magnets. Recently, we implemented closed loop control of a tethered magnetic capsule by using real-time magnetic localization and the linearization of a magnetic wrench applied to the capsule by the actuating magnet [4]. This control was implemented in 2 degrees-of-freedom (DoF) in position (in the horizontal plane) and 2 DoF in orientation (panning and tilting). One DoF in position is lost owing to the tethered capsule being actuated in air and thus lacking a restoring force to counter the high field gradient. The 3rd orientation DoF is lost owing to the axial symmetry of the permanent magnet in the capsule; this prevents the application of torque in the axial direction and thus controlled roll and introduces a singularity in the capsule’s actuation. Although another dipole could be used to eliminate this singularity, this would complicate both the actuation and localization methods. In this manuscript, we consider the consequences of the embedded magnet (EM) being radially offset from the center of the capsule while being manipulated by an external actuating magnet (AM). We have developed a tethered capsule endoscope that contains a cylindrical EM (11.11 mm in length and diameter) with a residual flux density of 1.48 T that is offset by 1.85 mm from the center of the capsule; a distance that is less than 10% of the capsule diameter. Our investigation into the topic results from repeated observation of the capsule’s preference to align such that the internal magnet is closest to the actuating magnet (AM). The AM is a cylindrical magnet (101.6 mm in length and diameter) with a residual flux density of 1.48 T that is mounted at the end effector of a 6 DoF manipulator, as seen in Figure 1. In this manuscript, we evaluate the torqueing effects of the presence of this magnet offset with the goal of determining whether the torque effect is negligible, or impacts capsule motion and thus can potentially be used for the benefit of endoscope manipulation. A concept schematic of this effect is shown in Figure 2. A discussion of how to use this torque is beyond the scope of this manuscript. To the authors’ knowledge, the use of such concept in permanent-magnet based control has not been investigated."
doi:10.1115/imece2003-43074,10.1115/imece2003-43074,Reproducing the Motion of a Diarthrodial Joint During a Clinical Examination Using Robotic Technology,2003,https://doi.org/10.1115/imece2003-43074,Crossref,10.1115/imece2003-43074,multisource_preferred,Response-based interactive diagnosis,机器人关节松弛度/激发检查,"[""proceedings-article""]","Six-degree-of-freedom (DOF) robotic/universal force-moment sensor (UFS) testing systems have become very useful tools in the study of biomechanics of joints. (DeFrate 2001, Fujie 2000, Rudy 1996) Researchers have successfully utilized these systems to determine joint kinematics using force control algorithms. Recent interest in using these robotic systems to reproduce previously recorded motions of a diarthrodial joint during a clinical examination has emerged. However, reproducing these previously recorded kinematics using a robotic/UFS testing system poses several problems."
doi:10.1117/1.jbo.31.12.123304,10.1117/1.jbo.31.12.123304,Autonomous robotic alignment and dynamic illumination control of an ophthalmic slit lamp for in vivo anterior segment imaging,2026,https://doi.org/10.1117/1.jbo.31.12.123304,Crossref,10.1117/1.jbo.31.12.123304,multisource_preferred,Active observational sensing,机器人眼底/裂隙灯成像,"[""journal-article""]","SignificanceThe slit lamp is the gold standard ophthalmic instrument for examining the anterior segment of the eye. Slit lamps require the mechanical stabilization of patients to facilitate alignment and a specialized technician to operate. The growing demand for ophthalmic care and shortages of specialists highlight the need for alternative diagnostic technologies.AimWe demonstrate an autonomously aligning, contactless slit lamp enabled by a vision-guided robot to acquire anterior segment images without mechanical patient stabilization.ApproachWe integrate three subsystems mounted to a collaborative robot arm: a custom optical system for dynamic slit illumination, vision-based sensors, and color cameras. A hierarchical control strategy is employed to maintain alignment. Programmable illumination patterns are projected onto the cornea to replicate slit-lamp examination maneuvers.ResultsThe device autonomously aligned to the eyes of in vivo human subjects, and we collected color images of the anterior segment during alignment. Dynamic slit illumination compensated for motion with a latency of 86 ms, allowing slit alignment to be maintained during imaging without mechanical stabilization.ConclusionsThese results demonstrate the feasibility of autonomous, contactless slit-lamp imaging through the use of robotic alignment and dynamic illumination. Such advancements could expand access to anterior segment diagnostic imaging."
doi:10.1117/1.jmi.1.2.025001,10.1117/1.jmi.1.2.025001,In vivo reproducibility of robotic probe placement for a novel ultrasound-guided radiation therapy system.,2014,https://doi.org/10.1117/1.jmi.1.2.025001,Europe PMC,MED/26158038,epmc_arxiv; multisource_preferred,Active observational sensing; 主动观察式检测,机器人超声; 机器人超声扫描,"[""research-article"", ""Journal Article""]","Ultrasound can provide real-time image guidance of radiation therapy, but the probe-induced tissue deformations cause local deviations from the treatment plan. If placed during treatment planning, the probe causes streak artifacts in required computed tomography (CT) images. To overcome these challenges, we propose robot-assisted placement of an ultrasound probe, followed by replacement with a geometrically identical, CT-compatible model probe. In vivo reproducibility was investigated by implanting a canine prostate, liver, and pancreas with three 2.38-mm spherical markers in each organ. The real probe was placed to visualize the markers and subsequently replaced with the model probe. Each probe was automatically removed and returned to the same position or force. Under position control, the median three-dimensional reproducibility of marker positions was 0.6 to 0.7 mm, 0.3 to 0.6 mm, and 1.1 to 1.6 mm in the prostate, liver, and pancreas, respectively. Reproducibility was worse under force control. Probe substitution errors were smallest for the prostate (0.2 to 0.6 mm) and larger for the liver and pancreas (4.1 to 6.3 mm), where force control generally produced larger errors than position control. Results indicate that position control is better than force control for this application, and the robotic approach has potential, particularly for relatively constrained organs and reproducibility errors that are smaller than established treatment margins."
doi:10.1117/12.2255271,10.1117/12.2255271,Co-robotic ultrasound imaging: a cooperative force control approach,2017,https://doi.org/10.1117/12.2255271,Crossref; OpenAlex,10.1117/12.2255271; https://openalex.org/W2588332793,multisource_preferred; openalex_legacy,Active observational sensing; 主动观察式检测,机器人超声; 机器人超声扫描,conference-paper,
doi:10.1117/12.2551118,10.1117/12.2551118,Feasibility of Robot-Assisted Ultrasound Imaging with Force Feedback for Assessment of Thyroid Diseases.,2020,https://doi.org/10.1117/12.2551118,Europe PMC; OpenAlex,MED/32742057; https://openalex.org/W3010664997,epmc_arxiv; multisource_preferred; openalex_legacy,Active observational sensing; 主动观察式检测,机器人超声; 机器人超声扫描,"[""research-article"", ""Journal Article""]","Medical ultrasound is extensively used to define tissue textures and to characterize lesions, and it is the modality of choice for detection and follow-up assessment of thyroid diseases. Classical medical ultrasound procedures are performed manually by an occupational operator with a hand-held ultrasound probe. These procedures require high physical and cognitive burden and yield clinical results that are highly operator-dependent, therefore frequently diminishing trust in ultrasound imaging data accuracy in repetitive assessment. A robotic ultrasound procedure, on the other hand, is an emerging paradigm integrating a robotic arm with an ultrasound probe. It achieves an automated or semi-automated ultrasound scanning by controlling the scanning trajectory, region of interest, and the contact force. Therefore, the scanning becomes more informative and comparable in subsequent examinations over a long-time span. In this work, we present a technique for allowing operators to reproduce reliably comparable ultrasound images with the combination of predefined trajectory execution and real-time force feedback control. The platform utilized features a 7-axis robotic arm capable of 6-DoF force-torque sensing and a linear-array ultrasound probe. The measured forces and torques affecting the probe are used to adaptively modify the predefined trajectory during autonomously performed examinations and probe-phantom interaction force accuracy is evaluated. In parallel, by processing and combining ultrasound B-Mode images with probe spatial information, structural features can be extracted from the scanning volume through a 3D scan. The validation was performed on a tissue-mimicking phantom containing thyroid features, and we successfully demonstrated high image registration accuracy between multiple trials."
doi:10.1117/12.2580180,10.1117/12.2580180,Autonomous planning and guidance for convex-probe endobronchial ultrasound bronchoscopy,2021,https://doi.org/10.1117/12.2580180,Crossref,10.1117/12.2580180,multisource_preferred,Active observational sensing,机器人超声扫描,"[""proceedings-article""]",
doi:10.1117/12.2609063,10.1117/12.2609063,"Autonomous robotic alignment enables remote, telehealth OCT, and OCTA retinal imaging",2022,https://doi.org/10.1117/12.2609063,Crossref,10.1117/12.2609063,multisource_preferred,Active observational sensing,机器人OCT扫描,"[""proceedings-article""]",
doi:10.1117/12.3004841,10.1117/12.3004841,Automatic procedure planning for radial-probe endobronchial ultrasound,2024,https://doi.org/10.1117/12.3004841,Crossref,10.1117/12.3004841,multisource_preferred,Active observational sensing,机器人超声扫描,"[""proceedings-article""]",
doi:10.1121/10.0037700,10.1121/10.0037700,Robotic optical coherence elastography system for in vivo 3-D structural imaging and elasticity mapping in skin,2025,https://doi.org/10.1121/10.0037700,Crossref,10.1121/10.0037700,multisource_preferred,Response-based interactive diagnosis,机器人弹性/刚度测绘,"[""journal-article""]","Evaluating biomechanical properties is crucial to manage skincare and help guide skin cosmetic and reconstruction procedures. Recent development in wave-based optical coherence elastography (OCE) has shown promise for noncontact stiffness measurements in skin and ocular tissues. Integrating multiple OCT modalities—structural and polarization-sensitive OCT, angiography, and optical OCE enables detailed assessment of tissue structure and function at micron-scale resolution. Previous approaches to anisotropic elasticity imaging involved noncontact shear-wave sources and multi-angle acquisitions, but manual rotation limited resolution and increased acquisition time. This study presents a fully automated, fiber-optic robotic system for noncontact monitoring of skin graft surgeries, integrating four OCT modalities. A 1310 nm swept-source OCT system was mounted on a robotic cart with a custom cylindrical acoustic micro-tapping transducer, launching Rayleigh waves in skin through air. The system achieves a 16 μm lateral and 12 μm axial resolution of structural images, with a 9 mm × 9 mm field of view. The robotic arm provides autofocus, automates imaging head rotation, and acquires waveforms along 19 in-plane angular positions to reconstruct anisotropic mechanical moduli using a nearly incompressible transversely isotropic (NITI) model. In vivo measurements on healthy volunteers demonstrated the system's ability to capture structural, functional, and mechanical properties of skin, providing promising results for clinical translation."
doi:10.1136/rmdopen-2025-005805,10.1136/rmdopen-2025-005805,Automated ultrasound system ARTHUR V.2.0 with AI analysis DIANA V.2.0 matches expert rheumatologist in hand joint assessment of rheumatoid arthritis patients.,2025,https://doi.org/10.1136/rmdopen-2025-005805,Europe PMC; OpenAlex,MED/40764087; https://openalex.org/W4412984827,epmc_arxiv; multisource_preferred; openalex_legacy,Active observational sensing; 主动观察式检测,机器人超声; 机器人超声扫描,"[""Research Support, Non-U.S. Gov't"", ""research-article"", ""Journal Article""]","Objective To evaluate the agreement and repeatability of an automated robotic ultrasound system (ARTHUR V.2.0) combined with an AI model (DIANA V.2.0) in assessing synovial hypertrophy (SH) and Doppler activity in rheumatoid arthritis (RA) patients, using an expert rheumatologist's assessment as the reference standard. Methods 30 RA patients underwent two consecutive ARTHUR V.2.0 scans and rheumatologist assessment of 22 hand joints, with the rheumatologist blinded to the automated system's results. Images were scored for SH and Doppler by DIANA V.2.0 using the EULAR-OMERACT scale (0-3). The agreement was evaluated by weighted Cohen's kappa, percent exact agreement (PEA), percent close agreement (PCA) and binary outcomes using Global OMERACT-EULAR Synovitis Scoring (healthy ≤1 vs diseased ≥2). Comparisons included intra-robot repeatability and agreement with the expert rheumatologist and a blinded independent assessor. Results ARTHUR successfully scanned 564 out of 660 joints, corresponding to an overall success rate of 85.5%. Intra-robot agreement for SH: PEA 63.0%, PCA 93.0%, binary 90.5% and for Doppler, PEA 74.8%, PCA 93.7%, binary 88.1% and kappa values of 0.54 and 0.49. Agreement between ARTHUR+DIANA and the rheumatologist: SH (PEA 57.9%, PCA 92.9%, binary 87.3%, kappa 0.38); Doppler (PEA 77.3%, PCA 94.2%, binary 91.2%, kappa 0.44) and with the independent assessor: SH (PEA 49.0%, PCA 91.2%, binary 80.0%, kappa 0.39); Doppler (PEA 62.6%, PCA 94.4%, binary 88.1%, kappa 0.48). Conclusions ARTHUR V.2.0 and DIANA V.2.0 demonstrated repeatability on par with intra-expert agreement reported in the literature and showed encouraging agreement with human assessors, though further refinement is needed to optimise performance across specific joints."
doi:10.1136/rmdopen-2025-006099,10.1136/rmdopen-2025-006099,Diagnostic performance and reliability of robotic ultrasonography and artificial intelligence-driven synovitis assessment in rheumatoid arthritis: results from the Controlled ARTHUR Trial.,2025,https://doi.org/10.1136/rmdopen-2025-006099,Europe PMC,MED/41219128,epmc_arxiv; multisource_preferred,Active observational sensing; 主动观察式检测,机器人超声; 机器人超声扫描,"[""Research Support, Non-U.S. Gov't"", ""research-article"", ""Journal Article""]","Aim To evaluate the reliability and diagnostic performance of artificial intelligence (AI) driven robotic ultrasonography (RUS) compared with human ultrasonography (HUS) performed by a trained rheumatologist for assessing synovitis in the hands of healthy controls and patients with rheumatoid arthritis (RA). Methods 20 healthy controls and 29 patients with RA eligible for initiation or intensification of disease-modifying anti-rheumatic drugs, with at least one clinically swollen joint in the hands, were included. The ultrasound robot scanned controls and patients twice without interval, whereas HUS was performed once. Synovitis was scored from 0 to 3 for Greyscale (GS) and Doppler (CD) by RUS (using AI software) and HUS according to the European League Against Rheumatism-OMERACT scoring system (range 0-66).Intrarobot and human-robot reliability and agreement were assessed. Furthermore, the diagnostic performance of RUS for detecting arthritis was evaluated using the clinical arthritis diagnosis as reference. Results Intrarobot reliability was moderate to good, with intraclass correlation coefficients (ICCs) values of 0.65 (GS) and 0.86 (CD) in patients with RA. Human-robot agreement was moderate, with ICCs of 0.59 (GS) and 0.64 (CD). At joint level, RUS obtained higher scores for MCP joints than HUS, while scores were comparable for other joint groups. The diagnostic accuracy of RUS for detecting clinically-detected arthritis was 59%. Conclusion A moderate to good overall agreement was seen between RUS and HUS in assessing synovitis in RA hands. However, at the joint level, low agreement was observed, particularly for MCP joints in both intrarobot and human-robot comparisons, which affected diagnostic performance."
doi:10.1142/s2339547813500064,10.1142/s2339547813500064,Portable robot for autonomous venipuncture using 3D near infrared image guidance.,2013,https://doi.org/10.1142/s2339547813500064,Europe PMC; OpenAlex,MED/26120592; https://openalex.org/W2080761928,epmc_arxiv; multisource_preferred; openalex_legacy,Sample-based interactive diagnosis; 采样式交互检测,机器人采血/静脉穿刺; 机器人静脉穿刺/采血,"[""research-article"", ""Journal Article""]","Venipuncture is pivotal to a wide range of clinical interventions and is consequently the leading cause of medical injury in the U.S. Complications associated with venipuncture are exacerbated in difficult settings, where the rate of success depends heavily on the patient's physiology and the practitioner's experience. In this paper, we describe a device that improves the accuracy and safety of the procedure by autonomously establishing a peripheral line for blood draws and IV's. The device combines a near-infrared imaging system, computer vision software, and a robotically driven needle within a portable shell. The device operates by imaging and mapping in real-time the 3D spatial coordinates of subcutaneous veins in order to direct the needle into a designated vein. We demonstrate proof of concept by assessing imaging performance in humans and cannulation accuracy on an advanced phlebotomy training model."
doi:10.1142/s2339547818500048,10.1142/s2339547818500048,Automated end-to-end blood testing at the point-of-care: Integration of robotic phlebotomy with downstream sample processing.,2018,https://doi.org/10.1142/s2339547818500048,Europe PMC; OpenAlex,MED/30057935; https://openalex.org/W2806818597,epmc_arxiv; multisource_preferred; openalex_legacy,Sample-based interactive diagnosis; 采样式交互检测,机器人采血/静脉穿刺; 机器人静脉穿刺/采血,"[""research-article"", ""Journal Article""]","Diagnostic blood testing is the most commonly performed clinical procedure in the world, and influences the majority of medical decisions made in hospital and laboratory settings. However, manual blood draw success rates are dependent on clinician skill and patient physiology, and results are generated almost exclusively in centralized labs from large-volume samples using labor-intensive analytical techniques. This paper presents a medical device that enables end-to-end blood testing by performing blood draws and providing diagnostic results in a fully automated fashion at the point-of-care. The system couples an image-guided venipuncture robot, developed to address the challenges of routine venous access, with a centrifuge-based blood analyzer to obtain quantitative measurements of hematology. We first demonstrate a white blood cell assay on the analyzer, using a blood mimicking fluid spiked with fluorescent microbeads, where the area of the packed bead layer is correlated with the bead concentration. Next we perform experiments to evaluate the pumping efficiency of the sample handling module. Finally, studies are conducted on the integrated device - from blood draw to analysis - using blood vessel phantoms to assess the accuracy and repeatability of the resulting white blood cell assay."
doi:10.1142/s2339547819500067,10.1142/s2339547819500067,First-in-human evaluation of a hand-held automated venipuncture device for rapid venous blood draws.,2019,https://doi.org/10.1142/s2339547819500067,Europe PMC; OpenAlex,MED/32292800; https://openalex.org/W3001624842,epmc_arxiv; multisource_preferred; openalex_legacy,Sample-based interactive diagnosis; 采样式交互检测,机器人采血/静脉穿刺; 机器人静脉穿刺/采血,"[""research-article"", ""Journal Article""]","Obtaining venous access for blood sampling or intravenous (IV) fluid delivery is an essential first step in patient care. However, success rates rely heavily on clinician experience and patient physiology. Difficulties in obtaining venous access result in missed sticks and injury to patients, and typically require alternative access pathways and additional personnel that lengthen procedure times, thereby creating unnecessary costs to healthcare facilities. Here, we present the first-in-human assessment of an automated robotic venipuncture device designed to safely perform blood draws on peripheral forearm veins. The device combines ultrasound imaging and miniaturized robotics to identify suitable vessels for cannulation and robotically guide an attached needle toward the lumen center. The device demonstrated results comparable to or exceeding that of clinical standards, with a success rate of 87% on all participants ( n = 31), a 97% success rate on nondifficult venous access participants ( n = 25), and an average procedure time of 93 ± 30 s ( n = 31). In the future, this device can be extended to other areas of vascular access such as IV catheterization, central venous access, dialysis, and arterial line placement."
doi:10.1142/s2424905x22410100,10.1142/s2424905x22410100,Development and Testing of a Durable and Novel Breast Phantom for Robotic Autonomous Ultrasound Systems,2022,https://doi.org/10.1142/s2424905x22410100,Crossref; OpenAlex,10.1142/s2424905x22410100; https://openalex.org/W4309324755,multisource_preferred; openalex_legacy,Active observational sensing; 主动观察式检测,机器人超声; 机器人超声扫描,"[""journal-article""]","For the safe and effective development of evolving autonomous medical robotic systems that traverse the surface of the body, like in breast ultrasound scans, developing phantoms that are durable and mechanically mimic human tissue is critical. In this work, a long lasting, inexpensive, and geometrically customizable phantom is described with mechanical and ultrasound acoustic properties that simulate human breast tissue. In comparison to prior work, a priority was designing a highly elastic phantom outer layer modulus 20 kPa and inner semi-liquid layer to mimic the difficulties of traversing human breast tissue with autonomous medical robotic systems. In addition, ultrasound images of the novel phantom with enclosed tumor are similar to in vivo image of human breast tissue with invasive ductal carcinoma, representing 80% of breast cancer cases. The performance of a force feedback controller on an autonomous ultrasound scanning system was compared for the novel phantom and a commercial phantom. Overall, the controller performed worse on the novel phantom — highlighting the importance of testing autonomous systems on realistic phantoms."
doi:10.1142/s2424905x26500121,10.1142/s2424905x26500121,Sensory Robotic Cover for Safe Human-Robot Interaction During Autonomous Emergency Ultrasound Triage,2026,https://doi.org/10.1142/s2424905x26500121,Crossref,10.1142/s2424905x26500121,multisource_preferred,Active observational sensing,机器人超声扫描,"[""journal-article""]","The Focused Assessment with Sonography in Trauma (FAST) exam is a critical tool for initial screening and triage of trauma cases. The need to offer this exam despite the lack of access to experienced sonographers in the field motivates this work. While past works have attempted to address automating the FAST exam, the solutions offered do not account for the chaotic nature of field triage with multiple medics working on the patient simultaneously. This paper offers a solution whereby custom low-cost robotic skins can be added to any lightweight robot to allow the robot to operate safely around medics. The skin offers contact detection and localization, along with an added padding for passive safety. A formulation of the contact detection, force sensing, and localization is presented by leveraging solutions of the rigid point-based registration problem, first-order stiffness modeling, and an active compliance control strategy. A high-level active compliance redundancy resolution strategy is presented and verified to allow users to safely move the body of the robot out of the way while the robot maintains a high-quality ultrasound image of a region of interest. These results present a first step toward a mobile deployable ultrasound triage platform for FAST."
doi:10.1164/ajrccm-conference.2022.205.1_meetingabstracts.a2097,10.1164/ajrccm-conference.2022.205.1_meetingabstracts.a2097,Combination of ION Robotic Bronchoscopy with Body Vision C-Arm Based Tomography for Optimal Lesion Localization and Sampling,2022,https://doi.org/10.1164/ajrccm-conference.2022.205.1_meetingabstracts.a2097,Crossref,10.1164/ajrccm-conference.2022.205.1_meetingabstracts.a2097,multisource_preferred,Active observational sensing,机器人支气管镜搜索/导航,"[""proceedings-article""]",
doi:10.1167/tvst.7.4.1,10.1167/tvst.7.4.1,Robotic Remote Controlled Stereo Slit Lamp.,2018,https://doi.org/10.1167/tvst.7.4.1,Europe PMC,MED/29977662,multisource_preferred,Active observational sensing,机器人眼底/裂隙灯成像,"[""research-article"", ""Journal Article""]","Purpose Our purpose was to develop a robotic remotely operated stereo slit lamp system allowing three-dimensional stereo viewing and recording of the patient's examination via local area network, Internet, and satellite. Methods A commercial slit lamp was modified to accept motors and servos to permit control of all optical and mechanical components of the device. The custom graphical user interface with dual high-resolution real-time stereoscopic imaging, control/position indicators, overview video, and audio were transmitted via local area network, Internet, and satellite. Under University of Miami Institutional Review Board authorization, Internet connectivity enabled multiple examiners to simultaneously view and control the slit lamp and to collaboratively discuss diagnosis and treatment options. The remote clinicians used a tablet, laptop, or desktop computer to view and control the slit lamp. Results The network, Internet, satellite-connected system was controllable from the United States, Europe, and Canada while acquiring high-resolution, real-time video in all subjects. Control of the slit lamp through Ethernet, WiFi, and 4G exhibited total system latencies of 464 ± 58, 483 ± 64, and 870 ± 66 milliseconds when transmitting within the continent, and Ethernet control exhibited a latency of 606 ± 130 milliseconds when transmitting between continents. High- and low-magnification images of healthy volunteers were acquired by a remote clinician. Conclusions The robotic remotely operated stereo slit lamp system allows three-dimensional stereo viewing and recording of the patient's examination via local area network, Internet, and satellite. Translational relevance The robotic remotely controlled stereo slit lamp system enables remote examination of human subjects."
doi:10.1177/016173460702900402,10.1177/016173460702900402,Autonomous Surgical Robotics Using 3-D Ultrasound Guidance: Feasibility Study,2007,https://doi.org/10.1177/016173460702900402,Crossref,10.1177/016173460702900402,multisource_preferred,Active observational sensing,机器人超声扫描,"[""journal-article""]","The goal of this study was to test the feasibility of using a real-time 3D (RT3D) ultrasound scanner with a transthoracic matrix array transducer probe to guide an autonomous surgical robot. Employing a fiducial alignment mark on the transducer to orient the robot's frame of reference and using simple thresholding algorithms to segment the 3D images, we tested the accuracy of using the scanner to automatically direct a robot arm that touched two needle tips together within a water tank. RMS measurement error was 3.8% or 1.58 mm for an average path length of 41 mm. Using these same techniques, the autonomous robot also performed simulated needle biopsies of a cyst-like lesion in a tissue phantom. This feasibility study shows the potential for 3D ultrasound guidance of an autonomous surgical robot for simple interventional tasks, including lesion biopsy and foreign body removal."
doi:10.1177/016173461003200205,10.1177/016173461003200205,Simulation of Autonomous Robotic Multiple-Core Biopsy by 3D Ultrasound Guidance,2010,https://doi.org/10.1177/016173461003200205,Crossref,10.1177/016173461003200205,multisource_preferred,Active observational sensing; Sample-based interactive diagnosis,机器人经皮/芯针活检; 机器人超声扫描,"[""journal-article""]","An autonomous multiple-core biopsy system guided by real-time 3D ultrasound and operated by a robotic arm with 6+1 degrees of freedom has been developed. Using a specimen of turkey breast as a tissue phantom, our system was able to first autonomously locate the phantom in the image volume and then perform needle sticks in each of eight sectors in the phantom in a single session, with no human intervention required. Based on the fraction of eight sectors successfully sampled in an experiment of five trials, a success rate of 93% was recorded. This system could have relevance in clinical procedures that involve multiple needle-core sampling such as prostate or breast biopsy."
doi:10.1177/0278364918779132,10.1177/0278364918779132,Enhanced Real-Time Pose Estimation for Closed-Loop Robotic Manipulation of Magnetically Actuated Capsule Endoscopes.,2018,https://doi.org/10.1177/0278364918779132,Europe PMC,MED/30150847,multisource_preferred,Active observational sensing,磁控/主动胶囊内镜巡检,"[""research-article"", ""Journal Article""]","Pose estimation methods for robotically guided magnetic actuation of capsule endoscopes have recently enabled trajectory following and automation of repetitive endoscopic maneuvers. However, these methods face significant challenges in their path to clinical adoption including the presence of regions of magnetic field singularity, where the accuracy of the system degrades, and the need for accurate initialization of the capsule's pose. In particular, the singularity problem exists for any pose estimation method that utilizes a single source of magnetic field if the method does not rely on the motion of the magnet to obtain multiple measurements from different vantage points. We analyze the workspace of such pose estimation methods with the use of the point-dipole magnetic field model and show that singular regions exist in areas where the capsule is nominally located during magnetic actuation. Since the dipole model can approximate most magnetic field sources, the problem discussed herein pertains to a wider set of pose estimation techniques. We then propose a novel hybrid approach employing static and time-varying magnetic field sources and show that this system has no regions of singularity. The proposed system was experimentally validated for accuracy, workspace size, update rate and performance in regions of magnetic singularity. The system performed as well or better than prior pose estimation methods without requiring accurate initialization and was robust to magnetic singularity. Experimental demonstration of closed-loop control of a tethered magnetic device utilizing the developed pose estimation technique is provided to ascertain its suitability for robotically guided capsule endoscopy. Hence, advances in closed-loop control and intelligent automation of magnetically actuated capsule endoscopes can be further pursued toward clinical realization by employing this pose estimation system."
doi:10.1177/11297298231210019,10.1177/11297298231210019,Robotic tomographic ultrasound and artificial intelligence for management of haemodialysis arteriovenous fistulae.,2025,https://doi.org/10.1177/11297298231210019,Europe PMC,MED/37997016,multisource_preferred,Active observational sensing,机器人超声扫描,"[""research-article"", ""Journal Article""]","Background Arteriovenous fistulae (AVF) and Arteriovenous Grafts (AVG) may present a problematic vascular access for renal replacement therapy (RRT), reliant on recurrent specialist nurse and medical evaluation. Dysfunctional accesses are frequently referred 'out of the dialysis clinic' for specialist sonographic examination, with associated delays potentiating loss of vascular access viability and/or need for emergency intervention. Definitive anatomical and functional diagnostics based in the dialysis unit may help to solve these delays and associated complications. Objectives This publication reports a novel vascular access monitoring concept, Robotic Tomographic Ultrasound (RTU). Research design Robotic Tomographic Ultrasound incorporates a semi-autonomous, robotic vascular ultrasound system and purpose designed analysis software that can be deployed at the point of care. Three-dimensional scan data, as well as conventional B-Mode and Doppler data are obtained by the system and transferred to a cloud based reporting and analysis software. Scans are remotely annotated and interpreted by a sonographer, with diagnostic data presented securely to clinicians on their preferred web based application/web connected device. Results Software developed specifically for pre AVF mapping, maturation and monitoring protocols, analyse the data and then present interpreted results to all caring clinicians to assist with decision making. Vascular access planning can be determined with high confidence with data from the Map module. Maturation data can be presented in line with institutional requirements to the dialysis nurse, facilitating precocious needle access. Conclusion Robotic Tomographic Ultrasound is a novel approach to vascular access management that may reduce the risk of loss of functional access by regular monitoring with the system; automated alerts guiding clinicians to the need for pre-emptive intervention, and the potential to increase longevity of the vascular access."
doi:10.1183/23120541.00970-2025,10.1183/23120541.00970-2025,An autonomous bronchoscopy robot controlled by artificial intelligence (BronchoBot) outperforms experienced bronchoscopists in a simulated setting.,2026,https://doi.org/10.1183/23120541.00970-2025,Europe PMC,MED/41993220,multisource_preferred,Active observational sensing,机器人支气管镜搜索/导航,"[""research-article"", ""Journal Article""]","Background Performance in flexible bronchoscopy varies even among experienced bronchoscopists. This study aimed to compare an autonomous bronchoscopy robot (BronchoBot) to human bronchoscopists in a standardised simulation-based setting. Methods We compared 30 bronchoscopies performed by humans (10 novices, 10 intermediates and 10 experienced) to 10 bronchoscopies performed by BronchoBot on a realistic phantom. The primary outcomes were Anatomy Rating (0-12 points) and Dexterity Rating (0-6 points) assessed by two blinded expert raters. Secondary outcomes were Diagnostic Completeness (DC; 0-18 segments), Structured Progress (SP; 0-18 progressions), Procedure Time (PT; seconds) and Mean Intersegmental Time (MIT; seconds per segment), assessed by artificial intelligence (AI). Tertiary outcomes included five targeted navigations by BronchoBot to RB4→RB5→RB6 and LB8→LB9→LB10, following the bronchoscopy skills and task assessment tool (BSTAT), rated by AI. Results BronchoBot significantly outperformed all three human groups for all outcome measures. Anatomy Rating (novice, intermediate, experienced versus BronchoBot): 4.8, 10.3, 10.3 versus 11.8 points; p versus 5.3 points; p versus 18 segments; p versus 18 progressions; p versus 124 s; p versus 7 s per segment; p Conclusions BronchoBot outperformed experienced human bronchoscopists using validated assessment tools based on expert human and AI ratings. BronchoBot can serve a role as benchmarking expert performance in a simulated setting, but further development and evaluation are required for use in patients."
doi:10.1186/1475-925x-12-47,10.1186/1475-925x-12-47,An optical tracker based robot registration and servoing method for ultrasound guided percutaneous renal access.,2013,https://doi.org/10.1186/1475-925x-12-47,Europe PMC; OpenAlex,MED/23705678; https://openalex.org/W2138818392,multisource_preferred; openalex_legacy,Active observational sensing; 主动观察式检测,机器人超声; 机器人超声扫描,"[""Research Support, Non-U.S. Gov't"", ""research-article"", ""Journal Article""]","Background Robot-assisted needle steering facilitates the percutaneous renal access (PRA) for their accuracy and consistency over manual operation. However, inaccurate image-robot correspondence and uncertainties in robot parameters make the needle track deviate from the intrarenal target. This paper aims to simplify the image-tracker-robot registration procedure and improves the accuracy of needle alignment for robot assisted ultrasound-guided PRA. Methods First, a semi-automatic rigid registration is used for the alignment of the preoperative MR volume and the intraoperative orthogonal US slices. Passive markers are mounted both on US probe and robot end-effector, the planned puncture path is transferred from the MR volume frame into optical tracker frame. Tracker-robot correspondence and robot calibration are performed iteratively using a simplified scheme, both position and orientation information are incorporated to estimate the transformation matrix, only several key structural robot parameters and joint zero-positions are calibrated for simplicity in solving the inverse kinematic. Furthermore, an optical tracker feedback control is designed for compensating inaccuracies in robot parameters and tracker-robot correspondence, and improving the accuracy of needle alignment. The intervention procedure was implemented by a telemanipulated 5R1P robot, two experiments were conducted to validate the efficiency of robot-tracker registration method and the optical tracker feedback control, robot assisted needle insertion experiment was conducted on kidney phantom to evaluate the system performance. Results The relative positioning accuracy of needle alignment is 0.24 ± 0.08 mm, the directional accuracy is 6.78 ± 1.65 × 10⁻⁴rad; the needle-target distance of needle insertion is 2.15 ± 0. 17 mm. The optical tracker feedback control method performs stable against wide range of angular disturbance over (0 ~ 0.4) radians, and the length disturbance over (0 ~ 100) mm. Conclusions The proposed optical tracker based robot registration and servoing method is capable of accurate three dimension needle operation for PRA procedure with improved precision and shortened time."
doi:10.1186/s10033-024-01009-5,10.1186/s10033-024-01009-5,An Automatic Implementation of Oropharyngeal Swab Sampling for Diagnosing Respiratory Infectious Diseases via Soft Robotic End-Effectors,2024,https://doi.org/10.1186/s10033-024-01009-5,Crossref,10.1186/s10033-024-01009-5,multisource_preferred,Sample-based interactive diagnosis,机器人拭子/腔道标本采集,"[""journal-article""]","Abstract The most widely adopted method for diagnosing respiratory infectious diseases is to conduct polymerase chain reaction (PCR) assays on patients’ respiratory specimens, which are collected through either nasal or oropharyngeal swabs. The manual swab sampling process poses a high risk to the examiner and may cause false-negative results owing to improper sampling. In this paper, we propose a pneumatically actuated soft end-effector specifically designed to achieve all of the tasks involved in swab sampling. The soft end-effector utilizes circumferential instability to ensure grasping stability, and exhibits several key properties, including high load-to-weight ratio, error tolerance, and variable swab-tip stiffness, leading to successful automatic robotic oropharyngeal swab sampling, from loosening and tightening the transport medium tube cap, holding the swab, and conducting sampling, to snapping off the swab tail and sterilizing itself. Using an industrial collaborative robotic arm, we integrated the soft end-effector, force sensor, camera, lights, and remote-control stick, and developed a robotic oropharyngeal swab sampling system. Using this swab sampling system, we conducted oropharyngeal swab-sampling tests on 20 volunteers. Our Digital PCR assay results (RNase P RNA gene absolute copy numbers for the samples) revealed that our system successfully collected sufficient numbers of cells from the pharyngeal wall for respiratory disease diagnosis. In summary, we have developed a pharyngeal swab-sampling system based on an “enveloping” soft actuator, studied the sampling process, and implemented whole-process robotic oropharyngeal swab-sampling."
doi:10.1186/s12931-026-03713-3,10.1186/s12931-026-03713-3,Real-world comparison of shape-sensing robotic-assisted bronchoscopy and virtual bronchoscopic navigation for peripheral pulmonary lesions: a propensity score-matched study,2026,https://doi.org/10.1186/s12931-026-03713-3,Crossref,10.1186/s12931-026-03713-3,multisource_preferred,Active observational sensing,机器人支气管镜搜索/导航,"[""journal-article""]","Abstract Background Robotic-assisted bronchoscopy (RAB) may improve diagnosis of peripheral pulmonary lesions (PPLs), particularly when lesion localization and sampling are technically demanding. However, direct real-world comparisons between shape-sensing RAB (ss-RAB) and virtual bronchoscopic navigation (VBN) remain limited. Methods We retrospectively reviewed patients who underwent navigational bronchoscopy for PPLs at a single center. Propensity score matching (PSM) was used to balance baseline characteristics between the ss-RAB and VBN groups. Diagnostic yield, tool-in-lesion (TIL) rate, sensitivity for malignancy, adverse events, and learning curves of ss-RAB were evaluated. Learning curves were assessed using cumulative sum analysis based on procedure time and diagnostic success. Results Following 1:1 PSM, 234 patients were included, with 117 in each group. Final malignancy prevalence was 74.8% overall. Diagnostic yield was higher with ss-RAB than with VBN (85.5% vs. 70.1%; OR 2.39, 95% CI 1.25–4.56). TIL rate was also more frequently achieved with ss-RAB (99.1% vs. 88.9%). Sensitivity for malignancy was 95.6% for ss-RAB compared with 81.2% for VBN. The diagnostic advantage of ss-RAB was most evident in small ( Conclusions In a real-world setting, ss-RAB was associated with higher diagnostic yield and TIL rates compared with the VBN-based comparator arm without compromising safety. The observed benefit of ss-RAB was greater in lesion subgroups with higher procedural difficulty. In experienced centers, procedural performance with ss-RAB improved after a relatively short learning phase."
doi:10.1186/s13244-025-02181-5,10.1186/s13244-025-02181-5,Force-controlled robotic ultrasound elastography enhances diagnostic consistency for thyroid nodules.,2026,https://doi.org/10.1186/s13244-025-02181-5,Europe PMC; OpenAlex,MED/41989516; https://openalex.org/W7154622593,epmc_arxiv; multisource_preferred; openalex_legacy,Active observational sensing; Response-based interactive diagnosis; 主动观察式检测; 响应式交互检测,机器人弹性/刚度检测; 机器人弹性/刚度测绘; 机器人超声; 机器人超声扫描,"[""research-article"", ""Journal Article""]","Objective To assess whether a force-controlled robotic arm can improve image quality, consistency, and diagnostic accuracy of strain elastography (SE) and shear wave elastography (SWE) in differentiating benign from malignant thyroid nodules. Materials and methods In this prospective study, 131 thyroid nodules were examined by a junior physician, a senior physician, and a robotic arm with a PID-based force feedback system. Image quality was evaluated using the structural similarity index (SSIM), peak signal-to-noise ratio (PSNR), mean squared error (MSE) and mean opinion score (MOS). Consistency was assessed with the Dice similarity coefficient (DSC) and the intraclass correlation coefficient (ICC) for SWE-derived Emax. Diagnostic performance was analyzed via ROC curves and AUC comparisons. Results The robotic arm achieved higher image quality (SSIM up to 0.94, PSNR 42.25 dB, MSE 3.06) and MOS scores (SE: 4.1 ± 0.3; SWE: 4.3 ± 0.2) than both human operators (all p Conclusion The force-controlled robotic arm provides standardized, reproducible thyroid elastography with superior quality, consistency, and accuracy compared with manual scanning. Critical relevance statement This study explores robotic-assisted elastography to improve consistency in thyroid nodule assessment. Key points The force-controlled robotic arm enhanced ultrasound elastography by generating clearer, more standardized images compared with manual acquisition. The force-controlled robotic arm scanning achieved superior intra-operator reproducibility. Diagnostic performance in differentiating benign from malignant thyroid nodules was significantly improved with robotic elastography, exceeding that of both junior and senior radiologists."
doi:10.1186/s41747-023-00344-x,10.1186/s41747-023-00344-x,Bridging the simulation-to-real gap for AI-based needle and target detection in robot-assisted ultrasound-guided interventions.,2023,https://doi.org/10.1186/s41747-023-00344-x,Europe PMC; OpenAlex,MED/37332035; https://openalex.org/W4381149754,multisource_preferred; openalex_legacy,Active observational sensing; 主动观察式检测,机器人超声; 机器人超声扫描,"[""Research Support, Non-U.S. Gov't"", ""research-article"", ""Journal Article""]","Background Artificial intelligence (AI)-powered, robot-assisted, and ultrasound (US)-guided interventional radiology has the potential to increase the efficacy and cost-efficiency of interventional procedures while improving postsurgical outcomes and reducing the burden for medical personnel. Methods To overcome the lack of available clinical data needed to train state-of-the-art AI models, we propose a novel approach for generating synthetic ultrasound data from real, clinical preoperative three-dimensional (3D) data of different imaging modalities. With the synthetic data, we trained a deep learning-based detection algorithm for the localization of needle tip and target anatomy in US images. We validated our models on real, in vitro US data. Results The resulting models generalize well to unseen synthetic data and experimental in vitro data making the proposed approach a promising method to create AI-based models for applications of needle and target detection in minimally invasive US-guided procedures. Moreover, we show that by one-time calibration of the US and robot coordinate frames, our tracking algorithm can be used to accurately fine-position the robot in reach of the target based on 2D US images alone. Conclusions The proposed data generation approach is sufficient to bridge the simulation-to-real gap and has the potential to overcome data paucity challenges in interventional radiology. The proposed AI-based detection algorithm shows very promising results in terms of accuracy and frame rate. Relevance statement This approach can facilitate the development of next-generation AI algorithms for patient anatomy detection and needle tracking in US and their application to robotics. Key points • AI-based methods show promise for needle and target detection in US-guided interventions. • Publicly available, annotated datasets for training AI models are limited. • Synthetic, clinical-like US data can be generated from magnetic resonance or computed tomography data. • Models trained with synthetic US data generalize well to real in vitro US data. • Target detection with an AI model can be used for fine positioning of the robot."
doi:10.1245/s10434-025-18757-w,10.1245/s10434-025-18757-w,Continuous Robotic Ultrasound Hepatectomy (CRUSH): A Novel Approach for Parenchyma-Sparing Liver Surgery.,2026,https://doi.org/10.1245/s10434-025-18757-w,Europe PMC; OpenAlex,MED/41249745; https://openalex.org/W4416291827,multisource_preferred; openalex_legacy,Active observational sensing; 主动观察式检测,机器人超声; 机器人超声扫描,"[""Journal Article"", ""Case Reports""]","Background Parenchyma-sparing hepatectomy aims to achieve negative resection margins while preserving maximal functional liver tissue. 1,2 Intraoperative ultrasound is fundamental for spatial orientation but is typically used intermittently, leaving blind dissection intervals. 3 PATIENTS AND METHODS: We herein present the Continuous Robotic UltraSound Hepatectomy (CRUSH) technique, which integrates continuous intraoperative ultrasound tracking by steady positioning of the ultrasound probe using robotic forceps. Three cases were performed using this novel robotic hepatectomy approach: (1) non-anatomic segment 4a resection (repeat hepatectomy) 4 of a recurrent neuroendocrine metastasis, (2) non-anatomic segment 3 resection of a melanoma liver metastasis, and (3) non-anatomic segment 2 resection of a colorectal liver metastasis. Results All procedures were successfully completed using the CRUSH technique without intraoperative or postoperative complications. The Da Vinci Xi-system was employed in all cases. Parenchymal transection was performed with monopolar scissors and bipolar forceps in two cases 5 , and with the SynchoSeal device in combination with bipolar forceps in one case. Negative resection margins were achieved in all three patients. Continuous ultrasound feedback provided uninterrupted visualization of the resection margin facilitating precise and controlled parenchyma-sparing transection. Conclusions The CRUSH technique is a safe and feasible parenchyma-sparing hepatectomy approach in robotic liver surgery. Future studies are warranted to evaluate its impact on margin status."
doi:10.1364/ol.574598,10.1364/ol.574598,Depth-enabled fiber-bundle endoscopy for in situ intraluminal robotic navigation,2025,https://doi.org/10.1364/ol.574598,Crossref,10.1364/ol.574598,multisource_preferred,Active observational sensing,机器人胃肠柔性内镜巡检,"[""journal-article""]","Three-dimensional perception is essential for intraluminal robotic navigation, where depth estimation provides geometric feedback for safe advancement. Fiber-bundle endoscopy provides sub-millimeter, flexible imaging for miniature probes but lacks reliable depth recovery due to artifacts and missing ground truth. We present a weakly supervised framework that augments fiber-bundle imaging with depth by combining domain translation, pseudo-depth supervision, and structure-aware constraints. Trained without paired labels or external sensors, the network infers depth directly from raw images and reconstructs lumen topology for inclination-angle guidance. Integrated with magnetic actuation, the method enables efficient closed-loop navigation in curved luminal phantoms, demonstrating depth-enabled fiber-bundle endoscopy for in situ robotic control."
doi:10.14309/ctg.0000000000001034,10.14309/ctg.0000000000001034,"Magnetically Controlled Capsule Endoscopy: Innovations, Standardized Practice, and Emerging Clinical Roles.",2026,https://doi.org/10.14309/ctg.0000000000001034,Europe PMC,MED/41944487,multisource_preferred,Active observational sensing,磁控/主动胶囊内镜巡检,"[""Journal Article""]","Capsule endoscopy has transformed small bowel evaluation but remains limited for gastric examination because of passive, peristalsis-dependent movement. Magnetically controlled capsule endoscopy (MCE) addresses this limitation by enabling real-time external steering of the capsule, allowing systematic visualization of the spacious gastric cavity without sedation or intubation. Since the first human application in 2010, multiple MCE platforms have been developed and validated, including handheld, magnetic resonance-based, and robotic arm systems, with the latter now representing the dominant clinical platform. Clinical trials have demonstrated that robotic arm MCE achieves diagnostic accuracy comparable with conventional esophagogastroduodenoscopy for the detection of gastric lesions while offering superior patient tolerance. In parallel, standardized examination protocols have been established, ensuring reproducible gastric preparation, complete mucosal coverage, and structured reporting. Recent technological advances, including higher resolution imaging, detachable string technology for combined esophageal and gastric examination, improved magnetic steering, and artificial intelligence-assisted image analysis, have further expanded the diagnostic capability and efficiency of MCE. Importantly, the noninvasive and well-tolerated nature of MCE supports its use in populations at increased risk from conventional endoscopy, including children, elderly patients, individuals with liver cirrhosis, and those receiving antiplatelet therapy. This review summarizes current MCE technologies, standardized clinical practice, and diagnostic performance and discusses emerging clinical roles and future challenges. MCE is evolving from a novel diagnostic tool into a practical and well-tolerated noninvasive modality for upper gastrointestinal evaluation."
doi:10.14569/ijacsa.2024.0150879,10.14569/ijacsa.2024.0150879,Real-Time Robotic Force Control for Automation of Ultrasound Scanning,2024,https://doi.org/10.14569/ijacsa.2024.0150879,Crossref; OpenAlex,10.14569/ijacsa.2024.0150879; https://openalex.org/W4402319623,multisource_preferred; openalex_legacy,Active observational sensing; 主动观察式检测,机器人超声; 机器人超声扫描,article,
doi:10.1515/cdbme-2017-0116,10.1515/cdbme-2017-0116,Robotic 4D ultrasound solution for real-time visualization and teleoperation,2017,https://doi.org/10.1515/cdbme-2017-0116,Crossref,10.1515/cdbme-2017-0116,multisource_preferred,Active observational sensing,机器人超声扫描,"[""journal-article""]","Abstract Automation of the image acquisition process via robotic solutions offer a large leap towards resolving ultrasound’s user-dependency. This paper, as part of a larger project aimed to develop a multipurpose 4d-ultrasonic force-sensitive robot for medical applications, focuses on achieving real-time remote visualisation for 4d ultrasound image transfer. This was possible through implementing our software modification on a GE Vivid 7 Dimension workstation, which operates a matrix array probe controlled by a KUKA LBR iiwa 7 7-DOF robotic arm. With the help of robotic positioning and the matrix array probe, fast volumetric imaging of target regions was feasible. By testing ultrasound volumes, which were roughly 880 kB in size, while using gigabit Ethernet connection, a latency of ∼57 ms was achievable for volume transfer between the ultrasound station and a remote client application, which as a result allows a frame count of 17.4 fps. Our modification thus offers for the first time real-time remote visualization, recording and control of 4d ultrasound data, which can be implemented in teleoperation."
doi:10.1515/cdbme-2020-0020,10.1515/cdbme-2020-0020,Fluoroscopy-guided robotic biopsy intervention system,2020,https://doi.org/10.1515/cdbme-2020-0020,Crossref; OpenAlex,10.1515/cdbme-2020-0020; https://openalex.org/W3089922077,multisource_preferred; openalex_legacy,Sample-based interactive diagnosis; 采样式交互检测,机器人穿刺/芯针活检; 机器人经皮/芯针活检,"[""journal-article""]","Abstract Fluoroscopy-guided percutaneous biopsy interventions are mostly performed with traditional free-hand technique. The practical experience of the surgeon influences the duration of the intervention and the radiation exposure for patients and him-/herself. Especially when the placement of heavy and long instruments in double oblique angles is required, manual techniques reach their technical limitations very fast. The system presented herein automatizes the needle positioning using only two 2D scans while the robotic platform guides the intervention. These two images were used to plan the needle pathway and to estimate the pose of the robot using a custom-made end-effector with embedded registration fiducials. The estimated pose was subsequently used to transfer the planed needle path to the robot’s coordinate system and finally to compute the movement parameters in order to align the robot with this plan. To evaluate the system, two phantoms with 11 different targets on it were developed. The targets were punctured, and the application accuracy was measured quantitatively. The solution achieved sub-millimetric accuracy for needle placement (min. 0.23, max. 1.04 in mm). Our approach combines the advantages of fluoroscopic imaging and ensures automatic needle alignment with highly reduced X-ray radiation. The proposed system shows promising potential to be a guidance platform that is easy to combine with available fluoroscopic imaging systems and provides valuable help to the physician in more difficult interventions."
doi:10.1515/cdbme-2020-0031,10.1515/cdbme-2020-0031,Needle placement accuracy in CT-guided robotic post mortem biopsy,2020,https://doi.org/10.1515/cdbme-2020-0031,Crossref,10.1515/cdbme-2020-0031,multisource_preferred,Sample-based interactive diagnosis,机器人经皮/芯针活检,"[""journal-article""]","Abstract Forensic autopsies include a thorough examination of the corpse to detect the source or alleged manner of death as well as to estimate the time since death. However, a full autopsy may be not feasible due to limited time, cost or ethical objections by relatives. Hence, we propose an automated minimal invasive needle biopsy system with a robotic arm, which does not require any online calibrations during a procedure. The proposed system can be easily integrated into the workflow of a forensic biopsy since the robot can be flexibly positioned relative to the corpse. With our proposed system, we performed needle insertions into wax phantoms and livers of two corpses and achieved an accuracy of 4.34 ± 1.27 mm and 10.81 ± 4.44 mm respectively."
doi:10.1515/cdbme-2020-0038,10.1515/cdbme-2020-0038,Target tracking accuracy and latency with different 4D ultrasound systems – a robotic phantom study,2020,https://doi.org/10.1515/cdbme-2020-0038,Crossref,10.1515/cdbme-2020-0038,multisource_preferred,Active observational sensing,机器人超声扫描,"[""journal-article""]","Abstract Ultrasound (US) imaging, in contrast to other image guidance techniques, offers the distinct advantage of providing volumetric image data in real-time (4D) without using ionizing radiation. The goal of this study was to perform the first quantitative comparison of three different 4D US systems with fast matrix array probes and real-time data streaming regarding their target tracking accuracy and system latency. Sinusoidal motion of varying amplitudes and frequencies was used to simulate breathing motion with a robotic arm and a static US phantom. US volumes and robot positions were acquired online and stored for retrospective analysis. A template matching approach was used for target localization in the US data. Target motion measured in US was compared to the reference trajectory performed by the robot to determine localization accuracy and system latency. Using the robotic setup, all investigated 4D US systems could detect a moving target with sub-millimeter accuracy. However, especially high system latency increased tracking errors substantially and should be compensated with prediction algorithms for respiratory motion compensation."
doi:10.1515/cdbme-2021-2199,10.1515/cdbme-2021-2199,Needle insertion planning for obstacle avoidance in robotic biopsy,2021,https://doi.org/10.1515/cdbme-2021-2199,Crossref; OpenAlex,10.1515/cdbme-2021-2199; https://openalex.org/W4200043140,multisource_preferred; openalex_legacy,Sample-based interactive diagnosis; 采样式交互检测,机器人穿刺/芯针活检; 机器人经皮/芯针活检,"[""journal-article""]","Abstract Understanding the underlying pathology in different tissues and organs is crucial when fighting pandemics like COVID-19. During conventional autopsy, large tissue sample sets of multiple organs can be collected from cadavers. However, direct contact with an infectious corpse is associated with the risk of disease transmission and relatives of the deceased might object to a conventional autopsy. To overcome these drawbacks, we consider minimally invasive autopsies with robotic needle placement as a practical alternative. One challenge in needle based biopsies is avoidance of dense obstacles, including bones or embedded medical devices such as pacemakers. We demonstrate an approach for automated planning and visualising suitable needle insertion points based on computed tomography (CT) scans. Needle paths are modeled by a line between insertion and target point and needle insertion path occlusion from obstacles is determined by using central projections from the biopsy target to the surface of the skin. We project the maximum and minimum CT attenuation, insertion depth, and standard deviation of CT attenuation along the needle path and create two-dimensional intensity-maps projected on the skin. A cost function considering these metrics is introduced and minimized to find an optimal biopsy needle path. Furthermore, we disregard insertion points without sufficient room for needle placement. For visualisation, we display the color-coded cost function so that suitable points for needle insertion become visible. We evaluate our system on 10 post mortem CTs with six biopsy targets in abdomen and thorax annotated by medical experts. For all patients and targets an optimal insertion path is found. The mean distance to the target ranges from (49.9 ± 12.9)mm for the spleen to (90.1 ± 25.8)mm for the pancreas."
doi:10.1515/cdbme-2022-0021,10.1515/cdbme-2022-0021,Towards a real-time control of robotic ultrasound using haptic force feedback,2022,https://doi.org/10.1515/cdbme-2022-0021,Crossref; OpenAlex,10.1515/cdbme-2022-0021; https://openalex.org/W4288738263,multisource_preferred; openalex_legacy,Active observational sensing; 主动观察式检测,机器人超声; 机器人超声扫描,"[""journal-article""]","Abstract Ultrasound is a widely used imaging technique and is appreciated for its non-invasiveness, absence of radiation, widespread availability, and compact equipment. Ergonomic difficulties in manual handling of the probe could be enhanced by a robotic controlled ultrasound. The paper addresses the development of such a system which enables remote operation of a ultrasound probe and includes haptic force feedback as well as video conferencing components for visual feedback. The development process followed a user-centered approach by investigating needs of potential end-users. Preliminary results demonstrated the functionality of the developed system for generating medical image data under laboratory conditions."
doi:10.1515/cdbme-2024-0103,10.1515/cdbme-2024-0103,Force feedback reduces test time and interaction forces in telemanipulated palpation using a robotic endoscope with series elastic actuated joints.,2024,https://doi.org/10.1515/cdbme-2024-0103,Crossref,10.1515/cdbme-2024-0103,multisource_preferred,Response-based interactive diagnosis,机器人触诊/肿块搜索,"[""journal-article""]","Abstract Force feedback is currently missing in most surgical robot systems, even though it would be essential for many surgical tasks, such as palpating tissue. In this study, we used a previously developed robotic endoscope based on series elastic actuation and tested the feasibility of using it for force feedback with a pilot study. The participants had a lower test time (−27%) and lower applied forces (−23%) with force feedback enabled. While further studies are needed for validation in realistic surgical scenarios, these results suggest improved safety and efficiency in telemanipulated surgeries."
doi:10.1515/cdbme-2024-0123,10.1515/cdbme-2024-0123,Variational Autoencoder feature clustering for tissue classification in robotic palpation,2024,https://doi.org/10.1515/cdbme-2024-0123,Crossref; OpenAlex,10.1515/cdbme-2024-0123; https://openalex.org/W4402806266,multisource_preferred; openalex_legacy,Response-based interactive diagnosis; 响应式交互检测,机器人触诊; 机器人触诊/肿块搜索,"[""journal-article""]","Abstract Minimally Invasive Robotic Surgery (MIRS) has emerged as a transformative approach in surgical practice, offering reduced patient trauma and enhanced precision. However, challenges persist, including the loss of tactile feedback for surgeons. This study explores the application of machine learning algorithms, specifically variational autoencoders, in vibro-acoustic (VA) signal analysis to address this issue. Our comparative analysis evaluates the potential of supervised learning in surgical data analysis, contributing to advancements in surgical technology. Despite achieving an accuracy of 81%, our results indicate opportunities for further refinement, considering the superior accuracies reported in previous studies. This research underscores the importance of innovative approaches in medical data analysis for optimizing patient care in minimally invasive surgery."
doi:10.1515/cdbme-2025-0321,10.1515/cdbme-2025-0321,Initial Transducer Placement for Automated Robotic Ultrasound Examinations,2025,https://doi.org/10.1515/cdbme-2025-0321,Crossref; OpenAlex,10.1515/cdbme-2025-0321; https://openalex.org/W7124748521,multisource_preferred; openalex_legacy,Active observational sensing; 主动观察式检测,机器人超声; 机器人超声扫描,"[""journal-article""]","Abstract Robotic ultrasound systems represent a potential solution for the automation of medical ultrasound examinations. By addressing the demographic change in our society and the increasing shortage of staff in clinics, they can provide reliable support in future patient care. In fully automated examination routines, the initial placement of the ultrasound probe on the patient’s body must also be automatically performed by the robotic system before the acquisition of ultrasound images can start. This paper proposes a method to overcome this challenge using soley RGB-D data, allowing for markerless operation in clinical settings. The approach builds upon an algorithm that maps 2D image pixels onto a reference body atlas. This allows for the calculation of a 6D transducer pose tailored to any patient’s anatomy. The method has been experimentally evaluated to achieve an optimized robustness to accuracy ratio, demonstrating its suitability for real-world applications."
doi:10.15607/rss.2016.xii.018,10.15607/rss.2016.xii.018,Closed Loop Control of a Tethered Magnetic Capsule Endoscope.,2016,https://doi.org/10.15607/rss.2016.xii.018,Europe PMC,MED/28286886,multisource_preferred,Active observational sensing,磁控/主动胶囊内镜巡检,"[""research-article"", ""Journal Article""]","Magnetic field gradients have repeatedly been shown to be the most feasible mechanism for gastrointestinal capsule endoscope actuation. An inverse quartic magnetic force variation with distance results in large force gradients induced by small movements of a driving magnet; this necessitates robotic actuation of magnets to implement stable control of the device. A typical system consists of a serial robot with a permanent magnet at its end effector that actuates a capsule with an embedded permanent magnet. We present a tethered capsule system where a capsule with an embedded magnet is closed loop controlled in 2 degree-of-freedom in position and 2 degree-of-freedom in orientation. Capitalizing on the magnetic field of the external driving permanent magnet, the capsule is localized in 6-D allowing for both position and orientation feedback to be used in a control scheme. We developed a relationship between the serial robot's joint parameters and the magnetic force and torque that is exerted onto the capsule. Our methodology was validated both in a dynamic simulation environment where a custom plug-in for magnetic interaction was written, as well as on an experimental platform. The tethered capsule was demonstrated to follow desired trajectories in both position and orientation with accuracy that is acceptable for colonoscopy."
doi:10.1587/elex.20.20230510,10.1587/elex.20.20230510,Automatic throat swab collection system,2024,https://doi.org/10.1587/elex.20.20230510,Crossref,10.1587/elex.20.20230510,multisource_preferred,Sample-based interactive diagnosis,机器人拭子/腔道标本采集,"[""journal-article""]",
doi:10.18196/jrc.v3i1.11659,10.18196/jrc.v3i1.11659,A New Robotic Application for COVID-19 Specimen Collection Process,2021,https://doi.org/10.18196/jrc.v3i1.11659,Crossref,10.18196/jrc.v3i1.11659,multisource_preferred,Sample-based interactive diagnosis,机器人拭子/腔道标本采集,"[""journal-article""]","Covid-19 manual specimen collection process is too critical for health care workers due to they are able to getting infection from Covid-19-patient during the medical interaction. The purpose of this study, a novel robotic application is developed to achieve automatic specimen collection process for new corona virus (COVID-19). This application is a protection tool for health care workers for the Covid-19 pandemic. This robotic application easily and safely complete the sampling process task and assist to health care workers to prevent infection. The application is basically consist of a collaborative robot (COBOT), base plate, fixtures and a gripper. There are co-operation activities between the COBOT and health care worker to complete all tasks. The robotic application has been tested in the plant health care center as a prototype. The cycle-time (192 sec) for the robotic process needs to be improved. The Manual process is still %60 faster than robotic application. The biggest challenge in this application is patient’s mouth and nose physical size changes. Robot movements for the specimen collection in nose and mouth are arranged just based on the fixed point. This needs to be improved according to size changes. Covid-19 specimen collection process with a robotic application has been presented which don’t need any health care worker interaction with patient. This application needs to be improved related with above challenges to make a shelf product. It will create valuable impact and save lives in this pandemic."
doi:10.20944/preprints202504.1332.v1,10.20944/preprints202504.1332.v1,PRONOBIS:A Robotic System for Automated Ultrasound-Based Prostate Reconstruction and Biopsy Planning,2025,https://doi.org/10.20944/preprints202504.1332.v1,Crossref,10.20944/preprints202504.1332.v1,multisource_preferred,Sample-based interactive diagnosis,机器人经皮/芯针活检,"[""posted-content""]","This paper presents the PRONOBIS project, an ultrasound-only, robotically navigated prostate scanning and biopsy treatment planning. The proposed system addresses the challenges of precise prostate reconstruction and inter-operator variability by performing fully automated prostate scanning, real-time ultrasound image processing, 3D prostate reconstruction, and biopsy needle position planning. Fully automated prostate scanning is achieved by using a robotic arm with an ultrasound system. Real-time ultrasound image processing utilizes deep learning algorithms for precise prostate segmentation. To create a high-quality prostate segmentation dataset, this paper proposes a deep-learning based medical annotation platform - MedAP. For precise segmentation of the entire prostate sweep, DAF3D and MicroSegNet models are evaluated, and additional computer vision postprocessing methods are proposed. The 3D visualization and prostate reconstruction are performed based on the segmentation results and robotic positional data, enabling robust and user-friendly biopsy treatment planning. The real-time sweep scanning and segmentation operates at 30Hz, which enables full sweep scanning in 15 to 20 seconds, depending on the prostate size. The system is evaluated on prostate phantoms by reconstructing the sweep and by performing dimensional analysis, which indicates 92\% and 98\% volumetric accuracy on used phantoms. 3D prostate reconstruction takes approximately 3 seconds and enables a fast and detailed insight for precise biopsy needle position planning."
doi:10.20944/preprints202508.1647.v1,10.20944/preprints202508.1647.v1,Reinforcement Learning for Robot Assisted Live Ultrasound Examination,2025,https://doi.org/10.20944/preprints202508.1647.v1,Europe PMC; OpenAlex,PPR/PPR1072514; https://openalex.org/W4413533233,epmc_arxiv; multisource_preferred; openalex_legacy,Active observational sensing; 主动观察式检测,机器人超声; 机器人超声扫描,"[""Preprint""]","Due to its portability, non-invasiveness, and real-time capabilities, ultrasound imaging has been widely adopted for liver disease detection. However, conventional ultrasound examinations heavily rely on operator expertise, leading to high workload and inconsistent imaging quality. To address these challenges, we propose a Robotic Ultrasound Scanning System (RUSS) based on reinforcement learning to automate the localization of standard liver planes. And it can help reduce physician burden while improve scanning efficiency and accuracy. The reinforcement learning agent employs a Deep Q-Network (DQN) integrated with LSTM to control probe movements within a discrete action space, utilizing the cross-sectional area of the abdominal aorta region as the criterion for standard plane determination. Experimental results demonstrate that the system successfully obtained the target plane in three real-world trials. The Peak Signal-to-Noise Ratio (PSNR) is used to evaluate the image similarity and the average value is 21.53 dB, which verifies the effectiveness of the proposed method."
doi:10.20965/jrm.2023.p1281,10.20965/jrm.2023.p1281,Image Search Strategy via Visual Servoing for Robotic Kidney Ultrasound Imaging,2023,https://doi.org/10.20965/jrm.2023.p1281,Crossref,10.20965/jrm.2023.p1281,multisource_preferred,Active observational sensing,机器人超声扫描,"[""journal-article""]","Ultrasound (US) imaging is beneficial for kidney diagnosis; however, it involves sophisticated tasks that must be performed by physicians to obtain the target image. We propose a target-image search strategy combining visual servoing and deep learning-based image evaluation for robotic kidney US imaging. The search strategy is designed by mimicking physicians’ motion axis of the US probe. By controlling the position of the US probe along each of the motion axes while evaluating the obtained US images based on an anatomical feature extraction method via instance segmentation with YOLACT++, we are able to search for an optimal target image. The proposed approach was validated through phantom studies. The results showed that the proposed approach could find the target kidney images with error rates of 2.88±1.76 mm and 2.75±3.36°. Thus, the proposed method enables the accurate identification of the target image, which highlights its potential for application in autonomous kidney US imaging."
doi:10.21037/jtd-2025-1966,10.21037/jtd-2025-1966,Diagnostic accuracy of rapid on-site evaluation (ROSE) during robotic bronchoscopy.,2026,https://doi.org/10.21037/jtd-2025-1966,Europe PMC; OpenAlex,MED/41816420; https://openalex.org/W7131787985,multisource_preferred; openalex_legacy,Active observational sensing; 主动观察式检测,内镜搜索/自主巡检; 机器人支气管镜搜索/导航,"[""research-article"", ""Journal Article""]","Background Robotic bronchoscopy (RB) is increasingly used to sample peripheral pulmonary lesions due to its high diagnostic yield and low complication rate. Rapid on-site evaluation (ROSE) is often performed intra-procedurally to provide the proceduralist with qualitative and quantitative feedback on specimen quality. ROSE can be performed on fine needle aspiration (FNA) cytology specimens or via touch imprint cytology (TIC) of pathology specimens. Data about the utility of ROSE in RB is sparse. This study aimed to assess the concordance between ROSE and final cytology and pathology results. Methods We retrospectively reviewed all RB cases performed at the Anschutz Medical Campus of the University of Colorado from May 2021 to December 2024. Results A total of 156 patients were included in the study. Of these 137 also had ROSE performed and were therefore included in the concordance assessment. The concordance between FNA-ROSE and final cytology was 83%, while the concordance between TIC-ROSE and final pathology was 81%. Overall concordance between ROSE and final cytology and pathology results was 88%, and the Pearson χ 2 -value was 174 (P Conclusions In our cohort of RB cases, FNA-ROSE and TIC-ROSE demonstrated high concordance with the final cytology and pathology results, respectively. ROSE can enable the proceduralist to make important intra-procedural decisions about the number of lesions that need sampling and the tools and techniques to use."
doi:10.21203/rs.3.rs-2371365/v1,10.21203/rs.3.rs-2371365/v1,"Contactless, autonomous robotic alignment of optical coherence tomography for in vivo evaluation of diseased retinas",2023,https://doi.org/10.21203/rs.3.rs-2371365/v1,Europe PMC,PPR/PPR594064,epmc_arxiv; multisource_preferred,Active observational sensing; 主动观察式检测,机器人OCT扫描,"[""Preprint""]","Abstract During the COVID-19 pandemic, an emphasis was placed on contactless, physical distancing and improved telehealth; contrariwise, standard-of-care ophthalmic imaging of patients required present, trained personnel. Here, we introduce contactless, autonomous robotic alignment of optical coherence tomography (RAOCT) for in vivo imaging of retinal disease and compare measured retinal thickness and diagnostic readability to technician operated clinical OCT. In a powered study, we found no statistically significant difference in retinal thickness in both healthy and diseased retinas ( p > 0.7) or across a variety of demographics (gender, race, and age) between RAOCT and clinical OCT. In a secondary study, a retina specialist labeled a given volume as normal/abnormal. Compared to the clinical diagnostic label, sensitivity/specificity for RAOCT were equal or improved over clinical OCT. Contactless, autonomous RAOCT, that improves upon current clinical OCT, could play a role in both ophthalmic care and non-ophthalmic settings that would benefit from improved eye care."
doi:10.21203/rs.3.rs-3191887/v1,10.21203/rs.3.rs-3191887/v1,Robotic Arm Trajectory Based on Machine Learning for tracking the wound,2023,https://doi.org/10.21203/rs.3.rs-3191887/v1,Crossref,10.21203/rs.3.rs-3191887/v1,multisource_preferred,Active observational sensing,机器人创面/皮肤表面扫描,"[""posted-content""]","Abstract Due to uncontrolled bleeding in victims and frequently delayed emergency response times to road accidents had frequently causes severe casualties. To solve this problem, the robotic arm used in this paper, based on machine learning, is programmed to monitor and react to bleeding in accident victims. A clotting agent is applied to the wounds by the robotic arm at the touch of a button, stopping the bleeding and possibly saving lives. The system's image processing and wound classification were done in a Python-based Jupyter environment. SolidWorks was used to design the robotic arm, which was programmed to respond to input from a Python model. The robotic arm's kinematics was tested in the Simulink environment, displaying the joints' successful operation. The robotic arm design was further analyzed in the Simcape environment, where the arm's trajectory was evaluated. The results showed that the robotic arm could effectively move toward the detected wound, following the training trajectory. Object tracking was successfully performed in Matlab under the Simcape environment, as evidenced by the alignment between the expected and actual trajectory line graphs. The study concludes that the machine learning-based robotic arm can accurately move to any desired position within its workspace, enabling the precise application of the clotting agent on the wound. This system holds significant potential for improving emergency response times and outcomes in road accidents."
doi:10.21203/rs.3.rs-3314593/v1,10.21203/rs.3.rs-3314593/v1,Autonomous Swab Robot for Naso- and Oropharyngeal COVID-19 Screening,2023,https://doi.org/10.21203/rs.3.rs-3314593/v1,Crossref,10.21203/rs.3.rs-3314593/v1,multisource_preferred,Sample-based interactive diagnosis,机器人拭子/腔道标本采集,"[""posted-content""]","Abstract The COVID-19 outbreak triggered a global health and economic crisis. With widespread cases and fatalities, testing is crucial to control viral spread. A recommended method, the combined naso-and oropharyngeal swab, poses risks and requires limited protective gear. In response to the COVID-19 pandemic, we developed and tested the first autonomous Swab Robot for Naso-and Oropharyngeal Coronavirus Screening (SR-NOCS). This groundbreaking device underwent two clinical studies—one conducted during the initial pandemic lockdown in Europe and the other after the pandemic had subsided early this year in a public place. In total, 52 patients suspected of COVID-19 infection were included in these clinical studies. The results showed a complete positive correlation between autonomous and manual sampling. The subject acceptance rate was very high; all test subjects stated they would repeat a test by SR-NOCS in the future. Based on these results, such systems could augment testing capabilities with the potential to conduct up to 300 tests per robot per day with the same precision in all the tests. Moreover, these tests can be conducted with minimum supervision and reduce infection risks, effectively protecting patients and healthcare workers and sparing personal protection equipment."
doi:10.21203/rs.3.rs-8414938/v1,10.21203/rs.3.rs-8414938/v1,A Dual‑Agent Learning Framework Enables Level 3+ Autonomous Robotic Bronchoscopy,2026,https://doi.org/10.21203/rs.3.rs-8414938/v1,Europe PMC,PPR/PPR1151505,epmc_arxiv; multisource_preferred,Active observational sensing; 主动观察式检测,内镜搜索/自主巡检; 机器人支气管镜搜索/导航,"[""Preprint""]","Abstract Accuracy access to peripheral lung lesions is critical for diagnosis and treatment, yet clinical bronchoscopy remains limited by operator variability and loss of spatial accuracy during respiratory motion. Conventional navigation systems depend on preoperative maps and external tracking, which fail in the deformable and continuously moving bronchial tree. We developed a fully autonomous, adaptive bronchoscopy platform that performs real‑time navigation directly from intraluminal visual-spatial cues, without predefined trajectories or external localization. A hierarchical dual‑agent framework enables a Navigator to infer dynamic waypoints and a Driver to execute fine‑scale steering with closed‑loop precision. In dynamically ventilated ex vivo lungs and live canine models, the system achieved consistent, lesion‑targeted navigation under rapid respiration without human input. Beyond bronchoscopy, this approach defines a general computational paradigm for autonomy in deformable living anatomy, offering a clinically translatable path toward operator‑independent intervention across organ systems."
doi:10.21203/rs.3.rs-9278913/v1,10.21203/rs.3.rs-9278913/v1,An FBG Tactile Sensor Array and Self-SupervisedContrastive Learning Transformer for TumorDepth Estimation in Robotic Palpation,2026,https://doi.org/10.21203/rs.3.rs-9278913/v1,Europe PMC,PPR/PPR1181519,epmc_arxiv; multisource_preferred,Response-based interactive diagnosis; 响应式交互检测,机器人触诊; 机器人触诊/肿块搜索,"[""Preprint""]","Abstract Restoring haptic feedback remains a major challenge in robot-assisted minimally invasive surgery (RMIS), especially for localizing subsurface tumors and estimating their depth. This paper presents a compact, high-density tactile sensor array based on fiber Bragg grating (FBG) sensing for robotic palpation. The array uses a honeycomb topology to increase spatial sampling within an 8.5 mm footprint while preserving high sensitivity. Static and dynamic tests show a linear force-wavelength response across seven channels, an average force resolution of 8.43 mN, and \(("
doi:10.2139/ssrn.4661100,10.2139/ssrn.4661100,Visual Perception-Guided Robotic Arm Automatic Ultrasound Scanning 3d Imaging System,2023,https://doi.org/10.2139/ssrn.4661100,Crossref,10.2139/ssrn.4661100,multisource_preferred,Active observational sensing,机器人超声扫描,"[""posted-content""]",
doi:10.2139/ssrn.6201886,10.2139/ssrn.6201886,"An Autonomous Robotic System for Operator-Free, Standardized Breast Ultrasound",2026,https://doi.org/10.2139/ssrn.6201886,Crossref; OpenAlex,10.2139/ssrn.6201886; https://openalex.org/W7128474294,multisource_preferred; openalex_legacy,Active observational sensing; 主动观察式检测,机器人超声; 机器人超声扫描,"[""posted-content""]","Breast cancer screening efficacy is significantly reduced in women with dense tissue due to diminished mammography sensitivity, necessitating supplemental ultrasound. However, conventional ultrasound is operator-dependent, causing variability, while existing automated systems (ABUS) lack adaptability to individual anatomy, often yielding suboptimal probe contact and pressure. To address these limitations, we developed a fully autonomous robotic ultrasound system. It utilizes an integrated depth camera and a proprietary Breast Surface Adaptive Reconstruction (BSAR) algorithm for real-time 3D surface mapping, generating patient-specific scanning trajectories. Vision-based adaptive pressure control ensures consistent, optimal probe-tissue interaction. Validation using anthropomorphic phantoms demonstrated high repeatability, accurate lesion detection/morphology characterization, and consistently safe contact force. Volunteer trials produced diagnostic-quality images with high user acceptance regarding comfort, safety, and usability. This system establishes a robust foundation for standardized, operator-independent screening, potentially enhancing equity, reproducibility, and accessibility in early detection."
doi:10.2214/ajr.18.19698,10.2214/ajr.18.19698,18 F-FDG PET/CT-Guided Real-Time Automated Robotic Arm–Assisted Needle Navigation for Percutaneous Biopsy of Hypermetabolic Bone Lesions: Diagnostic Performance and Clinical Impact,2019,https://doi.org/10.2214/ajr.18.19698,Crossref,10.2214/ajr.18.19698,multisource_preferred,Sample-based interactive diagnosis,机器人经皮/芯针活检,"[""journal-article""]",
doi:10.2316/j.2026.201-0598,10.2316/j.2026.201-0598,DESIGN OF AN AUTONOMOUS CARDIAC SCANNING SYSTEM FOR ULTRASOUND ROBOTS. 125-137,2026,https://doi.org/10.2316/j.2026.201-0598,Crossref,10.2316/j.2026.201-0598,multisource_preferred,Active observational sensing,机器人超声扫描,"[""journal-article""]",
doi:10.23919/iccas55662.2022.10003798,10.23919/iccas55662.2022.10003798,Toward an automatic diagnostic scanning robotic system using ultrasound images,2022,https://doi.org/10.23919/iccas55662.2022.10003798,Crossref,10.23919/iccas55662.2022.10003798,multisource_preferred,Active observational sensing,机器人超声扫描,"[""proceedings-article""]",
doi:10.29007/dj33,10.29007/dj33,Autonomous image-based ultrasound probe positioning via deep learning,2018,https://doi.org/10.29007/dj33,Crossref; OpenAlex,10.29007/dj33; https://openalex.org/W2800267058,multisource_preferred; openalex_legacy,Active observational sensing; 主动观察式检测,机器人超声; 机器人超声扫描,"[""report""]","Although ultrasound (US) is a widely used, non-invasive, and radiation-free imaging modality, manual adjustment of the US probe can be cumbersome and time consuming. An autonomous US scanning device could not only reduce dependence on sonographer’s skills and experience but also improve workflow efficiency especially during interventional procedures. Robot-assisted ultrasound imaging has the potential to improve patient care in rural and underserved areas. There are many previous efforts in this direction but none is fully automatic or accurate enough. In this work, as an initial small step towards independent US imaging workflow solution, we developed and evaluated a robot-assisted fully autonomous ultrasound (RAFAUS) probe positioning system. Desired motion of the probe toward the target view is directly derived from anatomical features implicitly extracted via deep neural network; thus, making this technique (a) invariant to anatomical differences (patient size or organ displacement), (b) decoupled from the robotic system, (c) registration-free, and (d) independent from any external tracking technologies."
doi:10.31256/hsmr2018.37,10.31256/hsmr2018.37,Autonomous image-based ultrasound probe positioning via deep learni,2018,https://doi.org/10.31256/hsmr2018.37,Crossref,10.31256/hsmr2018.37,multisource_preferred,Active observational sensing,机器人超声扫描,"[""proceedings-article""]",
doi:10.31256/hsmr2022.19,10.31256/hsmr2022.19,Towards Autonomous Robotic Ultrasound Scanning using Pneumatically Attachable Flexible Rails,2022,https://doi.org/10.31256/hsmr2022.19,Crossref; OpenAlex,10.31256/hsmr2022.19; https://openalex.org/W4283590726,multisource_preferred; openalex_legacy,Active observational sensing; 主动观察式检测,机器人超声; 机器人超声扫描,"[""proceedings-article""]","Robotic-assisted partial nephrectomy (RAPN) is a surgi- cal procedure that employs robotics to remove a portion of diseased kidney. During the procedure, a drop-in Ultrasound (US) probe is used to identify the resec- tion margins. Although the robot facilitates the task, the scanning of the kidney proves challenging due to slippage and requires a highly skilled surgeon [1]. In previous work [2], we presented a Pneumatically Attach- able Flexible (PAF) rail to enable stable, track-guided US scanning of the kidney during RAPN. In [3] and [4], we have investigated the autonomous deployment of the PAF rail on the surface of the organ and their use in intraoperative organ manipulation. In [5], Wang et al. studied the 3-D reconstruction of a mass embedded in a kidney phantom when the PAF rail guides the US probe. In this work, we investigate autonomous control during the US scanning using the PAF rails, specifically using fibre-optic shape-sensing data as the input for path- planning. First, we present the design and fabrication of the sensorized PAF rail; then we assess the performance of real-time curvature sensing with the sensorized PAF rail system on rigid and soft phantoms; finally, we demonstrate how the PAF rail local shape data can be used to plan a trajectory and autonomously guide an intraoperative US probe."
doi:10.31256/hsmr2023.40,10.31256/hsmr2023.40,Learning Robotic Ultrasound through Coaching,2023,https://doi.org/10.31256/hsmr2023.40,Crossref; OpenAlex,10.31256/hsmr2023.40; https://openalex.org/W4379212503,multisource_preferred; openalex_legacy,Active observational sensing; 主动观察式检测,机器人超声; 机器人超声扫描,"[""proceedings-article""]","Medical imaging is an essential tool for diagnosing and monitoring various health conditions. Robotic remoti- zation of such diagnostic medical procedures increases the safety of medical personnel and accessibility to the rural populace. However, ultrasound exams can be challenging and require skilled operators to obtain high- quality images. Automating such procedures requires programming robots to perform these dexterous medical skills. The programming constraint can be eliminated by leveraging human tutelage paradigms, enabling the robot to learn from observation and expert feedback. But, robots require massive libraries of demonstrations to learn effective policies using machine learning algo- rithms [1]. While such datasets are achievable for simple tasks, providing many demonstrations for contact-rich procedures such as ultrasound is not practical. This paper presents a novel method to learn complex contact-rich procedures by combining self-supervised practice with sparse expert feedback through coaching. The robotic ultrasound system (RUS) uses reinforcement learning (RL) to learn a policy for autonomous imaging of a urinary bladder phantom. Specifically, we use an off- policy soft actor-critic with a reward based on image quality assessed using a supervised convolutional neu- ral network to learn the policy for ultrasound through practice. In addition to practice, experts provide online corrective feedback (coaching), which drives the robot to learn successful policies for ultrasound imaging."
doi:10.31256/hsmr2023.76,10.31256/hsmr2023.76,Breast surface reconstruction utilising autonomous robotic assisted ultrasound image acquisition,2023,https://doi.org/10.31256/hsmr2023.76,Crossref; OpenAlex,10.31256/hsmr2023.76; https://openalex.org/W4379212410,multisource_preferred; openalex_legacy,Active observational sensing; 主动观察式检测,机器人超声; 机器人超声扫描,"[""proceedings-article""]","One in eight females will be diagnosed with breast cancer in their lifetime, making it the most diagnosed cancer globally [1]. Three phases are essential for the outcome of breast cancer; early detection, accurate diag- nosis and treatment. Magnetic resonance imaging (MRI) has proven to be highly sensitive in detecting possible tu- mors lesions compared to other image modalities. How- ever, ultrasound (US) guided biopsies are the standard and biopsies on MRI detected lesions is challenging, because these lesions may not be visible on US images. Registration of pre-operative MRI with the intra- operative US combines the benefits of both imaging modalities and subsequently improve tumor localisation. Therefore, this work presents an US image-based sur- face reconstruction based on autonomous acquired US images to increase the accuracy of MRI/US registration. Thereby the proposed work eliminates the need for inter- sensor calibration as would be needed if stereo camera- based, depth camera-based or marker-based breast sur- face reconstruction would be used."
doi:10.31256/hsmr2024.49,10.31256/hsmr2024.49,Enhancing Capsule Endoscopy with Robotic Magnetic Manipulation and Wireless Power Transfer,2024,https://doi.org/10.31256/hsmr2024.49,Crossref,10.31256/hsmr2024.49,multisource_preferred,Active observational sensing,磁控/主动胶囊内镜巡检,"[""proceedings-article""]","Capsule endoscopy, recognized for its convenience, non- invasiveness, and painless approach, has modernized gastrointestinal (GI) diagnostics. This innovative pro- cedure involves patients swallowing a pill-sized device that navigates the GI tract via peristalsis, capturing high-resolution images of otherwise inaccessible areas. Despite its popularity and benefits, capsule endoscopy hasn’t matched the diagnostic and therapeutic potential of traditional endoscopy. This can be attributed to its passive nature, which limits the ability to focus on specific areas, leading to variable procedure times and, in some cases, capsule retention [1]. A solution that has been explored to enhance capsule endoscopy’s capabilities is the use of magnetic manip- ulation to enable active control [2]. However, achieving precise control and real-time localization requires ad- ditional components, in particular a continuous power source. In this context, Wireless Power Transfer (WPT) technology, already successful in powering devices like pacemakers, offers a promising avenue as it can elimi- nate the need for internal batteries. This paper presents the development of a robotically manipulated magnetic capsule system equipped with integrated WPT coils for autonomous power transfer during magnetic manipulation. It introduces a novel approach featuring a transmitter coil mounted onto a robotic manipulator coupled with an internal 3D receiver coil within a tethered capsule (Fig. 1). Subsequent sec- tions delve into the design, implementation, and assess- ment of the magnetically manipulated tethered capsule system, including an autonomous recoupling algorithm and experimental results within a colon phantom."
doi:10.31256/hsmr2024.60,10.31256/hsmr2024.60,UltraGelBot: Autonomous Gel Dispenser for Robotic Ultrasound,2024,https://doi.org/10.31256/hsmr2024.60,Crossref; OpenAlex,10.31256/hsmr2024.60; https://openalex.org/W4400222683,multisource_preferred; openalex_legacy,Active observational sensing; 主动观察式检测,机器人超声; 机器人超声扫描,"[""proceedings-article""]","Robotic Ultrasound Systems (RUSs) have gained in- creasing prominence in recent years to alleviate prob- lems concerning operator-dependability in free-hand ul- trasound examinations [1]. These robotic systems op- erate either in teleoperated [2] or autonomous [3], [4], [5] mode. These systems can increase ultrasound ac- cessibility in underserved regions and ensure the safety of the operator during the COVID-19 pandemic [2], [6]. However, in these robotic systems, the gel is still applied by the human attendant. This human intervention between the procedure results in the acquisition of sub- optimal images due to inappropriate acoustic coupling [7]. Further, the procedure time also increases as RUS needs to be halted several times in between the proce- dure for manual gel application. Moreover, the presence of humans near the patient’s vicinity did not achieve the complete safety of the operator, as promised by RUS. Thus, an automated method for dispensing of ultrasound gel is the immediate requirement of RUS. In this paper, we proposed a new end-of-arm tool for RUS, referred to as ‘UltraGelBot’. This robot can detect and dispense the gel autonomously. A deep learning model is developed to detect the gel region from real- time images acquired using an onboard camera. A mo- torized mechanism is developed, which uses this feed- back and dispenses the gel. In addition, sonographers often utilize multiple ultrasound probes, such as linear, curvilinear, etc., to visualize different anatomies up to a specific depth. The existing gripping methods for RUS are specific to the design profiles of the probe. Thus, this gripper features a modular mechanism to grip ultrasound probes with varying profiles. This mechanism will also allow the operator to easily change different probes during the procedure without using mechanical tools. The performance of the UltraGelBot was compared to that of manual gel application for ultrasound of artery in human’s forearm. In addition, for assessment of user experience, the NASA Task Load Index (TLX) was used."
doi:10.31256/hsmr25.11,10.31256/hsmr25.11,Soft Optical Shape-Sensing with Thin-Film Color Tuning for Autonomous Soft Robotic Bronchoscopy Navigation,2025,https://doi.org/10.31256/hsmr25.11,Crossref; OpenAlex,10.31256/hsmr25.11; https://openalex.org/W4410231081,multisource_preferred; openalex_legacy,Active observational sensing; 主动观察式检测,内镜搜索/自主巡检; 机器人支气管镜搜索/导航,conference-paper,
doi:10.3349/ymj.2017.58.1.139,10.3349/ymj.2017.58.1.139,"Development of a Robotic Colonoscopic Manipulation System, Using Haptic Feedback Algorithm.",2017,https://doi.org/10.3349/ymj.2017.58.1.139,Europe PMC; OpenAlex,MED/27873506; https://openalex.org/W2553775536,multisource_preferred; openalex_legacy,Active observational sensing; 主动观察式检测,内镜搜索/自主巡检; 机器人胃肠柔性内镜巡检,"[""research-article"", ""Journal Article""]","Purpose Colonoscopy is one of the most effective diagnostic and therapeutic tools for colorectal diseases. We aim to propose a master-slave robotic colonoscopy that is controllable in remote site using conventional colonoscopy. Materials and methods The master and slave robot were developed to use conventional flexible colonoscopy. The robotic colonoscopic procedure was performed using a colonoscope training model by one expert endoscopist and two unexperienced engineers. To provide the haptic sensation, the insertion force and the rotating torque were measured and sent to the master robot. Results A slave robot was developed to hold the colonoscopy and its knob, and perform insertion, rotation, and two tilting motions of colonoscope. A master robot was designed to teach motions of the slave robot. These measured force and torque were scaled down by one tenth to provide the operator with some reflection force and torque at the haptic device. The haptic sensation and feedback system was successful and helpful to feel the constrained force or torque in colon. The insertion time using robotic system decreased with repeated procedures. Conclusion This work proposed a robotic approach for colonoscopy using haptic feedback algorithm, and this robotic device would effectively perform colonoscopy with reduced burden and comparable safety for patients in remote site."
doi:10.3389/fmicb.2025.1687021,10.3389/fmicb.2025.1687021,AI-powered three-category Helicobacter pylori diagnosis via magnetic controlled capsule endoscopy: a multicenter validation of a vision-language model.,2025,https://doi.org/10.3389/fmicb.2025.1687021,Europe PMC,MED/41158765,multisource_preferred,Active observational sensing,磁控/主动胶囊内镜巡检,"[""research-article"", ""Journal Article""]","Introduction Accurate classification of Helicobacter pylori ( H. pylori ) infection status is critical for gastric cancer risk stratification. Current methods based on traditional convolutional neural networks (CNNs) are limited by their reliance on fragmented single-image analysis and operator-dependent selection variability, impairing diagnostic reliability. Methods To overcome these limitations, we developed MC-CLIP, a vision-language foundation model for the fully automated, three-categorical diagnosis of H. pylori infection using magnetically controlled capsule endoscopy (MCCE). The model was first pretrained on a large-scale dataset of 2,427,475 MCCE image-text pairs derived from 123,543 examinations. It was subsequently fine-tuned on 40,695 expertly annotated images from 864 patients. MC-CLIP autonomously selects 30 representative images per case for end-to-end classification. Its performance was rigorously evaluated on multicenter internal ( n = 220) and external ( n = 208) validation cohorts. Results On the internal and external validation cohorts, MC-CLIP achieved overall accuracies of 89.6% (95% CI: 85.5-93.6%) and 86.6% (80.8-90.3%), respectively. The model demonstrated particularly high sensitivity in detecting H. pylori infection : 91.4% for current infection and 83.7% for past infection. This performance significantly surpassed that of both senior endoscopists (84.3% and 71.4%, respectively) and junior endoscopists (74.3% for current infection). MC-CLIP also maintained high specificity (>90% across all categories) and excelled at identifying subtle mucosal changes following eradication therapy, thereby reducing the misclassification of past infections as non-infections. Discussion By integrating multimodal image-text data and performing end-to-end analysis, MC-CLIP effectively addresses the fundamental limitations of CNN-based approaches. The model shows strong potential for enhancing the accuracy and reliability of MCCE-based gastric cancer screening programs."
doi:10.3389/fonc.2025.1669974,10.3389/fonc.2025.1669974,Robotic assistance for skull base biopsy: a feasibility study in phantom and cadaver,2025,https://doi.org/10.3389/fonc.2025.1669974,Crossref,10.3389/fonc.2025.1669974,multisource_preferred,Sample-based interactive diagnosis,机器人经皮/芯针活检,"[""journal-article""]","Objective Biopsy of suspicious lesions in deeply situated target areas is the first step in clinical management. This study aims to investigate the feasibility and accuracy of a novel robot system for skull base biopsy guided by Cone beam CT (CBCT). Materials and methods The skull phantom and cadaveric specimen were used for tests. The biopsy were performed by a custom 7 degrees of freedom robot system. CBCT images were used for planning trajectories and the data were sent to the robot control unit. Following registration, the puncture needle was automatically inserted into the target by the robot guided by navigation. Location deviation was instantly calculated and the result was verified after postoperative image scanning. Results All 20 interventions were successfully performed in phantom and cadaver respectively. In phantom experiments the mean placement error was 0.56± 0.21 mm (measured by the navigation system) vs. 1.77 ± 0.13 mm (measured by image fusion) ( P < 0.001); in cadaveric studies the corresponding figures were 0.71 ± 0.15 mm vs. 3.10 ± 0.18 mm ( P< 0.001). Accuracy was better in the phantom experiment ( P< 0.001). The Pearson Correlation Coefficients ( r ) was 0.639 and 0.723 in phantom experiments and cadaveric studies respectively. Conclusion The performance of robot-assisted skull base biopsy is feasible and accurate. Clinical tests will need to be demonstrated in further studies."
doi:10.3389/frobt.2021.645424,10.3389/frobt.2021.645424,Robotic Ultrasound Scanning With Real-Time Image-Based Force Adjustment: Quick Response for Enabling Physical Distancing During the COVID-19 Pandemic.,2021,https://doi.org/10.3389/frobt.2021.645424,Europe PMC; OpenAlex,MED/33829043; https://openalex.org/W3139460796,epmc_arxiv; multisource_preferred; openalex_legacy,Active observational sensing; 主动观察式检测,机器人超声; 机器人超声扫描,"[""research-article"", ""Journal Article""]","During an ultrasound (US) scan, the sonographer is in close contact with the patient, which puts them at risk of COVID-19 transmission. In this paper, we propose a robot-assisted system that automatically scans tissue, increasing sonographer/patient distance and decreasing contact duration between them. This method is developed as a quick response to the COVID-19 pandemic. It considers the preferences of the sonographers in terms of how US scanning is done and can be trained quickly for different applications. Our proposed system automatically scans the tissue using a dexterous robot arm that holds US probe. The system assesses the quality of the acquired US images in real-time. This US image feedback will be used to automatically adjust the US probe contact force based on the quality of the image frame. The quality assessment algorithm is based on three US image features: correlation, compression and noise characteristics. These US image features are input to the SVM classifier, and the robot arm will adjust the US scanning force based on the SVM output. The proposed system enables the sonographer to maintain a distance from the patient because the sonographer does not have to be holding the probe and pressing against the patient's body for any prolonged time. The SVM was trained using bovine and porcine biological tissue, the system was then tested experimentally on plastisol phantom tissue. The result of the experiments shows us that our proposed quality assessment algorithm successfully maintains US image quality and is fast enough for use in a robotic control loop."
doi:10.3389/frobt.2021.645756,10.3389/frobt.2021.645756,Autonomous Robotic Point-of-Care Ultrasound Imaging for Monitoring of COVID-19–Induced Pulmonary Diseases,2021,https://doi.org/10.3389/frobt.2021.645756,Crossref,10.3389/frobt.2021.645756,multisource_preferred,Active observational sensing,机器人超声扫描,"[""journal-article""]","The COVID-19 pandemic has emerged as a serious global health crisis, with the predominant morbidity and mortality linked to pulmonary involvement. Point-of-Care ultrasound (POCUS) scanning, becoming one of the primary determinative methods for its diagnosis and staging, requires, however, close contact of healthcare workers with patients, therefore increasing the risk of infection. This work thus proposes an autonomous robotic solution that enables POCUS scanning of COVID-19 patients’ lungs for diagnosis and staging. An algorithm was developed for approximating the optimal position of an ultrasound probe on a patient from prior CT scans to reach predefined lung infiltrates. In the absence of prior CT scans, a deep learning method was developed for predicting 3D landmark positions of a human ribcage given a torso surface model. The landmarks, combined with the surface model, are subsequently used for estimating optimal ultrasound probe position on the patient for imaging infiltrates. These algorithms, combined with a force–displacement profile collection methodology, enabled the system to successfully image all points of interest in a simulated experimental setup with an average accuracy of 20.6 ± 14.7 mm using prior CT scans, and 19.8 ± 16.9 mm using only ribcage landmark estimation. A study on a full torso ultrasound phantom showed that autonomously acquired ultrasound images were 100% interpretable when using force feedback with prior CT and 88% with landmark estimation, compared to 75 and 58% without force feedback, respectively. This demonstrates the preliminary feasibility of the system, and its potential for offering a solution to help mitigate the spread of COVID-19 in vulnerable environments."
doi:10.3389/frobt.2022.832208,10.3389/frobt.2022.832208,Robotic Endoscope Control Via Autonomous Instrument Tracking.,2022,https://doi.org/10.3389/frobt.2022.832208,Europe PMC,MED/35480090,epmc_arxiv; multisource_preferred,Active observational sensing; 主动观察式检测,内镜搜索/自主巡检; 机器人胃肠柔性内镜巡检,"[""research-article"", ""Journal Article""]","Many keyhole interventions rely on bi-manual handling of surgical instruments, forcing the main surgeon to rely on a second surgeon to act as a camera assistant. In addition to the burden of excessively involving surgical staff, this may lead to reduced image stability, increased task completion time and sometimes errors due to the monotony of the task. Robotic endoscope holders, controlled by a set of basic instructions, have been proposed as an alternative, but their unnatural handling may increase the cognitive load of the (solo) surgeon, which hinders their clinical acceptance. More seamless integration in the surgical workflow would be achieved if robotic endoscope holders collaborated with the operating surgeon via semantically rich instructions that closely resemble instructions that would otherwise be issued to a human camera assistant, such as ""focus on my right-hand instrument."" As a proof of concept, this paper presents a novel system that paves the way towards a synergistic interaction between surgeons and robotic endoscope holders. The proposed platform allows the surgeon to perform a bimanual coordination and navigation task, while a robotic arm autonomously performs the endoscope positioning tasks. Within our system, we propose a novel tooltip localization method based on surgical tool segmentation and a novel visual servoing approach that ensures smooth and appropriate motion of the endoscope camera. We validate our vision pipeline and run a user study of this system. The clinical relevance of the study is ensured through the use of a laparoscopic exercise validated by the European Academy of Gynaecological Surgery which involves bi-manual coordination and navigation. Successful application of our proposed system provides a promising starting point towards broader clinical adoption of robotic endoscope holders."
doi:10.3389/frobt.2022.896267,10.3389/frobt.2022.896267,"Towards Autonomous Robotic Biopsy-Design, Modeling and Control of a Robot for Needle Insertion of a Commercial Full Core Biopsy Instrument.",2022,https://doi.org/10.3389/frobt.2022.896267,Crossref; Europe PMC; OpenAlex,10.3389/frobt.2022.896267; MED/35832930; https://openalex.org/W4282938042,epmc_arxiv; multisource_preferred; openalex_legacy,Sample-based interactive diagnosis; 采样式交互检测,机器人穿刺/芯针活检; 机器人经皮/芯针活检,"[""research-article"", ""Journal Article""]","This paper presents the design, control, and experimental evaluation of a novel fully automated robotic-assisted system for the positioning and insertion of a commercial full core biopsy instrument under guidance by ultrasound imaging. The robotic system consisted of a novel 4 Degree of freedom (DOF) add-on robot for the positioning and insertion of the biopsy instrument that is attached to a UR5-based teleoperation system with 6 DOF. The robotic system incorporates the advantages of both freehand and probe-guided biopsy techniques. The proposed robotic system can be used as a slave robot in a teleoperation configuration or as an autonomous or semi-autonomous robot in the future. While the UR5 manipulator was controlled using a teleoperation scheme with force controller, a reinforcement learning based controller using the Deep Deterministic Policy Gradient (DDPG) algorithm was developed for the add-on robotic system. The dexterous workspace analysis of the add-on robotic system demonstrated that the system has a suitable workspace within the US image. Two sets of comprehensive experiments including four experiments were performed to evaluate the robotic system's performance in terms of the biopsy instrument positioning, and the insertion of the needle inside the ultrasound plane. The experimental results showed the ability of the robotic system for in-plane needle insertion. The overall mean error of all four experiments in the tracking of the needle angle was 0.446°, and the resolution of the needle insertion was 0.002 mm."
doi:10.3389/frobt.2022.940062,10.3389/frobt.2022.940062,Towards Autonomous Robotic Minimally Invasive Ultrasound Scanning and Vessel Reconstruction on Non-Planar Surfaces.,2022,https://doi.org/10.3389/frobt.2022.940062,Europe PMC; OpenAlex,MED/36304794; https://openalex.org/W4304187370,epmc_arxiv; multisource_preferred; openalex_legacy,Active observational sensing; 主动观察式检测,机器人超声; 机器人超声扫描,"[""research-article"", ""Journal Article""]","Autonomous robotic Ultrasound (US) scanning has been the subject of research for more than 2 decades. However, little work has been done to apply this concept into a minimally invasive setting, in which accurate force sensing is generally not available and robot kinematics are unreliable due to the tendon-driven, compliant robot structure. As a result, the adequate orientation of the probe towards the tissue surface remains unknown and the anatomy reconstructed from scan may become highly inaccurate. In this work we present solutions to both of these challenges: an attitude sensor fusion scheme for improved kinematic sensing and a visual, deep learning based algorithm to establish and maintain contact between the organ surface and the US probe. We further introduce a novel scheme to estimate and orient the probe perpendicular to the center line of a vascular structure. Our approach enables, for the first time, to autonomously scan across a non-planar surface and navigate along an anatomical structure with a robotically guided minimally invasive US probe. Our experiments on a vessel phantom with a convex surface confirm a significant improvement of the reconstructed curved vessel geometry, with our approach strongly reducing the mean positional error and variance. In the future, our approach could help identify vascular structures more effectively and help pave the way towards semi-autonomous assistance during partial hepatectomy and the potential to reduce procedure length and complication rates."
doi:10.3389/frobt.2024.1383732,10.3389/frobt.2024.1383732,Autonomous ultrasound scanning robotic system based on human posture recognition and image servo control: an application for cardiac imaging.,2024,https://doi.org/10.3389/frobt.2024.1383732,Europe PMC; OpenAlex,MED/38774468; https://openalex.org/W4396704118,epmc_arxiv; multisource_preferred; openalex_legacy,Active observational sensing; 主动观察式检测,机器人超声; 机器人超声扫描,"[""research-article"", ""Journal Article""]","In traditional cardiac ultrasound diagnostics, the process of planning scanning paths and adjusting the ultrasound window relies solely on the experience and intuition of the physician, a method that not only affects the efficiency and quality of cardiac imaging but also increases the workload for physicians. To overcome these challenges, this study introduces a robotic system designed for autonomous cardiac ultrasound scanning, with the goal of advancing both the degree of automation and the quality of imaging in cardiac ultrasound examinations. The system achieves autonomous functionality through two key stages: initially, in the autonomous path planning stage, it utilizes a camera posture adjustment method based on the human body's central region and its planar normal vectors to achieve automatic adjustment of the camera's positioning angle; precise segmentation of the human body point cloud is accomplished through efficient point cloud processing techniques, and precise localization of the region of interest (ROI) based on keypoints of the human body. Furthermore, by applying isometric path slicing and B-spline curve fitting techniques, it independently plans the scanning path and the initial position of the probe. Subsequently, in the autonomous scanning stage, an innovative servo control strategy based on cardiac image edge correction is introduced to optimize the quality of the cardiac ultrasound window, integrating position compensation through admittance control to enhance the stability of autonomous cardiac ultrasound imaging, thereby obtaining a detailed view of the heart's structure and function. A series of experimental validations on human and cardiac models have assessed the system's effectiveness and precision in the correction of camera pose, planning of scanning paths, and control of cardiac ultrasound imaging quality, demonstrating its significant potential for clinical ultrasound scanning applications."
doi:10.3389/frobt.2024.1405169,10.3389/frobt.2024.1405169,SonoBox: development of a robotic ultrasound tomograph for the ultrasound diagnosis of paediatric forearm fractures.,2024,https://doi.org/10.3389/frobt.2024.1405169,Europe PMC; OpenAlex,MED/39233849; https://openalex.org/W4401747513,multisource_preferred; openalex_legacy,Active observational sensing; 主动观察式检测,机器人超声; 机器人超声扫描,"[""research-article"", ""Journal Article""]","Introduction Paediatric forearm fractures are a prevalent reason for medical consultation, often requiring diagnostic X-rays that present a risk due to ionising radiation, especially concerning given the sensitivity of children's tissues. This paper explores the efficacy of ultrasound imaging, particularly through the development of the SonoBox system, as a safer, non-ionising alternative. With emerging evidence supporting ultrasound as a viable method for fracture assessment, innovations like SonoBox will become increasingly important. Materials and methods In our project, we want to advance ultrasound-based, contact-free, and automated cross-sectional imaging for diagnosing paediatric forearm fractures. To this end, we are building a technical platform that navigates a commercially available ultrasound probe around the extremity within a water-filled tank, utilising intelligent robot control and image processing methods to generate a comprehensive ultrasound tomogram. Safety and hygiene considerations, gender and diversity relevance, and the potential reduction of radiation exposure and examination pain are pivotal aspects of this endeavour. Results Preliminary experiments have demonstrated the feasibility of rapidly generating ultrasound tomographies in a water bath, overcoming challenges such as water turbulence during probe movement. The SonoBox prototype has shown promising results in transmitting position data for ultrasound imaging, indicating potential for autonomous, accurate, and potentially painless fracture diagnosis. The project outlines further goals, including the construction of prototypes, validation through patient studies, and development of a hygiene concept for clinical application. Conclusion The SonoBox project represents a significant step forward in paediatric fracture diagnostics, offering a safer, more comfortable alternative to traditional X-ray imaging. By automating the imaging process and removing the need for direct contact, SonoBox has the potential to improve clinical efficiency, reduce patient discomfort, and broaden the scope of ultrasound applications. Further research and development will focus on validating its effectiveness in clinical settings and exploring its utility in other medical and veterinary applications."
doi:10.3389/frobt.2025.1527686,10.3389/frobt.2025.1527686,Autonomous robotic ultrasound scanning system: a key to enhancing image analysis reproducibility and observer consistency in ultrasound imaging.,2025,https://doi.org/10.3389/frobt.2025.1527686,Europe PMC; OpenAlex,MED/39975565; https://openalex.org/W4407183492,epmc_arxiv; multisource_preferred; openalex_legacy,Active observational sensing; 主动观察式检测,机器人超声; 机器人超声扫描,"[""research-article"", ""Journal Article""]","Purpose This study aims to develop an autonomous robotic ultrasound scanning system (auto-RUSS) pipeline, comparing its reproducibility and observer consistency in image analysis with physicians of varying levels of expertise. Design/methodology/approach An auto-RUSS was engineered using a 7-degree-of-freedom robotic arm, with real-time regulation based on force control and ultrasound visual servoing. Two phantoms were employed for the human-machine comparative experiment, involving three groups: auto-RUSS, non-expert (4 junior physicians), and expert (4 senior physicians). This setup enabled comprehensive assessment of reproducibility in contact force, image acquisition, image measurement and AI-assisted classification. Radiological feature variability was measured using the coefficient of variation (COV), while performance and reproducibility assessments utilized mean and standard deviation (SD). Findings The auto-RUSS had the potential to reduce operator-dependent variability in ultrasound examinations, offering enhanced repeatability and consistency across multiple dimensions including probe contact force, images acquisition, image measurement, and diagnostic model performance. Originality/value In this paper, an autonomous robotic ultrasound scanning system (auto-RUSS) pipeline was proposed. Through comprehensive human-machine comparison experiments, the auto-RUSS was shown to effectively improve the reproducibility of ultrasound images and minimize human-induced variability."
doi:10.3389/fsurg.2025.1566902,10.3389/fsurg.2025.1566902,Robotic-assisted bronchoscopy—advancing lung cancer management,2025,https://doi.org/10.3389/fsurg.2025.1566902,Crossref; OpenAlex,10.3389/fsurg.2025.1566902; https://openalex.org/W4410991005,multisource_preferred; openalex_legacy,Active observational sensing; 主动观察式检测,内镜搜索/自主巡检; 机器人支气管镜搜索/导航,"[""journal-article""]","The incidental discovery of early-stage, multifocal lung cancer is transforming the medical landscape. Diagnosing and treating such lesions are often troublesome due to their small size, subsolid consistency, and multifocal nature. This has led to the development of electromagnetic navigation bronchoscopy, which enhanced the ease of navigation and improved localization accuracy during diagnostic procedures. Moreover, it opens the door for intricate transbronchial therapeutic procedures thanks to the superior navigational precision. To further automate navigation and increase maneuverability, robotic-assisted bronchoscopy was developed in recent years, where the robotic arms allow a high level of control and stability of the bronchoscope. Recent evidence has shown that the maneuverability, steadiness, and localization accuracy offered by robotic-assisted bronchoscopy systems with the navigation system allow operators to navigate narrower airways and perform complex interventions with great precision. This review illustrates the development, advantages, and applications of various robotic bronchoscopy systems with the latest evidence. We explore the promising future of robotic-assisted bronchoscopy, where such procedures are anticipated to play an essential role in the multidisciplinary management pathway."
doi:10.3390/act13020062,10.3390/act13020062,Force Tracking Control Method for Robotic Ultrasound Scanning System under Soft Uncertain Environment,2024,https://doi.org/10.3390/act13020062,Crossref; OpenAlex,10.3390/act13020062; https://openalex.org/W4391566397,multisource_preferred; openalex_legacy,Active observational sensing; 主动观察式检测,机器人超声; 机器人超声扫描,"[""journal-article""]","Robotic ultrasound scanning has excellent potential to reduce physician workload, obtain higher-quality imaging, and reduce costs. However, the traditional admittance control strategy for robotics cannot meet the high-precision force control requirements for robots, which are critical for improving image quality and ensuring patient safety. In this study, an integral adaptive admittance control strategy is proposed for contact force control between an ultrasound probe and human skin to enhance the accuracy of force tracking. First, a robotic ultrasound scanning system is proposed, and the system’s overall workflow is introduced. Second, an adaptive admittance control strategy is designed to estimate the uncertain environmental information online, and the estimated parameters are used to modify the reference trajectory. On the basis of ensuring the stability of the system, an integral controller is then introduced to improve the steady-state response. Subsequently, the stability of the proposed strategy is analysed. In addition, a gravity compensation process is proposed to obtain the actual contact force. Finally, through a simulation analysis, the effectiveness of the strategy is discussed. Simultaneously, a series of experiments are carried out on the robotic ultrasound scanning system, and the results show that the strategy can successfully maintain a constant contact force under soft uncertain environments, which effectively improves the efficiency of scanning."
doi:10.3390/act15060333,10.3390/act15060333,Research on Robotic Force Control for Infant Hip Ultrasound,2026,https://doi.org/10.3390/act15060333,Crossref,10.3390/act15060333,multisource_preferred,Active observational sensing,机器人超声扫描,"[""journal-article""]","The contact force between the ultrasound probe and human skin directly affects image quality, patient safety, and comfort. In infant developmental dysplasia of the hip (DDH) ultrasound examinations, higher force control precision is required, as infants have thin skin and soft cartilage that are easily deformed under excessive probe pressure. This paper proposes a comprehensive force control method for DDH ultrasound robots. Firstly, an online gravity calibration approach is employed to estimate the installation tilt, sensor zero offset, and probe center of gravity, thereby improving force measurement accuracy. Then, a torque-based pose control algorithm is adopted to achieve conformal probe–skin contact. Finally, a variable admittance control strategy based on fuzzy neural network (FNN) is proposed, which adaptively regulates the damping coefficient based on the force error and its rate, enabling stable force control without explicit soft-tissue modeling. Experiments on an infant phantom and human skin show that the proposed method achieves force fluctuation amplitudes of 0.0984 ± 0.0012 N and 0.0976 ± 0.0014 N, respectively, with absolute steady-state force errors below 0.01 N. Compared with conventional admittance control, it significantly reduces force oscillations and improves tracking accuracy. In infant experiments, the method enables smooth convergence to the desired force and maintains relatively stable probe–skin interaction, which contributes to consistent ultrasound image acquisition and reduces tissue deformation. These results suggest that the proposed method can provide a feasible force control basis for stable and gentle robotic DDH ultrasound scanning."
doi:10.3390/app13031604,10.3390/app13031604,Development of a Collaborative Robotic Platform for Autonomous Auscultation,2023,https://doi.org/10.3390/app13031604,Crossref; OpenAlex,10.3390/app13031604; https://openalex.org/W4318473649,multisource_preferred; openalex_legacy,Active observational sensing; 主动观察式检测,机器人听诊,"[""journal-article""]","Listening to internal body sounds, or auscultation, is one of the most popular diagnostic techniques in medicine. In addition to being simple, non-invasive, and low-cost, the information it offers, in real time, is essential for clinical decision-making. This process, usually done by a doctor in the presence of the patient, currently presents three challenges: procedure duration, participants’ safety, and the patient’s privacy. In this article we tackle these by proposing a new autonomous robotic auscultation system. With the patient prepared for the examination, a 3D computer vision sub-system is able to identify the auscultation points and translate them into spatial coordinates. The robotic arm is then responsible for taking the stethoscope surface into contact with the patient’s skin surface at the various auscultation points. The proposed solution was evaluated to perform a simulated pulmonary auscultation in six patients (with distinct height, weight, and skin color). The obtained results showed that the vision subsystem was able to correctly identify 100% of the auscultation points, with uncontrolled lighting conditions, and the positioning subsystem was able to accurately position the gripper on the corresponding positions on the human body. Patients reported no discomfort during auscultation using the described automated procedure."
doi:10.3390/app9122573,10.3390/app9122573,Compensating Uncertainties in Force Sensing for Robotic-Assisted Palpation,2019,https://doi.org/10.3390/app9122573,Crossref; OpenAlex,10.3390/app9122573; https://openalex.org/W2955192908,multisource_preferred; openalex_legacy,Response-based interactive diagnosis; 响应式交互检测,机器人触诊; 机器人触诊/肿块搜索,"[""journal-article""]","Force sensing in robotic-assisted minimally invasive surgery (RMIS) is crucial for performing dedicated surgical procedures, such as bilateral teleoperation and palpation. Due to the bio-compatibility and sterilization requirements, a specially designed surgical tool/shaft is normally attached to the sensor while contacting the organ targets. Through this design, the measured force from the sensor usually contains uncertainties, such as noise, inertial force etc., and thus cannot reflect the actual interaction force with the tissue environment. Motivated to provide the authentic contact force between a robotic tool and soft tissue, we proposed a data-driven force compensation scheme without intricate modeling to reduce the effects of force measurement uncertainties. In this paper, a neural-network-based approach is utilized to automatically model the inertial force subject to noise during the robotic palpation procedure, then the exact contact force can be obtained through the force compensation method which cancels the noise and inertial force. Following this approach, the genuine interaction force during the palpation task can be achieved furthermore to improve the appraisal of the tumor surrounded by the soft tissue. Experiments are conducted with robotic-assisted palpation tasks on a silicone-based soft tissue phantom and the results verify the effectiveness of the suggested method."
doi:10.3390/bios11120522,10.3390/bios11120522,"AI-Enabled, Ultrasound-Guided Handheld Robotic Device for Femoral Vascular Access",2021,https://doi.org/10.3390/bios11120522,Crossref,10.3390/bios11120522,multisource_preferred,Active observational sensing,机器人超声扫描,"[""journal-article""]","Hemorrhage is a leading cause of trauma death, particularly in prehospital environments when evacuation is delayed. Obtaining central vascular access to a deep artery or vein is important for administration of emergency drugs and analgesics, and rapid replacement of blood volume, as well as invasive sensing and emerging life-saving interventions. However, central access is normally performed by highly experienced critical care physicians in a hospital setting. We developed a handheld AI-enabled interventional device, AI-GUIDE (Artificial Intelligence Guided Ultrasound Interventional Device), capable of directing users with no ultrasound or interventional expertise to catheterize a deep blood vessel, with an initial focus on the femoral vein. AI-GUIDE integrates with widely available commercial portable ultrasound systems and guides a user in ultrasound probe localization, venous puncture-point localization, and needle insertion. The system performs vascular puncture robotically and incorporates a preloaded guidewire to facilitate the Seldinger technique of catheter insertion. Results from tissue-mimicking phantom and porcine studies under normotensive and hypotensive conditions provide evidence of the technique’s robustness, with key performance metrics in a live porcine model including: a mean time to acquire femoral vein insertion point of 53 ± 36 s (5 users with varying experience, in 20 trials), a total time to insert catheter of 80 ± 30 s (1 user, in 6 trials), and a mean number of 1.1 (normotensive, 39 trials) and 1.3 (hypotensive, 55 trials) needle insertion attempts (1 user). These performance metrics in a porcine model are consistent with those for experienced medical providers performing central vascular access on humans in a hospital."
doi:10.3390/diagnostics10121038,10.3390/diagnostics10121038,Ultrasound Assessment of Autonomous Thyroid Nodules before and after Radioiodine Therapy Using Thyroid Imaging Reporting and Data System (TIRADS),2020,https://doi.org/10.3390/diagnostics10121038,Crossref,10.3390/diagnostics10121038,multisource_preferred,Active observational sensing,机器人超声扫描,"[""journal-article""]","The Thyroid Imaging and Reporting System (TIRADS) allows a sonographic assessment of the malignancy risk of thyroid nodules (TNs). To date, there is a lack of systematic data about the change in ultrasound (US) features after therapeutic interventions. The aim of this study was to characterize the changes in autonomously functioning thyroid nodules (AFTNs) after radioiodine therapy (RIT) by using TIRADS. We retrospectively assessed data from 68 patients with AFTNs treated with RIT between 2016 and 2018 who had available first and second follow-up US imaging. Before RIT, 69.1% of the AFTNs were classified as low-risk TNs when applying Kwak TIRADS (EU-TIRADS 52.9%), 22.1% were intermediate-risk TNs (EU-TIRADS 19.1%), and 8.8% were high-risk TNs (EU-TIRADS 27.9%). Twelve months after RIT, 22.1% of the AFTNs showed features of high-risk TNs according to Kwak TIRADS (EU-TIRADS 45.6%). The proportion of intermediate TNs also increased to 36.8% (EU-TIRADS 29.4%), and 41.2% were low-risk TNs (EU-TIRADS 25%). A significant percentage of AFTNs presented with features suspicious for malignancy according to TIRADS before RIT, and this number increased significantly after therapy. Therefore, before thyroid US, thorough anamnesis regarding prior radioiodine treatment is necessary to prevent unneeded diagnostic procedures."
doi:10.3390/electronics14102063,10.3390/electronics14102063,Robotic Ultrasound Diagnostic System for Non-Destructive Testing in Highly Variable Production,2025,https://doi.org/10.3390/electronics14102063,Crossref; OpenAlex,10.3390/electronics14102063; https://openalex.org/W4410519733,multisource_preferred; openalex_legacy,Active observational sensing; 主动观察式检测,机器人超声; 机器人超声扫描,"[""journal-article""]","This paper aims to describe a method of non-destructive testing in highly variable production using a robotic ultrasound diagnostic system. Highly variable production involves producing products of different shapes and dimensions, which requires flexible positioning and the adaptation of diagnostic technology. Typically, highly variable products are made in small batches. Implementing automation tools, including robotic systems, can meet this requirement, even in diagnostic processes that demonstrate the required quality level. This paper deals with the design, simulation, optimization, and verification of an innovative robotic ultrasound diagnostic system for non-destructive testing in highly variable production environments. The robotic positioning of the diagnosed object and the ultrasound probe achieves the automatic adaptation of the system. Robots can automatically position the ultrasound probe relative to the diagnosed object using laser distance measurements in the water environment of a diagnostic vessel. Computer processing of the data measured by the ultrasound probe enables the evaluation of data and the documentation of quality criterion fulfillment in digital form. Setting the technology parameters, monitoring the technology status, and displaying the quality control results are enabled by a human–machine interface system also described in this paper."
doi:10.3390/mi14050969,10.3390/mi14050969,Path Planning and Navigation of Miniature Serpentine Robot for Bronchoscopy Application.,2023,https://doi.org/10.3390/mi14050969,Europe PMC; OpenAlex,MED/37241594; https://openalex.org/W4367678780,epmc_arxiv; multisource_preferred; openalex_legacy,Active observational sensing; 主动观察式检测,内镜搜索/自主巡检; 机器人支气管镜搜索/导航,"[""research-article"", ""Journal Article""]","The miniature serpentine robot can be applied to NOTES (Natural Orifice Transluminal Endoscopic Surgery). In this paper, a bronchoscopy application is addressed. This paper describes the basic mechanical design and control scheme of this miniature serpentine robotic bronchoscopy. In addition, off-line backward path planning and real-time and in situ forward navigation in this miniature serpentine robot are discussed. The proposed backward-path-planning algorithm utilizes the 3D model of a bronchial tree constructed from the synthetization of medical images such as images from CT (Computed Tomography), MRI (Magnetic Resonance Imaging), or X-ray, to define a series of nodes/events backward from the destination, for example, the lesion, to the original starting point, for example, the oral cavity. Accordingly, forward navigation is designed to make sure this series of nodes/events shall be passed/occur from the origin to the destination. This combination of backward-path planning and forward navigation does not require accurate positioning information of the tip of the miniature serpentine robot, which is where the CMOS bronchoscope is located. Collaboratively, a virtual force is introduced to maintain the tip of the miniature serpentine robot at the center of the bronchi. Results show that this method of path planning and navigation of the miniature serpentine robot for bronchoscopy applications works."
doi:10.3390/mi17030327,10.3390/mi17030327,Posture Tracking of Active Capsule Endoscopes Integrated with Magnetic Actuation Using Hall-Effect Sensors.,2026,https://doi.org/10.3390/mi17030327,Europe PMC,MED/41900213,multisource_preferred,Active observational sensing,磁控/主动胶囊内镜巡检,"[""research-article"", ""Journal Article""]","A capsule endoscope (CE) provides noninvasive access to the gastrointestinal tract, offering diagnostic information that cannot be obtained through external imaging alone. However, during the examination inside the stomach, the CE's posture may change rapidly as it moves within a dynamically deforming organ, making it difficult to determine its orientation using only the onboard camera feedback. To address this problem, this study proposes a method that employs an external array of Hall Effect Sensors (HES) to estimate the capsule's position and orientation in real time, based on the magnetic field generated by a permanent magnet (PM) embedded inside the capsule, without the need for any additional internal sensors. This approach introduces a unified magnetic actuation and localization framework that enables real-time 5-degree-of-freedom posture estimation using only the internal PM of the capsule. Furthermore, the proposed system features an integrated architecture capable of simultaneous actuation and localization. To enhance system practicality, the sensor module and communication board were combined into a single unit that employs a digital serial communication scheme, eliminating the need for analog to digital conversion of sensing signals. By avoiding additional onboard sensors and employing a PM-based actuation system, the proposed system simplifies hardware configuration by preserving capsule miniaturization and by eliminating the high power consumption and thermal issues associated with electromagnet-based actuation, while maintaining accurate real-time tracking performance. Through an optimization process, the system achieved a position error of less than 2 mm and an angular error within 2° over a sensing range of up to 60 mm. Repeated experiments further validated the system's effectiveness and reliability under realistic operating conditions, demonstrating its feasibility for compact and clinically applicable active capsule endoscopy systems."
doi:10.3390/robotics13110164,10.3390/robotics13110164,HaptiScan: A Haptically-Enabled Robotic Ultrasound System for Remote Medical Diagnostics,2024,https://doi.org/10.3390/robotics13110164,Crossref; OpenAlex,10.3390/robotics13110164; https://openalex.org/W4404247107,multisource_preferred; openalex_legacy,Active observational sensing; 主动观察式检测,机器人超声; 机器人超声扫描,"[""journal-article""]","Medical ultrasound is a widely used diagnostic imaging modality that provides real-time imaging at a relatively low cost. However, its widespread application is hindered by the need for expert operation, particularly in remote regional areas where trained sonographers are scarce. This paper presents the development of HaptiScan, a state-of-the-art telerobotic ultrasound system equipped with haptic feedback. The system utilizes a commercially available robotic manipulator, the UR5 robot from Universal Robots, integrated with a force/torque sensor and the Phantom Omni haptic device. This configuration enables skilled sonographers to remotely conduct ultrasound procedures via an internet connection, addressing both the geographic and ergonomic limitations faced in traditional sonography. Key innovative features of the system include real-time force feedback, ensuring that sonographers can precisely control the ultrasound probe from a remote location. The system is further enhanced by safety measures such as over-force sensing, patient discomfort monitoring, and emergency stop mechanisms. Quantitative indicators of the system’s performance include successful teleoperation over long distances with time delays, as demonstrated in simulations. These simulations validate the system’s control methodologies, showing stable performance with force feedback under varying time delays and distances. Additionally, the UR5 manipulator’s precision, kinematic, and dynamic models are mathematically formulated to optimize teleoperation. The results highlight the effectiveness of the proposed system in overcoming the technical challenges of remote ultrasound procedures, offering a viable solution for real-world telemedicine applications."
doi:10.3390/robotics14080100,10.3390/robotics14080100,PRONOBIS: A Robotic System for Automated Ultrasound-Based Prostate Reconstruction and Biopsy Planning,2025,https://doi.org/10.3390/robotics14080100,Crossref,10.3390/robotics14080100,multisource_preferred,Active observational sensing,机器人超声扫描,"[""journal-article""]","This paper presents the PRONOBIS project, an ultrasound-only, robotically assisted, deep learning-based system for prostate scanning and biopsy treatment planning. The proposed system addresses the challenges of precise prostate segmentation, reconstruction and inter-operator variability by performing fully automated prostate scanning, real-time CNN-transformer-based image processing, 3D prostate reconstruction, and biopsy needle position planning. Fully automated prostate scanning is achieved by using a robotic arm equipped with an ultrasound system. Real-time ultrasound image processing utilizes state-of-the-art deep learning algorithms with intelligent post-processing techniques for precise prostate segmentation. To create a high-quality prostate segmentation dataset, this paper proposes a deep learning-based medical annotation platform, MedAP. For precise segmentation of the entire prostate sweep, DAF3D and MicroSegNet models are evaluated, and additional image post-processing methods are proposed. Three-dimensional visualization and prostate reconstruction are performed by utilizing the segmentation results and robotic positional data, enabling robust, user-friendly biopsy treatment planning. The real-time sweep scanning and segmentation operate at 30 Hz, which enable complete scan in 15 to 20 s, depending on the size of the prostate. The system is evaluated on prostate phantoms by reconstructing the sweep and by performing dimensional analysis, which indicates 92% and 98% volumetric accuracy on the tested phantoms. Three-dimansional prostate reconstruction takes approximately 3 s and enables fast and detailed insight for precise biopsy needle position planning."
doi:10.3390/robotics15020037,10.3390/robotics15020037,Patient Acceptability of Automated Robotic Ultrasound by Patient Profile,2026,https://doi.org/10.3390/robotics15020037,Crossref; OpenAlex,10.3390/robotics15020037; https://openalex.org/W7128198968,multisource_preferred; openalex_legacy,Active observational sensing; 主动观察式检测,机器人超声; 机器人超声扫描,"[""journal-article""]","Robotic ultrasound (US) has emerged as a promising solution to enhance the accuracy, consistency, and accessibility of US examinations. Although many studies have proposed various technologies toward full automation, patient acceptance of the robotic US system has not been discussed. This study explored the patient’s acceptability of robotic US through a questionnaire survey. The 480 participants were asked about their willingness to use a medical facility that offers robotic US examinations. The results showed that the score was 3.61 out of 6, slightly above the average of 3.5. As the reasons for wanting to undergo the robotic US examination, many participants pointed to “time” and “cost”. The most common reason for not wanting to use it was “vague anxiety” that patients feel somewhat anxious and “object anxiety” such as a fear of danger due to malfunction. These negative reasons were relatively low among participants who had found diseases via US examinations and among those who already had experience using robots in medical and nursing care fields. This suggests that patients need to increase their knowledge and experience of US examination and robotics to increase their willingness to use automated robotic US."
doi:10.3390/s22228670,10.3390/s22228670,Force-Sensorless Identification and Classification of Tissue Biomechanical Parameters for Robot-Assisted Palpation.,2022,https://doi.org/10.3390/s22228670,Europe PMC; OpenAlex,MED/36433266; https://openalex.org/W4308872482,epmc_arxiv; multisource_preferred; openalex_legacy,Response-based interactive diagnosis; 响应式交互检测,机器人触诊; 机器人触诊/肿块搜索,"[""research-article"", ""Journal Article""]","The implementation of robotic systems for minimally invasive surgery and medical procedures is an active topic of research in recent years. One of the most common procedures is the palpation of soft tissues to identify their mechanical characteristics. In particular, it is very useful to identify the tissue's stiffness or equivalently its elasticity coefficient. However, this identification relies on the existence of a force sensor or a tactile sensor mounted at the tip of the robot, as well as on measuring the robot velocity. For some applications it would be desirable to identify the biomechanical characteristics of soft tissues without the need for a force/tactile nor velocity sensors. An estimation of such quantities can be obtained by a model-based state observer for which the inputs are only the robot joint positions and its commanded joint torques. The estimated velocities and forces can then be employed for closed-loop force control, force reflection, and mechanical parameters estimation. In this work, a closed-loop force control is proposed based on the estimated contact forces to avoid any tissue damage. Then, the information from the estimated forces and velocities is used in a least squares estimator of the mechanical parameters. Moreover, the estimated biomechanical parameters are employed in a Bayesian classifier to provide further help for the physician to make a diagnosis. We have found that a combination of the parameters of both linear and nonlinear viscoelastic models provide better classification results: 0% misclassifications against 50% when using a linear model, and 3.12% when using only a nonlinear model, for the case in which the samples have very similar mechanical properties."
doi:10.3390/s25020468,10.3390/s25020468,Design of a Cost-Effective Ultrasound Force Sensor and Force Control System for Robotic Extra-Body Ultrasound Imaging.,2025,https://doi.org/10.3390/s25020468,Europe PMC; OpenAlex,MED/39860838; https://openalex.org/W4406406153,epmc_arxiv; multisource_preferred; openalex_legacy,Active observational sensing; 主动观察式检测,机器人超声; 机器人超声扫描,"[""research-article"", ""Journal Article""]","Ultrasound imaging is widely valued for its safety, non-invasiveness, and real-time capabilities but is often limited by operator variability, affecting image quality and reproducibility. Robot-assisted ultrasound may provide a solution by delivering more consistent, precise, and faster scans, potentially reducing human error and healthcare costs. Effective force control is crucial in robotic ultrasound scanning to ensure consistent image quality and patient safety. However, existing robotic ultrasound systems rely heavily on expensive commercial force sensors or the integrated sensors of commercial robotic arms, limiting their accessibility. To address these challenges, we developed a cost-effective, lightweight, 3D-printed force sensor and a hybrid position-force control strategy tailored for robotic ultrasound scanning. The system integrates patient-to-robot registration, automated scanning path planning, and multi-sensor data fusion, allowing the robot to autonomously locate the patient, target the region of interest, and maintain optimal contact force during scanning. Validation was conducted using an ultrasound-compatible abdominal aortic aneurysm (AAA) phantom created from patient CT data and healthy volunteer testing. For the volunteer testing, during a 1-min scan, 65% of the forces were within the good image range. Both volunteers reported no discomfort or pain during the whole procedure. These results demonstrate the potential of the system to provide safe, precise, and autonomous robotic ultrasound imaging in real-world conditions."
doi:10.3390/s26051723,10.3390/s26051723,Target Tissue Identification Based on Image Processing for Regulating Automatic Robotic Lung Biopsy Sampler: Onsite Phantom Validation,2026,https://doi.org/10.3390/s26051723,Crossref,10.3390/s26051723,multisource_preferred,Sample-based interactive diagnosis,机器人经皮/芯针活检,"[""journal-article""]","Cancer is one of the global health problems that affects millions of people every year. Biopsies are among the standard methods for detecting and confirming a cancer diagnosis. Performing this study manually poses several challenges due to tissue movement and the difficulty of precisely locating the target, as is often the case in lung biopsies. This study presents the design and implementation of an autonomous image processing algorithm included in a closed-loop controller that drives the activity of a multi-degree-of-freedom (six) robotic manipulator that performs emulated tissue biopsies. A realistic lung motion emulator, based on a two-degree-of-freedom robotic device with a photon emitter (to simulate radiopharmaceutical identification of cancerous tissue), was used to test the proposed automatic biopsy collector. Applying image processing to detect cancer tissue enables the identification of the centroid and tumor boundaries. Using the detected centroid coordinates, the reference trajectory of the end effector (biopsy needle) was automatically determined. A finite-time convergent controller was implemented to guide the robotic manipulator’s motion towards the tumor position within a specified time window. The controller was evaluated using a digital twin representation of the entire robotic system and using an experimental device working on the simulated mobile tumor emulator. Evaluation of simulated tumor detection and reference trajectory tracking effectiveness was used to validate the operation of the proposed automatic robotic lung biopsy sampler. The application of the controller allows one to track the position of the emulated tumor with a deviation of 0.52 mm and a settling time of less than 1 s."
doi:10.3390/s26144452,10.3390/s26144452,A Robotic Ultrasound System for Automated Abdominal Aorta Screening: Feasibility Study in Healthy Volunteers.,2026,https://doi.org/10.3390/s26144452,Europe PMC; OpenAlex,MED/42515336; https://openalex.org/W7168169062,epmc_arxiv; multisource_preferred; openalex_legacy,Active observational sensing; 主动观察式检测,机器人超声; 机器人超声扫描,"[""Journal Article""]","Ultrasound is safe, portable, and relatively low cost, and robotic ultrasound research is expanding across many diagnostic applications. Within this context, abdominal aortic aneurysm (AAA) screening remains comparatively unexplored, with few systems reporting end-to-end autonomous scanning and clinician-validated evaluation in volunteers. We present a conditionally autonomous (Level-3) robotic ultrasound system in which the operator defines the region of interest and confirms the target force band, after which the robot performs surface-constrained abdominal sweeps under force control and automatically selects diagnostic frames and estimates aortic diameter without further manual interaction during scanning. The system combines RGB-depth-based patient-to-robot registration, hybrid position-force control with a low-cost force sensor, and a post-acquisition image-analysis pipeline comprising rule-based aorta localisation, a composite image quality assessment (IQA) metric, and a transfer-learned U-Net segmentation baseline. In a feasibility study on ten healthy volunteers spanning BMI 18.6-33 and diverse sex and skin-tone profiles, the robot maintained stable contact within the target force band in all sessions and produced aortic images rated diagnostically acceptable by clinicians in all participants. Automated diameter measurements showed a mean absolute difference of 1.45 mm relative to clinician reference values, with 9/10 cases within 3 mm and all within the 5 mm screening criterion. Volunteer questionnaires indicated high levels of comfort and trust in the system. These results demonstrate the feasibility of operator-supervised, force-aware robotic AAA scanning and highlight the potential of low-cost robotic ultrasound for wider automated vascular imaging."
doi:10.3390/technologies12030033,10.3390/technologies12030033,A Comparison between Kinematic Models for Robotic Needle Insertion with Application into Transperineal Prostate Biopsy,2024,https://doi.org/10.3390/technologies12030033,Crossref,10.3390/technologies12030033,multisource_preferred,Sample-based interactive diagnosis,机器人经皮/芯针活检,"[""journal-article""]","Transperineal prostate biopsy is the most reliable technique for detecting prostate cancer, and robot-assisted needle insertion has the potential to improve the accuracy of this procedure. Modeling the interaction between a bevel-tip needle and the tissue, considering tissue heterogeneity, needle bending, and tissue/organ deformation and movement is a required step to enable robotic needle insertion. Even if several models exist, they have never been compared on experimental grounds. Based on this motivation, this paper proposes an experimental comparison for kinematic models of needle insertion, considering different needle insertion speeds and different degrees of tissue stiffness. The experimental comparison considers automated insertions of needles into transparent silicone phantoms under stereo-image guidance. The comparison evaluates the accuracy of existing models in predicting needle deformation."
doi:10.3390/technologies13020070,10.3390/technologies13020070,Automatic Robotic Ultrasound for 3D Musculoskeletal Reconstruction: A Comprehensive Framework,2025,https://doi.org/10.3390/technologies13020070,Crossref; OpenAlex,10.3390/technologies13020070; https://openalex.org/W4407392146,multisource_preferred; openalex_legacy,Active observational sensing; 主动观察式检测,机器人超声; 机器人超声扫描,"[""journal-article""]","Musculoskeletal ultrasound (US) imaging faces challenges such as operator experience, limited spatial flexibility, and high personnel costs. This study introduces an Automated Robotic Ultrasound Scanning (ARUS) system that integrates key technological advancements to automate the ultrasound scanning procedure with the robot, including anatomical target localization, automatic trajectory generation, deep-learning-based segmentation, and 3D reconstruction of musculoskeletal structures. The ARUS system consists of a robotic arm, ultrasound imaging, and stereo vision for precise anatomical area detection. A Graphical User Interface (GUI) facilitates a flexible selection of scanning trajectories, improving user interaction and enabling customized US scans. To handle complex and dynamic curvatures on the skin, together with anatomical area detection, the system employs a hybrid position–force control strategy based on the generated trajectory, ensuring stability and accuracy. Additionally, the utilized RA-UNet model offers multi-label segmentation on the bone and muscle tissues simultaneously, which incorporates residual blocks and attention mechanisms to enhance segmentation accuracy and robustness. A custom musculoskeletal phantom was used for validation. Compared to the reference 3D reconstruction result derived from the MRI scan, ARUS achieved a 3D reconstruction root mean square error (RMSE) of 1.22 mm, with a mean error of 0.94 mm and a standard deviation of 0.77 mm. The ARUS system extends 3D musculoskeletal imaging capacity by enabling both bones and muscles to be segmented and reconstructed into 3D shapes in real time and simultaneously. These features suggest significant potential as a cost-effective and reliable option for musculoskeletal examination and diagnosis in real-time applications."
doi:10.34133/cbsystems.0013,10.34133/cbsystems.0013,A Novel Robotic Bronchoscope System for Navigation and Biopsy of Pulmonary Lesions.,2023,https://doi.org/10.34133/cbsystems.0013,Europe PMC,MED/36951809,epmc_arxiv; multisource_preferred,Active observational sensing; 主动观察式检测; 采样式交互检测,内镜搜索/自主巡检; 机器人支气管镜搜索/导航; 机器人穿刺/芯针活检,"[""research-article"", ""Journal Article""]","Transbronchial biopsy sampling, as a minimally invasive method with relatively low risk, has been proved to be a promising treatment in the field of respiratory surgery. Although several robotic bronchoscopes have been developed, it remains a great challenge to balance size and flexibility, while integrating multisensors to realize navigation during complex airway networks. This paper proposes a novel robotic bronchoscope system composed by end effector with relatively small size, relevant actuation unit, and navigation system with path planning and surgical guidance capability. The main part of the end effector is machined by bidirectional groove on a nickel-titanium tube, which can realize bending, rotation, and translation 3 degrees of freedom. A prototype of the proposed robotic bronchoscope system is designed and fabricated, and its performance is tested through several experiments to verify the stiffness, flexibility, and navigation performance. The results show that the proposed system is with good environment adaptiveness, and it can become a promising biopsy method through natural cavity of the human body."
doi:10.34133/cbsystems.0251,10.34133/cbsystems.0251,Robotic Ultrasound Scanning End-Effector with Adjustable Constant Contact Force.,2025,https://doi.org/10.34133/cbsystems.0251,Europe PMC; OpenAlex,MED/40321899; https://openalex.org/W4408403938,epmc_arxiv; multisource_preferred; openalex_legacy,Active observational sensing; 主动观察式检测,机器人超声; 机器人超声扫描,"[""Journal Article""]","In modern medical treatment, ultrasound scanning provides a radiation-free medical imaging method for the diagnosis of soft tissues via skin contact. However, the exerted contact force heavily relies on the skill and experience of the operator, which poses great inspection instability. This article reports on a robotic ultrasound scanning system with a constant-force end-effector. Its uniqueness is the introduction of a hybrid active-passive force control approach to maintaining a constant contact force between the ultrasound probe and the continually changing surface. In particular, the passive constant-force mechanism provides strong buffering to the force variation. The active force control system improves flexibility and provides long-stroke positioning. Experimental tests on both silicone models and human volunteers demonstrate the capability of the proposed robotic ultrasound scanning system for obtaining qualified ultrasound images with high repeatability. Moreover, the ease of operation of the robotic US scanning system is verified. This work provides a promising method to assist doctors in conducting better and cushier ultrasound scanning imaging."
doi:10.36227/techrxiv.172263038.89626821/v1,10.36227/techrxiv.172263038.89626821/v1,All-Ultrasound-Guided Path Planning for Robotic Pedicle Screw Placement,2024,https://doi.org/10.36227/techrxiv.172263038.89626821/v1,Crossref,10.36227/techrxiv.172263038.89626821/v1,multisource_preferred,Active observational sensing,机器人超声扫描,"[""posted-content""]","Pedicle screw placement (PSP) is a challenging procedure in spine surgery, due to poor visualization of the vertebrae and blood vessels. This has led to the development of navigation systems that improve safety and clinical outcomes. Navigation further enabled minimal invasive approaches for PSP. Current navigation systems require a preoperative computed tomography (CT) scan, followed by manual planning by the surgeon to decide screw trajectories. Intraoperative fluoroscopy imaging may be employed to register the preoperative plan with the patient's anatomy frame or even design screw trajectory planning in real-time for each pedicle individually. This is a rather lengthy procedure that involves harmful radiation to which the surgeon is exposed repeatedly. This article explores a novel approach for PSP guidance that replaces manual planning while solely relying on 3D ultrasound (US) reconstruction, hence reducing the need for radiation. Based on an intraoperative US reconstruction, a set of anatomical landmarks of the spine are identified. Subsequently, a coordinate frame is computed per vertebra. The screw path is then generated automatically using the learned relations between the landmarks and optimal screw paths. A five-fold cross-validation is conducted on the posterior surface of CT spine data involving 90 PSP paths. The algorithm is then tested on another 50 PSP paths of the 3D-printed spine phantoms corresponding to human spine CT data. Results show that for 4 mm and 6 mm diameter screws, 98% and 84% of the computed trajectories are within the required surgical precision, respectively. Using the US-based path planning led to-0.34 ± 3.66 • and-0.45 ± 4.32 • orientation errors in the sagittal and axial planes, respectively."
doi:10.36227/techrxiv.23599437,10.36227/techrxiv.23599437,Path Re-planning for Robotic Ultrasound Imaging of Bony Structures,2023,https://doi.org/10.36227/techrxiv.23599437,Crossref; OpenAlex,10.36227/techrxiv.23599437; https://openalex.org/W4383820524,multisource_preferred; openalex_legacy,Active observational sensing; 主动观察式检测,机器人超声; 机器人超声扫描,"[""posted-content""]","Ultrasound (US) scanning has become increasingly popular in the medical industry as it provides radiation-free, compact and real time imaging solutions for diagnosis and intraoperative navigation during interventions such as pedicle screw placement (PSP). Robotic ultrasound scanning systems have shown to increase the imaging quality by maintaining constant contact between the US probe and the skin surface. To image bones, US waves travel through the skin and reflect or deflect on the bone depending on the inclination of the surface. Reflection and hence intensity of the image is maximal when the incident US wave is perpendicular to the bone surface. Therefore, optimising the orientation of the US probe with respect to the underlying anatomy could be especially beneficial in visualising complex bony structures such as the lumbar spine in which features such as the spinous process are rarely visualised when scanning at an angle perpendicular to the skin. Therefore, this abstract presents a robotic path planning approach that optimises the orientation of the US probe to maximise the ultrasound image quality and hence the resulting 3D reconstructions of complex bony structures such as the lumbar spine."
doi:10.4028/www.scientific.net/amm.772.585,10.4028/www.scientific.net/amm.772.585,A Virtual Reality System for Pre-Planning of Robotic-Assisted Prostate Biopsy,2015,https://doi.org/10.4028/www.scientific.net/amm.772.585,Crossref; OpenAlex,10.4028/www.scientific.net/amm.772.585; https://openalex.org/W2245652044,multisource_preferred; openalex_legacy,Sample-based interactive diagnosis; 采样式交互检测,机器人穿刺/芯针活检; 机器人经皮/芯针活检,"[""journal-article""]",Surgical robots for biopsy procedure require pre-operative planning of trajectories prior to be used for needle guiding procedures. Virtual Reality (VR) technologies allow to simulate robotic biopsy procedure and to generate accurate needle trajectories that avoid vital organs. The paper presents a serial robot which can be used for biopsy procedure and a needle trajectory planning software based on VR technologies. A virtual environment has been modelled and simulations for robotic-assisted biopsy of the prostate have been performed.
doi:10.4271/2026-99-0751,10.4271/2026-99-0751,Adaptive Speed-Regulated Impedance Control for Robotic Ultrasound Scanning: Reducing Constant-Force Tracking Errors,2026,https://doi.org/10.4271/2026-99-0751,Crossref; OpenAlex,10.4271/2026-99-0751; https://openalex.org/W7161167879,multisource_preferred; openalex_legacy,Active observational sensing; 主动观察式检测,机器人超声; 机器人超声扫描,"[""proceedings-article""]","Robotic ultrasound scanning technology is a research hotspot in the field of medical imaging, and can achieve standardized and high-precision data acquisition. However, large force tracking errors occur during scanning, especially in complex human tissues, which can severely degrade image quality and diagnostic accuracy. Therefore, we propose an adaptive speed-regulated impedance control strategy to address this challenge, which innovatively combines the spline real-time interpolation and impedance control for constant force tracking. Firstly, the discrete ultrasound scanning paths are fitted to generate a smooth and synchronized interpolation trajectory. Then, the speed of the reference trajectory is adjusted in real time based on the Taylor formula to reduce the force tracking error. Experimental verification was conducted, and the results showed that the force tracking error increases with the increase of trajectory speed. In addition, at high speeds (e.g., 10 mm/s), the mean/variance of the force tracking error of the proposed method (0.3067N/0.2784) is reduced by 31.1%/37.4% respectively compared with the mean/variance of the traditional impedance control (0.4452N/0.4448), fully demonstrating the effectiveness of the proposed control strategy."
doi:10.52202/083074-0015,10.52202/083074-0015,Proof-Of-Concept Autonomous Wearable Ultrasound Platform for Enhanced Medical Imaging in Space Missions,2025,https://doi.org/10.52202/083074-0015,Crossref,10.52202/083074-0015,multisource_preferred,Active observational sensing,机器人超声扫描,"[""proceedings-article""]",
doi:10.54844/mr.2023.0488,10.54844/mr.2023.0488,Advancing robotic prostate biopsy through artificial intelligence,2024,https://doi.org/10.54844/mr.2023.0488,Crossref,10.54844/mr.2023.0488,multisource_preferred,Sample-based interactive diagnosis,机器人经皮/芯针活检,"[""journal-article""]","Robotic-assisted prostate biopsy procedures may revolutionize the field of urology by providing improved accuracy, precision, and patient comfort, together with early cancer detection and treatment. This article delves into the integration of artificial intelligence (AI) in the robotic system to further enhance the efficacy and efficiency of these biopsies. AI algorithms are employed for various crucial aspects of the procedure, including target localization, image fusion, needle trajectory planning, and real-time feedback. In this article, we explore the utilization of AI-driven image processing for the identification of the prostate in pre-operative and intra-operative images with the purpose of the automation of the image fusion process, as well as the identification and localization of prostate lesions. The use of a robot and AI aid in creating an intra-operative model of the prostate, facilitating precise biopsy needle placement. Furthermore, real-time AI feedback is used to track the movement of the target and to update the image fusion instantaneously. AI algorithms provide immediate guidance, alerting clinicians to any deviations from the planned trajectory, thus minimizing the risk of complications. We discuss the potential challenges and ethical considerations associated with AI integration in robotic prostate biopsy, including data privacy, transparency, and the importance of maintaining clinician expertise. Additionally, the article highlights ongoing research and development in the field, shedding light on the promising future of AI in prostate biopsy. In conclusion, the integration of artificial intelligence in robotic prostate biopsy is poised to transform the field, optimizing the diagnostic process, and improving patient outcomes. This article offers valuable insights into the current state and future prospects of AI-driven advancements in prostate biopsy procedures."
doi:10.5772/intechopen.105069,10.5772/intechopen.105069,Learning Robotic Ultrasound Skills from Human Demonstrations,2022,https://doi.org/10.5772/intechopen.105069,Crossref,10.5772/intechopen.105069,multisource_preferred,Active observational sensing,机器人超声扫描,"[""book-chapter""]","Robotic ultrasound system plays a vital role in assisting or even replacing sonographers in some cases. However, modeling and learning ultrasound skills from professional sonographers are still challenging tasks that hinder the development of ultrasound systems’ autonomy. To solve these problems, we propose a learning-based framework to acquire ultrasound scanning skills from human demonstrations1. First, ultrasound scanning skills are encapsulated into a high-dimensional multi-modal model, which takes ultrasound images, probe pose, and contact force into account. The model’s parameters can be learned from clinical ultrasound data demonstrated by professional sonographers. Second, the target function of autonomous ultrasound examinations is proposed, which can be solved roughly by the sampling-based strategy. The sonographers’ ultrasound skills can be represented by approximating the limit of the target function. Finally, the robustness of the proposed framework is validated with the experiments on ground-true data from sonographers."
doi:10.5946/ce.2020.127,10.5946/ce.2020.127,A New Active Locomotion Capsule Endoscopy under Magnetic Control and Automated Reading Program,2020,https://doi.org/10.5946/ce.2020.127,Crossref,10.5946/ce.2020.127,multisource_preferred,Active observational sensing,磁控/主动胶囊内镜巡检,"[""journal-article""]",
doi:10.64898/2025.12.17.694846,10.64898/2025.12.17.694846,Closing the Sim-to-Real Gap: An End-to-End Robotic Ultrasound System Leveraging In Vivo Reinforcement Learning and 3D-Prior Guided Hybrid Control,2025,https://doi.org/10.64898/2025.12.17.694846,Europe PMC; OpenAlex,PPR/PPR1230820; https://openalex.org/W4417518303,multisource_preferred; openalex_legacy,Active observational sensing; 主动观察式检测,机器人超声; 机器人超声扫描,"[""Preprint""]","Abdominal ultrasound is a crucial first-line diagnostic tool, yet its efficacy is inherently constrained by a strong dependency on operator skill, leading to significant inter-operator variability and limiting its widespread adoption. While robotic ultrasound systems with artificial intelligence have emerged to mitigate this, current approaches face critical limitations: they often rely on simulated or phantom data for training, which hampers generalizability, and employ control strategies that lack the flexibility to adapt to complex human anatomy. To address these challenges, this paper introduces a novel, end-to-end robotic system for autonomous abdominal scanning. Our methodology is systematic: it begins with coarse scan planning via RGB and 3D point cloud-based localization of key anatomical landmarks (e.g., xiphoid process). The core of our approach involves training a reinforcement learning scanning policy directly on live human volunteers, enabling the development of a strategy that is robust to anatomical diversity. This high-level policy is executed by a sophisticated hybrid force-position controller, enhanced with real-time normal vector calibration and 3D point cloud-based respiratory phase detection to dynamically adjust contact force, particularly during inspiration. This innovation proves critical for improving scan quality in subjects with higher Body Mass Index (BMI). Extensive validation against expert sonographers demonstrates that our system achieves high precision in standard plane recognition and superior scanning efficiency. Furthermore, to holistically assess performance where standard planes are difficult to acquire, we introduce a 3D reconstruction-based coverage metric. Results confirm that our system delivers strong adaptability and significantly improved consistency, marking a substantial step toward clinically viable, operator-independent ultrasound robotics."
doi:10.64898/2026.05.15.725366,10.64898/2026.05.15.725366,Automated robotic control system for EEG-BCI-guided closed-loop TMS,2026,https://doi.org/10.64898/2026.05.15.725366,Crossref; Europe PMC; OpenAlex,10.64898/2026.05.15.725366; PPR/PPR1235731; https://openalex.org/W7161636771,epmc_arxiv; multisource_preferred; openalex_legacy,Response-based interactive diagnosis; 响应式交互检测,机器人神经刺激—响应映射; 机器人神经刺激—响应检测,"[""posted-content""]","Abstract Brain-state-guided and closed-loop transcranial magnetic stimulation (TMS) protocols have emerged as methods for decreasing the variability and increasing the therapeutic effectiveness of stimulation protocols. However, most existing brain-state-dependent TMS systems only control the timing of stimulation, while the location is fixed and manually adjusted between blocks or sessions. This limits flexible targeting of distributed networks. We developed a system that jointly manages TMS pulse timing and location automatically controlled by an electroencephalography (EEG)-based brain– computer interface (BCI). A machine-learning algorithm infers the brain state in real time to guide the robotic coil placement and target. We present a proof-of-concept study in which a BCI controlled both the target site and the timing of TMS. A pre-trained convolutional neural network discriminated between resting state and movements performed with the right or left hand; the classifier output determined the hemisphere in which primary-motor-cortex hand area was stimulated and when. Preprocessing and decoding of 2-s EEG segments required 150 ms, and the robot took 7.5 s to move from the vertex home position to the predefined motor targets. The EEG-BCI-guided robotic TMS system expands the toolkit for brain-state-dependent and closed-loop neurostimulation by enabling control of stimulus location based on volitional brain activity. Thus, the system can benefit both neuroscience research and clinical neuromodulation applications. A prominent application of the system is automatically controlling spinal cord injury or motor disorder TMS rehabilitation with motor imagery, optimizing stimulation timing to the brain state producing optimal rehabilitation results."
doi:10.70322/ire.2026.10003,10.70322/ire.2026.10003,Development of a Hand Spasticity Testing Device for Quantitative Wrist Spasticity Assessment and Automated Evaluation of the Modified Tardieu Scale,2026,https://doi.org/10.70322/ire.2026.10003,Crossref,10.70322/ire.2026.10003,multisource_preferred,Response-based interactive diagnosis,机器人被动活动度/肌张力评估,"[""journal-article""]",
doi:10.7736/kspe.2016.33.7.565,10.7736/kspe.2016.33.7.565,Characteristics of Needle Insertion Performance of Automated Biopsy Device for Robotic Needle Insertion Type Intervention: Insertion Depth and Accuracy,2016,https://doi.org/10.7736/kspe.2016.33.7.565,Crossref,10.7736/kspe.2016.33.7.565,multisource_preferred,Sample-based interactive diagnosis,机器人经皮/芯针活检,"[""journal-article""]",
doi:10.7746/jkros.2023.18.2.164,10.7746/jkros.2023.18.2.164,Development of Multi-DoF Automatic Nasopharyngeal Swab Sampling Robot,2023,https://doi.org/10.7746/jkros.2023.18.2.164,Crossref,10.7746/jkros.2023.18.2.164,multisource_preferred,Sample-based interactive diagnosis,机器人拭子/腔道标本采集,"[""journal-article""]",
doi:10.7863/jum.2007.26.5.645,10.7863/jum.2007.26.5.645,Automated ultrasound scanning on a dual-modality breast imaging system: coverage and motion issues and solutions.,2007,https://doi.org/10.7863/jum.2007.26.5.645,Europe PMC,MED/17460006,multisource_preferred,Active observational sensing,机器人超声扫描,"[""Research Support, Non-U.S. Gov't"", ""Evaluation Study"", ""Journal Article"", ""Research Support, N.I.H., Extramural""]","Objective We are developing an automated ultrasound imaging-mammography system wherein a digital mammography unit has been augmented with a motorized ultrasound transducer carriage above a special compression paddle. Challenges of this system are acquiring complete coverage of the breast and minimizing motion. We assessed these problems and investigated methods to increase coverage and stabilize the compressed breast. Methods Visual tracings of the breast-to-paddle contact area and breast periphery were made for 10 patients to estimate coverage area. Various motion artifacts were evaluated in 6 patients. Nine materials were tested for coupling the paddle to the breast. Fourteen substances were tested for coupling the transducer to the paddle in lateral-to-medial and medial-to-lateral views and filling the gap between the peripheral breast and paddle. In-house image registration software was used to register adjacent ultrasound sweeps. Results The average breast contact area was 56%. The average percentage of the peripheral air gap filled with ultrasound gel was 61%. Shallow patient breathing proved equivalent to breath holding, whereas speech and sudden breathing caused unacceptable artifacts. An adhesive spray that preserves image quality was found to be best for coupling the breast to the paddle and minimizing motion. A highly viscous ultrasound gel proved most effective for coupling the transducer to the paddle for lateral-to-medial and medial-to-lateral views and for edge fill-in. Conclusions The challenges of automated ultrasound scanning in a multimodality breast imaging system have been addressed by developing methods to fill in peripheral gaps, minimize patient motion, and register and reconstruct multisweep ultrasound image volumes."
doi:10.7863/jum.2010.29.7.1075,10.7863/jum.2010.29.7.1075,Effect of a gel retainment dam on automated ultrasound coverage in a dual-modality breast imaging system.,2010,https://doi.org/10.7863/jum.2010.29.7.1075,Europe PMC,MED/20587431,multisource_preferred,Active observational sensing,机器人超声扫描,"[""research-article"", ""Journal Article"", ""Research Support, N.I.H., Extramural""]","Objective The goal of this work was to evaluate a possible improvement in ultrasound coverage for a dual-modality breast imaging system in the mammographic geometry. Methods A pilot study was performed to evaluate use of a rubber dam to retain ultrasound gel and improve imaging coverage at the breast periphery on a combined imaging system consisting of an ultrasound scanner and a digital x-ray tomosynthesis unit. Several dams were constructed to encompass the shapes of various sizes of compressed breasts. Visual tracings of the breast-to-paddle contact area and breast periphery were made for 8 breasts to estimate coverage area. Two readers independently reviewed the resulting images and were asked to rate the overall breast image quality. Results The percentages of breast in contact with the paddle were greater (P Conclusions This method can enhance the absolute and percentage area of the breast in contact with the paddle, reducing noncontact gaps at the breast periphery. Gently pressing the breast periphery with the dam inserted toward the chest wall improves coverage in automated breast ultrasound scanning."
title:0638b05e0bfb6802ff8fd2e1f93991e1ba6e686f,,Design and Evaluation of a Compliant Quasi Direct Drive End-effector for Safe Robotic Ultrasound Imaging,2024,http://arxiv.org/abs/2410.03086v1,arXiv,http://arxiv.org/abs/2410.03086v1,epmc_arxiv; multisource_preferred,Active observational sensing; 主动观察式检测,机器人超声; 机器人超声扫描,"[""preprint""]","Robot-assisted ultrasound scanning promises to advance autonomous and accessible medical imaging. However, ensuring patient safety and compliant human-robot interaction (HRI) during probe contact poses a significant challenge. Most existing systems either have high mechanical stiffness or are compliant but lack sufficient force and precision. This paper presents a novel single-degree-of-freedom end-effector for safe and accurate robotic ultrasound imaging, using a quasi-direct drive actuator to achieve both passive mechanical compliance and precise active force regulation, even during motion. The end-effector demonstrates an effective force control bandwidth of 100 Hz and can apply forces ranging from 2.5N to 15N. To validate the end-effector's performance, we developed a novel ex vivo actuating platform, enabling compliance testing of the end-effector on simulated abdominal breathing and sudden patient movements. Experiments demonstrate that the end-effector can maintain consistent probe contact during simulated respiratory motion at 2.5N, 5N, 10N, and 15N, with an average force tracking RMS error of 0.83N compared to 4.70N on a UR3e robot arm using conventional force control. This system represents the first compliant ultrasound end-effector tested on a tissue platform simulating dynamic movement. The proposed solution provides a novel approach for designing and evaluating compliant robotic ultrasound systems, advancing the path for more compliant and patient-friendly robotic ultrasound systems in clinical settings."
title:0e88e756ac81e461f5391e5f2022410876edc695,,Feasibility of Augmented Reality-Guided Robotic Ultrasound with Cone-Beam CT Integration for Spine Procedures,2026,http://arxiv.org/abs/2603.22174v1,OpenAlex; arXiv,http://arxiv.org/abs/2603.22174v1; https://openalex.org/W7140347366,multisource_preferred; openalex_legacy,Active observational sensing; 主动观察式检测,机器人超声; 机器人超声扫描,"[""preprint""]","Accurate needle placement in spine interventions is critical for effective pain management, yet it depends on reliable identification of anatomical landmarks and careful trajectory planning. Conventional imaging guidance often relies both on CT and X-ray fluoroscopy, exposing patients and staff to high dose of radiation while providing limited real-time 3D feedback. We present an optical see-through augmented reality (OST-AR)-guided robotic system for spine procedures that provides in situ visualization of spinal structures to support needle trajectory planning. We integrate a cone-beam CT (CBCT)-derived 3D spine model which is co-registered with live ultrasound, enabling users to combine global anatomical context with local, real-time imaging. We evaluated the system in a phantom user study involving two representative spine procedures: facet joint injection and lumbar puncture. Sixteen participants performed insertions under two visualization conditions: conventional screen vs. AR. Results show that AR significantly reduces execution time and across-task placement error, while also improving usability, trust, and spatial understanding and lowering cognitive workload. These findings demonstrate the feasibility of AR-guided robotic ultrasound for spine interventions, highlighting its potential to enhance accuracy, efficiency, and user experience in image-guided procedures."
title:11cc089a5f5e10ece1dd819bf16ca19749c9208c,,Shape Completion and Real-Time Visualization in Robotic Ultrasound Spine Acquisitions,2025,http://arxiv.org/abs/2508.08923v1,arXiv,http://arxiv.org/abs/2508.08923v1,epmc_arxiv; multisource_preferred,Active observational sensing; 主动观察式检测,机器人超声; 机器人超声扫描,"[""preprint""]","Ultrasound (US) imaging is increasingly used in spinal procedures due to its real-time, radiation-free capabilities; however, its effectiveness is hindered by shadowing artifacts that obscure deeper tissue structures. Traditional approaches, such as CT-to-US registration, incorporate anatomical information from preoperative CT scans to guide interventions, but they are limited by complex registration requirements, differences in spine curvature, and the need for recent CT imaging. Recent shape completion methods can offer an alternative by reconstructing spinal structures in US data, while being pretrained on large set of publicly available CT scans. However, these approaches are typically offline and have limited reproducibility. In this work, we introduce a novel integrated system that combines robotic ultrasound with real-time shape completion to enhance spinal visualization. Our robotic platform autonomously acquires US sweeps of the lumbar spine, extracts vertebral surfaces from ultrasound, and reconstructs the complete anatomy using a deep learning-based shape completion network. This framework provides interactive, real-time visualization with the capability to autonomously repeat scans and can enable navigation to target locations. This can contribute to better consistency, reproducibility, and understanding of the underlying anatomy. We validate our approach through quantitative experiments assessing shape completion accuracy and evaluations of multiple spine acquisition protocols on a phantom setup. Additionally, we present qualitative results of the visualization on a volunteer scan."
title:1a0c20ad7d01451fb84ed398e0efaf5379616cb4,,Robotic Ultrasound-Guided Femoral Artery Reconstruction of Anatomically-Representative Phantoms,2025,http://arxiv.org/abs/2503.06795v2,arXiv,http://arxiv.org/abs/2503.06795v2,multisource_preferred,Active observational sensing,机器人超声扫描,"[""preprint""]","Femoral artery access is essential for numerous clinical procedures, including diagnostic angiography, therapeutic catheterization, and emergency interventions. Despite its critical role, successful vascular access remains challenging due to anatomical variability, overlying adipose tissue, and the need for precise ultrasound (US) guidance. Needle placement errors can result in severe complications, thereby limiting the procedure to highly skilled clinicians operating in controlled hospital environments. While robotic systems have shown promise in addressing these challenges through autonomous scanning and vessel reconstruction, clinical translation remains limited due to reliance on simplified phantom models that fail to capture human anatomical complexity. In this work, we present a method for autonomous robotic US scanning of bifurcated femoral arteries, and validate it on five vascular phantoms created from real patient computed tomography (CT) data. Additionally, we introduce a video-based deep learning US segmentation network tailored for vascular imaging, enabling improved 3D arterial reconstruction. The proposed network achieves a Dice score of 89.21% and an Intersection over Union of 80.54% on a new vascular dataset. The reconstructed artery centerline is evaluated against ground truth CT data, showing an average L2 error of 0.91+/-0.70 mm, with an average Hausdorff distance of 4.36+/-1.11mm. This study is the first to validate an autonomous robotic system for US scanning of the femoral artery on a diverse set of patient-specific phantoms, introducing a more advanced framework for evaluating robotic performance in vascular imaging and intervention."
title:1fa95fffa431279c1298d6d928c81ad7ab18ec8e,,DopUS-Net: Quality-Aware Robotic Ultrasound Imaging based on Doppler Signal,2023,http://arxiv.org/abs/2305.08938v1,arXiv,http://arxiv.org/abs/2305.08938v1,epmc_arxiv; multisource_preferred,Active observational sensing; 主动观察式检测,机器人超声; 机器人超声扫描,"[""preprint""]","Medical ultrasound (US) is widely used to evaluate and stage vascular diseases, in particular for the preliminary screening program, due to the advantage of being radiation-free. However, automatic segmentation of small tubular structures (e.g., the ulnar artery) from cross-sectional US images is still challenging. To address this challenge, this paper proposes the DopUS-Net and a vessel re-identification module that leverage the Doppler effect to enhance the final segmentation result. Firstly, the DopUS-Net combines the Doppler images with B-mode images to increase the segmentation accuracy and robustness of small blood vessels. It incorporates two encoders to exploit the maximum potential of the Doppler signal and recurrent neural network modules to preserve sequential information. Input to the first encoder is a two-channel duplex image representing the combination of the grey-scale Doppler and B-mode images to ensure anatomical spatial correctness. The second encoder operates on the pure Doppler images to provide a region proposal. Secondly, benefiting from the Doppler signal, this work first introduces an online artery re-identification module to qualitatively evaluate the real-time segmentation results and automatically optimize the probe pose for enhanced Doppler images. This quality-aware module enables the closed-loop control of robotic screening to further improve the confidence and robustness of image segmentation. The experimental results demonstrate that the proposed approach with the re-identification process can significantly improve the accuracy and robustness of the segmentation results (dice score: from 0:54 to 0:86; intersection over union: from 0:47 to 0:78)."
title:203974a7fdd95ea5965a21c4c814b86d593cf255,,Implicit Neural Representations for Breathing-compensated Volume Reconstruction in Robotic Ultrasound,2023,http://arxiv.org/abs/2311.04999v2,arXiv,http://arxiv.org/abs/2311.04999v2,multisource_preferred,Active observational sensing,机器人超声扫描,"[""preprint""]","Ultrasound (US) imaging is widely used in diagnosing and staging abdominal diseases due to its lack of non-ionizing radiation and prevalent availability. However, significant inter-operator variability and inconsistent image acquisition hinder the widespread adoption of extensive screening programs. Robotic ultrasound systems have emerged as a promising solution, offering standardized acquisition protocols and the possibility of automated acquisition. Additionally, these systems enable access to 3D data via robotic tracking, enhancing volumetric reconstruction for improved ultrasound interpretation and precise disease diagnosis. However, the interpretability of 3D US reconstruction of abdominal images can be affected by the patient's breathing motion. This study introduces a method to compensate for breathing motion in 3D US compounding by leveraging implicit neural representations. Our approach employs a robotic ultrasound system for automated screenings. To demonstrate the method's effectiveness, we evaluate our proposed method for the diagnosis and monitoring of abdominal aorta aneurysms as a representative use case. Our experiments demonstrate that our proposed pipeline facilitates robust automated robotic acquisition, mitigating artifacts from breathing motion, and yields smoother 3D reconstructions for enhanced screening and medical diagnosis."
title:224aa168d843b0515d154a31bbcc7b1e2421193f,,Visuotactile and Explicitly Force-Controlled Robotic Ultrasound for Abdominal Volumetric Reconstruction,2026,http://arxiv.org/abs/2606.05848v1,OpenAlex; arXiv,http://arxiv.org/abs/2606.05848v1; https://openalex.org/W7163777409,multisource_preferred; openalex_legacy,Active observational sensing; 主动观察式检测,机器人超声; 机器人超声扫描,"[""preprint""]","In this paper, we present a robotic ultrasound acquisition system that integrates stereo vision, touch-based feedback, and expert-informed strategies to perform autonomous and adaptive abdominal scans. The system records freehand motion and force data from expert radiologists, creating a framework to capture transducer motion, applied forces, and anatomical scanning strategies. This expert data is replayed to replicate characteristic scans with the robot, forming a foundation for further autonomous capabilities. Using stereo vision, the system generates three-dimensional topography maps of the patient's abdomen, which are refined through stiffness measurements at key points to delineate the rib cage boundary. These combined techniques enable the robot to execute two distinct scanning paths: an upward-angled sweep beneath the rib cage to visualize structures near the upper abdomen and a perpendicular sweep across soft tissue regions. A compliant, torque-controlled seven degree-of-freedom robotic manipulator is controlled to maintain consistent probe contact through closed-loop force control over the varied anatomical surfaces. Physical experiments demonstrate that the system achieves high-quality imaging comparable to expert scans while dynamically adapting to patient-specific topographies. Furthermore, the robotic system surpasses expert capabilities by enabling three-dimensional volume acquisition, which enhances diagnostic potential and provides volumetric data for advanced analyses. This work highlights the integration of expert knowledge into autonomous robotic systems and underscores the potential of combining perception-based autonomy with physical reasoning for enhanced diagnostic performance."
title:23cb88292b6ef84a46367103e6a0b51109ff3b46,,Style Transfer Enabled Sim2Real Framework for Efficient Learning of Robotic Ultrasound Image Analysis Using Simulated Data,2023,http://arxiv.org/abs/2305.09169v1,arXiv,http://arxiv.org/abs/2305.09169v1,multisource_preferred,Active observational sensing,机器人超声扫描,"[""preprint""]","Robotic ultrasound (US) systems have shown great potential to make US examinations easier and more accurate. Recently, various machine learning techniques have been proposed to realize automatic US image interpretation for robotic US acquisition tasks. However, obtaining large amounts of real US imaging data for training is usually expensive or even unfeasible in some clinical applications. An alternative is to build a simulator to generate synthetic US data for training, but the differences between simulated and real US images may result in poor model performance. This work presents a Sim2Real framework to efficiently learn robotic US image analysis tasks based only on simulated data for real-world deployment. A style transfer module is proposed based on unsupervised contrastive learning and used as a preprocessing step to convert the real US images into the simulation style. Thereafter, a task-relevant model is designed to combine CNNs with vision transformers to generate the task-dependent prediction with improved generalization ability. We demonstrate the effectiveness of our method in an image regression task to predict the probe position based on US images in robotic transesophageal echocardiography (TEE). Our results show that using only simulated US data and a small amount of unlabelled real data for training, our method can achieve comparable performance to semi-supervised and fully supervised learning methods. Moreover, the effectiveness of our previously proposed CT-based US image simulation method is also indirectly confirmed."
title:3f97039642eb8d6676a9e6138d53e194355c1007,,Feasibility of Remote Landmark Identification for Cricothyrotomy Using Robotic Palpation,2021,http://arxiv.org/abs/2110.12078v1,arXiv,http://arxiv.org/abs/2110.12078v1,epmc_arxiv; multisource_preferred,Response-based interactive diagnosis; 响应式交互检测,机器人触诊; 机器人触诊/肿块搜索,"[""preprint""]","Cricothyrotomy is a life-saving emergency intervention that secures an alternate airway route after a neck injury or obstruction. The procedure starts with identifying the correct location (the cricothyroid membrane) for creating an incision to insert an endotracheal tube. This location is determined using a combination of visual and palpation cues. Enabling robot-assisted remote cricothyrotomy may extend this life-saving procedure to injured soldiers or patients who may not be readily accessible for on-site intervention during search-and-rescue scenarios. As a first step towards achieving this goal, this paper explores the feasibility of palpation-assisted landmark identification for cricothyrotomy. Using a cricothyrotomy training simulator, we explore several alternatives for in-situ remote localization of the cricothyroid membrane. These alternatives include a) unaided telemanipulation, b) telemanipulation with direct force feedback, c) telemanipulation with superimposed motion excitation for online stiffness estimation and display, and d) fully autonomous palpation scan initialized based on the user's understanding of key anatomical landmarks. Using the manually digitized cricothyroid membrane location as ground truth, we compare these four methods for accuracy and repeatability of identifying the landmark for cricothyrotomy, time of completion, and ease of use. These preliminary results suggest that the accuracy of remote cricothyrotomy landmark identification is improved when the user is aided with visual and force cues. They also show that, with proper user initialization, landmark identification using remote palpation is feasible - therefore satisfying a key pre-requisite for future robotic solutions for remote cricothyrotomy."
title:48a7ab475972ed799d3701ad2c29c829ba646e68,,Robotized Ultrasound Imaging of the Peripheral Arteries -- a Phantom Study,2020,http://arxiv.org/abs/2007.06278v1,arXiv,http://arxiv.org/abs/2007.06278v1,epmc_arxiv; multisource_preferred,Active observational sensing; 主动观察式检测,机器人超声; 机器人超声扫描,"[""preprint""]","The first choice in diagnostic imaging for patients suffering from peripheral arterial disease is 2D ultrasound (US). However, for a proper imaging process, a skilled and experienced sonographer is required. Additionally, it is a highly user-dependent operation. A robotized US system that autonomously scans the peripheral arteries has the potential to overcome these limitations. In this work, we extend a previously proposed system by a hierarchical image analysis pipeline based on convolutional neural networks in order to control the robot. The system was evaluated by checking its feasibility to keep the vessel lumen of a leg phantom within the US image while scanning along the artery. In 100 % of the images acquired during the scan process the whole vessel lumen was visible. While defining an insensitivity margin of 2.74 mm, the mean absolute distance between vessel center and the horizontal image center line was 2.47 mm and 3.90 mm for an easy and complex scenario, respectively. In conclusion, this system presents the basis for fully automatized peripheral artery imaging in humans using a radiation-free approach."
title:5197bacda8e11730c274981a3ada1bd83c99125b,,Needle Segmentation Using GAN: Restoring Thin Instrument Visibility in Robotic Ultrasound,2024,http://arxiv.org/abs/2407.18357v1,arXiv,http://arxiv.org/abs/2407.18357v1,multisource_preferred,Active observational sensing,机器人超声扫描,"[""preprint""]","Ultrasound-guided percutaneous needle insertion is a standard procedure employed in both biopsy and ablation in clinical practices. However, due to the complex interaction between tissue and instrument, the needle may deviate from the in-plane view, resulting in a lack of close monitoring of the percutaneous needle. To address this challenge, we introduce a robot-assisted ultrasound (US) imaging system designed to seamlessly monitor the insertion process and autonomously restore the visibility of the inserted instrument when misalignment happens. To this end, the adversarial structure is presented to encourage the generation of segmentation masks that align consistently with the ground truth in high-order space. This study also systematically investigates the effects on segmentation performance by exploring various training loss functions and their combinations. When misalignment between the probe and the percutaneous needle is detected, the robot is triggered to perform transverse searching to optimize the positional and rotational adjustment to restore needle visibility. The experimental results on ex-vivo porcine samples demonstrate that the proposed method can precisely segment the percutaneous needle (with a tip error of $0.37\pm0.29mm$ and an angle error of $1.19\pm 0.29^{\circ}$). Furthermore, the needle appearance can be successfully restored under the repositioned probe pose in all 45 trials, with repositioning errors of $1.51\pm0.95mm$ and $1.25\pm0.79^{\circ}$. from latex to text with math symbols"
title:58709f8eed94c230c27519f144d164aaf5c2fde8,,Follow the Curve: Robotic-Ultrasound Navigation with Learning Based Localization of Spinous Processes for Scoliosis Assessment,2021,http://arxiv.org/abs/2109.05196v1,arXiv,http://arxiv.org/abs/2109.05196v1,epmc_arxiv; multisource_preferred,Active observational sensing; 主动观察式检测,机器人超声; 机器人超声扫描,"[""preprint""]","The scoliosis progression in adolescents requires close monitoring to timely take treatment measures. Ultrasound imaging is a radiation-free and low-cost alternative in scoliosis assessment to X-rays, which are typically used in clinical practice. However, ultrasound images are prone to speckle noises, making it challenging for sonographers to detect bony features and follow the spine's curvature. This paper introduces a robotic-ultrasound approach for spinal curvature tracking and automatic navigation. A fully connected network with deconvolutional heads is developed to locate the spinous process efficiently with real-time ultrasound images. We use this machine learning-based method to guide the motion of the robot-held ultrasound probe and follow the spinal curvature while capturing ultrasound images and correspondent position. We developed a new force-driven controller that automatically adjusts the probe's pose relative to the skin surface to ensure a good acoustic coupling between the probe and skin. After the scanning, the acquired data is used to reconstruct the coronal spinal image, where the deformity of the scoliosis spine can be assessed and measured. To evaluate the performance of our methodology, we conducted an experimental study with human subjects where the deviations from the image center during the robotized procedure are compared to that obtained from manual scanning. The angles of spinal deformity measured on spinal reconstruction images were similar for both methods, implying that they equally reflect human anatomy."
title:597df5cb3d5d41a2726f005ca86ab50a937756e3,,Learning rewards for robotic ultrasound scanning using probabilistic temporal ranking,2020,http://arxiv.org/abs/2002.01240v3,arXiv,http://arxiv.org/abs/2002.01240v3,epmc_arxiv; multisource_preferred,Active observational sensing; 主动观察式检测,机器人超声; 机器人超声扫描,"[""preprint""]","Informative path-planning is a well established approach to visual-servoing and active viewpoint selection in robotics, but typically assumes that a suitable cost function or goal state is known. This work considers the inverse problem, where the goal of the task is unknown, and a reward function needs to be inferred from exploratory example demonstrations provided by a demonstrator, for use in a downstream informative path-planning policy. Unfortunately, many existing reward inference strategies are unsuited to this class of problems, due to the exploratory nature of the demonstrations. In this paper, we propose an alternative approach to cope with the class of problems where these sub-optimal, exploratory demonstrations occur. We hypothesise that, in tasks which require discovery, successive states of any demonstration are progressively more likely to be associated with a higher reward, and use this hypothesis to generate time-based binary comparison outcomes and infer reward functions that support these ranks, under a probabilistic generative model. We formalise this \emph{probabilistic temporal ranking} approach and show that it improves upon existing approaches to perform reward inference for autonomous ultrasound scanning, a novel application of learning from demonstration in medical imaging while also being of value across a broad range of goal-oriented learning from demonstration tasks. \keywords{Visual servoing \and reward inference \and probabilistic temporal ranking"
title:5efcd7b06d5eb9317f25bc13ee5ab67bd5343880,,ROBOTIC ULTRASOUND SYSTEM WITH MICROADJUSTMENT AND POSITIONING CONTROL USING FEEDBACK RESPONSIVE TO ACQUIRED IMAGE DATA,2010,https://europepmc.org/article/PAT/US2010262008,Europe PMC,PAT/US2010262008,multisource_preferred,Active observational sensing,机器人超声扫描,"[""Patent""]","An imaging system includes a diagnostic ultrasound front end module, the front end module including a transducer, a robotic armature (2), and a controller (4) electrically coupled to each of the front end module and the robotic armature. The controller is configured to employ the robotic armature to move the transducer relative to an anatomical structure, including wherein the controller is operable in a feedback control mode to detect key attributes in an acquired image or data set received from the front end module, calculate a desired adjustment to the position of the transducer based on the key attributes detection, and employ the robotic armature to apply the desired position adjustment."
title:621be47d1a480422cfb48277f86a511185e1de36,,SonoGym: High Performance Simulation for Challenging Surgical Tasks with Robotic Ultrasound,2025,http://arxiv.org/abs/2507.01152v1,arXiv,http://arxiv.org/abs/2507.01152v1,multisource_preferred,Active observational sensing,机器人超声扫描,"[""preprint""]","Ultrasound (US) is a widely used medical imaging modality due to its real-time capabilities, non-invasive nature, and cost-effectiveness. Robotic ultrasound can further enhance its utility by reducing operator dependence and improving access to complex anatomical regions. For this, while deep reinforcement learning (DRL) and imitation learning (IL) have shown potential for autonomous navigation, their use in complex surgical tasks such as anatomy reconstruction and surgical guidance remains limited -- largely due to the lack of realistic and efficient simulation environments tailored to these tasks. We introduce SonoGym, a scalable simulation platform for complex robotic ultrasound tasks that enables parallel simulation across tens to hundreds of environments. Our framework supports realistic and real-time simulation of US data from CT-derived 3D models of the anatomy through both a physics-based and a generative modeling approach. Sonogym enables the training of DRL and recent IL agents (vision transformers and diffusion policies) for relevant tasks in robotic orthopedic surgery by integrating common robotic platforms and orthopedic end effectors. We further incorporate submodular DRL -- a recent method that handles history-dependent rewards -- for anatomy reconstruction and safe reinforcement learning for surgery. Our results demonstrate successful policy learning across a range of scenarios, while also highlighting the limitations of current methods in clinically relevant environments. We believe our simulation can facilitate research in robot learning approaches for such challenging robotic surgery applications. Dataset, codes, and videos are publicly available at https://sonogym.github.io/."
title:64af74a575db951dc0ee27ea4c36069d8de25570,,S-CycleGAN: Semantic Segmentation Enhanced CT-Ultrasound Image-to-Image Translation for Robotic Ultrasonography,2024,http://arxiv.org/abs/2406.01191v2,arXiv,http://arxiv.org/abs/2406.01191v2,multisource_preferred,Active observational sensing,机器人超声扫描,"[""preprint""]","Ultrasound imaging is pivotal in various medical diagnoses due to its non-invasive nature and safety. In clinical practice, the accuracy and precision of ultrasound image analysis are critical. Recent advancements in deep learning are showing great capacity of processing medical images. However, the data hungry nature of deep learning and the shortage of high-quality ultrasound image training data suppress the development of deep learning based ultrasound analysis methods. To address these challenges, we introduce an advanced deep learning model, dubbed S-CycleGAN, which generates high-quality synthetic ultrasound images from computed tomography (CT) data. This model incorporates semantic discriminators within a CycleGAN framework to ensure that critical anatomical details are preserved during the style transfer process. The synthetic images are utilized to enhance various aspects of our development of the robot-assisted ultrasound scanning system. The data and code will be available at https://github.com/yhsong98/ct-us-i2i-translation."
title:698595a47ae14b6766db576e52255aebe775a6ce,,Robotic-assisted Ultrasound for Fetal Imaging: Evolution from Single-arm to Dual-arm System,2019,http://arxiv.org/abs/1902.05458v3,arXiv,http://arxiv.org/abs/1902.05458v3,multisource_preferred,Active observational sensing,机器人超声扫描,"[""preprint""]","The development of robotic-assisted extracorporeal ultrasound systems has a long history and a number of projects have been proposed since the 1990s focusing on different technical aspects. These aim to resolve the deficiencies of on-site manual manipulation of hand-held ultrasound probes. This paper presents the recent ongoing developments of a series of bespoke robotic systems, including both single-arm and dual-arm versions, for a project known as intelligent Fetal Imaging and Diagnosis (iFIND). After a brief review of the development history of the extracorporeal ultrasound robotic system used for fetal and abdominal examinations, the specific aim of the iFIND robots, the design evolution, the implementation details of each version, and the initial clinical feedback of the iFIND robot series are presented. Based on the preliminary testing of these newly-proposed robots on 42 volunteers, the successful and re-liable working of the mechatronic systems were validated. Analysis of a participant questionnaire indicates a comfortable scanning experience for the volunteers and a good acceptance rate to being scanned by the robots."
title:6c84e0a8b8ff7545e768290aea849cec82ba673f,,Complete Autonomous Robotic Nasopharyngeal Swab System with Evaluation on a Stochastically Moving Phantom Head,2024,http://arxiv.org/abs/2408.13100v1,arXiv,http://arxiv.org/abs/2408.13100v1,epmc_arxiv; multisource_preferred,Sample-based interactive diagnosis; 采样式交互检测,机器人拭子/腔道标本采集; 机器人拭子/腔道采样,"[""preprint""]","The application of autonomous robotics to close-contact healthcare tasks has a clear role for the future due to its potential to reduce infection risks to staff and improve clinical efficiency. Nasopharyngeal (NP) swab sample collection for diagnosing upper-respiratory illnesses is one type of close contact task that is interesting for robotics due to the dexterity requirements and the unobservability of the nasal cavity. We propose a control system that performs the test using a collaborative manipulator arm with an instrumented end-effector to take visual and force measurements, under the scenario that the patient is unrestrained and the tools are general enough to be applied to other close contact tasks. The system employs a visual servo controller to align the swab with the nostrils. A compliant joint velocity controller inserts the swab along a trajectory optimized through a simulation environment, that also reacts to measured forces applied to the swab. Additional subsystems include a fuzzy logic system for detecting when the swab reaches the nasopharynx and a method for detaching the swab and aborting the procedure if safety criteria is violated. The system is evaluated using a second robotic arm that holds a nasal cavity phantom and simulates the natural head motions that could occur during the procedure. Through extensive experiments, we identify controller configurations capable of effectively performing the NP swab test even with significant head motion, which demonstrates the safety and reliability of the system."
title:7152c37bdd552722bbab00ca341dc9fa5e7bae96,,Anatomical Prior-Driven Framework for Autonomous Robotic Cardiac Ultrasound Standard View Acquisition,2026,http://arxiv.org/abs/2603.21134v1,OpenAlex; arXiv,http://arxiv.org/abs/2603.21134v1; https://openalex.org/W7140347409,epmc_arxiv; multisource_preferred; openalex_legacy,Active observational sensing; 主动观察式检测,机器人超声; 机器人超声扫描,"[""preprint""]","Cardiac ultrasound diagnosis is critical for cardiovascular disease assessment, but acquiring standard views remains highly operator-dependent. Existing medical segmentation models often yield anatomically inconsistent results in images with poor textural differentiation between distinct feature classes, while autonomous probe adjustment methods either rely on simplistic heuristic rules or black-box learning. To address these issues, our study proposed an anatomical prior (AP)-driven framework integrating cardiac structure segmentation and autonomous probe adjustment for standard view acquisition. A YOLO-based multi-class segmentation model augmented by a spatial-relation graph (SRG) module is designed to embed AP into the feature pyramid. Quantifiable anatomical features of standard views are extracted. Their priors are fitted to Gaussian distributions to construct probabilistic APs. The probe adjustment process of robotic ultrasound scanning is formalized as a reinforcement learning (RL) problem, with the RL state built from real-time anatomical features and the reward reflecting the AP matching. Experiments validate the efficacy of the framework. The SRG-YOLOv11s improves mAP50 by 11.3% and mIoU by 6.8% on the Special Case dataset, while the RL agent achieves a 92.5% success rate in simulation and 86.7% in phantom experiments."
title:74ba92d0eb8b1bc7829060ac8af7e469819f6b31,,Towards Autonomous Robotic Kidney Ultrasound: Spatial-Efficient Volumetric Imaging via Template Guided Optimal Pivoting,2026,http://arxiv.org/abs/2602.16641v1,OpenAlex; arXiv,http://arxiv.org/abs/2602.16641v1; https://openalex.org/W7130617723,epmc_arxiv; multisource_preferred; openalex_legacy,Active observational sensing; 主动观察式检测,机器人超声; 机器人超声扫描,"[""preprint""]","Medical ultrasound (US) imaging is a frontline tool for the diagnosis of kidney diseases. However, traditional freehand imaging procedure suffers from inconsistent, operator-dependent outcomes, lack of 3D localization information, and risks of work-related musculoskeletal disorders. While robotic ultrasound (RUS) systems offer the potential for standardized, operator-independent 3D kidney data acquisition, the existing scanning methods lack the ability to determine the optimal imaging window for efficient imaging. As a result, the scan is often blindly performed with excessive probe footprint, which frequently leads to acoustic shadowing and incomplete organ coverage. Consequently, there is a critical need for a spatially efficient imaging technique that can maximize the kidney coverage through minimum probe footprint. Here, we propose an autonomous workflow to achieve efficient kidney imaging via template-guided optimal pivoting. The system first performs an explorative imaging to generate partial observations of the kidney. This data is then registered to a kidney template to estimate the organ pose. With the kidney localized, the robot executes a fixed-point pivoting sweep where the imaging plane is aligned with the kidney long axis to minimize the probe translation. The proposed method was validated in simulation and in-vivo. Simulation results indicate that a 60% exploration ratio provides optimal balance between kidney localization accuracy and scanning efficiency. In-vivo evaluation on two male subjects demonstrates a kidney localization accuracy up to 7.36 mm and 13.84 degrees. Moreover, the optimal pivoting approach shortened the probe footprint by around 75 mm when compared with the baselines. These results valid our approach of leveraging anatomical templates to align the probe optimally for volumetric sweep."
title:7aa3c0dd1e65e91109dce67c9e9dcfc5eba7ebf5,,Collaborative Robotic Ultrasound Tissue Scanning for Surgical Resection Guidance in Neurosurgery,2023,http://arxiv.org/abs/2301.08174v1,arXiv,http://arxiv.org/abs/2301.08174v1,epmc_arxiv; multisource_preferred,Active observational sensing; 主动观察式检测,机器人超声; 机器人超声扫描,"[""preprint""]","The aim of this paper is to introduce a robotic platform for autonomous iUS tissue scanning to optimise intraoperative diagnosis and improve surgical resection during robot-assisted operations. To guide anatomy specific robotic scanning and generate a representation of the robot task space, fast and accurate techniques for the recovery of 3D morphological structures of the surgical cavity are developed. The prototypic DLR MIRO surgical robotic arm is used to control the applied force and the in-plane motion of the US transducer. A key application of the proposed platform is the scanning of brain tissue to guide tumour resection."
title:806edfb8ee729f3ec55ffd3eed1b00c649c9cc30,,SeeBelow: Sub-dermal 3D Reconstruction of Tumors with Surgical Robotic Palpation and Tactile Exploration,2024,http://arxiv.org/abs/2408.13699v1,arXiv,http://arxiv.org/abs/2408.13699v1,epmc_arxiv; multisource_preferred,Response-based interactive diagnosis; 响应式交互检测,机器人触诊; 机器人触诊/肿块搜索,"[""preprint""]","Surgical scene understanding in Robot-assisted Minimally Invasive Surgery (RMIS) is highly reliant on visual cues and lacks tactile perception. Force-modulated surgical palpation with tactile feedback is necessary for localization, geometry/depth estimation, and dexterous exploration of abnormal stiff inclusions in subsurface tissue layers. Prior works explored surface-level tissue abnormalities or single layered tissue-tumor embeddings with more than 300 palpations for dense 2D stiffness mapping. Our approach focuses on 3D reconstructions of sub-dermal tumor surface profiles in multi-layered tissue (skin-fat-muscle) using a visually-guided novel tactile navigation policy. A robotic palpation probe with tri-axial force sensing was leveraged for tactile exploration of the phantom. From a surface mesh of the surgical region initialized from a depth camera, the policy explores a surgeon's region of interest through palpation, sampled from bayesian optimization. Each palpation includes contour following using a contact-safe impedance controller to trace the sub-dermal tumor geometry, until the underlying tumor-tissue boundary is reached. Projections of these contour following palpation trajectories allows 3D reconstruction of the subdermal tumor surface profile in less than 100 palpations. Our approach generates high-fidelity 3D surface reconstructions of rigid tumor embeddings in tissue layers with isotropic elasticities, although soft tumor geometries are yet to be explored."
title:894c7402fa38f9eb52c473915a4ea4b05361f1b6,,Learning Autonomous Ultrasound via Latent Task Representation and Robotic Skills Adaptation,2023,http://arxiv.org/abs/2307.13323v1,arXiv,http://arxiv.org/abs/2307.13323v1,multisource_preferred,Active observational sensing,机器人超声扫描,"[""preprint""]","As medical ultrasound is becoming a prevailing examination approach nowadays, robotic ultrasound systems can facilitate the scanning process and prevent professional sonographers from repetitive and tedious work. Despite the recent progress, it is still a challenge to enable robots to autonomously accomplish the ultrasound examination, which is largely due to the lack of a proper task representation method, and also an adaptation approach to generalize learned skills across different patients. To solve these problems, we propose the latent task representation and the robotic skills adaptation for autonomous ultrasound in this paper. During the offline stage, the multimodal ultrasound skills are merged and encapsulated into a low-dimensional probability model through a fully self-supervised framework, which takes clinically demonstrated ultrasound images, probe orientations, and contact forces into account. During the online stage, the probability model will select and evaluate the optimal prediction. For unstable singularities, the adaptive optimizer fine-tunes them to near and stable predictions in high-confidence regions. Experimental results show that the proposed approach can generate complex ultrasound strategies for diverse populations and achieve significantly better quantitative results than our previous method."
title:8bbe3ab60687e9f62d9f24b1414db3019007cb15,,From Scanning Guidelines to Action: A Robotic Ultrasound Agent with LLM-Based Reasoning,2026,http://arxiv.org/abs/2603.14393v1,OpenAlex; arXiv,http://arxiv.org/abs/2603.14393v1; https://openalex.org/W7139146940,epmc_arxiv; multisource_preferred; openalex_legacy,Active observational sensing; 主动观察式检测,机器人超声; 机器人超声扫描,"[""preprint""]","Robotic ultrasound offers advantages over free-hand scanning, including improved reproducibility and reduced operator dependency. In clinical practice, US acquisition relies heavily on the sonographer's experience and situational judgment. When transferring this process to robotic systems, such expertise is often encoded explicitly through fixed procedures and task-specific models, yielding pipelines that can be difficult to adapt to new scanning tasks. In this work, we propose a unified framework for autonomous robotic US scanning that leverages a LLM-based agent to interpret US scanning guidelines and execute scans by dynamically invoking a set of provided software tools. Instead of encoding fixed scanning procedures, the LLM agent retrieves and reasons over guideline steps from scanning handbooks and adapts its planning decisions based on observations and the current scanning state. This enables the system to handle variable and decision-dependent workflows, such as adjusting scanning strategies, repeating steps, or selecting the appropriate next tool call in response to image quality or anatomical findings. Because the reasoning underlying tool selection is also critical for transparent and trustworthy planning, we further fine tune the LLM agent using a RL based strategy to improve both its reasoning quality and the correctness of tool selection and parameterization, while maintaining robust generalization to unseen guidelines and related tasks. We first validate the approach via verbal execution on 10 US scanning guidelines, assessing reasoning as well as tool selection and parameterization, and showing the benefit of RL fine tuning. We then demonstrate real world feasibility on robotic scanning of the gallbladder, spine, and kidney. Overall, the framework follows diverse guidelines and enables reliable autonomous scanning across multiple anatomical targets within a unified system."
title:93cac99a26ccf2452596358da6e42e3ad585fef9,,EmbodiedUS-FS: Fast Slow Intelligence for Ultrasound Robotics,2026,http://arxiv.org/abs/2606.22319v1,OpenAlex; arXiv,http://arxiv.org/abs/2606.22319v1; https://openalex.org/W7165818287,multisource_preferred; openalex_legacy,Active observational sensing; 主动观察式检测,机器人超声; 机器人超声扫描,"[""preprint""]","Robotic ultrasound scanning in real clinical environments requires both high-level clinical workflow reasoning and low-level closed-loop execution. Physicians natural-language instructions often contain implicit anatomical targets, procedural logic, image-quality requirements, and safety constraints, while execution is affected by patient motion, contact variations, and target drift. We propose a fast and slow hierarchical embodied ultrasound system for safe and interpretable robotic ultrasound assistance. The Slow Brain performs intent parsing and stage-wise task planning with knowledge augmentation from an API and handbook corpus, and generates executable plans through task-graph construction and structured plan verification. The Fast Brain fuses multimodal feedback, including ultrasound images, robot pose and force states, and patient-motion information, to refine local actions and perform image-quality-guided recovery behaviors. The system further integrates a Safety Shield and a hierarchical escalation policy to constrain risky actions and trigger replanning or human confirmation under persistent failures or safety-bound violations. Experiments on planning evaluation, closed-loop execution under dynamic perturbations, and safety-mechanism validation demonstrate that the proposed hierarchical design improves task success rates while reducing safety violations."
title:99b9d5495d40ccc23a6edc0890d0912bea8bddbc,,Autonomous Robotic Tissue Palpation and Abnormalities Characterisation via Ergodic Exploration,2026,http://arxiv.org/abs/2602.14287v1,OpenAlex; arXiv,http://arxiv.org/abs/2602.14287v1; https://openalex.org/W7130237897,epmc_arxiv; multisource_preferred; openalex_legacy,Response-based interactive diagnosis; 响应式交互检测,机器人触诊; 机器人触诊/肿块搜索,"[""preprint""]","We propose a novel autonomous robotic palpation framework for real-time elastic mapping during tissue exploration using a viscoelastic tissue model. The method combines force-based parameter estimation using a commercial force/torque sensor with an ergodic control strategy driven by a tailored Expected Information Density, which explicitly biases exploration toward diagnostically relevant regions by jointly considering model uncertainty, stiffness magnitude, and spatial gradients. An Extended Kalman Filter is employed to estimate viscoelastic model parameters online, while Gaussian Process Regression provides spatial modelling of the estimated elasticity, and a Heat Equation Driven Area Coverage controller enables adaptive, continuous trajectory planning. Simulations on synthetic stiffness maps demonstrate that the proposed approach achieves better reconstruction accuracy, enhanced segmentation capability, and improved robustness in detecting stiff inclusions compared to Bayesian Optimisation-based techniques. Experimental validation on a silicone phantom with embedded inclusions emulating pathological tissue regions further corroborates the potential of the method for autonomous tissue characterisation in diagnostic and screening applications."
title:9ab956f85e62b047f7b6b8a026e093f3ebd071f6,,Autonomous Robotic Ultrasound System for Liver Follow-up Diagnosis: Pilot Phantom Study,2024,http://arxiv.org/abs/2405.05787v1,arXiv,http://arxiv.org/abs/2405.05787v1,multisource_preferred,Active observational sensing,机器人超声扫描,"[""preprint""]","The paper introduces a novel autonomous robot ultrasound (US) system targeting liver follow-up scans for outpatients in local communities. Given a computed tomography (CT) image with specific target regions of interest, the proposed system carries out the autonomous follow-up scan in three steps: (i) initial robot contact to surface, (ii) coordinate mapping between CT image and robot, and (iii) target US scan. Utilizing 3D US-CT registration and deep learning-based segmentation networks, we can achieve precise imaging of 3D hepatic veins, facilitating accurate coordinate mapping between CT and the robot. This enables the automatic localization of follow-up targets within the CT image, allowing the robot to navigate precisely to the target's surface. Evaluation of the ultrasound phantom confirms the quality of the US-CT registration and shows the robot reliably locates the targets in repeated trials. The proposed framework holds the potential to significantly reduce time and costs for healthcare providers, clinicians, and follow-up patients, thereby addressing the increasing healthcare burden associated with chronic disease in local communities."
title:9b0465112bb1744888adf9323eaf07a25d03982a,,Tactile-Guided Robotic Ultrasound: Mapping Preplanned Scan Paths for Intercostal Imaging,2025,http://arxiv.org/abs/2507.20282v1,arXiv,http://arxiv.org/abs/2507.20282v1,epmc_arxiv; multisource_preferred,Active observational sensing; 主动观察式检测,机器人超声; 机器人超声扫描,"[""preprint""]","Medical ultrasound (US) imaging is widely used in clinical examinations due to its portability, real-time capability, and radiation-free nature. To address inter- and intra-operator variability, robotic ultrasound systems have gained increasing attention. However, their application in challenging intercostal imaging remains limited due to the lack of an effective scan path generation method within the constrained acoustic window. To overcome this challenge, we explore the potential of tactile cues for characterizing subcutaneous rib structures as an alternative signal for ultrasound segmentation-free bone surface point cloud extraction. Compared to 2D US images, 1D tactile-related signals offer higher processing efficiency and are less susceptible to acoustic noise and artifacts. By leveraging robotic tracking data, a sparse tactile point cloud is generated through a few scans along the rib, mimicking human palpation. To robustly map the scanning trajectory into the intercostal space, the sparse tactile bone location point cloud is first interpolated to form a denser representation. This refined point cloud is then registered to an image-based dense bone surface point cloud, enabling accurate scan path mapping for individual patients. Additionally, to ensure full coverage of the object of interest, we introduce an automated tilt angle adjustment method to visualize structures beneath the bone. To validate the proposed method, we conducted comprehensive experiments on four distinct phantoms. The final scanning waypoint mapping achieved Mean Nearest Neighbor Distance (MNND) and Hausdorff distance (HD) errors of 3.41 mm and 3.65 mm, respectively, while the reconstructed object beneath the bone had errors of 0.69 mm and 2.2 mm compared to the CT ground truth."
title:9d7ec34cfb0503f1556802b5d0ac711ec6ea78ce,,USPilot: An Embodied Robotic Assistant Ultrasound System with Large Language Model Enhanced Graph Planner,2025,http://arxiv.org/abs/2502.12498v2,arXiv,http://arxiv.org/abs/2502.12498v2,multisource_preferred,Active observational sensing,机器人超声扫描,"[""preprint""]","In the era of Large Language Models (LLMs), embodied artificial intelligence presents transformative opportunities for robotic manipulation tasks. Ultrasound imaging, a widely used and cost-effective medical diagnostic procedure, faces challenges due to the global shortage of professional sonographers. To address this issue, we propose USPilot, an embodied robotic assistant ultrasound system powered by an LLM-based framework to enable autonomous ultrasound acquisition. USPilot is designed to function as a virtual sonographer, capable of responding to patients' ultrasound-related queries and performing ultrasound scans based on user intent. By fine-tuning the LLM, USPilot demonstrates a deep understanding of ultrasound-specific questions and tasks. Furthermore, USPilot incorporates an LLM-enhanced Graph Neural Network (GNN) to manage ultrasound robotic APIs and serve as a task planner. Experimental results show that the LLM-enhanced GNN achieves unprecedented accuracy in task planning on public datasets. Additionally, the system demonstrates significant potential in autonomously understanding and executing ultrasound procedures. These advancements bring us closer to achieving autonomous and potentially unmanned robotic ultrasound systems, addressing critical resource gaps in medical imaging."
title:a46657360dce5d49142e27c2e46127132cb73714,,Action-Conditioned World Model for Goal Plane Probe Guidance in Robotic Ultrasound,2026,http://arxiv.org/abs/2607.21918v2,OpenAlex; arXiv,http://arxiv.org/abs/2607.21918v2; https://openalex.org/W7171601317,epmc_arxiv; multisource_preferred; openalex_legacy,Active observational sensing; 主动观察式检测,机器人超声; 机器人超声扫描,"[""preprint""]","We present an action-conditioned world model framework for goal plane probe guidance in robotic ultrasound, with a focus on neck ultrasound scanning. Autonomous ultrasound tasks often require large numbers of probe-motion trajectories for training, but collecting high-quality demonstrations is labor-intensive and explicit simulators are difficult to build because ultrasound appearance depends on contact, tissue deformation, and view-dependent acoustic artifacts. We address this problem with a two-stage model-based learning pipeline. First, a latent conditional diffusion world model predicts future ultrasound observations from recent context frames, probe motions and temporal offset. Second, a goal-conditioned temporal transformer predicts ordered probe motions and is fine-tuned using rewards from the frozen world model. Experiments on the self-collected dataset show that the world model preserves action-dependent anatomical structure on target-directed scans. In real-world closed loop experiments, the framework achieves success rates of 70.0\% for carotid guidance and 65.0\% for thyroid guidance. These results demonstrate the potential of learned ultrasound dynamics for training goal-directed robotic probe navigation."
title:a773e820c9f383c7ec52428cd6887322e6bd3407,,OpenRC: An Open-Source Robotic Colonoscopy Framework for Multimodal Data Acquisition and Autonomy Research,2026,http://arxiv.org/abs/2604.03781v1,OpenAlex; arXiv,http://arxiv.org/abs/2604.03781v1; https://openalex.org/W7152331245,epmc_arxiv; multisource_preferred; openalex_legacy,Active observational sensing; 主动观察式检测,内镜搜索/自主巡检; 机器人胃肠柔性内镜巡检,"[""preprint""]","Colorectal cancer screening critically depends on colonoscopy, yet existing platforms offer limited support for systematically studying the coupled dynamics of operator control, instrument motion, and visual feedback. This gap restricts reproducible closed-loop research in robotic colonoscopy, medical imaging, and emerging vision-language-action (VLA) learning paradigms. To address this challenge, we present OpenRC, an open-source modular robotic colonoscopy framework that retrofits conventional scopes while preserving clinical workflow. The framework supports simultaneous recording of video, operator commands, actuation state, and distal tip pose. We experimentally validated motion consistency and quantified cross-modal latency across sensing streams. Using this platform, we collected a multimodal dataset comprising 1,894 teleoperated episodes ~19 hours across 10 structured task variations of routine navigation, failure events, and recovery behaviors. By unifying open hardware and an aligned multimodal dataset, OpenRC provides a reproducible foundation for research in multimodal robotic colonoscopy and surgical autonomy."
title:af1f2a2aa199b9aa333314070c22072cfd3ae1bb,,Gaze-Guided Robotic Vascular Ultrasound Leveraging Human Intention Estimation,2025,http://arxiv.org/abs/2502.05053v1,arXiv,http://arxiv.org/abs/2502.05053v1,multisource_preferred,Active observational sensing,机器人超声扫描,"[""preprint""]","Medical ultrasound has been widely used to examine vascular structure in modern clinical practice. However, traditional ultrasound examination often faces challenges related to inter- and intra-operator variation. The robotic ultrasound system (RUSS) appears as a potential solution for such challenges because of its superiority in stability and reproducibility. Given the complex anatomy of human vasculature, multiple vessels often appear in ultrasound images, or a single vessel bifurcates into branches, complicating the examination process. To tackle this challenge, this work presents a gaze-guided RUSS for vascular applications. A gaze tracker captures the eye movements of the operator. The extracted gaze signal guides the RUSS to follow the correct vessel when it bifurcates. Additionally, a gaze-guided segmentation network is proposed to enhance segmentation robustness by exploiting gaze information. However, gaze signals are often noisy, requiring interpretation to accurately discern the operator's true intentions. To this end, this study proposes a stabilization module to process raw gaze data. The inferred attention heatmap is utilized as a region proposal to aid segmentation and serve as a trigger signal when the operator needs to adjust the scanning target, such as when a bifurcation appears. To ensure appropriate contact between the probe and surface during scanning, an automatic ultrasound confidence-based orientation correction method is developed. In experiments, we demonstrated the efficiency of the proposed gaze-guided segmentation pipeline by comparing it with other methods. Besides, the performance of the proposed gaze-guided RUSS was also validated as a whole on a realistic arm phantom with an uneven surface."
title:bcd365494f6dd5dd04bce547c8386c093bbefd6c,,"Force-Ultrasound Fusion: Bringing Spine Robotic-US to the Next ""Level""",2020,http://arxiv.org/abs/2002.11404v1,arXiv,http://arxiv.org/abs/2002.11404v1,multisource_preferred,Active observational sensing,机器人超声扫描,"[""preprint""]","Spine injections are commonly performed in several clinical procedures. The localization of the target vertebral level (i.e. the position of a vertebra in a spine) is typically done by back palpation or under X-ray guidance, yielding either higher chances of procedure failure or exposure to ionizing radiation. Preliminary studies have been conducted in the literature, suggesting that ultrasound imaging may be a precise and safe alternative to X-ray for spine level detection. However, ultrasound data are noisy and complicated to interpret. In this study, a robotic-ultrasound approach for automatic vertebral level detection is introduced. The method relies on the fusion of ultrasound and force data, thus providing both ""tactile"" and visual feedback during the procedure, which results in higher performances in presence of data corruption. A robotic arm automatically scans the volunteer's back along the spine by using force-ultrasound data to locate vertebral levels. The occurrences of vertebral levels are visible on the force trace as peaks, which are enhanced by properly controlling the force applied by the robot on the patient back. Ultrasound data are processed with a Deep Learning method to extract a 1D signal modelling the probabilities of having a vertebra at each location along the spine. Processed force and ultrasound data are fused using a 1D Convolutional Network to compute the location of the vertebral levels. The method is compared to pure image and pure force-based methods for vertebral level counting, showing improved performance. In particular, the fusion method is able to correctly classify 100% of the vertebral levels in the test set, while pure image and pure force-based method could only classify 80% and 90% vertebrae, respectively. The potential of the proposed method is evaluated in an exemplary simulated clinical application."
title:c383dac36bfed3e4581b26a01b901db9119daacb,,DAISS: Phase-Aware Imitation Learning for Dual-Arm Robotic Ultrasound-Guided Interventions,2026,http://arxiv.org/abs/2603.07663v1,OpenAlex; arXiv,http://arxiv.org/abs/2603.07663v1; https://openalex.org/W7134860255,multisource_preferred; openalex_legacy,Active observational sensing; 主动观察式检测,机器人超声; 机器人超声扫描,"[""preprint""]","Imitation learning has shown strong potential for automating complex robotic manipulation. In medical robotics, ultrasound-guided needle insertion demands precise bimanual coordination, as clinicians must simultaneously manipulate an ultrasound probe to maintain an optimal acoustic view while steering an interventional needle. Automating this asymmetric workflow -- and reliably transferring expert strategies to robots -- remains highly challenging. In this paper, we present the Dual-Arm Interventional Surgical System (DAISS), a teleoperated platform that collects high-fidelity dual-arm demonstrations and learns a phase-aware imitation policy for ultrasound-guided interventions. To avoid constraining the operator's natural behavior, DAISS uses a flexible NDI-based leader interface for teleoperating two coordinated follower arms. To support robust execution under real-time ultrasound feedback, we develop a lightweight, data-efficient imitation policy. Specifically, the policy incorporates a phase-aware architecture and a dynamic mask loss tailored to asymmetric bimanual control. Conditioned on a planned trajectory, the network fuses real-time ultrasound with external visual observations to generate smooth, coordinated dual-arm motions. Experimental results show that DAISS can learn personalized expert strategies from limited demonstrations. Overall, these findings highlight the promise of phase-aware imitation-learning-driven dual-arm robots for improving precision and reducing cognitive workload in image-guided interventions."
title:c4f54db183f05a8631247a2f9cfc964dfcf71e0f,,BronchoCopilot: Towards Autonomous Robotic Bronchoscopy via Multimodal Reinforcement Learning,2024,http://arxiv.org/abs/2403.01483v1,arXiv,http://arxiv.org/abs/2403.01483v1,epmc_arxiv; multisource_preferred,Active observational sensing; 主动观察式检测,内镜搜索/自主巡检; 机器人支气管镜搜索/导航,"[""preprint""]","Bronchoscopy plays a significant role in the early diagnosis and treatment of lung diseases. This process demands physicians to maneuver the flexible endoscope for reaching distal lesions, particularly requiring substantial expertise when examining the airways of the upper lung lobe. With the development of artificial intelligence and robotics, reinforcement learning (RL) method has been applied to the manipulation of interventional surgical robots. However, unlike human physicians who utilize multimodal information, most of the current RL methods rely on a single modality, limiting their performance. In this paper, we propose BronchoCopilot, a multimodal RL agent designed to acquire manipulation skills for autonomous bronchoscopy. BronchoCopilot specifically integrates images from the bronchoscope camera and estimated robot poses, aiming for a higher success rate within challenging airway environment. We employ auxiliary reconstruction tasks to compress multimodal data and utilize attention mechanisms to achieve an efficient latent representation of this data, serving as input for the RL module. This framework adopts a stepwise training and fine-tuning approach to mitigate the challenges of training difficulty. Our evaluation in the realistic simulation environment reveals that BronchoCopilot, by effectively harnessing multimodal information, attains a success rate of approximately 90\% in fifth generation airways with consistent movements. Additionally, it demonstrates a robust capacity to adapt to diverse cases."
title:c86d259f8935d36d3fca0277686783f91da00e1d,,RAG-RUSS: A Retrieval-Augmented Robotic Ultrasound for Autonomous Carotid Examination,2026,http://arxiv.org/abs/2603.01153v1,OpenAlex; arXiv,http://arxiv.org/abs/2603.01153v1; https://openalex.org/W7133364192,epmc_arxiv; multisource_preferred; openalex_legacy,Active observational sensing; 主动观察式检测,机器人超声; 机器人超声扫描,"[""preprint""]","Robotic ultrasound (US) has recently attracted increasing attention as a means to overcome the limitations of conventional US examinations, such as the strong operator dependence. However, the decision-making process of existing methods is often either rule-based or relies on end-to-end learning models that operate as black boxes. This has been seen as a main limit for clinical acceptance and raises safety concerns for widespread adoption in routine practice. To tackle this challenge, we introduce the RAG-RUSS, an interpretable framework capable of performing a full carotid examination in accordance with the clinical workflow while explicitly explaining both the current stage and the next planned action. Furthermore, given the scarcity of medical data, we incorporate retrieval-augmented generation to enhance generalization and reduce dependence on large-scale training datasets. The method was trained on data acquired from 28 volunteers, while an additional four volumetric scans recorded from previously unseen volunteers were reserved for testing. The results demonstrate that the method can explain the current scanning stage and autonomously plan probe motions to complete the carotid examination, encompassing both transverse and longitudinal planes."
title:c9fa5556bbef5493fc594523ea08161990b27e31,,APP-RUSS: Automated Path Planning for Robotic Ultrasound System,2023,http://arxiv.org/abs/2310.14297v1,arXiv,http://arxiv.org/abs/2310.14297v1,multisource_preferred,Active observational sensing,机器人超声扫描,"[""preprint""]","Autonomous robotic ultrasound System (RUSS) has been extensively studied. However, fully automated ultrasound image acquisition is still challenging, partly due to the lack of study in combining two phases of path planning: guiding the ultrasound probe to the scan target and covering the scan surface or volume. This paper presents a system of Automated Path Planning for RUSS (APP-RUSS). Our focus is on the first phase of automation, which emphasizes directing the ultrasound probe's path toward the target over extended distances. Specifically, our APP-RUSS system consists of a RealSense D405 RGB-D camera that is employed for visual guidance of the UR5e robotic arm and a cubic Bezier curve path planning model that is customized for delivering the probe to the recognized target. APP-RUSS can contribute to understanding the integration of the two phases of path planning in robotic ultrasound imaging, paving the way for its clinical adoption."
title:d45d0f6799d3b4f987c95907b63f625e1f607500,,SAMe: A Semantic Anatomy Mapping Engine for Robotic Ultrasound,2026,http://arxiv.org/abs/2604.25646v2,OpenAlex; arXiv,http://arxiv.org/abs/2604.25646v2; https://openalex.org/W7159547037,multisource_preferred; openalex_legacy,Active observational sensing; 主动观察式检测,机器人超声; 机器人超声扫描,"[""preprint""]","Robotic ultrasound has advanced local image-driven control, contact regulation, and view optimization, yet current systems lack the anatomical understanding needed to determine what to scan, where to begin, and how to adapt to individual patient anatomy. These gaps make systems still reliant on expert intervention to initiate scanning. Here we present SAMe, a semantic anatomy mapping engine that provides robotic ultrasound with an explicit anatomical prior layer. SAMe addresses scan initiation as a target-to-anatomy-to-action process: it grounds under-specified clinical complaints into structured target organs, instantiates a patient-specific anatomical representation for the grounded targets from a single external body image, and translates this representation into control-facing 6-DoF probe initialization states without any additional registration using preoperative CT or MRI. The anatomical representation maintained by SAMe is explicit, lightweight (single-organ inference in 0.08s), and compatible with downstream control by design. Across semantic grounding, anatomical instantiation, and real-robot evaluation, SAMe shows strong performance across the full initialization pipeline. In real-robot experiments, centroid-based SAMe initialization outperformed the body-keypoint-based heuristic baseline under a budget-matched single-target setting for both liver (86.7% versus 46.7%) and kidney (80.0% versus 73.3%) initialization. Furthermore, The trial-level organ-hit rate reached 97.3% for liver and 83.3% for kidney when multiple candidate targets were available. These results establish an explicit anatomical prior layer that addresses scan initialization and is designed to support broader downstream autonomous scanning pipelines, providing the anatomical foundation for complaint-driven, anatomically informed robotic ultrasonography."
title:dddc0fd427ecbbc4c2a0366d96f89ec08744987a,,From design through to clinical validation of a soft end-effector for robot-assisted ultrasound imaging,2020,https://europepmc.org/article/ETH/806797,Europe PMC,ETH/806797,epmc_arxiv; multisource_preferred,Active observational sensing; 主动观察式检测,机器人超声; 机器人超声扫描,"[""Dissertation""]","Sonographers are exposed to an increased risk of work-related musculoskeletal disorders due to performing diagnostic ultrasound procedures. Existing research therefore aims at developing robotic ultrasound solutions which could be integrated into clinics to improve workplace ergonomics. This dissertation addresses limitations in state-of-the-art ultrasound robots by designing and clinically validating a soft robotic system for ultrasound imaging. It employs the benefits of soft robotics technologies to establish a safe interaction between the ultrasound probe and patient. Specifications for the robot are established from clinical data obtained from prenatal foetal ultrasound scans. The 3DOF parallel, soft robotic end-effector (SEE) is characterised and its imaging capabilities validated by a trained sonographer on a foetal ultrasound phantom. A kinetostatic model capable of accurately estimating the pose of the end-effector is derived and validated. Further, the contact force on the ultrasound probe is estimated according to internal pressure variations in the fluidic actuators. The model is applied to the SEE in real-time. To regulate contact pressure during the imaging procedure, a force controller based ... (continues)"
title:e937c91c6f5d4a447fd7796f535ff73f4fd158cf,,Enabling Mammography with Co-Robotic Ultrasound,2023,http://arxiv.org/abs/2312.10309v1,arXiv,http://arxiv.org/abs/2312.10309v1,multisource_preferred,Active observational sensing,机器人超声扫描,"[""preprint""]","Ultrasound (US) imaging is a vital adjunct to mammography in breast cancer screening and diagnosis, but its reliance on hand-held transducers often lacks repeatability and heavily depends on sonographers' skills. Integrating US systems from different vendors further complicates clinical standards and workflows. This research introduces a co-robotic US platform for repeatable, accurate, and vendor-independent breast US image acquisition. The platform can autonomously perform 3D volume scans or swiftly acquire real-time 2D images of suspicious lesions. Utilizing a Universal Robot UR5 with an RGB camera, a force sensor, and an L7-4 linear array transducer, the system achieves autonomous navigation, motion control, and image acquisition. The calibrations, including camera-mammogram, robot-camera, and robot-US, were rigorously conducted and validated. Governed by a PID force control, the robot-held transducer maintains a constant contact force with the compression plate during the scan for safety and patient comfort. The framework was validated on a lesion-mimicking phantom. Our results indicate that the developed co-robotic US platform promises to enhance the precision and repeatability of breast cancer screening and diagnosis. Additionally, the platform offers straightforward integration into most mammographic devices to ensure vendor-independence."
title:f1aa6c670e12f3445a4f4ffaa971a6bced5c8c0f,,Vibration-Based Energy Metric for Restoring Needle Alignment in Autonomous Robotic Ultrasound,2025,http://arxiv.org/abs/2508.06921v2,arXiv,http://arxiv.org/abs/2508.06921v2,multisource_preferred,Active observational sensing,机器人超声扫描,"[""preprint""]","Precise needle alignment is essential for percutaneous needle insertion in robotic ultrasound-guided procedures. However, inherent challenges such as speckle noise, needle-like artifacts, and low image resolution make robust needle detection difficult, particularly when visibility is reduced or lost. In this paper, we propose a method to restore needle alignment when the ultrasound imaging plane and the needle insertion plane are misaligned. Unlike many existing approaches that rely heavily on needle visibility in ultrasound images, our method uses a more robust feature by periodically vibrating the needle using a mechanical system. Specifically, we propose a vibration-based energy metric that remains effective even when the needle is fully out of plane. Using this metric, we develop a control strategy to reposition the ultrasound probe in response to misalignments between the imaging plane and the needle insertion plane in both translation and rotation. Experiments conducted on ex-vivo porcine tissue samples using a dual-arm robotic ultrasound-guided needle insertion system demonstrate the effectiveness of the proposed approach. The experimental results show the translational error of 0.41$\pm$0.27 mm and the rotational error of 0.51$\pm$0.19 degrees."
title:f31d1f63295d7e53e682b58ce6d681ce3bfdac78,,A-SEE2.0: Active-Sensing End-Effector for Robotic Ultrasound Systems with Dense Contact Surface Perception Enabled Probe Orientation Adjustment,2025,http://arxiv.org/abs/2503.05569v1,arXiv,http://arxiv.org/abs/2503.05569v1,multisource_preferred,Active observational sensing,机器人超声扫描,"[""preprint""]","Conventional freehand ultrasound (US) imaging is highly dependent on the skill of the operator, often leading to inconsistent results and increased physical demand on sonographers. Robotic Ultrasound Systems (RUSS) aim to address these limitations by providing standardized and automated imaging solutions, especially in environments with limited access to skilled operators. This paper presents the development of a novel RUSS system that employs dual RGB-D depth cameras to maintain the US probe normal to the skin surface, a critical factor for optimal image quality. Our RUSS integrates RGB-D camera data with robotic control algorithms to maintain orthogonal probe alignment on uneven surfaces without preoperative data. Validation tests using a phantom model demonstrate that the system achieves robust normal positioning accuracy while delivering ultrasound images comparable to those obtained through manual scanning. A-SEE2.0 demonstrates 2.47 ${\pm}$ 1.25 degrees error for flat surface normal-positioning and 12.19 ${\pm}$ 5.81 degrees normal estimation error on mannequin surface. This work highlights the potential of A-SEE2.0 to be used in clinical practice by testing its performance during in-vivo forearm ultrasound examinations."
title:f9deb9a74a7481f4c93de84ba6b6e3f5daaf5a3b,,Automated Heart and Lung Auscultation in Robotic Physical Examinations,2022,http://arxiv.org/abs/2201.09511v1,arXiv,http://arxiv.org/abs/2201.09511v1,epmc_arxiv; multisource_preferred,Active observational sensing; 主动观察式检测,机器人听诊,"[""preprint""]","This paper presents the first implementation of autonomous robotic auscultation of heart and lung sounds. To select auscultation locations that generate high-quality sounds, a Bayesian Optimization (BO) formulation leverages visual anatomical cues to predict where high-quality sounds might be located, while using auditory feedback to adapt to patient-specific anatomical qualities. Sound quality is estimated online using machine learning models trained on a database of heart and lung stethoscope recordings. Experiments on 4 human subjects show that our system autonomously captures heart and lung sounds of similar quality compared to tele-operation by a human trained in clinical auscultation. Surprisingly, one of the subjects exhibited a previously unknown cardiac pathology that was first identified using our robot, which demonstrates the potential utility of autonomous robotic auscultation for health screening."
