task_code,task_en,task_zh,count_year,year_status,title,doi,pmid,source_dbs,source_ids,url,publication_date,work_type,venue,screening_basis,source_row_id,abstract
A1,Robotic ultrasound / sonography,机器人超声 / 超声扫查,2005,full year,Robotically assisted ultrasound imaged guided interstitial lung brachytherapy in a porcine model,10.1016/j.ics.2005.03.136,,OpenAlex,W1971887668,https://doi.org/10.1016/j.ics.2005.03.136,2005-05-01,article,International Congress Series,Previously screened title-explicit set,4,
A1,Robotic ultrasound / sonography,机器人超声 / 超声扫查,2009,full year,Hybrid Laparoscopic and Robotic Ultrasound-guided Radiofrequency Ablation-assisted Clampless Partial Nephrectomy,10.1016/j.urology.2008.08.498,19428068.0,Europe PMC; OpenAlex,MED:19428068; W2012763872,https://doi.org/10.1016/j.urology.2008.08.498,2009-05-10,article,Urology,Previously screened title-explicit set,9,"<h4>Introduction</h4>To describe a clampless approach made possible by creating an avascular plane of tissue with radiofrequency ablation. Laparoscopic partial nephrectomy is slowly gaining acceptance as a method to treat small (<4 cm) and select moderate (<7 cm) renal masses. The intricacies of laparoscopic suturing, which result in prolonged warm ischemia times, have delayed the widespread acceptance of this technique among urologists. Laparoscopic suturing to close the collecting system was done using the da Vinci robot.<h4>Technical considerations</h4>An avascular plane of tissue from coagulation necrosis was achieved with the Habib 4X radiofrequency ablation device and the Rita 1500X generator. Typically, we used a power setting of 50 W but have found settings as low as 25 W necessary to provide hemostasis for larger vessels. The tumor was then sharply excised with a negative margin using robotic scissors and electrocautery to facilitate tissue cutting. Retrograde injection of methylthioninium chloride and saline through an externalized ureteral catheter allowed for precise sutured closure of the collecting system. FloSeal and BioGlue were then applied, making surgical bolsters or parenchymal sutures unnecessary. Intraoperative histologic evaluation of the surgical margin and repeat resection of the tumor bed was possible because the renal hilum was not clamped, and no warm ischemia was used.<h4>Conclusions</h4>This technique, which combines the improving technologies of robotic surgery, intraoperative laparoscopic ultrasonography, and radiofrequency ablation, might make more surgeons comfortable with the intricacies of laparoscopic suturing and eliminate prolonged warm ischemia times. Overall, this method should result in more patients being able to undergo minimally invasive laparoscopic partial nephrectomy."
A1,Robotic ultrasound / sonography,机器人超声 / 超声扫查,2009,full year,Robotic ultrasound manipulator : calibration of position and orientation measurement system,,,OpenAlex,W1491693950,https://openalex.org/W1491693950,2009-01-01,dissertation,DSpace@MIT (Massachusetts Institute of Technology),Previously screened title-explicit set,10,"Thesis (S.B.)--Massachusetts Institute of Technology, Dept. of Mechanical Engineering, 2009."
A1,Robotic ultrasound / sonography,机器人超声 / 超声扫查,2009,full year,Robotic ultrasound‐guided prostate intervention device: system description and results from phantom studies,10.1002/rcs.232,19145573.0,Europe PMC; OpenAlex,W2069830404; MED:19145573,https://doi.org/10.1002/rcs.232,2009-01-14,article,International Journal of Medical Robotics and Computer Assisted Surgery,Previously screened title-explicit set,11,"<h4>Background</h4>We introduce the first robotic ultrasound-guided prostate intervention device and evaluate its safety, accuracy and repeatability.<h4>Methods</h4>The robotic positioning system (RPS) determines a target's x, y and z axes. It is situated with a biplane ultrasound probe on a mobile horizontal platform. The integrated software acquires ultrasound images for three-dimensional (3D) modelling, coordinates target planning and directs the RPS.<h4>Results</h4>The egg phantom evaluates the software's safety and workflow protocol. Two random targets are planned in each quadrant and biopsy needles are inserted. All were within three separate eggs. Metal wire tips are targeted and their distances from the biopsy needle tips are measured. With 20 wires, < 1 mm accuracy is obtained. Repeatability is demonstrated when previous positions are returned to with similar accuracy.<h4>Conclusion</h4>Our device demonstrates safety in a defined boundary with a repeatable accuracy of < 1 mm. It can be used for accurate prostate biopsy and treatment delivery."
A1,Robotic ultrasound / sonography,机器人超声 / 超声扫查,2010,full year,ROBOTIC ULTRASOUND SYSTEM WITH MICROADJUSTMENT AND POSITIONING CONTROL USING FEEDBACK RESPONSIVE TO ACQUIRED IMAGE DATA,,,Europe PMC,PAT:EP2219528; PAT:US2010262008; PAT:WO2009074948,,2008-12-08,,,Previously screened title-explicit set,14,"An imaging system includes a diagnostic ultrasound front end module, the front end module including a transducer, a robotic armature (2), and a controller (4) electrically coupled to each of the front end module and the robotic armature. The controller is configured to employ the robotic armature to move the transducer relative to an anatomical structure, including wherein the controller is operable in a feedback control mode to detect key attributes in an acquired image or data set received from the front end module, calculate a desired adjustment to the position of the transducer based on the key attributes detection, and employ the robotic armature to apply the desired position adjustment."
A1,Robotic ultrasound / sonography,机器人超声 / 超声扫查,2011,full year,Image-based Approach to Respiratory Gating for Liver Radiotherapy using a Telerobotic Ultrasound System,10.1016/j.ijrobp.2011.06.250,,OpenAlex,W2131704460,https://doi.org/10.1016/j.ijrobp.2011.06.250,2011-10-01,article,International Journal of Radiation Oncology*Biology*Physics,Previously screened title-explicit set,19,
A1,Robotic ultrasound / sonography,机器人超声 / 超声扫查,2011,full year,In Vivo Tissue Displacement Monitoring for Prostate IGRT Using a Telerobotic Ultrasound System,10.1016/j.ijrobp.2011.06.1427,,OpenAlex,W2111267142,https://doi.org/10.1016/j.ijrobp.2011.06.1427,2011-10-01,article,International Journal of Radiation Oncology*Biology*Physics,Previously screened title-explicit set,20,
A1,Robotic ultrasound / sonography,机器人超声 / 超声扫查,2011,full year,Localized but Biochemicaly Progressing Prostate Cancer Under Long-Term Hormonal Ablation Treated by Therapeutic High-Intensity Focal Robotic Ultrasound,10.1016/j.ultrasmedbio.2011.05.333,,OpenAlex,W2000037819,https://doi.org/10.1016/j.ultrasmedbio.2011.05.333,2011-07-28,article,Ultrasound in Medicine & Biology,Previously screened title-explicit set,21,
A1,Robotic ultrasound / sonography,机器人超声 / 超声扫查,2011,full year,Robotic ultrasound volume modeling for breast cancer screening,,,OpenAlex,W1560592916,https://openalex.org/W1560592916,2011-01-01,dissertation,Human Biology,Previously screened title-explicit set,24,"This research proposes the development of a robotic-controlled ultrasound imaging system for breast cancer screening. The system aims to create a 3D volume model of a breast phantom from ultrasound tomograms. Traditional ultrasound imaging systems are large machines that are not easily transportable in and out of doctors' offices. Further, ultrasound images suffer from speckle noise that is inherent in every image and degrades the image resolution of anatomical structures. While a radiologist obtains an ultrasound tomogram, position and orientation of the transducer must be known for accurate 3D volume construction. This is difficult with traditional systems without a tracking system. The proposed work has three specific aims to address these issues. The first aim will develop the software platform for image acquisition through precise robotic control and network communication. The second aim is to perform an analysis and evaluation of wavelet-based thresholding schemes for speckle and multiplicative noise reduction. This work will study the image's multiresolution details, and sparse representations from wavelet coefficients. The third aim will develop an algorithm for constructing a 3D model from 2D ultrasound tomograms positioned by a robotic arm."
A1,Robotic ultrasound / sonography,机器人超声 / 超声扫查,2012,full year,55 REAL TIME IMAGE GUIDED RADIOTHERAPY FOR PANCREATIC TUMORS – THE CONCEPT OF DUAL MODALITY MONITORING USING KV-CBCT AND ROBOT ASSISTED ULTRASOUND IMAGING,10.1016/s0167-8140(12)70037-3,,OpenAlex,W1990642471,https://doi.org/10.1016/s0167-8140(12)70037-3,2012-03-01,article,Radiotherapy and Oncology,Previously screened title-explicit set,28,
A1,Robotic ultrasound / sonography,机器人超声 / 超声扫查,2012,full year,Robotic ultrasound probe for tumor identification in robotic partial nephrectomy: Initial series and outcomes,10.1111/j.1442-2042.2012.03127.x,22925445.0,Europe PMC; OpenAlex,W1536645843; MED:22925445,https://doi.org/10.1111/j.1442-2042.2012.03127.x,2012-08-26,article,International Journal of Urology,Previously screened title-explicit set,31,"<h4>Objectives</h4>Accurate tumor identification during partial nephrectomy is essential for successful tumor control. Intraoperative laparoscopic ultrasonography is useful for tumor localization, but the ultrasound probe is controlled by the assistant rather than the surgeon. We evaluated our initial experience using a robotic ultrasound probe that is controlled by the console surgeon.<h4>Methods</h4>Partial nephrectomy was carried out in 22 consecutive patients between November 2010 and March 2011. A robotic ultrasound probe under console surgeon control was used in all the cases. All patients had at least 1 year follow up.<h4>Results</h4>Mean patient age was 59 years and mean tumor size was 2.7 cm. There were six hilar tumors (27%) and 21 (95%) endophytic tumors. Mean R.E.N.A.L. nephrometry score was 6.9 (range 6-9). Mean operative time was 205.7 min and mean warm ischemia time was 17.9 min (range 6-28 min). All patients had negative tumor margins and were free of disease recurrence at a mean follow up of 13 months.<h4>Conclusion</h4>The use of a robotic ultrasound probe during partial nephrectomy allows the surgeon to optimize tumor identification with maximal autonomy, and to benefit from the precision and articulation of the robotic instrument during this key step of the partial nephrectomy procedure."
A1,Robotic ultrasound / sonography,机器人超声 / 超声扫查,2013,full year,First Robotic Ultrasound-Guided Nerve Blocks in Humans Using the Magellan System,10.1213/ane.0b013e3182713b49,23302984.0,Europe PMC; OpenAlex,MED:23302984; W2791241606,https://doi.org/10.1213/ane.0b013e3182713b49,2013-01-08,article,Anesthesia & Analgesia,Previously screened title-explicit set,35,"<h4>Background</h4>Ultrasound-guided nerve blocks are becoming a standard of modern anesthesia. We developed a robotic system, Magellan, to perform nerve blocks using a remote control center.<h4>Methods</h4>Thirteen patients were enrolled in this pilot study. The Magellan system consists of 3 main components: a joystick, a robotic arm, and a software control system. The joystick allows simulation of wrist or arm movements of the proceduralist. After localization of the sciatic nerve, 35 mL of bupivacaine 0.25% was injected. The success rate of sciatic nerve blocks and block performance times (performance time=interval of time from the start of the ultrasound search for the nerve to the end of the injection of the drug; robotic time=interval of time from the identification of the nerve to the end of the injection of the drug) were determined. Data are presented as median (25th, 75th; minimal, maximal) and categorical data.<h4>Results</h4>Eight men and 5 women aged 34 years were included in this study. Nerve blocks were successful in all patients. A successful attempt was defined as the introduction of the needle into the nerve sheath; motor or sensory block was not used to determine the success rate. The nerve performance time was 189 seconds (150, 233; 90, 305), whereas the robotic time was 164 seconds (121, 210; 73, 271).<h4>Conclusions</h4>We present the first human testing of a robotic ultrasound-guided nerve block system. The success rate was 100%. The total performance time was approximately 3 minutes to 4 minutes."
A1,Robotic ultrasound / sonography,机器人超声 / 超声扫查,2013,full year,Robotic Ultrasound Beneficial for Robotic Partial Nephrectomy,,,OpenAlex,W2943389801,https://openalex.org/W2943389801,2013-08-12,article,,Previously screened title-explicit set,37,"Surgeons saw advantages in robotic, over laparoscopic, ultrasound probes during robotic partial nephrectomy, and similar perioperative outcomes and margin rates."
A1,Robotic ultrasound / sonography,机器人超声 / 超声扫查,2013,full year,Robotic Ultrasound Guidance by B-scan Plane Positioning Control,10.1016/j.procir.2013.01.020,,OpenAlex,W1988346369,https://doi.org/10.1016/j.procir.2013.01.020,2013-01-01,article,Procedia CIRP,Previously screened title-explicit set,38,"Ultrasound is indispensable imaging modality for clinical diagnosis such as fetus assessment and heart assessment. Moreover, many ultrasound applications for image guided procedures have been proposed and attempted because US is less invasive, less cost, and high portability. However, to obtain US images, a US imaging probe has to be held manually and contacted with a patient body. To address the issue, we have proposed a robotic system for automatic probe scanning. The system consists of a probe scanning robot, navigation software, an optical tracking device, and an ultrasound imaging device. The robot, that is six degrees of freedom, is composed of a frame mechanism and a probe holding mechanism. The frame mechanism has six pneumatic actuators to reduce its weight, and the probe holding mechanism has one DC motor. The probe holding mechanism is connected with the pneumatic actuators using wires. Moreover, the robot can control the position and orientation of the B-scan plane based on the transformation between an optical tracker attached to the US probe and the B-scan plane. The navigation system, which is connected with the tracking device and an US imaging device via a VGA cable, computes the relative position between the positions of a therapeutic tool and the B-scan plane, and sends it to the robot. Then the position of the B-scan plane can be controlled based on the tool position. Also, the navigation system displays the plane with a texture of an actual echogram and a tool model three-dimensionally to monitor the relative position of the tool and the B-scan plane. To validate the basic system performance, phantom tests were conducted. The phantom was made of gelatin and poly(ethylene glycol). In the tests, the needle was inserted into the phantom, and the B-scan plane was controlled to contain a tracked needle in real-time. From the results, the needle was continuously visualized during needle insertion. Therefore, it is confirmed that the system has a great potential for automatic US image guided procedures."
A1,Robotic ultrasound / sonography,机器人超声 / 超声扫查,2013,full year,Robotic Ultrasound Shows Potential for Improvements in Kidney Cancer Surgery,10.1097/jce.0b013e3182a7c0c6,,OpenAlex,W2333595290,https://doi.org/10.1097/jce.0b013e3182a7c0c6,2013-09-26,article,Journal of Clinical Engineering,Previously screened title-explicit set,39,Susan Sempeles is a freelance healthcarewriter based in Pennsylvania. The author declares no conflicts of interest.
A1,Robotic ultrasound / sonography,机器人超声 / 超声扫查,2013,full year,Robotic ultrasound and needle guidance for prostate cancer management,10.1097/mou.0000000000000011,24257431.0,Europe PMC; OpenAlex,W1972003883; MED:24257431,https://doi.org/10.1097/mou.0000000000000011,2013-11-20,article,Current Opinion in Urology,Previously screened title-explicit set,40,"<h4>Purpose of review</h4>To present the recent advances in needle guidance and robotic ultrasound technology which are used for prostate cancer (PCa) diagnosis and management.<h4>Recent findings</h4>Prostate biopsy technology has remained relatively unchanged. Improved needle localization and precision would allow for better management of this common disease. Robotic ultrasound and needle guidance is one strategy to improve needle localization and diagnostic accuracy of PCa. This review focuses on the recent advances in robotic ultrasound and needle guidance technologies, and their potential impact on PCa diagnosis and management.<h4>Summary</h4>The use of robotic ultrasound and robotic-assisted needle guidance has the potential to improve PCa diagnosis and management."
A1,Robotic ultrasound / sonography,机器人超声 / 超声扫查,2013,full year,Robotic ultrasound probe OK for partial nephrectomy,10.1038/nrurol.2013.73,,OpenAlex,W4255550215,https://doi.org/10.1038/nrurol.2013.73,2013-04-09,article,Nature Reviews Urology,Previously screened title-explicit set,41,
A1,Robotic ultrasound / sonography,机器人超声 / 超声扫查,2013,full year,Robotic ultrasound probe handling auxiliary by active compliance control,10.1080/01691864.2013.776941,,OpenAlex,W2015400603,https://doi.org/10.1080/01691864.2013.776941,2013-03-27,article,Advanced Robotics,Previously screened title-explicit set,42,"This paper describes a support system for ultrasound (US) probe scanning by a robotic probe holding system to support manual handling of an US probe. The system, consisting of an US probe manipulator with parallel link mechanism and a 6-axis force sensor, is able to hold and manipulate an US probe according to force applied to the probe by a technician. To enable the smooth coordinated control, compliance control is used. Moreover, we have proposed velocity-depended viscosity depending on the velocity of the robot. In this study, the appropriate viscosity corresponding to operational velocity was measured experimentally and the feasibility of the coordinated motion control was validated. The results of the viscosity measurement showed a clear inverse correlation between the viscosity and the operational velocity. In the coordinated motion control evaluation, the relation between the applied force and the robot velocity in the viscosity of high, low, and dynamic velocity-depended coefficient was measured. The result showed the dynamic velocity-depended viscosity provides well-coordinated motion in any operational velocities. The results demonstrated the system has a great potential for support of US diagnosis as an auxiliary medical robot."
A1,Robotic ultrasound / sonography,机器人超声 / 超声扫查,2013,full year,Robotic ultrasound systems in medicine,10.1109/tuffc.2013.2593,23475917.0,Europe PMC; OpenAlex,MED:23475917; W2040921290,https://doi.org/10.1109/tuffc.2013.2593,2013-03-01,article,IEEE Transactions on Ultrasonics Ferroelectrics and Frequency Control,Previously screened title-explicit set,43,"Robots ultrasound (RUS) can be defined as the combination of ultrasound imaging with a robotic system in medical interventions. With their potential for high precision, dexterity, and repeatability, robots are often uniquely suited for ultrasound integration. Although the field is relatively young, it has already generated a multitude of robotic systems for application in dozens of medical procedures. This paper reviews the robotic ultrasound systems that have been developed over the past two decades and describes their potential impact on modern medicine. The RUS projects reviewed include extracorporeal devices, needle guidance systems, and intraoperative systems."
A1,Robotic ultrasound / sonography,机器人超声 / 超声扫查,2013,full year,Ultrasound Probe and Needle-Guide Calibration for Robotic Ultrasound Scanning and Needle Targeting,10.1109/tbme.2013.2241430,23358940.0,Europe PMC; OpenAlex,W2172221059; MED:23358940,https://doi.org/10.1109/tbme.2013.2241430,2013-01-21,article,IEEE Transactions on Biomedical Engineering,Previously screened title-explicit set,48,"Image-to-robot registration is a typical step for robotic image-guided interventions. If the imaging device uses a portable imaging probe that is held by a robot, this registration is constant and has been commonly named probe calibration. The same applies to probes tracked by a position measurement device. We report a calibration method for 2-D ultrasound probes using robotic manipulation and a planar calibration rig. Moreover, a needle guide that is attached to the probe is also calibrated for ultrasound-guided needle targeting. The method is applied to a transrectal ultrasound (TRUS) probe for robot-assisted prostate biopsy. Validation experiments include TRUS-guided needle targeting accuracy tests. This paper outlines the entire process from the calibration to image-guided targeting. Freehand TRUS-guided prostate biopsy is the primary method of diagnosing prostate cancer, with over 1.2 million procedures performed annually in the U.S. alone. However, freehand biopsy is a highly challenging procedure with subjective quality control. As such, biopsy devices are emerging to assist the physician. Here, we present a method that uses robotic TRUS manipulation. A 2-D TRUS probe is supported by a 4-degree-of-freedom robot. The robot performs ultrasound scanning, enabling 3-D reconstructions. Based on the images, the robot orients a needle guide on target for biopsy. The biopsy is acquired manually through the guide. In vitro tests showed that the 3-D images were geometrically accurate, and an image-based needle targeting accuracy was 1.55 mm. These validate the probe calibration presented and the overall robotic system for needle targeting. Targeting accuracy is sufficient for targeting small, clinically significant prostatic cancer lesions, but actual in vivo targeting will include additional error components that will have to be determined."
A1,Robotic ultrasound / sonography,机器人超声 / 超声扫查,2014,full year,Feasibility of Intercity and Trans-Atlantic Telerobotic Remote Ultrasound,10.1016/j.jcmg.2014.03.014,25124012.0,Europe PMC; OpenAlex,W77702273; MED:25124012,https://doi.org/10.1016/j.jcmg.2014.03.014,2014-08-01,article,JACC. Cardiovascular imaging,Previously screened title-explicit set,50,"We discuss the concept of ultrasound imaging at a distance by presenting the evaluation of a customized, lightweight, human-safe robotic arm for low-force, long-distance, telerobotic ultrasonography. We undertook intercity and trans-Atlantic telerobotic ultrasound simulation from master stations located in New York, New York and Munich, Germany, and imaged a phantom and a human volunteer located at a slave station in Burlington, Massachusetts, using standard Internet bandwidth <100 Mbps and <50 Mbps, respectively. The data from the robotic arm were tracked for understanding the time efficiency of the human interactions at the master stations. Comparison of a beginner in ultrasound operation with a professional sonographer revealed that although proficiency in using ultrasound was not a prerequisite for operating the robotic arm, previous experience in using clinical ultrasound was associated with progressively lower probe maneuvering time and speed due to an enhanced ability of the veteran operator in adjusting the finer angular motions of the probe. These results suggest that long-distance telerobotic echocardiography over a local nondedicated Internet bandwidth is feasible and can be rapidly learned by sonographers for cost-effective resource utilization."
A1,Robotic ultrasound / sonography,机器人超声 / 超声扫查,2014,full year,Robot-assisted ultrasound imaging: Overview and development of a parallel telerobotic system,10.3109/13645706.2014.992908,25540071.0,Europe PMC; OpenAlex,W1989849962; MED:25540071,https://doi.org/10.3109/13645706.2014.992908,2014-12-25,article,Minimally Invasive Therapy & Allied Technologies,Previously screened title-explicit set,52,"Ultrasound imaging is frequently used in medicine. The quality of ultrasound images is often dependent on the skill of the sonographer. Several researchers have proposed robotic systems to aid in ultrasound image acquisition. In this paper we first provide a short overview of robot-assisted ultrasound imaging (US). We categorize robot-assisted US imaging systems into three approaches: autonomous US imaging, teleoperated US imaging, and human-robot cooperation. For each approach several systems are introduced and briefly discussed. We then describe a compact six degree of freedom parallel mechanism telerobotic system for ultrasound imaging developed by our research team. The long-term goal of this work is to enable remote ultrasound scanning through teleoperation. This parallel mechanism allows for both translation and rotation of an ultrasound probe mounted on the top plate along with force control. Our experimental results confirmed good mechanical system performance with a positioning error of < 1 mm. Phantom experiments by a radiologist showed promising results with good image quality."
A1,Robotic ultrasound / sonography,机器人超声 / 超声扫查,2014,full year,Robotic nephrolithotomy and pyelolithotomy with utilization of the robotic ultrasound probe,10.1590/s1677-5538.ibju.2014.01.19,24642160.0,Europe PMC; OpenAlex,W1918844554; MED:24642160,https://doi.org/10.1590/s1677-5538.ibju.2014.01.19,2014-01-01,article,International braz j urol,Previously screened title-explicit set,53,"<h4>Introduction</h4>The treatment of large renal stones in children can be challenging often requiring combination therapy and multiple procedures. The purpose of this video is to describe our technique of robotic nephrolithotomy and pyelolithotomy for complex renal stone disease in children, and to demonstrate the utility of the robotic ultrasound probe to aid with stone localization.<h4>Materials and methods</h4>Robotic nephrolithotomy/pyelolithotomy was carried out in four consecutive patients. A robotic ultrasound probe (Hitachi-Aloka, Tokyo, Japan) under console surgeon control was used in all cases.<h4>Results</h4>Two patients underwent robotic pyelolithotomy, one patient underwent robotic nephrolithotomy, whilst the fourth patient underwent robotic pyelolithotomy and nephrolithotomy along with Y-V pyeloplasty for concurrent ureteropelvic junction obstruction. Mean operative time, blood loss and hospital stay was 216 minutes, 37.5 mL and 2 days, respectively. The robotic ultrasound probe aided identification of calculi within the kidney in all cases. For nephroli¬thotomy it was helpful in planning the incision for nephrotomy. After nephrotomy or pyelotomy, stones were removed using a combination of robotic Maryland forceps, fenestrated grasper or Prograsp. Antegrade nephroscopy introduced through a laparoscopic port was used in all patients for confirmation of residual stone status. Two patients did not require a ureteral stent in the post-operative period. One patient had a minor complication (Clavien Grade 2 - dislodged malecot catheter). All patients were stone free at last follow-up.<h4>Conclusions</h4>Robotic nephrolithotomy and pyelolithotomy with utilization of the robotic ultrasound probe offers a one-stop solution for complex renal stones with excellent stone-free rates."
A1,Robotic ultrasound / sonography,机器人超声 / 超声扫查,2014,full year,"Tele-operated ultrasound scans using a robotic probe and an ADSL or satellite link. Application to abdominal, pelvic, vascular, fetal and cardiac organs",10.1016/j.eurtel.2014.01.012,,OpenAlex,W2067928231,https://doi.org/10.1016/j.eurtel.2014.01.012,2014-03-01,article,European Research in Telemedicine / La Recherche Européenne en Télémédecine,Previously screened title-explicit set,54,
A1,Robotic ultrasound / sonography,机器人超声 / 超声扫查,2015,full year,A Robotic Ultrasound Scanner for Automatic Vessel Tracking and Three-Dimensional Reconstruction of B-Mode Images,10.1109/tuffc.2015.2499084,26571522.0,Europe PMC; OpenAlex,MED:26571522; W2215544116,https://doi.org/10.1109/tuffc.2015.2499084,2015-11-09,article,IEEE Transactions on Ultrasonics Ferroelectrics and Frequency Control,Previously screened title-explicit set,56,"Locating and evaluating the length and severity of a stenosis is very important for planning adequate treatment of peripheral arterial disease (PAD). Conventional ultrasound (US) examination cannot provide maps of entire lower limb arteries in 3-D. We propose a prototype 3D-US robotic system with B-mode images, which is nonionizing, noninvasive, and is able to track and reconstruct a continuous segment of the lower limb arterial tree between the groin and the knee. From an initialized cross-sectional view of the vessel, automatic tracking was conducted followed by 3D-US reconstructions evaluated using Hausdorff distance, cross-sectional area, and stenosis severity in comparison with 3-D reconstructions with computed tomography angiography (CTA). A mean Hausdorff distance of 0.97 ± 0.46 mm was found in vitro for 3D-US compared with 3D-CTA vessel representations. To evaluate the stenosis severity in vitro, 3D-US reconstructions gave errors of 3%-6% when compared with designed dimensions of the phantom, which are comparable to 3D-CTA reconstructions, with 4%-13% errors. The in vivo system's feasibility to reconstruct a normal femoral artery segment of a volunteer was also investigated. These results encourage further ergonomic developments to increase the robot's capacity to represent lower limb vessels in the clinical context."
A1,Robotic ultrasound / sonography,机器人超声 / 超声扫查,2015,full year,Feasibility of Robotic Ultrasound Palpation.,,,OpenAlex,W2578182449,https://openalex.org/W2578182449,2015-01-01,article,CURAC,Previously screened title-explicit set,57,
A1,Robotic ultrasound / sonography,机器人超声 / 超声扫查,2015,full year,Hand-Eye Calibration of a Robot- UltraSound Probe System without any 3D Localizers,,,OpenAlex,W4296246814,https://openalex.org/W4296246814,2015-12-04,article,,Previously screened title-explicit set,58,Abstract — 3D UltraSound (US) probes are used in clinical applications for their ease of use and ability to obtain intra-operative volumes. In surgical navigation applications a calibra-tion step is needed to localize the probe in a general coordinate system. This paper presents a new hand-eye calibration method using directly the kinematic model of a robot and US volume registration data that does not require any 3D localizers. First results show a targeting error of 2.34 mm on an experimental setup using manual segmentation of five beads in ten US volumes. I.
A1,Robotic ultrasound / sonography,机器人超声 / 超声扫查,2015,full year,MO‐DE‐210‐07: Investigation of Treatment Interferences of a Novel Robotic Ultrasound Radiotherapy Guidance System with Clinical VMAT Plans for Liver SBRT Patients,10.1118/1.4925372,,OpenAlex,W1024819418,https://doi.org/10.1118/1.4925372,2015-06-01,article,Medical Physics,Previously screened title-explicit set,59,"Purpose: To evaluate the proportion of liver SBRT cases in which robotic ultrasound image guidance concurrent with beam delivery can be deployed without interfering with clinically used VMAT beam configurations. Methods: A simulation environment incorporating LINAC, couch, planning CT, and robotic ultrasound guidance hardware was developed. Virtual placement of the robotic ultrasound hardware was guided by a target visibility map rendered on the CT surface. The map was computed on GPU by using the planning CT to simulate ultrasound propagation and attenuation along rays connecting skin surface points to a rasterized imaging target. The visibility map was validated in a prostate phantom experiment by capturing live ultrasound images of the prostate from different phantom locations. In 20 liver SBRT patients treated with VMAT, the simulation environment was used to place the robotic hardware and ultrasound probe at imaging locations indicated on the visibility map. Imaging targets were either entire PTV (range 5.9–679.5 ml) or entire GTV (range 0.9–343.4 ml). Presence or absence of mechanical collisions with LINAC, couch, and patient body as well as interferences with treated beams were recorded. Results: For PTV targets, robotic ultrasound guidance without mechanical collision was possible in 80% of the cases and guidance without beam interference was possible in 60% of the cases. For the smaller GTV targets, these proportions were 95% and 85% correspondingly. GTV size (1/20), elongated shape (1/20), and depth (1/20) were the main factors limiting the availability of non‐interfering imaging positions. Conclusion: This study indicates that for VMAT liver SBRT, robotic ultrasound tracking of a relevant internal target would be possible in 85% of cases while using treatment plans currently deployed in the clinic. With beam re‐planning in accordance with the presence of robotic ultrasound guidance, intra‐fractional ultrasound guidance may be an option for 95% of the liver SBRT cases. This project was funded by NIH Grant R41CA174089."
A1,Robotic ultrasound / sonography,机器人超声 / 超声扫查,2016,full year,An Ultrasound Robotic System Using the Commercial Robot UR5,10.3389/frobt.2016.00001,,OpenAlex,W2254101695,https://doi.org/10.3389/frobt.2016.00001,2016-02-05,article,Frontiers in Robotics and AI,Previously screened title-explicit set,67,"The use of robots in health care has increased dramatically over the last decade. One area of research has been to use robots to conduct ultrasound examinations, either controlled by a physician or autonomously. This paper examines the possibility of using the commercial robot UR5 from Universal Robots to make a tele-operated robotic ultrasound system. Physicians diagnosing patients using ultrasound probes are prone to repetitive strain injuries, as they are required to hold the probe in uncomfortable positions and exert significant static force. The main application for the system is to relieve the physician of this strain by letting the them control a robot that holds the probe. A set of requirements for the system is derived from the state-of-the-art systems found in the research literature. The system is developed through a low-level interface for the robot, effectively building a new software framework for controlling it. Compliance force control and forward flow haptic control of the robot was implemented. Experiments are conducted to quantify the performance of the two control schemes. The force control is estimated to have a bandwidth of 16.6 Hz, while the haptic control is estimated to have a bandwidth of 65.4 Hz for the position control of the slave and 13.4 Hz for the force control of the master. Overall, the system meets the derived requirements and the main conclusion is that it is feasible to use the UR5 robot for robotic ultrasound applications."
A1,Robotic ultrasound / sonography,机器人超声 / 超声扫查,2016,full year,Co-robotic Ultrasound Tomography: A New Paradigm for Quantitative Ultrasound Imaging,,,OpenAlex,W2619331882,https://openalex.org/W2619331882,2016-10-28,dissertation,,Previously screened title-explicit set,68,
A1,Robotic ultrasound / sonography,机器人超声 / 超声扫查,2016,full year,Dual-robot ultrasound-guided needle placement: closing the planning-imaging-action loop,10.1007/s11548-016-1408-1,27097600.0,Europe PMC; OpenAlex,W2336652059; MED:27097600,https://doi.org/10.1007/s11548-016-1408-1,2016-04-20,article,International Journal of Computer Assisted Radiology and Surgery,Previously screened title-explicit set,69,"<h4>Purpose</h4>Precise needle placement is an important task during several medical procedures. Ultrasound imaging is often used to guide the needle toward the target region in soft tissue. This task remains challenging due to the user's dependence on image quality, limited field of view, moving target, and moving needle. In this paper, we present a novel dual-robot framework for robotic needle insertions under robotic ultrasound guidance.<h4>Method</h4>We integrated force-controlled ultrasound image acquisition, registration of preoperative and intraoperative images, vision-based robot control, and target localization, in combination with a novel needle tracking algorithm. The framework allows robotic needle insertion to target a preoperatively defined region of interest while enabling real-time visualization and adaptive trajectory planning to provide safe and quick interactions. We assessed the framework by considering both static and moving targets embedded in water and tissue-mimicking gelatin.<h4>Results</h4>The presented dual-robot tracking algorithms allow for accurate needle placement, namely to target the region of interest with an error around 1 mm.<h4>Conclusion</h4>To the best of our knowledge, we show the first use of two independent robots, one for imaging, the other for needle insertion, that are simultaneously controlled using image processing algorithms. Experimental results show the feasibility and demonstrate the accuracy and robustness of the process."
A1,Robotic ultrasound / sonography,机器人超声 / 超声扫查,2016,full year,Enabling technologies for robot assisted ultrasound tomography,10.1002/rcs.1746,27028676.0,Europe PMC; OpenAlex,MED:27028676; W2318765331,https://doi.org/10.1002/rcs.1746,2016-03-30,article,International Journal of Medical Robotics and Computer Assisted Surgery,Previously screened title-explicit set,70,"Currently available ultrasound (US) tomography systems suggest utilizing cylindrical transducers that can be used for a specific organ. In this paper, our focus is on an alternative way of creating US tomographic images that could be used for other anatomies and more general applications. This system consists of two conventional US probes facing each other while one or several of the transducers in one probe can act as the transmitter and the rest as the receiver. Aligning the two US probes is a challenging task. To address this issue, we propose a robot assisted US tomography system in which one probe is operated freehanded and another by a robotic arm. In this paper, enabling technologies for this system are described. With the current prototype, a reconstruction precision of 4.12, 1.73, and 2.23 mm for the three calibrations, and an overall alignment repeatability in the range of 5-9 mm were achieved. Copyright © 2016 John Wiley & Sons, Ltd."
A1,Robotic ultrasound / sonography,机器人超声 / 超声扫查,2016,full year,Quality-driven control of a robotized ultrasound probe,10.70675/1f3347f2zce12z4c73zbc69zda0b29ba2b35,,OpenAlex,W2597305883; W7147139467,https://doi.org/10.70675/1f3347f2zce12z4c73zbc69zda0b29ba2b35,2016-12-12,dissertation,mediaTUM – the media and publications repository of the Technical University Munich (Technical University Munich),Previously screened title-explicit set,72,"Optimisation de la qualité de l'image échographique par asservissement d'une sonde ultrasonore robotisée La manipulation robotique d'une sonde échographique a été un important sujet de recherche depuis plusieurs années. Plus particulièrement, des méthodes d'asservissement visuel guidé par échographie ont été développées pour accomplir différentes tâches, telles que la compensation de mouvement, le maintien de la visibilité d'une structure pendant la téléopération, ou le suivi d'un instrument chirurgical. Cependant, en raison de la nature des images échographiques, garantir une bonne qualité d'image durant l'acquisition est un problème difficile, qui a jusqu'ici été très peu abordé. Cette thèse traite du contrôle de la qualité des images échographiques acquises par une sonde robotisée. La qualité du signal acoustique au sein de l'image est représentée par une carte de confiance, qui est ensuite utilisée comme signal d'entrée d'une loi de commande permettant d'optimiser le positionnement de la sonde échographique. Une commande hybride est également proposée pour optimiser la fenêtre acoustique pour une cible anatomique qui est détectée dans l'image. L'approche proposée est illustrée dans le cas d'un scénario de télé-échographie, où le contrôle de la sonde est partagé entre la machine et le téléopérateur."
A1,Robotic ultrasound / sonography,机器人超声 / 超声扫查,2016,full year,Robot-assisted ultrasound scanning system based on Kinect,,,OpenAlex,W2393676954,https://openalex.org/W2393676954,2016-01-01,article,Computer Engineering and Science,Previously screened title-explicit set,74,
A1,Robotic ultrasound / sonography,机器人超声 / 超声扫查,2016,full year,"Robotic Ultrasound: View Planning, Tracking, and Automatic Acquisition of Transesophageal Echocardiography",10.1109/mra.2016.2580478,,OpenAlex,W2555681516,https://doi.org/10.1109/mra.2016.2580478,2016-11-07,article,IEEE Robotics & Automation Magazine,Previously screened title-explicit set,75,"Automatic ultrasound acquisitions using medical robots would greatly increase the general usability of medical ultrasound with the added benefits of remote control and built-in intelligence. However, novel methods are required to provide an overall workflow linking robotic systems with ultrasound acquisitions. Based on a newly developed robot for transesophageal echocardiography (TEE), we propose a view-planning platform, an autoadaption method for patient-specific data, and an image-based probe tracking method. With all of these ingredients, a phantom experiment was performed with both openloop and closed-loop positioning methods, aimed at proving the concept of automatic ultrasound acquisition. The results demonstrated the feasibility of the whole workflow and indicated high accuracy of acquisition in terms of keeping desired anatomies in the field of view."
A1,Robotic ultrasound / sonography,机器人超声 / 超声扫查,2016,full year,Robotic ultrasound-guided SBRT of the prostate: feasibility with respect to plan quality,10.1007/s11548-016-1455-7,27406743.0,Europe PMC; OpenAlex,W2472933288; MED:27406743,https://doi.org/10.1007/s11548-016-1455-7,2016-07-12,article,International Journal of Computer Assisted Radiology and Surgery,Previously screened title-explicit set,76,"<h4>Purpose</h4>Advances in radiation therapy delivery systems have enabled motion compensated SBRT of the prostate. A remaining challenge is the integration of fast, non-ionizing volumetric imaging. Recently, robotic ultrasound has been proposed as an intra-fraction image modality. We study the impact of integrating a light-weight robotic arm carrying an ultrasound probe with the CyberKnife system. Particularly, we analyze the effect of different robot poses on the plan quality.<h4>Methods</h4>A method to detect the collision of beams with the robot or the transducer was developed and integrated into our treatment planning system. A safety margin accounts for beam motion and uncertainties. Using strict dose bounds and the objective to maximize target coverage, we generated a total of 7650 treatment plans for five different prostate cases. For each case, ten different poses of the ultrasound robot and transducer were considered. The effect of different sets of beam source positions and different motion margins ranging from 5 to 50 mm was analyzed.<h4>Results</h4>Compared to reference plans without the ultrasound robot, the coverage typically drops for all poses. Depending on the patient, the robot pose, and the motion margin, the reduction in coverage may be up to 50 % points. However, for all patient cases, there exist poses for which the loss in coverage was below 1 % point for motion margins of up to 20 mm. In general, there is a positive correlation between the number of treatment beams and the coverage.<h4>Conclusion</h4>While the blocking of beam directions has a negative effect on the plan quality, the results indicate that a careful choice of the ultrasound robot's pose and a large solid angle covered by beam starting positions can offset this effect. Identifying robot poses that yield acceptable plan quality and allow for intra-fraction ultrasound image guidance, therefore, appears feasible."
A1,Robotic ultrasound / sonography,机器人超声 / 超声扫查,2017,full year,Hybrid Control of a Semi-Autonomous Ultrasound Robot,,,OpenAlex,W2747802042,https://openalex.org/W2747802042,2017-01-01,dissertation,Duo Research Archive (University of Oslo),Previously screened title-explicit set,86,"A new hybrid position-force control method has been implemented for a robotic system for use in ultrasound examinations.The hybrid controller combines an external force feedback position controller, with an internal compliance force controller.The hybrid controller makes use of a pedal to turn the compliance force controller on and off.This allows for a fluid workflow as you can turn the compliance force controller on and off whenever the need arises.First we introduce the current robot system, and make a few improvements to the force feedback haptic controller.Then the implementation of the hybrid controller is presented, followed by system experiments.The experiments ensure that the real-time requirements of the system are met.They also measure the response of the new hybrid controller, compared to the old control methods.A qualitative user study is then performed, to gauge whether or not the hybrid controller feels like an improvement to the system for the operator.The results from the system testing show that the real-time requirements are still upheld.Unfortunately the bandwidth response, and transparency of the new hybrid controller is worse than what we hoped.It is concluded that it does work as intended, but the individual parts of the hybrid controller need some improvements.The compliance force controller's bandwidth needs to achieve a better response bandwidth, and the force feedback haptic control would benefit from better transparency results.Even with these shortcomings the user studies show that the hybrid controller is an improvement over the old control method when using the system.iii 5 Objective observations Filled out by the observer. Just haptic control5. Time spent"
A1,Robotic ultrasound / sonography,机器人超声 / 超声扫查,2017,full year,Impact of robotic ultrasound image guidance on plan quality in SBRT of the prostate,10.1259/bjr.20160926,28749165.0,Europe PMC; OpenAlex,MED:28749165; W2740790076,https://doi.org/10.1259/bjr.20160926,2017-07-27,article,British Journal of Radiology,Previously screened title-explicit set,87,"<h4>Objective</h4>Ultrasound provides good image quality, fast volumetric imaging and is established for abdominal image guidance. Robotic transducer placement may facilitate intrafractional motion compensation in radiation therapy. We consider integration with the CyberKnife and study whether the kinematic redundancy of a seven-degrees-of-freedom robot allows for acceptable plan quality for prostate treatments.<h4>Methods</h4>Reference treatment plans were generated for 10 prostate cancer cases previously treated with the CyberKnife. Considering transducer and prostate motion by different safety margins, 10 different robot poses, and 3 different elbow configurations, we removed all beams colliding with robot or transducer. For each combination, plans were generated using the same strict dose constraints and the objective to maximize the target coverage. Additionally, plans for the union of all unblocked beams were generated.<h4>Results</h4>In 9 cases the planning target coverage with the ultrasound robot was within 1.1 percentage points of the reference coverage. It was 1.7 percentage points for one large prostate. For one preferable robot position, kinematic redundancy decreased the average number of blocked beam directions from 23.1 to 14.5.<h4>Conclusion</h4>The impact of beam blocking can largely be offset by treatment planning and using a kinematically redundant robot. Plan quality can be maintained by carefully choosing the ultrasound robot position and pose. For smaller planning target volumes the difference in coverage is negligible for safety margins of up to 35 mm. Advances in knowledge: Integrating a robot for online intrafractional image guidance based on ultrasound can be realized while maintaining acceptable plan quality for prostate cancer treatments with the CyberKnife."
A1,Robotic ultrasound / sonography,机器人超声 / 超声扫查,2017,full year,Initial Experience Using a Telerobotic Ultrasound System for Adult Abdominal Sonography,10.1016/j.carj.2016.08.002,28159435.0,Europe PMC; OpenAlex,W2585532967; MED:28159435,https://doi.org/10.1016/j.carj.2016.08.002,2017-01-31,article,Canadian Association of Radiologists Journal,Previously screened title-explicit set,88,"<h4>Purpose</h4>The study sought to assess the feasibility of performing adult abdominal examinations using a telerobotic ultrasound system in which radiologists or sonographers can control fine movements of a transducer and all ultrasound settings from a remote location.<h4>Methods</h4>Eighteen patients prospectively underwent a conventional sonography examination (using EPIQ 5 [Philips] or LOGIQ E9 [GE Healthcare]) followed by a telerobotic sonography examination (using the MELODY System [AdEchoTech] and SonixTablet [BK Ultrasound]) according to a standardized abdominal imaging protocol. For telerobotic examinations, patients were scanned remotely by a sonographer 2.75 km away. Conventional examinations were read independently from telerobotic examinations. Image quality and acceptability to patients and sonographers was assessed.<h4>Results</h4>Ninety-two percent of organs visualized on conventional examinations were sufficiently visualized on telerobotic examinations. Five pathological findings were identified on both telerobotic and conventional examinations, 3 findings were identified using only conventional sonography, and 2 findings were identified using only telerobotic sonography. A paired sample t test showed no significant difference between the 2 modalities in measurements of the liver, spleen, and diameter of the proximal aorta; however, telerobotic assessments overestimated distal aorta and common bile duct diameters and underestimated kidney lengths (P values < .05). All patients responded that they would be willing to have another telerobotic examination.<h4>Conclusions</h4>A telerobotic ultrasound system is feasible for performing abdominal ultrasound examinations at a distant location with minimal training and setup requirements and a moderate learning curve. Telerobotic sonography (robotic telesonography) may open up the possibility of remote ultrasound clinics for communities that lack skilled sonographers and radiologists, thereby improving access to care."
A1,Robotic ultrasound / sonography,机器人超声 / 超声扫查,2017,full year,On the reproducibility of expert-operated and robotic ultrasound acquisitions,10.1007/s11548-017-1561-1,28321804.0,Europe PMC; OpenAlex,W2599839468; MED:28321804,https://doi.org/10.1007/s11548-017-1561-1,2017-03-20,article,International Journal of Computer Assisted Radiology and Surgery,Previously screened title-explicit set,89,"<h4>Purpose</h4>We present the evaluation of the reproducibility of measurements performed using robotic ultrasound imaging in comparison with expert-operated sonography. Robotic imaging for interventional procedures may be a valuable contribution, but requires reproducibility for its acceptance in clinical routine. We study this by comparing repeated measurements based on robotic and expert-operated ultrasound imaging.<h4>Methods</h4>Robotic ultrasound acquisition is performed in three steps under user guidance: First, the patient is observed using a 3D camera on the robot end effector, and the user selects the region of interest. This allows for automatic planning of the robot trajectory. Next, the robot executes a sweeping motion following the planned trajectory, during which the ultrasound images and tracking data are recorded. As the robot is compliant, deviations from the path are possible, for instance due to patient motion. Finally, the ultrasound slices are compounded to create a volume. Repeated acquisitions can be performed automatically by comparing the previous and current patient surface.<h4>Results</h4>After repeated image acquisitions, the measurements based on acquisitions performed by the robotic system and expert are compared. Within our case series, the expert measured the anterior-posterior, longitudinal, transversal lengths of both of the left and right thyroid lobes on each of the 4 healthy volunteers 3 times, providing 72 measurements. Subsequently, the same procedure was performed using the robotic system resulting in a cumulative total of 144 clinically relevant measurements. Our results clearly indicated that robotic ultrasound enables more repeatable measurements.<h4>Conclusions</h4>A robotic ultrasound platform leads to more reproducible data, which is of crucial importance for planning and executing interventions."
A1,Robotic ultrasound / sonography,机器人超声 / 超声扫查,2017,full year,Safety Profile of Uterine Myoma Treatment Using Noninvasive Robotic Ultrasound-Guided Shell Ablation,10.1016/j.jmig.2017.08.528,,OpenAlex,W2763746804,https://doi.org/10.1016/j.jmig.2017.08.528,2017-10-11,article,Journal of Minimally Invasive Gynecology,Previously screened title-explicit set,90,
A1,Robotic ultrasound / sonography,机器人超声 / 超声扫查,2017,full year,"Short-Term Improvements in Menstrual Bleeding, Uterine Myoma Volume, and Myoma-Related Symptoms Following Noninvasive Robotic Ultrasound-Guided Shell Ablation",10.1016/j.jmig.2017.08.529,,OpenAlex,W2764076388,https://doi.org/10.1016/j.jmig.2017.08.529,2017-10-11,article,Journal of Minimally Invasive Gynecology,Previously screened title-explicit set,91,
A1,Robotic ultrasound / sonography,机器人超声 / 超声扫查,2017,full year,Uterine Myoma Treatment Speeds Achieved Using Noninvasive Robotic Ultrasound-Guided Shell Ablation,10.1016/j.jmig.2017.08.117,,OpenAlex,W2763482409,https://doi.org/10.1016/j.jmig.2017.08.117,2017-10-11,article,Journal of Minimally Invasive Gynecology,Previously screened title-explicit set,94,
A1,Robotic ultrasound / sonography,机器人超声 / 超声扫查,2018,full year,A CNN-based classifier for probe to skin contact in a robotic ultrasound system,,,OpenAlex,W2972413191,https://openalex.org/W2972413191,2018-01-01,dissertation,82,Previously screened title-explicit set,95,
A1,Robotic ultrasound / sonography,机器人超声 / 超声扫查,2018,full year,A Crossover Comparison of Standard and Telerobotic Approaches to Prenatal Sonography,10.1002/jum.14619,29689632.0,Europe PMC; OpenAlex,W2802836574; MED:29689632,https://doi.org/10.1002/jum.14619,2018-04-24,article,Journal of Ultrasound in Medicine,Previously screened title-explicit set,96,"<h4>Objectives</h4>To determine the feasibility of a telerobotic approach to remotely perform prenatal sonographic examinations.<h4>Methods</h4>Thirty participants were prospectively recruited. Participants underwent a limited examination (assessing biometry, placental location, and amniotic fluid; n = 20) or a detailed examination (biometry, placental location, amniotic fluid, and fetal anatomic survey; n = 10) performed with a conventional ultrasound system. This examination was followed by an equivalent examination performed with a telerobotic ultrasound system, which enabled sonographers to remotely control all ultrasound settings and fine movements of the ultrasound transducer from a distance. Telerobotic images were read independently from conventional images.<h4>Results</h4>The mean gestational age ± SD of the 30 participants was 22.9 ± 5.3 weeks. Paired-sample t tests showed no statistically significant difference between conventional and telerobotic measurements of fetal head circumference, biparietal diameter, or single deepest vertical pocket of amniotic fluid; however, a small but statistically significant difference was observed in measurements of abdominal circumference and femur length (P < .05). Intraclass correlations showed excellent agreement (>0.90) between telerobotic and conventional measurements of all 4 biometric parameters. Of 21 fetal structures included in the anatomic survey, 80% of the structures attempted across all patients were sufficiently visualized by the telerobotic system (range, 57%-100% per patient). Ninety-seven percent of patients strongly or somewhat agreed that they would be willing to have another telerobotic examination in the future.<h4>Conclusions</h4>A telerobotic approach is feasible for remotely performing prenatal sonographic examinations. Telerobotic sonography (robotic telesonography) may allow for the development of satellite ultrasound clinics in rural, remote, or low-volume communities, thereby increasing access to prenatal imaging in underserved communities."
A1,Robotic ultrasound / sonography,机器人超声 / 超声扫查,2018,full year,Autonomous image-based ultrasound probe positioning via deep learning,10.29007/dj33,,OpenAlex,W2800267058,https://doi.org/10.29007/dj33,2018-05-08,preprint,EasyChair preprint,Previously screened title-explicit set,97,"Although ultrasound (US) is a widely used, non-invasive, and radiation-free imaging modality, manual adjustment of the US probe can be cumbersome and time consuming. An autonomous US scanning device could not only reduce dependence on sonographer’s skills and experience but also improve workflow efficiency especially during interventional procedures. Robot-assisted ultrasound imaging has the potential to improve patient care in rural and underserved areas. There are many previous efforts in this direction but none is fully automatic or accurate enough. In this work, as an initial small step towards independent US imaging workflow solution, we developed and evaluated a robot-assisted fully autonomous ultrasound (RAFAUS) probe positioning system. Desired motion of the probe toward the target view is directly derived from anatomical features implicitly extracted via deep neural network; thus, making this technique (a) invariant to anatomical differences (patient size or organ displacement), (b) decoupled from the robotic system, (c) registration-free, and (d) independent from any external tracking technologies."
A1,Robotic ultrasound / sonography,机器人超声 / 超声扫查,2018,full year,Development of an AVF Stenosis Assessment Tool for Hemodialysis Patients Using Robotic Ultrasound System,10.3390/mi9020051,30393327.0,Europe PMC; OpenAlex,W2792470128; MED:30393327,https://doi.org/10.3390/mi9020051,2018-01-29,article,Micromachines,Previously screened title-explicit set,98,"With the aging population and lifestyle changes, the number of hemodialysis (HD) patients increases year by year. The arteriovenous fistula (AVF) is the gold standard vascular access used to access the blood for HD treatment. Since the status of stenosis affects HD efficiency, current clinical practices usually use a Doppler ultrasound imaging system to assess the parameters of the stenosis, such as the degree of stenosis (DOS). Unfortunately, this is a very time-consuming task. Furthermore, it is difficult to stably maintain the ultrasound probe for a prolonged period to give doctors clearer or reproducible images. In this study, a robotic ultrasound system (RUS) with ultrasound sequential imaging analysis was designed to evaluate the DOS of the AVF. The sequential imaging analysis was capable of image smoothing and vessel boundary detection. It enabled clinicians to mark the thickness of the plaque for further processing. Finally, the system was used to reconstruct 3D models of fistulas and calculated the DOS for clinical assessment. We also designed a pressure sensing module attached to the ultrasound probe to prevent the probe from coming loose, vibrating, and exerting abnormal pressure on the skin. In the phantom test, the results showed that the error of the DOS that was calculated by RUS was less than 3%. The results of clinical trials obtained from ten patients show that the error between the RUS and clinicians' measurement was about 10% and had a highly linear correlation (<i>R</i> Square > 0.95). In addition, the reproducibility error was about 3% and could effectively save about 46% of the time during clinical examinations."
A1,Robotic ultrasound / sonography,机器人超声 / 超声扫查,2018,full year,PD61-03 ROBOT-ASSISTED ULTRASOUND-GUIDED RADIOFREQUENCY ABLATION FOR RENAL CALYX CARCINOMA IN SOLITARY KIDNEY COMBINED WITH CONTINUOUS IRRIGATION OF RENAL PELVIS,10.1016/j.juro.2018.02.2827,,OpenAlex,W2795543988,https://doi.org/10.1016/j.juro.2018.02.2827,2018-04-01,article,The Journal of Urology,Previously screened title-explicit set,102,"You have accessJournal of UrologyKidney Cancer: Localized: Ablative Therapy1 Apr 2018PD61-03 ROBOT-ASSISTED ULTRASOUND-GUIDED RADIOFREQUENCY ABLATION FOR RENAL CALYX CARCINOMA IN SOLITARY KIDNEY COMBINED WITH CONTINUOUS IRRIGATION OF RENAL PELVIS Linfeng Xu, Junlong Zhuang, wei wang, and Hongqian Guo Linfeng XuLinfeng Xu More articles by this author , Junlong ZhuangJunlong Zhuang More articles by this author , wei wangwei wang More articles by this author , and Hongqian GuoHongqian Guo More articles by this author View All Author Informationhttps://doi.org/10.1016/j.juro.2018.02.2827AboutPDF ToolsAdd to favoritesDownload CitationsTrack CitationsPermissionsReprints ShareFacebookTwitterLinked InEmail INTRODUCTION AND OBJECTIVES We present the outcome of Robot-assisted ultrasound-guided radiofrequency ablation for renal calyx carcinoma in solitary kidney. METHODS A total of 7 patients with solitary kidney underwent radiofrequency ablation for renal calyx carcinoma from Aug 1,2016 to Sep 30,2017. All calyx tumors were confirmed as low grade urothelial carcinoma by biopsy and the stage was T0-T1. 3 tumors located in superior calyx, 2 in media calyx and 2 in inferior calyx. Double-J stent and ureteral catheter were inserted together for continuous irrigation. Then the kidney was exposed via robot assisted laparoscope. A cooled electrode was inserted in the calyx tumor under ultrasound guidance. RFA lasted for 5 min and the pelvic was irrigated through ureteral catheter at the same time. Topical chemotherapy (Gemcitabine) was administered via intravesical instillation. Surveillance included serum creatinine, MRI and fiberoptic ureteroscopy. RESULTS Of the 7 cases, serum creatinine remained normal. Small pelvic recurrence was detected by fiberoptic ureteroscopy in 1 case, which was resected by holmium laser. CONCLUSIONS Robot-assisted ultrasound-guided radiofrequency ablation could be considered for renal calyx carcinoma in patients with solitary kidney, especially for low grade and early stage urothelial carcinoma. © 2018FiguresReferencesRelatedDetails Volume 199Issue 4SApril 2018Page: e1152-e1153 Advertisement Copyright & Permissions© 2018MetricsAuthor Information Linfeng Xu More articles by this author Junlong Zhuang More articles by this author wei wang More articles by this author Hongqian Guo More articles by this author Expand All Advertisement Advertisement PDF downloadLoading ..."
A1,Robotic ultrasound / sonography,机器人超声 / 超声扫查,2018,full year,Robotic ultrasound-guided facet joint insertion,10.1007/s11548-018-1759-x,29671200.0,Europe PMC; OpenAlex,W2801809762; MED:29671200,https://doi.org/10.1007/s11548-018-1759-x,2018-04-18,article,International Journal of Computer Assisted Radiology and Surgery,Previously screened title-explicit set,107,"<h4>Purpose</h4>Facet joint insertion is a common treatment of chronic pain in the back and spine. This procedure is often performed under fluoroscopic guidance, where the staff's repetitive radiation exposure remains an unsolved problem. Robotic ultrasound (rUS) has the potential to reduce or even eliminate the use of radiation by using ultrasound with a robotic-guided needle insertion. This work presents first clinical data of rUS-based needle insertions extending previous work of our group.<h4>Methods</h4>Our system implements an automatic US acquisition protocol combined with a calibrated needle targeting system. This approach assists the physician by positioning the needle holder on a trajectory selected in a 3D US volume of the spine.<h4>Results</h4>By the time of submission, nine facets were treated with our approach as first data from an ongoing clinical study. The insertion success rate was shown to be comparable to current clinical practice. Furthermore, US imaging offers additional anatomical context for needle trajectory planning.<h4>Conclusion</h4>This work shows first clinical data for robotic ultrasound-assisted facet joint insertion as a promising solution that can easily be incorporated into the clinical workflow. Presented results show the clinical value of such a system."
A1,Robotic ultrasound / sonography,机器人超声 / 超声扫查,2018,full year,Strategy for Monitoring Cardiac Interventions with an Intelligent Robotic Ultrasound Device,10.3390/mi9020065,30393341.0,Europe PMC; OpenAlex,MED:30393341; W2788623198,https://doi.org/10.3390/mi9020065,2018-02-02,article,Micromachines,Previously screened title-explicit set,108,"In recent years, 3D trans-oesophageal echocardiography (TOE) has become widely used for monitoring cardiac interventions. The control of the TOE probe during the procedure is a manual task which is tedious and harmful for the operator when exposed to radiation. To improve this technique, an add-on robotic system has been developed for holding and manipulating a commercial TOE probe. This paper focuses on the probe adjustment strategy in order to accurately monitor the moving intra-operative catheters. The positioning strategy is divided into an initialization step based on a pre-planning method, and a localized adjustment step based on the robotic differential kinematics. A series of experiments was performed to evaluate the initialization and the localized adjustment steps. The results indicate a mean error less than 10 mm from the phantom experiments for the initialization step, and a median error less than 1.5 mm from the computer-based simulation experiments for the localized adjustment step. Compared to the much bigger image volume, it is concluded that the proposed methods are feasible for this application. Future work will focus on evaluating the method in a more realistic TOE scanning scenario."
A1,Robotic ultrasound / sonography,机器人超声 / 超声扫查,2019,full year,3D-printing based Transducer Holder for Robotic Assisted Ultrasound Guided HIFU,10.1016/j.promfg.2019.02.002,,OpenAlex,W2940957523,https://doi.org/10.1016/j.promfg.2019.02.002,2019-01-01,article,Procedia Manufacturing,Previously screened title-explicit set,114,"The InnoMotion (Synthes Inc., previously by Innomedic GmbH) is a Conformité Européene (CE) marked (in 2005) robotic system for image-guided percutaneous interventions, providing five pneumatically driven degrees of freedom (DoF) and two manually adjusted DoF. It is a fully MR and CT compatible pneumatic driven tele-manipulator for image guided insertion of cannula and probes for biopsy, drainage, drug delivery, and energetic tumor destruction. In order to achieve the robotic assisted ultrasound guided HIFU therapy, a specific holder was designed for the INNOMOTION robotic arm by using SolidWorks (Dassault Systèmes, Vélizy-Villacoublay, France). The holder provides at least seven degrees of freedom (DoF), which let the InnoMotion robotic arm hold a HIFU transducer and an ultrasound imaging probe at the same time. The HIFU transducer is mounted to the holder, while the ultrasound (US) probe could be adjusted manually to cover the expected ablation area before therapy. The main components of the holder were 3D-printed by using plastic material and were well compatible with the MR system and InnoMotion robotic arm. And the robotic assisted HIFU experiment could be performed based on this designed setup."
A1,Robotic ultrasound / sonography,机器人超声 / 超声扫查,2019,full year,Analysis and optimization of the robot setup for robotic-ultrasound-guided radiation therapy,10.1007/s11548-019-02009-w,31172439.0,Europe PMC; OpenAlex,MED:31172439; W2952921102,https://doi.org/10.1007/s11548-019-02009-w,2019-06-06,article,International Journal of Computer Assisted Radiology and Surgery,Previously screened title-explicit set,115,"<h4>Purpose</h4>Robotic ultrasound promises continuous, volumetric, and non-ionizing tracking of organ motion during radiation therapy. However, placement of the robot is critical because it is radio-opaque and might severely influence the achievable dose distribution.<h4>Methods</h4>We propose two heuristic optimization strategies for automatic placement of an ultrasound robot around a patient. Considering a kinematically redundant robot arm, we compare a generic approach based on stochastic search and a more problem-specific segmentwise construction approach. The former allows for multiple elbow configurations while the latter is deterministic. Additionally, we study different objective functions guiding the search. Our evaluation is based on data for ten actual prostate cancer cases and we compare the resulting plan quality for both methods to manually chosen robot configurations previously proposed.<h4>Results</h4>The mean improvements in the treatment planning objective value with respect to the best manually selected robot position and a single elbow configuration range from 8.2 to 32.8% and 8.5 to 15.5% for segmentwise construction and stochastic search, respectively. Considering three different elbow configurations, the stochastic search results in better objective values in 80% of the cases, with 30% being significantly better. The optimization strategies are robust with respect to beam sampling and transducer orientation and using previous optimization results as starting point for stochastic search typically results in better solutions compared to random starting points.<h4>Conclusion</h4>We propose a robust and generic optimization scheme, which can be used to optimize the robot placement for robotic ultrasound guidance in radiation therapy. The automatic optimization further mitigates the impact of robotic ultrasound on the treatment plan quality."
A1,Robotic ultrasound / sonography,机器人超声 / 超声扫查,2019,full year,Correction to: On the reproducibility of expert-operated and robotic ultrasound acquisitions.,10.1007/s11548-019-02055-4,31432359.0,Europe PMC,MED:31432359,https://doi.org/10.1007/s11548-019-02055-4,2019-10-01,,International journal of computer assisted radiology and surgery,Previously screened title-explicit set,117,The original version of this article unfortunately contained a mistake.
A1,Robotic ultrasound / sonography,机器人超声 / 超声扫查,2019,full year,Design of a control strategy for a robotically assisted ultrasound guided biopsy,,,OpenAlex,W3016077087,https://openalex.org/W3016077087,2019-01-01,dissertation,,Previously screened title-explicit set,119,"Breast cancer is one of the most common forms of cancer today that is negatively affecting the
lives of many people. One very important step in the diagnostics step is performing a biopsy
procedure. During a biopsy, the radiologist inserts a needle inside the breast tissue and under
ultrasound guidance he moves it towards the target lesion, to extract a sample. The extracted
cells are then further examined for a diagnosis to be reached. However, the biopsy can be timeconsuming
and uncomfortable for patients. Additionally, the accuracy of the result is heavily
dependent on the experience of the practitioner who is performing the process. These same
practitioners also tend to suffer from fatigue and work-related musculoskeletal pain.
Many of these problems can be alleviated by using a robotic system that would assist the radiologists.
Robotics is more capable at performing tasks that require repeatability and precision,
compared to humans. This could result in improving the patient’s experience, reduce the time
of the entire diagnosis process, have a better accuracy rate, and benefit radiologists’ working
conditions. The MURAB project is one such attempt to create this kind of robotic system. An
end-effector for this specific application has already been designed. It consists of an ultrasound
probe holder and a needle guiding mechanism. This end-effector is mounted on the 7
DOF KUKA LBRMed articulated robotic arm.
In this thesis, a control strategy is designed that moves the end-effector to the appropriate position,
as to allow the ultrasound probe to have a visual of the target and so that the needle
orientation mechanic can guide the biopsy needle into the correct direction. For this to happen,
what is referred to as the Initialization Phase was first created. Furthermore, to ensure
that the target would be hit, the tissue located at the target position was tracked through the
ultrasound images. This was achieved by designing a tracking algorithm, with optical flowas its
core. Additionally, a controller that would guide the needle, using this tracking algorithm, was
designed and implemented. This controller relied on controlling the actuators of the needle
orientation mechanism. However, the controller cannot compensate inaccuracies presented
by needle bending. For that reason, the possibility of directly tracking the needle using the
Hough transformation was examined. Lastly, it could be argued that an issue that the above
controller has is that it does not give the radiologist any control since the needle orientation
mechanism is manipulated with position control. For that reason, an impedance controller
was designed that would allow the radiologist to controller the degree in which the robotic system
and the user has control over the direction of the needle. This design was then simulated
in 20-sim, as to determine its correct behavior.
It was shown that the presented tracking algorithm was able to achieve sub-millimeter accuracy.
Combing it with the needle orientation controller, also presented near sub-millimeter accuracy.
The needle detection algorithm was able to compensate for big offsets of the needle
orientation mechanism but was not able to reduce the error to the degree that the needle orientation
controller was able. Furthermore, simulations of the impedance controller, show it
can be used to allow the radiologist to manually adjust the needle’s orientation if that is desired.
The results of the experiments are promising. They show that the proposed control strategy has
the potential of being the bases of a robotic system that can improve the quality of the biopsy
process."
A1,Robotic ultrasound / sonography,机器人超声 / 超声扫查,2019,full year,Development of a robot-assisted ultrasound-guided radiation therapy (USgRT),10.1007/s11548-019-02104-y,31832907.0,Europe PMC; OpenAlex,W2996507671; MED:31832907,https://doi.org/10.1007/s11548-019-02104-y,2019-12-12,article,International Journal of Computer Assisted Radiology and Surgery,Previously screened title-explicit set,120,"<h4>Purpose</h4>Radiation treatment is improved by the use of image-guided workflows. This work pursues the approach of using ultrasound (US) as a real-time imaging modality. The primary focus of this study is to develop and test a breathing and motion control for a robotic-guided US transducer. All control functions of the robot and the US image processing were then integrated into one software platform enabling US-guided radiation therapy.<h4>Methods</h4>The robot (KUKA LBR iiwa 7 R800) and the US image processing workflows were integrated into the Medical Interaction Toolkit (MITK) (Nolden et al. in Int J Comput Assist Radiol Surg 8(4):607-620, 2013). The positions of the US probe were tracked with an optical tracking system. As a main function of robot positioning control, a highly sensitive breathing and motion compensation method was developed using KUKA's robotic application programming interface. The resulting autonomous robot motions were tested by the use of defined breathing patterns with two volunteers. Furthermore, a filter pipeline for 3D US image processing with MITK was developed. Thus, image registration of US images and previously acquired planning image data was enabled.<h4>Results</h4>The implemented breathing and motion compensation feature was successful with the addition of the remote rotating, translating capability of the US probe. Desired force applied to the US probe, and thus to the patient, is stable and enables a continuous US imaging. The developed filter pipeline for image processing facilitates registration and display of planning data and US image data in one graphical user interface.<h4>Conclusion</h4>A stable and robust method for motion compensation for robot-assisted US imaging was developed and tested successfully. This is a first step toward the safe use of autonomous robot motions in interaction with patients. Furthermore, main software components were integrated into a single platform and used with the purpose of ultrasound-guided radiation therapy."
A1,Robotic ultrasound / sonography,机器人超声 / 超声扫查,2019,full year,Optimizing Configurations for 7-DoF Robotic Ultrasound Guidance in Radiotherapy of the Prostate.,10.1109/embc.2019.8857245,31947445.0,Europe PMC,MED:31947445,https://doi.org/10.1109/embc.2019.8857245,2019-07-01,,Annual International Conference of the IEEE Engineering in Medicine and Biology Society. IEEE Engineering in Medicine and Biology Society. Annual International Conference,Previously screened title-explicit set,122,"Robotic ultrasound guidance is promising for tracking of organ motion during radiotherapy treatments, but the radio-opaque robot and probe interfere with beam delivery. The effect on treatment plan quality can be mitigated by the use of a robot arm with kinematic redundancy, such that the robot is able to elude delivered beams during treatment by changing its configuration. However, these changes require robot motion close to the patient, lead to an increased treatment time, and require coordination with the beam delivery. We propose an optimization workflow which integrates the problem of selecting suitable robot configurations into a linear-programming-based workflow for treatment plan optimization. Starting with a large set of candidate configurations, a minimal subset is determined which provides equivalent plan quality. Our results show that, typically, six configurations are sufficient for this purpose. Furthermore, we show that optimal configurations can be reused for dose planning of subsequent patients."
A1,Robotic ultrasound / sonography,机器人超声 / 超声扫查,2019,full year,Optimizing robot motion for robotic ultrasound-guided radiation therapy,10.1088/1361-6560/ab3bfb,31422960.0,Europe PMC; OpenAlex,W2969381969; MED:31422960,https://doi.org/10.1088/1361-6560/ab3bfb,2019-08-19,article,Physics in Medicine and Biology,Previously screened title-explicit set,123,"An important aspect of robotic radiation therapy is active compensation of target motion. Recently, ultrasound has been proposed to obtain real-time volumetric images of abdominal organ motion. One approach to realize flexible probe placement throughout the treatment fraction is based on a robotic arm holding the ultrasound probe. However, the probe and the robot holding it may obstruct some of the beams with a potentially adverse effect on the plan quality. This can be mitigated by using a kinematically redundant robot, which allows maintaining a steady pose of the ultrasound probe while moving its elbow in order to minimize beam blocking. Ultimately, the motion of both the beam source carrying and the ultrasound probe holding robot contributes to the overall treatment time, i.e. beam delivery and robot motion. We propose an approach to optimize the motion and coordination of both robots based on a generalized traveling salesman problem. Furthermore, we study an application of the model to a prostate treatment scenario. Because the underlying optimization problem is hard, we compare results from a state-of-the-art heuristic solver and an approximation scheme with low computational effort. Our results show that integration of the robot holding the ultrasound probe is feasible with acceptable overhead in overall treatment time. For clinically realistic velocities of the robots, the overhead is less than 4% which is a small cost for the added benefit of continuous, volumetric, and non-ionizing tracking of organ motion over periodic x-ray-based tracking."
A1,Robotic ultrasound / sonography,机器人超声 / 超声扫查,2019,full year,Position-based simulation of deformations for autonomous robotic ultrasound scanning,10.5281/zenodo.4782580,,OpenAlex,W3044058577,https://doi.org/10.5281/zenodo.4782580,2019-10-18,article,Zenodo (CERN European Organization for Nuclear Research),Previously screened title-explicit set,124,"Realistic and fast simulation of anatomical deforma- tions due to ultrasound probe pressure is of outstanding impor- tance for testing and validation of autonomous robotic ultrasound systems. We propose a deformation model which relies on the position-based dynamics (PBD) approach to simulate the probe- tissue interaction and predict the displacement of internal targets during US acquisition. Performances of the patient-specific PBD anatomical model are evaluated in comparison to two different simulations relying on the traditional finite element (FE) method, in the context of breast ultrasound scanning. Localization error obtained when applying the PBD model remains below 11 mm for all the tumors even for input displacements in the order of 30 mm. The proposed method is able to achieve a better trade-off among accuracy, computation time and generalization capabilities with respect to the two FE models. Position-based dynamics approach has proved to be successful in modeling breast tissue deformations during US acquisition. It represents a valid alternative to classical FE methods for simulating the interaction between US probe and tissues."
A1,Robotic ultrasound / sonography,机器人超声 / 超声扫查,2019,full year,Robotic ultrasound and ultrasonic robot,10.4103/eus.eus_69_18,30777939.0,Europe PMC; OpenAlex,MED:30777939; W2914948143,https://doi.org/10.4103/eus.eus_69_18,2019-01-01,article,Endoscopic Ultrasound,Previously screened title-explicit set,127,"The application of robots in the diagnosis and treatment of diseases is gradually increasing every year. Among them, the number of surgeries performed using the da Vinci Robotic Surgical System is growing at 15% per year, which is not due to the increase in the total number of surgeries performed worldwide, but due to the fact that some conventional surgical procedures have turned to robotic surgery, indicating that the da Vinci robot has its own attractiveness. The da Vinci Robotic Surgical System is an advanced robotic platform designed to perform complex surgical procedures through a minimally invasive approach. Simply put, It is an advanced laparoscopic system. It increases the angle of view, reduces hand tremor and allows surgical procedures to be performed on target organs at different angles due to its “EndoWrist” instrument that is more flexible than the laparoscope. It is smaller than the human hand and can perform surgeries in narrow spaces. The da Vinci surgical robot enables surgeons to perform surgeries in a relaxed work environment, thus reducing fatigue and allowing surgeons to focus better. Moreover, it also reduces the number of participating surgeons.[12345] Meanwhile, the application of robots in the diagnosis of diseases has also been reported in previous studies. The da Vinci surgical robot improves the surgical accuracy by increasing the surgical resolution. Similarly, the diagnostic robot also improves the objectivity and accuracy of diagnosis by avoiding interference due to subjective factors. Ultrasonography offers many advantages for medical imaging; however, a lack of trained sonographers in remote communities limits access to sonography for many patients. As a result, many patients have to travel, or be transported, to secondary and tertiary care centers, which often delay diagnosis and subsequent treatment, burden patients and their families, and increase costs. The study conducted by Adams et al.[6] who used a telerobotic ultrasound system (BK Ultrasound) for adult abdominal sonography showed that 92% of organs visualized on conventional examinations were sufficiently visualized on telerobotic examinations. Five pathological findings were identified on both telerobotic and conventional examinations: three findings were identified using only conventional sonography and two findings were identified using only telerobotic sonography. There is no significant difference between the two modalities in measurements of the liver, spleen, and diameter of the proximal aorta; however, telerobotic assessments overestimated the distal aorta, common bile duct diameters and underestimated kidney lengths (P < 0.05). Robotic enucleations can also be performed through a 12-5 MHz robotic probe (BK Drop-In 8826). In the study of Gunelli et al.,[7] 22 robotic enucleations on <3 cm renal tumor were performed through a robotic probe. Once the kidney had been isolated from the adipose capsule at the site of the neoplasia, the exact position of the lesion could be easily identified. No complications due to the use of the ultrasound probe were observed. EUS is a combination of endoscopy and ultrasonography. It was initially used in the diagnosis of gastrointestinal submucosal tumor, gastrointestinal tumor, and pancreaticobiliary disease. In recent years, EUS is increasingly used in the preoperative precision diagnosis and treatment alongside the continuous upgrading of endoscopic instruments. Its importance is self-evident as preoperative precision diagnosis and pathological evaluation often provide clinical guidance to physicians in developing a reasonable treatment regimen. Fine-needle aspiration (FNA) for mediastinal, abdominal, and pancreatic lesions allows minimally invasive preoperative pathological diagnoses, but it poses certain difficulties as the material quality and incidence rates of complications, such as hemorrhage and infections, are affected by the experience and proficiency of endoscopists. Different tissues have different hardness, and therefore, the puncture strength is also different. To select the puncture strength is hard for beginners. EUS-guided treatments, including pancreatic pseudocysts drainage, chemoradiotherapy for advanced pancreatic cancer, biliary drainage for malignant biliary obstruction, as well as more advanced treatments, such as EUS-guided transduodenal gallbladder drainage and gallbladder-preserving cholecystolithotomy and gastrointestinal anastomosis, require experienced and highly skilled endoscopists, as well as precise operation, which greatly limit the development of these minimally invasive therapeutic approaches. Therefore, it is necessary to develop an artificial intelligence-assisted EUS surgical robot. The EUS surgical robot enables intelligent, accurate, and efficient diagnoses and treatment of gastrointestinal diseases. Besides, it has also overcome technical issues faced with virtual reality-assisted interventional endoscopic navigation and high-precision ejection device. This technology will further reduce the incidence rate of complications as it will greatly improve the technical success rate and safety of FNA through precise observation of the anatomical structure of organs surrounding the gastrointestinal tract and precise positioning. Therefore, it will contribute to the establishment of next-generation industrial standards for EUS instruments. Ultrasonic robot will be the future of EUS. Conflicts of interest There are no conflicts of interest."
A1,Robotic ultrasound / sonography,机器人超声 / 超声扫查,2019,full year,Robotic-assisted Ultrasound for Fetal Imaging: Evolution from Single-arm to Dual-arm System,10.48550/arxiv.1902.05458,,OpenAlex; arXiv,1902.05458v3; W2913723666,https://doi.org/10.48550/arxiv.1902.05458,2019-02-14,preprint,arXiv (Cornell University),Previously screened title-explicit set,128,"The development of robotic-assisted extracorporeal ultrasound systems has a long history and a number of projects have been proposed since the 1990s focusing on different technical aspects. These aim to resolve the deficiencies of on-site manual manipulation of hand-held ultrasound probes. This paper presents the recent ongoing developments of a series of bespoke robotic systems, including both single-arm and dual-arm versions, for a project known as intelligent Fetal Imaging and Diagnosis (iFIND). After a brief review of the development history of the extracorporeal ultrasound robotic system used for fetal and abdominal examinations, the specific aim of the iFIND robots, the design evolution, the implementation details of each version, and the initial clinical feedback of the iFIND robot series are presented. Based on the preliminary testing of these newly-proposed robots on 42 volunteers, the successful and re-liable working of the mechatronic systems were validated. Analysis of a participant questionnaire indicates a comfortable scanning experience for the volunteers and a good acceptance rate to being scanned by the robots."
A1,Robotic ultrasound / sonography,机器人超声 / 超声扫查,2020,full year,3D Robotic Ultrasound System: A 3D Volumetric Ultrasound Imaging System using a CMUT Phased Array and a Robotic Arm,,,OpenAlex,W3084057374,https://openalex.org/W3084057374,2020-01-01,dissertation,Research Repository (Delft University of Technology),Previously screened title-explicit set,132,"Diagnostic imaging is a fundamental requirement for the effective treatment of about 25 % of patients globally. Ultrasound imaging is considered the safest, least expensive and most convenient diagnostic imaging modality. Its widespread adoption has been in the area of 2D imaging. However, the accuracy of diagnosis with 2D ultrasound imaging is highly dependent on the experience and expertise of the sonographer because the sonographer has to mentally create a 3D impression from multiple 2D images of the region of interest and this could lead to erroneous diagnosis. 3D ultrasound imaging addresses this concern, however, it drives up the cost of ultrasound imaging. Also, disadvantages such as difficulty in taking quality images, prolonged time in learning how to effectively take these images and human distress during the acquisition of these images have been reported. By leveraging the high level of precision, accuracy and maneuverability provided by robotic systems in conjunction with low-end ultrasound imaging platforms, 3D ultrasound images can be captured, the problem of human distress alleviated and subsequently reducing the cost of 3D ultrasound imaging. This project sought to explore the feasibility of designing a low-cost 3D ultrasound robotic system. The design followed a distributed system approach using ROS (Robotic Operating System) where the data acquisition decoupled from the processing and visualization unit. The performance of the design was tested by constructing 3D ultrasound images of custom made phantoms. These results were compared with 3D ultrasound images of the phantoms acquired using the Philips EPIQ 7 - a high-tier ultrasound machine. The results obtained with this design had a low resolution in comparison with those obtained with the Philips EPIQ 7 however, a 3D point cloud representation of the object embedded in the phantom can be seen. Also, a full 3D image of the phantom could not be acquired due the transducer movement limitations of the design. This design successfully demonstrates the feasibility of integrating low-end electronics with robotic systems to acquire 3D ultrasound images."
A1,Robotic ultrasound / sonography,机器人超声 / 超声扫查,2020,full year,Automatic Force-Based Probe Positioning for Precise Robotic Ultrasound Acquisition,10.1109/tie.2020.3036215,,OpenAlex,W3098362553,https://doi.org/10.1109/tie.2020.3036215,2020-11-12,article,IEEE Transactions on Industrial Electronics,Previously screened title-explicit set,136,"The correct orientation of an ultrasound (US) probe is one of the main parameters governing the US image quality. With the rise of robotic ultrasound systems (RUSS), methods that can automatically compute the orientation promise repeatable, automatic acquisition from predefined angles resulting in high-quality US imaging. In this article, we propose a method to automatically position a US probe orthogonally to the tissue surface, thereby improving sound propagation and enabling RUSS to reach predefined orientations relatively to the surface normal at the contact point. The method relies on the derivation of the underlying mechanical model. Two rotations around orthogonal axes are carried out, while the contact force is being recorded. Then, the force data are fed into the model to estimate the normal direction. Accordingly, the probe orientation can be computed without requiring visual features. The method is applicable to the convex and linear probes. It has been evaluated on a phantom with varying tilt angles and on multiple human tissues (forearm, upper arm, lower back, and leg). As a result, it has outperformed existing methods in terms of accuracy. The mean (±SD) absolute angular difference on the in-vivo tissues averaged over all anatomies and probe types is 2.9±1.6° and 2.2±1.5° on the phantom."
A1,Robotic ultrasound / sonography,机器人超声 / 超声扫查,2020,full year,Automatic Normal Positioning of Robotic Ultrasound Probe Based Only on Confidence Map Optimization and Force Measurement,10.1109/lra.2020.2967682,,OpenAlex,W3002801921,https://doi.org/10.1109/lra.2020.2967682,2020-01-21,article,IEEE Robotics and Automation Letters,Previously screened title-explicit set,137,"Acquiring good image quality is one of the main challenges for fully-automatic robot-assisted ultrasound systems (RUSS). The presented method aims at overcoming this challenge for orthopaedic applications by optimizing the orientation of the robotic ultrasound (US) probe, i.e. aligning the central axis of the US probe to the tissue's surface normal at the point of contact in order to improve sound propagation within the tissue. We first optimize the in-plane orientation of the probe by analyzing the confidence map of the US image. We then carry out a fan motion and analyze the resulting forces estimated from joint torques to align the central axis of the probe to the normal within the plane orthogonal to the initial image plane. This results in the final 3D alignment of the probe's main axis with the normal to the anatomical surface at the point of contact without using external sensors for surface reconstruction or localizing the point of contact in an anatomical atlas. The algorithm is evaluated both on a phantom and on human tissues (forearm, upper arm and lower back). The mean absolute angular difference (±STD) between true and estimated normal on stationary phantom, forearm, upper arm and lower back was 3.1 ± 1.0°, 3.7 ± 1.7°, 5.3 ± 1.3° and 6.9 ± 3.5°, respectively. In comparison, six human operators obtained errors of 3.2 ± 1.7° on the phantom. Hence the method is able to automatically position the probe normal to the scanned tissue at the point of contact and thus improve the quality of automatically acquired ultrasound images."
A1,Robotic ultrasound / sonography,机器人超声 / 超声扫查,2020,full year,Feasibility of Robot-Assisted Ultrasound Imaging with Force Feedback for Assessment of Thyroid Diseases.,10.1117/12.2551118,32742057.0,Europe PMC,MED:32742057,https://doi.org/10.1117/12.2551118,2020-02-01,,Proceedings of SPIE--the International Society for Optical Engineering,Previously screened title-explicit set,139,"Medical ultrasound is extensively used to define tissue textures and to characterize lesions, and it is the modality of choice for detection and follow-up assessment of thyroid diseases. Classical medical ultrasound procedures are performed manually by an occupational operator with a hand-held ultrasound probe. These procedures require high physical and cognitive burden and yield clinical results that are highly operator-dependent, therefore frequently diminishing trust in ultrasound imaging data accuracy in repetitive assessment. A robotic ultrasound procedure, on the other hand, is an emerging paradigm integrating a robotic arm with an ultrasound probe. It achieves an automated or semi-automated ultrasound scanning by controlling the scanning trajectory, region of interest, and the contact force. Therefore, the scanning becomes more informative and comparable in subsequent examinations over a long-time span. In this work, we present a technique for allowing operators to reproduce reliably comparable ultrasound images with the combination of predefined trajectory execution and real-time force feedback control. The platform utilized features a 7-axis robotic arm capable of 6-DoF force-torque sensing and a linear-array ultrasound probe. The measured forces and torques affecting the probe are used to adaptively modify the predefined trajectory during autonomously performed examinations and probe-phantom interaction force accuracy is evaluated. In parallel, by processing and combining ultrasound B-Mode images with probe spatial information, structural features can be extracted from the scanning volume through a 3D scan. The validation was performed on a tissue-mimicking phantom containing thyroid features, and we successfully demonstrated high image registration accuracy between multiple trials."
A1,Robotic ultrasound / sonography,机器人超声 / 超声扫查,2020,full year,From design through to clinical validation of a soft end-effector for robot-assisted ultrasound imaging,,,Europe PMC; OpenAlex,ETH:806797; W3082337227,https://openalex.org/W3082337227,2020-01-01,dissertation,Research Portal (King's College London),Previously screened title-explicit set,142,"Sonographers are exposed to an increased risk of work-related musculoskeletal disorders due to performing diagnostic ultrasound procedures. Existing research therefore aims at developing robotic ultrasound solutions which could be integrated into clinics to improve workplace ergonomics. This dissertation addresses limitations in state-of-the-art ultrasound robots by designing and clinically validating a soft robotic system for ultrasound imaging. It employs the benefits of soft robotics technologies to establish a safe interaction between the ultrasound probe and patient. Specifications for the robot are established from clinical data obtained from prenatal foetal ultrasound scans. The 3DOF parallel, soft robotic end-effector (SEE) is characterised and its imaging capabilities validated by a trained sonographer on a foetal ultrasound phantom. A kinetostatic model capable of accurately estimating the pose of the end-effector is derived and validated. Further, the contact force on the ultrasound probe is estimated according to internal pressure variations in the fluidic actuators. The model is applied to the SEE in real-time. To regulate contact pressure during the imaging procedure, a force controller based ... (continues)"
A1,Robotic ultrasound / sonography,机器人超声 / 超声扫查,2020,full year,Learning rewards for robotic ultrasound scanning using probabilistic\n temporal ranking,10.48550/arxiv.2002.01240,,OpenAlex,W3026823840; W4382132587,https://doi.org/10.48550/arxiv.2002.01240,2020-02-04,preprint,arXiv (Cornell University),Previously screened title-explicit set,145,"Informative path-planning is a well established approach to visual-servoing\nand active viewpoint selection in robotics, but typically assumes that a\nsuitable cost function or goal state is known. This work considers the inverse\nproblem, where the goal of the task is unknown, and a reward function needs to\nbe inferred from exploratory example demonstrations provided by a demonstrator,\nfor use in a downstream informative path-planning policy. Unfortunately, many\nexisting reward inference strategies are unsuited to this class of problems,\ndue to the exploratory nature of the demonstrations. In this paper, we propose\nan alternative approach to cope with the class of problems where these\nsub-optimal, exploratory demonstrations occur. We hypothesise that, in tasks\nwhich require discovery, successive states of any demonstration are\nprogressively more likely to be associated with a higher reward, and use this\nhypothesis to generate time-based binary comparison outcomes and infer reward\nfunctions that support these ranks, under a probabilistic generative model. We\nformalise this \\emph{probabilistic temporal ranking} approach and show that it\nimproves upon existing approaches to perform reward inference for autonomous\nultrasound scanning, a novel application of learning from demonstration in\nmedical imaging while also being of value across a broad range of goal-oriented\nlearning from demonstration tasks. \\keywords{Visual servoing \\and reward\ninference \\and probabilistic temporal ranking\n"
A1,Robotic ultrasound / sonography,机器人超声 / 超声扫查,2020,full year,Learning robotic ultrasound scanning using probabilistic temporal ranking.,,,OpenAlex,W3005507249,https://openalex.org/W3005507249,2020-02-04,preprint,arXiv (Cornell University),Previously screened title-explicit set,146,"This paper addresses a common class of problems where a robot learns to perform a discovery task based on example solutions, or human demonstrations. For example consider the problem of ultrasound scanning, where the demonstration requires that an expert adaptively searches for a satisfactory view of internal organs, vessels or tissue and potential anomalies while maintaining optimal contact between the probe and surface tissue. Such problems are currently solved by inferring notional rewards that, when optimised for, result in a plan that mimics demonstrations. A pivotal assumption, that plans with higher reward should be exponentially more likely, leads to the de facto approach for reward inference in robotics. While this approach of maximum entropy inverse reinforcement learning leads to a general and elegant formulation, it struggles to cope with frequently encountered sub-optimal demonstrations. In this paper, we propose an alternative approach to cope with the class of problems where sub-optimal demonstrations occur frequently. We hypothesise that, in tasks which require discovery, successive states of any demonstration are progressively more likely to be associated with a higher reward. We formalise this temporal ranking approach and show that it improves upon maximum-entropy approaches to perform reward inference for autonomous ultrasound scanning, a novel application of learning from demonstration in medical imaging."
A1,Robotic ultrasound / sonography,机器人超声 / 超声扫查,2020,full year,OC04.03: Telerobotic ultrasound to remotely provide obstetrical ultrasound services during the COVID‐19 pandemic,10.1002/uog.22222,,Europe PMC; OpenAlex,W3094501585; PMC:PMC7675643,https://doi.org/10.1002/uog.22222,2020-10-01,article,Ultrasound in Obstetrics and Gynecology,Previously screened title-explicit set,148,"Obstetrical ultrasound imaging is critical in identifying at-risk pregnancies and informing clinical management. The COVID-19 pandemic has exacerbated challenges in accessing obstetrical ultrasound for patients in underserved rural and remote communities where this service is not available. The objective of this study is to assess the feasibility of providing obstetrical ultrasound services remotely using a telerobotic ultrasound system in a remote community isolated due to COVID-19. A telerobotic ultrasound system was used to remotely perform obstetrical ultrasound exams in La Loche, Canada, a remote community without regular access to obstetrical ultrasound. Using a telerobotic ultrasound system, a sonographer 605km away remotely controlled an ultrasound probe and ultrasound settings. 21 exams were performed in a 5-week period during a COVID-19 outbreak, including limited first, second and third trimester exams (n = 11) and complete second trimester exams (n = 10). Radiologists interpreted all exams and determined adequacy of images for diagnosis. Of 11 limited obstetrical exams, radiologists indicated images were adequate in 9 (81%) cases, adequate with some reservations in 1 (9%) case and inadequate in 1 (9%) case. Of 10 second trimester complete obstetrical exams, radiologists indicated images were adequate in 2 (20%) cases, adequate with some reservations in 3 (30%) cases and inadequate in 5 (50%) cases. Second trimester complete obstetrical exams were limited due to a combination of body habitus, fetal lie and telerobotic technology. A telerobotic ultrasound system may be used to answer focused clinical questions such as fetal viability and fetal presentation in a timely manner while minimising patient travel to larger centres and potential exposure to SARS-CoV-2 during the COVID-19 pandemic. The COVID-19 pandemic may catalyse the implementation of telerobotic sonography to bring greater accessibility and equity in the delivery of obstetrical ultrasound to patients in rural and remote communities."
A1,Robotic ultrasound / sonography,机器人超声 / 超声扫查,2020,full year,Robot-Assisted Semi-Autonomous Ultrasound Imaging With Tactile Sensing and Convolutional Neural-Networks,10.1109/tmrb.2020.3047154,,OpenAlex,W3113980039,https://doi.org/10.1109/tmrb.2020.3047154,2020-12-24,article,IEEE Transactions on Medical Robotics and Bionics,Previously screened title-explicit set,151,"We present a semi-autonomous robotic ultrasound system, which provides a novel way to automate the ultrasound image-taking process. The system uses force feedback and a PID controller, a convolutional neural-network (CNN) image classifier to provide direction for movement. The user locates and gives the arm the coordinates at the approximate position of the heart of a patient, which the system uses as its starting point when taking ultrasound images. When the arm returns to the position to take an ultrasound, a PID controller maintains the desired force for an ultrasound, without patient inconvenience. An ultrasound video is then parsed through a CNN frame by frame and classified by quality of image: satisfactory, not satisfactory, and partially satisfactory. Partial images, containing a part of the heart, are then used to reposition the ultrasound. The repositioning function analyzes the intensity profile of the average image array and uses it to instruct the arm to make appropriate adjustments to obtain a satisfactory image. Overall, the ultrasound robot was successful at taking ultrasound images, and provides a novel methodology of using robots for ultrasound imaging."
A1,Robotic ultrasound / sonography,机器人超声 / 超声扫查,2020,full year,Robot-assisted Ultrasound-guided Tracking of Anatomical Structures for the Application of Focused Ultrasound,10.1515/cdbme-2020-3032,,OpenAlex,W3130196539,https://doi.org/10.1515/cdbme-2020-3032,2020-09-01,article,Current Directions in Biomedical Engineering,Previously screened title-explicit set,152,"Abstract High intensity focused ultrasound is used as a surgical tool to treat completely non-invasively several diseases. Examples of clinical applications are uterine fibroids, prostate cancer, thyroid nodules, and varicose veins. Precise targeting is key for improving the treatment outcome. A method for an automated, robot-assisted tracking system was developed and evaluated. A wireless ultrasound scanner was used to acquire images of the target, in this case, a blood vessel. The active contour approach by Chan and Vese was used to segment and track while moving the scanner along the target structure with a collaborative robotic arm. The performance was assessed using a custom made Agar phantom. The mean tracking error, which is defined as the remaining distance of the lesion to the images’ centre line, was 0.27 mm ± 0.18 mm."
A1,Robotic ultrasound / sonography,机器人超声 / 超声扫查,2020,full year,Robot-assisted ultrasound navigation platform for 3D HIFU treatment planning: Initial evaluation for conformal interstitial ablation,10.1016/j.compbiomed.2020.103941,32818742.0,Europe PMC; OpenAlex,MED:32818742; W3046583476,https://doi.org/10.1016/j.compbiomed.2020.103941,2020-08-01,article,Computers in Biology and Medicine,Previously screened title-explicit set,153,"Interstitial Ultrasound-guided High Intensity Focused Ultrasound (USgHIFU) therapy has the potential to deliver ablative treatments which conform to the target tumor. In this study, a robot-assisted US-navigation platform has been developed for 3D US guidance and planning of conformal HIFU ablations. The platform was used to evaluate a conformal therapeutic strategy associated with an interstitial dual-mode USgHIFU catheter prototype (64 elements linear-array, measured central frequency f = 6.5 MHz), developed for the treatment of HepatoCellular Carcinoma (HCC). The platform included a 3D navigation environment communicating in real-time with an open research dual-mode US scanner/HIFU generator and a robotic arm, on which the USgHIFU catheter was mounted. 3D US-navigation was evaluated in vitro for guiding and planning conformal HIFU ablations using a tumor-mimic model in porcine liver. Tumor-mimic volumes were then used as targets for evaluating conformal HIFU treatment planning in simulation. Height tumor-mimics (ovoid- or disc-shaped, sizes: 3-29 cm<sup>3</sup>) were created and visualized in liver using interstitial 2D US imaging. Robot-assisted spatial manipulation of these images and real-time 3D navigation allowed reconstructions of 3D B-mode US images for accurate tumor-mimic volume estimation (relative error: 4 ± 5%). Sectorial and full-revolution HIFU scanning (angular sectors: 88-360°) could both result in conformal ablations of the tumor volumes, as soon as their radii remained ≤ 24 mm. The presented US navigation-guided HIFU procedure demonstrated advantages for developing conformal interstitial therapies in standard operative rooms. Moreover, the modularity of the developed platform makes it potentially useful for developing other HIFU approaches."
A1,Robotic ultrasound / sonography,机器人超声 / 超声扫查,2020,full year,Robotic Ultrasound Tomography and Collaborative Control,,,OpenAlex,W3093225697,https://openalex.org/W3093225697,2020-05-08,dissertation,,Previously screened title-explicit set,154,
A1,Robotic ultrasound / sonography,机器人超声 / 超声扫查,2020,full year,Robotized Ultrasound Imaging of the Peripheral Arteries -- a Phantom\n Study,10.48550/arxiv.2007.06278,,OpenAlex,W4286787701,https://doi.org/10.48550/arxiv.2007.06278,2020-07-13,preprint,arXiv (Cornell University),Previously screened title-explicit set,155,"The first choice in diagnostic imaging for patients suffering from peripheral\narterial disease is 2D ultrasound (US). However, for a proper imaging process,\na skilled and experienced sonographer is required. Additionally, it is a highly\nuser-dependent operation. A robotized US system that autonomously scans the\nperipheral arteries has the potential to overcome these limitations. In this\nwork, we extend a previously proposed system by a hierarchical image analysis\npipeline based on convolutional neural networks in order to control the robot.\nThe system was evaluated by checking its feasibility to keep the vessel lumen\nof a leg phantom within the US image while scanning along the artery. In 100 %\nof the images acquired during the scan process the whole vessel lumen was\nvisible. While defining an insensitivity margin of 2.74 mm, the mean absolute\ndistance between vessel center and the horizontal image center line was 2.47 mm\nand 3.90 mm for an easy and complex scenario, respectively. In conclusion, this\nsystem presents the basis for fully automatized peripheral artery imaging in\nhumans using a radiation-free approach.\n"
A1,Robotic ultrasound / sonography,机器人超声 / 超声扫查,2020,full year,Robotized ultrasound imaging of the peripheral arteries – a phantom study,10.1515/cdbme-2020-0033,,OpenAlex; arXiv,W3091414563; 2007.06278v1; W3041904324,https://doi.org/10.1515/cdbme-2020-0033,2020-07-13,article,DOAJ (DOAJ: Directory of Open Access Journals),Previously screened title-explicit set,156,"Abstract The first choice in diagnostic imaging for patients suffering from peripheral arterial disease (PAD) is 2D ultrasound (US). However, for a proper imaging process, a skilled and experienced sonographer is required. Additionally, it is a highly user-dependent operation. A robotized US system that autonomously scans the peripheral arteries has the potential to overcome these limitations. In this work, we extend a previously proposed system by a hierarchical image analysis pipeline based on convolutional neural networks (CNNs) in order to control the robot. The system was evaluated by checking its feasibility to keep the vessel lumen of a leg phantom within the US image while scanning along the artery. In 100% of the images acquired during the scan process the whole vessel lumen was visible. While defining an insensitivity margin of 2.74 mm, the mean absolute distance between vessel center and the horizontal image center line was 2.47 mm and 3.90 mm for an easy and complex scenario, respectively. In conclusion, this system presents the basis for fully automatized peripheral artery imaging in humans using a radiation-free approach."
A1,Robotic ultrasound / sonography,机器人超声 / 超声扫查,2020,full year,Role of 5G-powered remote robotic ultrasound during the COVID-19 outbreak: insights from two cases.,10.26355/eurrev_202007_22283,32744706.0,Europe PMC; OpenAlex,MED:32744706; W3046590135,https://doi.org/10.26355/eurrev_202007_22283,2020-07-01,article,PubMed,Previously screened title-explicit set,157,"The 2019 Novel Coronavirus disease (COVID-19) broke out in Wuhan, China in December 2019 and spread throughout the world. Early screening and early diagnosis play key roles in prevention and management of the epidemic. Attention should also be paid to the infection of health workers and shortage of medical resources in high-risk areas. Here, we report two cases of patients diagnosed with COVID-19 and evaluated by robotic ultrasound based on 5G-powered technology 700 km east of Wuhan. We here show the advantages of this kind of remote ultrasound scan, which could become a method for the diagnosis and assessment of COVID-19."
A1,Robotic ultrasound / sonography,机器人超声 / 超声扫查,2020,full year,Telerobotic Sonography for Remote Diagnostic Imaging,10.1002/jum.15525,33058242.0,Europe PMC; OpenAlex,W3092867968; MED:33058242,https://doi.org/10.1002/jum.15525,2020-10-14,article,Journal of Ultrasound in Medicine,Previously screened title-explicit set,160,"Access to sonographers and sonologists is limited in many communities around the world. Telerobotic sonography (robotic ultrasound) is a new technology to increase access to sonography, providing sonographers and sonologists the ability to manipulate an ultrasound probe from a distant location and remotely perform ultrasound examinations. This narrative review discusses the development of telerobotic ultrasound systems, clinical studies evaluating the feasibility and diagnostic accuracy of telerobotic sonography, and emerging use of telerobotic sonography in clinical settings. Telerobotic sonography provides an opportunity to provide real-time ultrasound examinations to underserviced rural and remote communities to increase equity in the delivery of diagnostic imaging."
A1,Robotic ultrasound / sonography,机器人超声 / 超声扫查,2020,full year,Telerobotic ultrasound to provide obstetrical ultrasound services remotely during the COVID-19 pandemic,10.1177/1357633x20965422,33076753.0,Europe PMC; OpenAlex,MED:33076753; W3092780268,https://doi.org/10.1177/1357633x20965422,2020-10-20,article,Journal of Telemedicine and Telecare,Previously screened title-explicit set,161,"<h4>Introduction</h4>Obstetrical ultrasound imaging is critical in identifying at-risk pregnancies and informing clinical management. The coronavirus disease 2019 (COVID-19) pandemic has exacerbated challenges in accessing obstetrical ultrasound for patients in underserved rural and remote communities where this service is not available. This prospective descriptive study describes our experience of providing obstetrical ultrasound services remotely using a telerobotic ultrasound system in a northern Canadian community isolated due to a COVID-19 outbreak.<h4>Methods</h4>A telerobotic ultrasound system was used to perform obstetrical ultrasound exams remotely in La Loche, Canada, a remote community without regular access to obstetrical ultrasound. Using a telerobotic ultrasound system, a sonographer 605 km away remotely controlled an ultrasound probe and ultrasound settings. Twenty-one exams were performed in a five-week period during a COVID-19 outbreak in the community, including limited first-, second- and third-trimester exams (<i>n</i> = 11) and complete second-trimester exams (<i>n</i> = 10). Participants were invited to complete a survey at the end of the telerobotic ultrasound exam describing their experiences with telerobotic ultrasound. Radiologists subsequently interpreted all exams and determined the adequacy of the images for diagnosis.<h4>Results</h4>Of 11 limited obstetrical exams, radiologists indicated images were adequate in nine (81%) cases, adequate with some reservations in one (9%) case and inadequate in one (9%) case. Of 10 second-trimester complete obstetrical exams, radiologists indicated images were adequate in two (20%) cases, adequate with some reservations in three (30%) cases and inadequate in five (50%) cases. Second-trimester complete obstetrical exams were limited due to a combination of body habitus, foetal lie and telerobotic technology.<h4>Discussion</h4>A telerobotic ultrasound system may be used to answer focused clinical questions such as foetal viability, dating and foetal presentation in a timely manner while minimising patient travel to larger centres and potential exposure to severe acute respiratory syndrome coronavirus 2 (SARS-CoV-2), during the COVID-19 pandemic."
A1,Robotic ultrasound / sonography,机器人超声 / 超声扫查,2020,full year,Towards the automation of robotic ultrasound scanning : using simulation to tune and test optimal robot control during tissue interaction,,,OpenAlex,W3193311957,https://openalex.org/W3193311957,2020-06-06,article,,Previously screened title-explicit set,162,
A1,Robotic ultrasound / sonography,机器人超声 / 超声扫查,2021,full year,A Constant-Force End-Effector With Online Force Adjustment for Robotic Ultrasonography,10.1109/lra.2021.3061329,33748416.0,Europe PMC; OpenAlex,MED:33748416; W3130510843,https://doi.org/10.1109/lra.2021.3061329,2021-02-23,article,IEEE Robotics and Automation Letters,Previously screened title-explicit set,163,"In this letter, we propose a novel constant-force end-effector (CFEE) to address current limitations in robotic ultrasonography. The CFEE uses a parallel, motor-spring-based solution to precisely generate constant operating forces over a wide range and enable the ultrasound (US) probe to adapt to the abdominal contours autonomously. A displacement measurement unit was developed to realize the acquisition of probe position and precise control of the operating force. Moreover, the operating force can be adjusted online to maintain safety and continuity of operation. Simulations and experiments were carried out to evaluate the performance. Results show that the proposed CFEE can provide constant forces of 4-12 N with displacements of 0-8 mm. The maximum relative error of force generation is 8.28%, and the accuracy and precision for displacement measurement are 0.29 mm and ±0.16 mm, respectively. Various operating forces can be adjusted online during the same operation. Ultrasound images acquired by the proposed CFEE are of equally good quality compared to a manual sonographer scan. The proposed CFEE would have potential further medical applications."
A1,Robotic ultrasound / sonography,机器人超声 / 超声扫查,2021,full year,A Toolkit for Haptic Force Feedback in a Telerobotic Ultrasound System,10.21203/rs.3.rs-646007/v1,34689794.0,Europe PMC; OpenAlex,PPR:PPR361170; MED:34689794; W3177182816; W4232569186,https://doi.org/10.21203/rs.3.rs-646007/v1,2021-06-24,preprint,Research Square,Previously screened title-explicit set,164,"<title>Abstract</title>  <p>Objective  To develop a collision engine (haptic force feedback simulator) compatible with a 5-degrees-of-freedom (DOF) haptic wand. This has broad applications such as for telerobotic ultrasound systems. Integrating force feedback into systems is critical to optimize remote scanning. A collision engine compatible with a 5-DOF haptic wand was developed based on the Gilbert–Johnson–Keerthi algorithm. The collision engine calculated force during collision between the wand and a virtual object based on code developed using MATLAB. A proportional force was subsequently returned to a user via the haptic wand, thereby simulating the collision force for the user. Three experiments were conducted to assess the accuracy of the collision engine on curved and flat surfaces. Results  The average errors in calculation of distances between the wand and virtual object were 2.1 cm, 3.4 cm, and 4.2 cm for the model of the human hand, cylinder, and cuboid, respectively. The collision engine accurately simulated forces on a flat surface, though was less accurate on curved surfaces. Future work will incorporate haptic force feedback into a telerobotic ultrasound system. The haptic force simulator presented here may also be used in the development of ultrasound simulators for training and education.</p>"
A1,Robotic ultrasound / sonography,机器人超声 / 超声扫查,2021,full year,An Improved Sensing Method of a Robotic Ultrasound System for Real-Time Force and Angle Calibration,10.3390/s21092927,33922012.0,Europe PMC; OpenAlex,MED:33922012; W3155267607,https://doi.org/10.3390/s21092927,2021-04-22,article,Sensors,Previously screened title-explicit set,166,"An ultrasonic examination is a clinically universal and safe examination method, and with the development of telemedicine and precision medicine, the robotic ultrasound system (RUS) integrated with a robotic arm and ultrasound imaging system receives increasing attention. As the RUS requires precision and reproducibility, it is important to monitor the real-time calibration of the RUS during examination, especially the angle of the probe for image detection and its force on the surface. Additionally, to speed up the integration of the RUS and the current medical ultrasound system (US), the current RUSs mostly use a self-designed fixture to connect the probe to the arm. If the fixture has inconsistencies, it may cause an operating error. In order to improve its resilience, this study proposed an improved sensing method for real-time force and angle calibration. Based on multichannel pressure sensors, an inertial measurement unit (IMU), and a novel sensing structure, the ultrasonic probe and robotic arm could be simply and rapidly combined, which rendered real-time force and angle calibration at a low cost. The experimental results show that the average success rate of the downforce position identification achieved was 88.2%. The phantom experiment indicated that the method could assist the RUS in the real-time calibration of both force and angle during an examination."
A1,Robotic ultrasound / sonography,机器人超声 / 超声扫查,2021,full year,Automatic 3-D Imaging and Measurement of Human Spines With a Robotic Ultrasound System,10.1109/tim.2021.3085110,,OpenAlex,W3171622331,https://doi.org/10.1109/tim.2021.3085110,2021-01-01,article,IEEE Transactions on Instrumentation and Measurement,Previously screened title-explicit set,168,"Comparing with X-ray, ultrasound imaging has the advantages of no radiation and easy operation, etc., which is expected to be an effective alternative in clinical assessment for the human spine. At present, freehand scanning is mainly used in ultrasound imaging field, and recently robot-assisted scanning has emerged as a promising way to gradually reduce human intervention. However, the automatic recognition and scanning, as well as the control strategy of robots that guarantee the tight coupling between a probe and human skin, are still challenges. Moreover, the current measurement method of the spine is usually conducted based on plain radiographs, which lacks spatial structure information of spine. In this article, a new radiation-free robotic ultrasound system for 3-D imaging and a measurement method of the spine based on 3-D imaging are presented. A fully convolutional network (FCN) named fuse-Unet based on RGB and depth images captured by an RGB-depth (RGB-D) sensor Kinect, is proposed to realize the automatic recognition of human spine area and scanning path pre-planning. Then a six-degree-of-freedom robotic arm plays the role of a doctor to complete the automatic scanning along the pre-planning path, during which a normal-vector-based method and two force sensors are used to ensure that the probe well fits the spine area. Finally, 3-D ultrasound reconstruction and visualization of the spine are realized, based on which cobb angles are calculated for assessing the morphological structure of the spine. Phantom and in vivo experiments are conducted for evaluating the performance of the proposed system. Experimental results validate the practicability and accuracy of the system, indicating its potential for clinical application."
A1,Robotic ultrasound / sonography,机器人超声 / 超声扫查,2021,full year,Autonomic Robotic Ultrasound Imaging System Based on Reinforcement Learning,10.1109/tbme.2021.3054413,33497322.0,Europe PMC; OpenAlex,MED:33497322; W3125472763,https://doi.org/10.1109/tbme.2021.3054413,2021-01-26,article,IEEE Transactions on Biomedical Engineering,Previously screened title-explicit set,169,"<h4>Objective</h4>In this paper, we introduce an autonomous robotic ultrasound (US) imaging system based on reinforcement learning (RL). The proposed system and framework are committed to controlling the US probe to perform fully autonomous imaging of a soft, moving and marker-less target based only on single RGB images of the scene.<h4>Methods</h4>We propose several different approaches and methods to achieve the following objectives: real-time US probe controlling, soft surface constant force tracking and automatic imaging. First, to express the state of the robotic US imaging task, we proposed a state representation model to reduce the dimensionality of the imaging state and encode the force and US information into the scene image space. Then, an RL agent is trained by a policy gradient theorem based RL model with the single RGB image as the only observation. To achieve adaptable constant force tracking between the US probe and the soft moving target, we propose a force-to-displacement control method based on an admittance controller.<h4>Results</h4>In the simulation experiment, we verified the feasibility of the integrated method. Furthermore, we evaluated the proposed force-to-displacement method to demonstrate the safety and effectiveness of adaptable constant force tracking. Finally, we conducted phantom and volunteer experiments to verify the feasibility of the method on a real system.<h4>Conclusion</h4>The experiments indicated that our approaches were stable and feasible in the autonomic and accurate control of the US probe.<h4>Significance</h4>The proposed system has potential application value in the image-guided surgery and robotic surgery."
A1,Robotic ultrasound / sonography,机器人超声 / 超声扫查,2021,full year,Erratum: Use of 3D Robotic Ultrasound for In Vivo Analysis of Mouse Kidneys.,10.3791/6479,34612855.0,Europe PMC,MED:34612855,https://doi.org/10.3791/6479,2021-10-06,,Journal of visualized experiments : JoVE,Previously screened title-explicit set,171,"An erratum was issued for: Use of 3D Robotic Ultrasound for In Vivo Analysis of Mouse Kidneys. An author name was updated, along with the Protocol and Representative Results. The name of an author was updated from: Ryan C. Gesser to: Ryan C. Gessner Step 3.1 of the Protocol was updated from: Turn on the US machine and the heat lamp above the US platforms. Turn on the appropriate anesthesia valves for the corresponding US bays that will be used. to: Turn on the US machine and the switch for the internal heating element for the US bays. Turn on the appropriate anesthesia valves for the corresponding US bays that will be used. Figue 1 in the Representative Results was updated from: Figure 1: Ultrasound system and mouse placement. (A) Diagram of ultrasound system and location of transducers. (B) View of mice in supine position on ultrasound platform with heat lamp. (C) Example of region of interest (ROI)s in place for area of interest (kidneys) with animal IDs. Please click here to view a larger version of this figure. to: Figure 1: Ultrasound system and mouse placement. (A) Diagram of ultrasound system and location of transducers. (B) View of mice in supine position on ultrasound platform. (C) Example of region of interest (ROI)s in place for area of interest (kidneys) with animal IDs. Please click here to view a larger version of this figure."
A1,Robotic ultrasound / sonography,机器人超声 / 超声扫查,2021,full year,Follow the Curve: Robotic Ultrasound Navigation With Learning-Based Localization of Spinous Processes for Scoliosis Assessment,10.1109/access.2022.3165936,,OpenAlex; arXiv,W4298197250; 2109.05196v1; W3201252943,https://doi.org/10.1109/access.2022.3165936,2021-09-11,article,IEEE Access,Previously screened title-explicit set,172,"The scoliosis progression in adolescents requires close monitoring to timely take treatment measures. Ultrasound imaging is a radiation-free alternative in scoliosis assessment to X-ray, which is typically used in clinical practice. However, ultrasound images are prone to speckle noise, making it challenging for sonographers to detect bony features and follow the spinal curvature. This study introduces a novel robotic ultrasound approach for spinous process localization and automatic spinal curvature tracking for scoliosis assessment. The positions of the spinous processes are computed using a fully connected network with a deconvolutional head. A 5-fold cross-validation was performed on a dataset of ultrasound images from 25 human subjects with scoliosis. The resulting percentage of correct keypoints of the spinous process is 0.966±0.027 with a mean distance error of 1.0±0.99 mm. We use this machine learning-based method to guide the motion of the robot-held ultrasound probe and to follow the spinal curvature while capturing ultrasound images. We present a new force-driven controller that automatically adjusts the pose and orientation of the probe relative to the skin surface, which ensures a good acoustic coupling between the probe and skin. We extended the network architecture to additionally perform classification of the spine into its regions, i.e., sacrum, lumbar, and thoracic, which are used to adjust the probe’s orientation to account for the varying curvature along the spine. After the autonomous scanning, the acquired data is used to reconstruct the coronal spinal image, where the deformity of the scoliosis spine can be assessed and measured. The proposed learning-based method for anatomical landmarks localization was compared to conventional methods based on phase symmetry and image intensity. The learning-based method proved to be more precise for spinous process localization while processing images at a faster rate, which is advantageous for real-time scoliosis scanning. To evaluate the performance of our robotic method, we conducted an experimental study with human scoliosis subjects where deviations of the spinous process from the image center can be compared to those appearing in a manual scan. Our results show that the robotic approach reduces the mean error of spinal curvature following for mild scoliosis from 4.6±4.6mm (manual scanning) to 1.0±0.8mm (robotic scanning); For moderate scoliosis from 4.3±3.9mm (manual scanning) to 2.8±1.8mm (robotic scanning). The angles of spinal deformity measured on spinal reconstruction images were similar for both methods, implying that they equally reflect human anatomy. The spinal region-specific moment-based probe orientation control showed to improve the scanning performance. An ablation study was performed to investigate the importance of each component of the proposed system."
A1,Robotic ultrasound / sonography,机器人超声 / 超声扫查,2021,full year,Force-guided autonomous robotic ultrasound scanning control method for soft uncertain environment,10.1007/s11548-021-02462-6,34373973.0,Europe PMC; OpenAlex,W3191221135; MED:34373973,https://doi.org/10.1007/s11548-021-02462-6,2021-08-09,article,International Journal of Computer Assisted Radiology and Surgery,Previously screened title-explicit set,173,"<h4>Purpose</h4>Autonomous ultrasound imaging by robotic ultrasound scanning systems in complex soft uncertain clinical environments is important and challenging to assist in therapy. To cope with the complex environment faced by the ultrasound probe during the scanning process, we propose an autonomous robotic ultrasound (US) control method based on reinforcement learning (RL) model to build the relationship between the environment and the system. The proposed method requires only contact force as input information to achieve robot control of the posture and contact force of the probe without any a priori information about the target and the environment.<h4>Methods</h4>First, an RL agent is proposed and trained by a policy gradient theorem-based RL model with the 6-degree-of-freedom (DOF) contact force of the US probe to learn the relationship between contact force and output force directly. Then, a force control strategy based on the admittance controller is proposed for synchronous force, orientation and position control by defining the desired contact force as the action space.<h4>Results</h4>The proposed method was evaluated via collected US images, contact force and scan trajectories by scanning an unknown soft phantom. The experimental results indicated that the proposed method differs from the free-hand scanned approach in the US images within 3 ± 0.4%. The analysis results of contact forces and trajectories indicated that our method could make stable scanning processes on a soft uncertain skin surface and obtained US images.<h4>Conclusion</h4>We propose a concise and efficient force-guided US robot scanning control method for soft uncertain environment based on reinforcement learning. Experimental results validated our method's feasibility and validity for complex skin surface scanning, and the volunteer experiments indicated the potential application value in the complex clinical environment of robotic US imaging system especially with limited visual information."
A1,Robotic ultrasound / sonography,机器人超声 / 超声扫查,2021,full year,Image-Guided Navigation of a Robotic Ultrasound Probe for Autonomous Spinal Sonography Using a Shadow-aware Dual-Agent Framework,10.1109/tmrb.2021.3127015,,OpenAlex; arXiv,W3209068503; 2111.02167v2; W3213118596,https://doi.org/10.1109/tmrb.2021.3127015,2021-11-03,preprint,arXiv (Cornell University),Previously screened title-explicit set,175,"Ultrasound (US) imaging is commonly used to assist in the diagnosis and interventions of spine diseases, while the standardized US acquisitions performed by manually operating the probe require substantial experience and training of sonographers. In this work, we propose a novel dual-agent framework that integrates a reinforcement learning (RL) agent and a deep learning (DL) agent to jointly determine the movement of the US probe based on the real-time US images, in order to mimic the decision-making process of an expert sonographer to achieve autonomous standard view acquisitions in spinal sonography. Moreover, inspired by the nature of US propagation and the characteristics of the spinal anatomy, we introduce a view-specific acoustic shadow reward to utilize the shadow information to implicitly guide the navigation of the probe toward different standard views of the spine. Our method is validated in both quantitative and qualitative experiments in a simulation environment built with US data acquired from 17 volunteers. The average navigation accuracy toward different standard views achieves 5.18mm/5.25deg and 12.87mm/17.49deg in the intra- and inter-subject settings, respectively. The results demonstrate that our method can effectively interpret the US images and navigate the probe to acquire multiple standard views of the spine."
A1,Robotic ultrasound / sonography,机器人超声 / 超声扫查,2021,full year,Learning Robotic Ultrasound Scanning Skills via Human Demonstrations and Guided Explorations,10.48550/arxiv.2111.01625,,OpenAlex; arXiv,2111.01625v1; W4309444529,https://doi.org/10.48550/arxiv.2111.01625,2021-11-02,preprint,arXiv (Cornell University),Previously screened title-explicit set,180,"Medical ultrasound has become a routine examination approach nowadays and is widely adopted for different medical applications, so it is desired to have a robotic ultrasound system to perform the ultrasound scanning autonomously. However, the ultrasound scanning skill is considerably complex, which highly depends on the experience of the ultrasound physician. In this paper, we propose a learning-based approach to learn the robotic ultrasound scanning skills from human demonstrations. First, the robotic ultrasound scanning skill is encapsulated into a high-dimensional multi-modal model, which takes the ultrasound images, the pose/position of the probe and the contact force into account. Second, we leverage the power of imitation learning to train the multi-modal model with the training data collected from the demonstrations of experienced ultrasound physicians. Finally, a post-optimization procedure with guided explorations is proposed to further improve the performance of the learned model. Robotic experiments are conducted to validate the advantages of our proposed framework and the learned models."
A1,Robotic ultrasound / sonography,机器人超声 / 超声扫查,2021,full year,Preliminary examination of the potential of robot-assisted sonography - An ergonomic tool for obstetric sonographers,10.1016/j.apergo.2021.103479,34126571.0,Europe PMC; OpenAlex,MED:34126571; W3169802070,https://doi.org/10.1016/j.apergo.2021.103479,2021-06-11,article,Applied Ergonomics,Previously screened title-explicit set,184,"The aim of this study was to explore the ergonomic challenges, the needs and reservations related to robot-assisted ultrasound for obstetric sonographers and thereby to provide information for the design of robotic solutions. A mixed-method design was used, where data from the obstetric sonographers and their immediate managers from 18 out of a Danish total of 20 obstetric departments was collected. The data was collected through a survey and interviews. 98.1% of the obstetric sonographers experienced ache, pain or discomfort related to scans. The most frequent cause for the sonographers' ergonomic challenges were the patients' physique (93,52%) and the need to obtain good image quality (83,33%). These reasons are non-controllable parameters for the obstetric sonographers and requires a solution, which ergonomically supports the sonographers in these situations. All of the interviewed obstetric sonographers (n = 8) and immediate managers (n = 3) claimed they were interested in testing a solution based on robot-assisted ultrasound."
A1,Robotic ultrasound / sonography,机器人超声 / 超声扫查,2021,full year,Probe contact forces during obstetric ultrasound scans - A design parameter for robot-assisted ultrasound,10.1016/j.ergon.2021.103224,,OpenAlex,W3199866477,https://doi.org/10.1016/j.ergon.2021.103224,2021-09-30,article,International Journal of Industrial Ergonomics,Previously screened title-explicit set,185,
A1,Robotic ultrasound / sonography,机器人超声 / 超声扫查,2021,full year,Quantitative Evaluation of a Telerobotic System for Vascular Ultrasound Measurement on a Short Arm Human Centrifuge,10.1007/s12217-020-09850-8,33519098.0,Europe PMC; OpenAlex,MED:33519098; W3121663886,https://doi.org/10.1007/s12217-020-09850-8,2021-01-23,article,Microgravity Science and Technology,Previously screened title-explicit set,186,"Artificial Gravity generated by Short Arm Human Centrifuges is a promising multi-system countermeasure for physiological deconditioning during long duration space flights. To allow a continuous assessment of cardiovascular hemodynamics during centrifugation, a telerobotic robotic system holding an ultrasound probe has been installed on a Short Arm Human Centrifuge. A feasibility study was conducted to define the use capabilities and limitations of such a novel method. The objective of this study is to estimate the reproducibility and precision of remotely controlled vascular ultrasound assessment under centrifugation by assessing peripheral vascular diameter and wall distension. Four repeated centrifugation runs of 5 min, with 2.4 g at feet level, were performed including a 15 min rest between each run for a group of eight healthy male volunteers. Vascular diameter and distention were assessed for the common carotid artery (CCA) and the femoral artery (FA) by ultrasound imaging using a 10 MHz linear array probe (Mylab1, Esaote). Ultrasound measurements were consecutively performed: a) by an expert user in hand-held mode in standing as well as supine position, b) using the telerobotic arm without centrifugation as baseline and c) using the telerobotic arm during centrifugation. Vascular responses were compared between baseline and under centrifugation. Inter-, intra-registration and group variability have been assessed for hand-held and remotely controlled examination. The results show that intra-registration variability, <i>σ</i> <sub>h</sub> , was always smaller than inter-registration variability, <i>σ</i> <sub>m</sub>, that is in turned smaller than the inter-subject variability <i>σ</i> <sub>g</sub> (<i>σ</i> <sub>h</sub> < <i>σ</i> <sub>m</sub> < <i>σ</i> <sub>g</sub>). Centrifugation caused no significant changes in CCA diameter but a lower carotid distension compared to manual and robotic ultrasound in supine position (<i>p</i> < 0.05). Femoral diameter was significantly decreased in hypergravity compared to robotic sonography without centrifugation. A good reproducibility and precision of the remotely controlled vascular ultrasound assessment under centrifugation could be demonstrated. In conclusion, arterial wall dynamics can be precisely assessed for the CCA and femoral artery during centrifugation using a telerobotic ultrasound measurement system. Potential improvements to further enhance reproducibility and safety of the system are discussed."
A1,Robotic ultrasound / sonography,机器人超声 / 超声扫查,2021,full year,RSV: Robotic Sonography for Thyroid Volumetry,10.1109/lra.2022.3146542,,OpenAlex; arXiv,W4210703720; 2112.06761v1; W4226269459,https://doi.org/10.1109/lra.2022.3146542,2021-12-13,article,IEEE Robotics and Automation Letters,Previously screened title-explicit set,187,"In nuclear medicine, radioiodine therapy is prescribed to treat diseases like hyperthyroidism. The calculation of the prescribed dose depends, amongst other factors, on the thyroid volume. This is currently estimated using conventional 2D ultrasound imaging. However, this modality is inherently user-dependant, resulting in high variability in volume estimations. To increase reproducibility and consistency, we uniquely combine a neural network-based segmentation with an automatic robotic ultrasound scanning for thyroid volumetry. The robotic acquisition is achieved by using a 6 DoF robotic arm with an attached ultrasound probe. Its movement is based on an online segmentation of each thyroid lobe and the appearance of the US image. During post-processing, the US images are segmented to obtain a volume estimation. In an ablation study, we demonstrated the superiority of the motion guidance algorithms for the robot arm movement compared to a naive linear motion executed by the robot in terms of volumetric accuracy. In a user study on a phantom, we compared conventional 2D ultrasound measurements with our robotic system. The mean volume measurement error of ultrasound expert users could be significantly decreased from$20.85\pm 16.10\%$to only$8.23\pm 3.10\%$compared to the ground truth. This tendency was observed even more in non-expert users where the mean error improvement with the robotic system was measured to be as high as 85% which clearly shows the advantages of the robotic support."
A1,Robotic ultrasound / sonography,机器人超声 / 超声扫查,2021,full year,RobUSt–An Autonomous Robotic Ultrasound System for Medical Imaging,10.1109/access.2021.3077037,,OpenAlex,W3159554907,https://doi.org/10.1109/access.2021.3077037,2021-01-01,article,IEEE Access,Previously screened title-explicit set,188,"Medical ultrasound (US) systems are widely used for the diagnosis of internal tissues. However, there are challenges associated with acquiring and interpreting US images, such as incorrect US probe placement and limited available spatial information. In this study, we expand the capabilities of medical US imaging using a robotic framework with a high level of autonomy. A 3D camera is used to capture the surface of an anthropomorphic phantom as a point cloud, which is then used for path planning and navigation of the US probe. Robotic positioning of the probe is realised using an impedance controller, which maintains stable contact with the surface during US scanning and compensates for uneven and moving surfaces. Robotic US positioning accuracy is measured to be 1.19± 0.76mm. The mean force along US probe z-direction is measured to be 6.11±1.18N on static surfaces and 6.63±2.18N on moving surfaces. Overall lowest measured force of 1.58N demonstrates constant probe-to-surface contact during scanning. Acquired US images are used for the 3D reconstruction and multi-modal visualization of the surface and the inner anatomical structures of the phantom. Finally, K-means clustering is used to segment different tissues. Best segmentation accuracy of the jugular vein according to Jaccard similarity coefficient is measured to be 0.89. With such an accuracy, this system could substantially improve autonomous US acquisition and enhance the diagnostic confidence of clinicians."
A1,Robotic ultrasound / sonography,机器人超声 / 超声扫查,2021,full year,Robotic Ultrasound Scanning With Real-Time Image-Based Force Adjustment: Quick Response for Enabling Physical Distancing During the COVID-19 Pandemic,10.3389/frobt.2021.645424,33829043.0,Europe PMC; OpenAlex,MED:33829043; W3139460796,https://doi.org/10.3389/frobt.2021.645424,2021-03-22,article,Frontiers in Robotics and AI,Previously screened title-explicit set,191,"During an ultrasound (US) scan, the sonographer is in close contact with the patient, which puts them at risk of COVID-19 transmission. In this paper, we propose a robot-assisted system that automatically scans tissue, increasing sonographer/patient distance and decreasing contact duration between them. This method is developed as a quick response to the COVID-19 pandemic. It considers the preferences of the sonographers in terms of how US scanning is done and can be trained quickly for different applications. Our proposed system automatically scans the tissue using a dexterous robot arm that holds US probe. The system assesses the quality of the acquired US images in real-time. This US image feedback will be used to automatically adjust the US probe contact force based on the quality of the image frame. The quality assessment algorithm is based on three US image features: correlation, compression and noise characteristics. These US image features are input to the SVM classifier, and the robot arm will adjust the US scanning force based on the SVM output. The proposed system enables the sonographer to maintain a distance from the patient because the sonographer does not have to be holding the probe and pressing against the patient's body for any prolonged time. The SVM was trained using bovine and porcine biological tissue, the system was then tested experimentally on plastisol phantom tissue. The result of the experiments shows us that our proposed quality assessment algorithm successfully maintains US image quality and is fast enough for use in a robotic control loop."
A1,Robotic ultrasound / sonography,机器人超声 / 超声扫查,2021,full year,Tele-operated robotic ultrasound system for medical diagnosis,10.1016/j.bspc.2021.102900,,OpenAlex,W3185513125,https://doi.org/10.1016/j.bspc.2021.102900,2021-07-16,article,Biomedical Signal Processing and Control,Previously screened title-explicit set,193,
A1,Robotic ultrasound / sonography,机器人超声 / 超声扫查,2021,full year,Three-Dimensional Carpal Arch Morphology Using Robot-Assisted Ultrasonography,10.1109/tbme.2021.3108720,34460363.0,Europe PMC; OpenAlex,MED:34460363; W3196345461,https://doi.org/10.1109/tbme.2021.3108720,2021-08-30,article,IEEE Transactions on Biomedical Engineering,Previously screened title-explicit set,194,"<h4>Objective</h4>The morphology of the carpal arch implicates the available space for the median nerve within the carpal tunnel. The purposes of this study were to 1) reconstruct the three-dimensional (3D) carpal arch by robot-assisted ultrasonography with a linear array transducer using cadaveric hands, and 2) investigate the 3D morphological properties of the carpal arch.<h4>Methods</h4>An ultrasound probe with two-dimensional (2D) linear array was integrated on a robotic arm and maneuvered over the cadaveric carpal tunnels to scan the entire transverse carpal ligament and its osseous attachments to carpal bones. The acquired series of 2D ultrasound images together with robot positioning were utilized to reconstruct the 3D carpal arch for morphometric analyses.<h4>Results</h4>Total carpal arch volume was 1099.4 ± 163.2 mm<sup>3</sup> with the distal, middle, and proximal regions contributing 18.2 ± 1.5%, 32.7 ± 1.2%, and 49.1 ± 2.3%, respectively. The ligament surface area was 420.1 ± 63.9 mm<sup>2</sup>. The carpal arch width, height, curvature, length, area, and palmar bowing index progressively increased from the distal to proximal locations within the tunnel (p < 0.01).<h4>Conclusion</h4>The incorporation of the robot technology with the ultrasound system advanced the applications of traditional 2D ultrasound imaging for a 3D carpal arch reconstruction, allowing for comprehensive morphological assessment of the carpal arch.<h4>Significance</h4>The developed workflow can be used for the reconstruction and analysis of other anatomical features in vivo."
A1,Robotic ultrasound / sonography,机器人超声 / 超声扫查,2021,full year,Towards Fully Autonomous Ultrasound Scanning Robot With Imitation Learning Based on Clinical Protocols,10.1109/lra.2021.3064283,,OpenAlex,W3135545534,https://doi.org/10.1109/lra.2021.3064283,2021-03-08,article,IEEE Robotics and Automation Letters,Previously screened title-explicit set,195,"Ultrasound scanning plays an important role in modern clinical examinations. Thanks to its small footprint, low cost, and popularity, it has been widely used in annual physical examinations and many other diagnosis and intervention procedures. However, the scanning results depend heavily on the clinician operators' skills, causing inconsistency and even false detection. A fully autonomous ultrasound scanning robot can be a promising solution, enabling consistent and accurate operation. In this letter, we propose a procedure-specified imitation learning framework based on clinical protocols to implement autonomous scanning tasks. Based on the targeted carotid artery examination procedure, we design a feature-based visual servo controller for both in-plane and out-of-plane feature tasks. A one-step-exploring (OSE) method is also designed to improve the robustness and transition smoothness in between tasks. The proposed methods are tested and validated with experiments on both medical phantom and human subjects. The results show that the proposed appraoch is able to significantly improve the success rate of procedure completion from 22.2% to 84.6% for the out-of-plane feature-based operation."
A1,Robotic ultrasound / sonography,机器人超声 / 超声扫查,2021,full year,Use of 3D Robotic Ultrasound for &lt;em&gt;In Vivo&lt;/em&gt; Analysis of Mouse Kidneys,10.3791/62682,34459826.0,Europe PMC; OpenAlex,MED:34459826; W3194833211; W4213021067,https://doi.org/10.3791/62682,2021-08-12,article,Journal of Visualized Experiments,Previously screened title-explicit set,197,"Common modalities for in vivo imaging of rodents include positron emission tomography (PET), computed tomography (CT), magnetic resonance imaging (MRI), and ultrasound (US). Each method has limitations and advantages, including availability, ease of use, cost, size, and the use of ionizing radiation or magnetic fields. This protocol describes the use of 3D robotic US for in vivo imaging of rodent kidneys and heart, subsequent data analysis, and possible research applications. Practical applications of robotic US are the quantification of total kidney volume (TKV), as well as the measurement of cysts, tumors, and vasculature. Although the resolution is not as high as other modalities, robotic US allows for more practical high throughput data collection. Furthermore, using US M-mode imaging, cardiac function may be quantified. Since the kidneys receive 20%-25% of the cardiac output, assessing cardiac function is critical to the understanding of kidney physiology and pathophysiology."
A1,Robotic ultrasound / sonography,机器人超声 / 超声扫查,2022,full year,A Flexible and Fully Autonomous Breast Ultrasound Scanning System,10.1109/tase.2022.3189339,,OpenAlex,W4285505126,https://doi.org/10.1109/tase.2022.3189339,2022-07-15,article,IEEE Transactions on Automation Science and Engineering,Previously screened title-explicit set,199,"The quality of breast ultrasound imaging is greatly affected by the contact force of the probe, which largely requires experienced sonographers to complete the clinical examination. We propose a flexible and fully autonomous ultrasound scanning system for breast ultrasound imaging. It consists of an ultrasound machine, a dual robotic arms system, a multi-structured light system, a human–computer interaction system, and a flexible ultrasound probe clamping device (FUPCD). First, the dynamics model of the FUPCD was analyzed, and a closed-loop force control strategy was established. We then implemented an automatic scanning system. The hysteresis characteristics of the FUPCD and transient response of the force controller were experimentally verified. The system could keep the steady-state error less than ± 5% within 0.5 s. Second, the performance of the control system to maintain constant contact force at different scanning speeds (Note to Practitioners—The motivation of this study is to solve the problem of poor image reproducibility in breast ultrasound scanning, but the proposed system can also be applied to ultrasound scanning of other parts of the body. The position, direction, and contact force of the ultrasound probe affects the image quality and repeatability of the ultrasound, thereby affecting the diagnostic ability. Therefore, we propose and develop a flexible and fully autonomous breast ultrasound scanning system. We aimed to improve the autonomy and stability of the scanning process by designing end-to-end automated scanning strategies, flexible clamping devices, and closed-loop force control strategies. Among them, the fully automatic three-dimensional perception and trajectory planning can provide global fitting capabilities to different forms of breast surfaces and control the probe to maintain the best contact posture. At the same time, the fully automatic workflow reduces additional interference and reduces the complexity of the workflow. The flexible ultrasound probe clamping device improves the passive applicability to flexible tissues and reduces the resistance in the scanning process. The closed-loop force control strategy can adjust the contact force in real time. Experiments verified that the repeatability could be evaluated by contact force. A series of human–machine comparison experiments verified the advancement and effectiveness of the system. In future research, we will further solve the problem of abnormalities and repeatability of ultrasound images acquired during the scanning process by combining the multi-modal feedback of images and forces."
A1,Robotic ultrasound / sonography,机器人超声 / 超声扫查,2022,full year,A Telerobotic Ultrasound Clinic Model of Ultrasound Service Delivery to Improve Access to Imaging in Rural and Remote Communities,10.1016/j.jacr.2021.07.023,35033305.0,Europe PMC; OpenAlex,MED:35033305; W4206000389,https://doi.org/10.1016/j.jacr.2021.07.023,2022-01-01,article,Journal of the American College of Radiology,Previously screened title-explicit set,200,"<h4>Objective</h4>Patients living in many rural and remote areas do not have readily available access to ultrasound services because of a lack of sonographers and radiologists in these communities. The objective of this study was to determine the feasibility of using telerobotic ultrasound to establish a service delivery model to remotely provide access to diagnostic ultrasound in rural and remote communities.<h4>Methods</h4>Telerobotic ultrasound clinics were developed in three remote communities more than 500 km away from our academic medical center. Sonographers remotely performed all ultrasound examinations using telerobotic ultrasound systems, and examinations were subsequently interpreted by radiologists at an academic medical center. Diagnostic performance was assessed by each interpreting radiologist using a standardized reporting form. Patient experience was assessed through quantitative and qualitative analysis of survey responses. Operational challenges and solutions were identified.<h4>Results</h4>Eighty-seven telerobotic ultrasound examinations were remotely performed and included in this study, with the most frequent examination types being abdominal (n = 35), first-trimester obstetrical (n = 26), and second-trimester complete obstetrical (n = 12). Across all examination types, 70% of telerobotic ultrasound examinations were sufficient for diagnosis, minimizing travel or reducing wait times for these patients. Ninety-five percent of patients would be willing to have another telerobotic ultrasound examination in the future. Operational challenges were related to technical infrastructure, human resources, and coordination between clinic sites.<h4>Conclusion</h4>Telerobotic ultrasound can provide access to diagnostic ultrasound services to underserved rural and remote communities without regular ultrasound services, thereby reducing disparities in access to care and improving health equity."
A1,Robotic ultrasound / sonography,机器人超声 / 超声扫查,2022,full year,A multimodal user interface for touchless control of robotic ultrasound,10.1007/s11548-022-02810-0,36565368.0,Europe PMC; OpenAlex,MED:36565368; W4312129163,https://doi.org/10.1007/s11548-022-02810-0,2022-12-24,article,International Journal of Computer Assisted Radiology and Surgery,Previously screened title-explicit set,202,"<h4>Purpose</h4>Past research contained the investigation and development of robotic ultrasound. In this context, interfaces which allow for interaction with the robotic system are of paramount importance. Few researchers have addressed the issue of developing non-tactile interaction approaches, although they could be beneficial for maintaining sterility during medical procedures. Interaction could be supported by multimodality, which has the potential to enable intuitive and natural interaction. To assess the feasibility of multimodal interaction for non-tactile control of a co-located robotic ultrasound system, a novel human-robot interaction concept was developed.<h4>Methods</h4>The medical use case of needle-based interventions under hybrid computed tomography and ultrasound imaging was analyzed by interviewing four radiologists. From the resulting workflow, interaction tasks were derived which include human-robot interaction. Based on this, characteristics of a multimodal, touchless human-robot interface were elaborated, suitable interaction modalities were identified, and a corresponding interface was developed, which was thereafter evaluated in a user study with eight participants.<h4>Results</h4>The implemented interface includes voice commands, combined with hand gesture control for discrete control and navigation interaction of the robotic US probe, respectively. The interaction concept was evaluated by the users in the form of a quantitative questionnaire with a average usability. Qualitative analysis of interview results revealed user satisfaction with the implemented interaction methods and potential improvements to the system.<h4>Conclusion</h4>A multimodal, touchless interaction concept for a robotic US for the use case of needle-based procedures in interventional radiology was developed, incorporating combined voice and hand gesture control. Future steps will include the integration of a solution for the missing haptic feedback and the evaluation of its clinical suitability."
A1,Robotic ultrasound / sonography,机器人超声 / 超声扫查,2022,full year,A-SEE: Active-Sensing End-Effector Enabled Probe Self-Normal-Positioning for Robotic Ultrasound Imaging Applications,10.1109/lra.2022.3218183,37325198.0,Europe PMC; OpenAlex,MED:37325198; W4309326651,https://doi.org/10.1109/lra.2022.3218183,2022-10-01,article,IEEE Robotics and Automation Letters,Previously screened title-explicit set,203,"Conventional manual ultrasound (US) imaging is a physically demanding procedure for sonographers. A robotic US system (RUSS) has the potential to overcome this limitation by automating and standardizing the imaging procedure. It also extends ultrasound accessibility in resource-limited environments with the shortage of human operators by enabling remote diagnosis. During imaging, keeping the US probe normal to the skin surface largely benefits the US image quality. However, an autonomous, real-time, low-cost method to align the probe towards the direction orthogonal to the skin surface without pre-operative information is absent in RUSS. We propose a novel end-effector design to achieve self-normal-positioning of the US probe. The end-effector embeds four laser distance sensors to estimate the desired rotation towards the normal direction. We then integrate the proposed end-effector with a RUSS system which allows the probe to be automatically and dynamically kept to normal direction during US imaging. We evaluated the normal positioning accuracy and the US image quality using a flat surface phantom, an upper torso mannequin, and a lung ultrasound phantom. Results show that the normal positioning accuracy is 4.17 ± 2.24 degrees on the flat surface and 14.67 ± 8.46 degrees on the mannequin. The quality of the RUSS collected US images from the lung ultrasound phantom was equivalent to that of the manually collected ones."
A1,Robotic ultrasound / sonography,机器人超声 / 超声扫查,2022,full year,Acoustic Shadowing Aware Robotic Ultrasound: Lighting up the Dark,10.1109/lra.2022.3141451,,OpenAlex,W4206018727,https://doi.org/10.1109/lra.2022.3141451,2022-01-10,article,IEEE Robotics and Automation Letters,Previously screened title-explicit set,205,"Ultrasound imaging is becoming more prevalent in clinical practice and research. To counteract the drawbacks of high user-dependency and difficult interpretability, ultrasound probes can be attached to robotic arms, enabling an increase in accuracy and repeatability. Currently, robotic ultrasound scans are mainly performed in a perpendicular manner. However, these scans create shadows below high-attenuation structures like bones due to acoustic shadowing, leading to an information loss in the scan. To counteract this and improve the compounding quality of robotic ultrasound scans, we introduce an ultrasound pose optimization method. In this initial work, we focus on the volume coverage of a region of interest and an acoustic shadowing reduction in this volume. Our proposed method is compared against perpendicular scans and random scans. Results show that the volume coverage sweep achieves higher coverage with the trade-off of more performed poses. In addition, the acoustic shadow reduction consistently leads to a higher coverage and confidence of the volumes when applied after a random or perpendicular scan, with a relatively small number of additional poses. Such context-aware volume scanning and path optimization can pave the path to standardized, fully automatic high-quality robotic ultrasound scans without the need for pre-acquired data and systematically reduces the occurrence of acoustic shadows."
A1,Robotic ultrasound / sonography,机器人超声 / 超声扫查,2022,full year,Automatic Generation of Autonomous Ultrasound Scanning Trajectory Based on 3-D Point Cloud,10.1109/tmrb.2022.3214493,,OpenAlex,W4309677235,https://doi.org/10.1109/tmrb.2022.3214493,2022-11-01,article,IEEE Transactions on Medical Robotics and Bionics,Previously screened title-explicit set,206,"The fusion of robotics and ultrasound scanning has been used to overcome the shortcomings of traditional ultrasound examinations, such as high variability and low repeatability of ultrasound images acquired by operators. However, there are huge differences in the surface morphology of different human bodies, and the current clinical practice still relies heavily on the manually generating a suitable scanning trajectory for the free-form surface. In this paper, a practical strategy for automatic generation of ultrasound scanning trajectory on breast surfaces is proposed, which can automatically and efficiently generate scanning trajectory for any free-form breast surface. First, the probe attitude and contact model of ultrasound automatic scanning are analyzed. Second, an end-to-end automatic trajectory generation workflow based on 3D point clouds is proposed. Furthermore, a trajectory point offset strategy considering skin deformation and a simultaneous double breast scanning strategy are proposed. In addition, a probe attitude normal admittance controller based on position inner loop control is designed. The experimental results show that the overall time of trajectory generation is less than 4 s. The automatic scanning is 30.84 times more stable in controlling the contact force than the manual scanning, which effectively improves the repeatability of the scanning."
A1,Robotic ultrasound / sonography,机器人超声 / 超声扫查,2022,full year,Clinical application of a 5G-based telerobotic ultrasound system for thyroid examination on a rural island: a prospective study,10.1007/s12020-022-03011-0,35182363.0,Europe PMC; OpenAlex,W4213060782; MED:35182363,https://doi.org/10.1007/s12020-022-03011-0,2022-02-18,article,Endocrine,Previously screened title-explicit set,207,"<h4>Purpose</h4>To evaluate the feasibility of a 5G-based telerobotic ultrasound (US) system for thyroid examination on a rural island.<h4>Methods</h4>From September 2020 to March 2021, this prospectively study enrolled a total of 139 patients (average age, 58.6 ± 12.7 years) included 33 males and 106 females, who underwent 5G-based telerobotic thyroid US examination by a tele-doctor at Shanghai Tenth People's Hospital and a conventional thyroid US examination at Chongming Second People's Hospital 84 km away. The clinical feasibility of 5G-based telerobotic US for thyroid examination were evaluated in terms of safety, duration, US image quality, diagnostic results, and questionnaire survey.<h4>Results</h4>92.8% of patients had no examination-related complaints. The average duration of the 5G-based telerobotic US examination was similar as that of conventional US examination (5.57 ± 2.20 min vs. 5.23 ± 2.1 min, P = 0.164). The image quality of telerobotic US correlated well with that of conventional US (4.63 ± 0.60 vs. 4.65 ± 0.61, P = 0.102). There was no significant difference between two types of US examination methods for the diameter measurement of the thyroid, cervical lymph nodes, and thyroid nodules. Two lymphadenopathies and 20 diffuse thyroid diseases were detected in two types of US methods. 124 thyroid nodules were detected by telerobotic US and 127 thyroid nodules were detected by conventional US. Among them, 122 were the same thyroid nodules. In addition, there were good consistency in the US features (component, echogenicity, shape, and calcification) and ACR TI-RADS category of the same thyroid nodules between telerobotic and conventional US examinations (ICC = 0.788-0.863). 85.6% of patients accepted the telerobotic US, and 87.1% were willing to pay extra fee for the telerobotic US.<h4>Conclusion</h4>The 5G-based telerobotic US system can be a routine diagnostic tool for thyroid examination for patients on a rural island."
A1,Robotic ultrasound / sonography,机器人超声 / 超声扫查,2022,full year,Current Applications of Robot-Assisted Ultrasound Examination,10.1016/j.jcmg.2022.07.018,36648034.0,Europe PMC; OpenAlex,W4306827115; MED:36648034,https://doi.org/10.1016/j.jcmg.2022.07.018,2022-10-19,article,JACC. Cardiovascular imaging,Previously screened title-explicit set,208,"Despite advances in miniaturization and automation, the need for expert acquisition of a full echocardiogram, including Doppler, has restricted access in remote areas. Recent developments in robotics, teleoperation, and upgraded telecommunications infrastructure may provide a solution to this deficiency. Robot-assisted teleoperated ultrasound examination can aid medical diagnosis in remote locations and may improve health inequalities between rural and urban settings. This review aimed to analyze the status of teleoperated robotic systems for ultrasound examinations, evaluate clinical and preclinical applications, identify limitations, and outline future directions for clinical use. Overall, robot-assisted teleoperated ultrasound is feasible and safe in the reported clinical and preclinical studies, with the robots able to follow the hand movements performed by sonographers and researchers from a distance or in local networks. Moreover, multiple types of ultrasound examinations have been performed in remote areas, with a high success rate nearly comparable to that of conventional sonography. The studies showed that although a low-bandwidth link can be used to control a robot, the bandwidth requirements for real-time transmission of video and ultrasound images are significantly higher. Furthermore, if haptic feedback is implemented, the bandwidth requirements are increased. Haptically enabled systems that improve robotic control are necessary for accelerating the introduction to clinical use. Haptic feedback and enhanced front-end interface control for remote users are vital aspects required for clinical application. The incorporation of artificial intelligence through either aiding in window acquisition (knowledge of anatomical landmarks to adjust scanning planes) or through measurement and disease identification is yet to be researched. However, it has the potential to lead to dramatic advances. A new generation of robots is in development, and several projects in the preclinical stage reveal a promising future to overcome the shortage of health professionals in remote areas."
A1,Robotic ultrasound / sonography,机器人超声 / 超声扫查,2022,full year,Development and Testing of a Durable and Novel Breast Phantom for Robotic Autonomous Ultrasound Systems,10.1142/s2424905x22410100,,OpenAlex,W4309324755,https://doi.org/10.1142/s2424905x22410100,2022-11-16,article,Journal of Medical Robotics Research,Previously screened title-explicit set,209,"For the safe and effective development of evolving autonomous medical robotic systems that traverse the surface of the body, like in breast ultrasound scans, developing phantoms that are durable and mechanically mimic human tissue is critical. In this work, a long lasting, inexpensive, and geometrically customizable phantom is described with mechanical and ultrasound acoustic properties that simulate human breast tissue. In comparison to prior work, a priority was designing a highly elastic phantom outer layer modulus 20 kPa and inner semi-liquid layer to mimic the difficulties of traversing human breast tissue with autonomous medical robotic systems. In addition, ultrasound images of the novel phantom with enclosed tumor are similar to in vivo image of human breast tissue with invasive ductal carcinoma, representing 80% of breast cancer cases. The performance of a force feedback controller on an autonomous ultrasound scanning system was compared for the novel phantom and a commercial phantom. Overall, the controller performed worse on the novel phantom — highlighting the importance of testing autonomous systems on realistic phantoms."
A1,Robotic ultrasound / sonography,机器人超声 / 超声扫查,2022,full year,Digital Twin-Based Skill Training With a Hands-On User Interaction Device to Assist in Manual and Robotic Ultrasound Scanning,10.1109/jrfid.2022.3205049,,OpenAlex,W4294982489,https://doi.org/10.1109/jrfid.2022.3205049,2022-01-01,article,IEEE Journal of Radio Frequency Identification,Previously screened title-explicit set,211,"Although teleconsultation and robot-based remote teleoperation in ultrasonography have facilitated reliable image acquisition, lack of training still seriously affects the accuracy of ultrasound diagnosis. In order to improve physicians’ scanning skills, a more efficient training process is needed. However, present ultrasound training methods, such as the training phantom, are too costly for individual training. To explore new methods for training, the combined use of vision-based location tracking, motion sensing, and virtual ultrasound generation methods was studied in this work to offer a more low-cost and intuitive interaction system for virtual ultrasound scanning. The feasibility of the proposed workflow was verified by a user study on simple tasks and a clinical evaluation on a virtual ultrasound examination of three fetal heart specimens. As a result, the proposed interaction device facilitated virtual ultrasound examination by making it more efficient and intuitive, according to objective and subjective measurements. Therefore, while virtual ultrasound provides great data extensibility, the proposed device provides a smooth interaction, making the system simple and cost-effective for the end user. It is therefore concluded that the proposed method could provide a promising education system for the trainee to understand standard views of echocardiography and the corresponding anatomical correlations."
A1,Robotic ultrasound / sonography,机器人超声 / 超声扫查,2022,full year,Economic Evaluation of Telerobotic Ultrasound Technology to Remotely Provide Ultrasound Services in Rural and Remote Communities,10.1002/jum.16070,35906950.0,Europe PMC; OpenAlex,W4288902617; MED:35906950,https://doi.org/10.1002/jum.16070,2022-07-30,article,Journal of Ultrasound in Medicine,Previously screened title-explicit set,213,"<h4>Introduction</h4>Telerobotic ultrasound technology allows radiologists and sonographers to remotely provide ultrasound services in underserved areas. This study aimed to compare costs associated with using telerobotic ultrasound to provide ultrasound services in rural and remote communities to costs associated with alternate models.<h4>Methods</h4>A cost-minimization approach was used to compare four ultrasound service delivery models: telerobotic ultrasound (Model 1), telerobotic ultrasound and an itinerant sonographer (Model 2), itinerant sonographer without telerobotic ultrasound (Model 3), and travel to another community for all exams (Model 4). In Models 1-3, travel was assumed when exams could not be successfully performed telerobotically or by an itinerant sonographer. A publicly funded healthcare payer perspective was used for the reference case and a societal perspective was used for a secondary non-reference case. Costs were based on the literature and experience using telerobotic ultrasound in Saskatchewan, Canada. Costs were expressed in 2020 Canadian dollars.<h4>Results</h4>Average cost per ultrasound exam was $342, $323, $368, and $478 for Models 1, 2, 3, and 4, respectively, from a publicly funded healthcare payer perspective, and $461, $355, $447, and $849, respectively, from a societal perspective. In one-way sensitivity analyses, Model 2 was the lowest cost from a payer perspective for communities with population >2075 people, distance >350 km from the nearest ultrasound facility, or >47% of the population eligible for publicly funded medical transportation.<h4>Conclusion</h4>Health systems may wish to consider solutions such as telerobotic ultrasound and itinerant sonographers to reduce healthcare costs and improve access to ultrasound in rural and remote communities."
A1,Robotic ultrasound / sonography,机器人超声 / 超声扫查,2022,full year,Precise Repositioning of Robotic Ultrasound: Improving Registration-Based Motion Compensation Using Ultrasound Confidence Optimization,10.1109/tim.2022.3200360,,OpenAlex; arXiv,2208.05383v2; W4292793935,https://doi.org/10.1109/tim.2022.3200360,2022-01-01,article,IEEE Transactions on Instrumentation and Measurement,Previously screened title-explicit set,221,"Robotic ultrasound (US) imaging has been seen as a promising solution to overcome the limitations of free-hand US examinations, i.e., interoperator variability. However, the fact that robotic US systems (RUSSs) cannot react to subject movements during scans limits their clinical acceptance. Regarding human sonographers, they often react to patient movements by repositioning the probe or even restarting the acquisition, in particular for the scans of anatomies with long structures like limb arteries. To realize this characteristic, we proposed a vision-based system to monitor the subject’s movement and automatically update the scan trajectory thus seamlessly obtaining a complete 3-D image of the target anatomy. The motion monitoring module is developed using the segmented object masks from RGB images. Once the subject is moved, the robot will stop and recompute a suitable trajectory by registering the surface point clouds of the object obtained before and after the movement using the iterative closest point (ICP) algorithm. Afterward, to ensure optimal contact conditions after repositioning US probe, a confidence-based fine-tuning process is used to avoid potential gaps between the probe and contact surface. Finally, the whole system is validated on a human-like arm phantom with an uneven surface, while the object segmentation network is also validated on volunteers. The results demonstrate that the presented system can react to object movements and reliably provide accurate 3-D images."
A1,Robotic ultrasound / sonography,机器人超声 / 超声扫查,2022,full year,ROBotic assisted UltraSonography sysTem (ROBUST)for radiographers in the healthcare industry,10.1016/j.jmir.2022.03.098,,OpenAlex,W4283276325,https://doi.org/10.1016/j.jmir.2022.03.098,2022-06-22,article,Journal of medical imaging and radiation sciences,Previously screened title-explicit set,223,
A1,Robotic ultrasound / sonography,机器人超声 / 超声扫查,2022,full year,Reliability of Robotic Ultrasound Scanning for Scoliosis Assessment in Comparison with Manual Scanning,10.48550/arxiv.2205.03566,,OpenAlex; arXiv,W4280573505; 2205.03566v1,https://doi.org/10.48550/arxiv.2205.03566,2022-05-07,preprint,arXiv (Cornell University),Previously screened title-explicit set,225,"Background: Ultrasound (US) imaging for scoliosis assessment is challenging for a non-experienced operator. The robotic scanning was developed to follow a spinal curvature with deep learning and apply consistent forces to the patient' back. Methods: 23 scoliosis patients were scanned with US devices both, robotically and manually. Two human raters measured each subject's spinous process angles (SPA) on robotic and manual coronal images. Results: The robotic method showed high intra- (ICC &gt; 0.85) and inter-rater (ICC &gt; 0.77) reliabilities. Compared with the manual method, the robotic approach showed no significant difference (p &lt; 0.05) when measuring coronal deformity angles. The MAD for intra-rater analysis lies within an acceptable range from 0 deg to 5 deg for a minimum of 86% and a maximum 97% of a total number of the measured angles. Conclusions: This study demonstrated that scoliosis deformity angles measured on ultrasound images obtained with robotic scanning are comparable to those obtained by manual scanning."
A1,Robotic ultrasound / sonography,机器人超声 / 超声扫查,2022,full year,Robot-assisted Ultrasound Reconstruction for Minimally Invasive Spine Surgery: from Bench-top to Pre-clinical Study,10.36227/techrxiv.21511521.v1,,OpenAlex,W4308718892,https://doi.org/10.36227/techrxiv.21511521.v1,2022-11-09,preprint,,Previously screened title-explicit set,226,"Objective: Robot-assisted ultrasound (US) system could potentially provide a non-radiative three-dimensional (3D) reconstruction for minimally invasive spine surgery. Despite promising studies on this technology, few researchers provide a comprehensive analysis with technical details. The performance is only showcased in one specific experimental setting without offering insight into robustness and generality of the approach by e.g. verifying performance in various testing scenarios. This limitation impedes the translation of this technology toward clinical practice. Therefore, this study provides a comprehensive assessment of the performance of robot-assisted US system. This study provides all essential technical details from experiments starting at the bench-top up to pre-clinical study. Methods: A hybrid control strategy was proposed to ensure continuous and smooth scanning, while a U-Net based US reconstruction framework was utilized to process the anatomic features automatically. Experiments were conducted on two synthetic spine phantoms and two ex-vivo cadavers. Results: The average deviation of scanning force was 2.84 ± 0.45 N on the synthetic phantom and 5.64 ± 1.10 N on the ex-vivo cadaver. The reconstruction yielded a mean 3D representation error of 1.28 ± 0.87 mm and 1.74 ± 0.89 mm for the synthetic and cadaveric experiments, respectively. Conclusion: The experiments indicated the proposed robot-assisted US system is feasible for relatively independent experiment settings, varying from laboratory experiments to pre-clinical studies. Significance: The developed system offers an improved understanding of the potential for this technology and paves the way for deploying the robotic US system towards in-vivo clinical study."
A1,Robotic ultrasound / sonography,机器人超声 / 超声扫查,2022,full year,Robotic CME in obese patients: advantage of robotic ultrasound scan for vascular dissection,10.1007/s11701-022-01398-6,35428945.0,Europe PMC; OpenAlex,W4224026819; MED:35428945,https://doi.org/10.1007/s11701-022-01398-6,2022-04-15,article,Journal of Robotic Surgery,Previously screened title-explicit set,227,"Complete mesocolic excision (CME) in right-sided colon cancers appears to confer oncological benefits compared to conventional colectomy. Identification of the superior mesenteric vein (SMV) remains challenging. We describe the novel use of intra-operative robotic ultrasound scan (rUSS) in obese patients (BMI ≥ 29). All consecutive patients having robotic CME for colon cancer between 2014 and 2017 were included in this retrospective cohort study. Data were recorded on an ethics approved prospective database and included patient demographics, clinical and oncological outcomes. Patients were divided into group 1 (BMI ≤ 28) and group 2 (BMI ≥ 29). SMV first approach was employed in all cases and SMV detection was aided using rUSS in group 2. Primary outcome was postoperative morbidity. Secondary outcomes included conversion rate, operative time and length of stay (LOS). 41 (group 1, median 66 years) were compared to 32 patients (group 2, median 63 years). There were no conversions to laparoscopy or laparotomy. Median operative times for group 2 were 30 min longer (186 vs. 216 min, p = 0.05). Overall morbidity was similar (20% vs. 19% in group 1 and 2, p = 0.26). There was no significant difference between the two groups with regard to LOS (median 7 vs. 6 days, p = 0.48), readmissions (2 vs. 5, p = 0.13), R0 resection rate (98% vs. 94%, p = 0.43) and lymph node harvest (median 31 vs. 30, p = 0.28).CME can be technically more challenging than conventional colectomy in obese patients and is associated with longer operative times. The use of rUSS in obese patients can help to identify SMV and allow safer dissection."
A1,Robotic ultrasound / sonography,机器人超声 / 超声扫查,2022,full year,Robotic ultrasound: An initial feasibility study,10.5662/wjm.v12.i4.274,36159101.0,Europe PMC; OpenAlex,W4285385385; MED:36159101,https://doi.org/10.5662/wjm.v12.i4.274,2022-07-14,article,World Journal of Methodology,Previously screened title-explicit set,228,"<h4>Background</h4>Performing ultrasound during the current pandemic time is quite challenging. To reduce the chances of cross-infection and keep healthcare workers safe, a robotic ultrasound system was developed, which can be controlled remotely. It will also pave way for broadening the reach of ultrasound in remote distant rural areas as well.<h4>Aim</h4>To assess the feasibility of a robotic system in performing abdominal ultrasound and compare it with the conventional ultrasound system.<h4>Methods</h4>A total of 21 healthy volunteers were recruited. Ultrasound was performed in two settings, using the robotic arm and conventional hand-held procedure. Images acquired were analyzed by separate radiologists.<h4>Results</h4>Our study showed that the robotic arm model was feasible, and the results varied based on the organ imaged. The liver images showed no significant difference. For other organs, the need for repeat imaging was higher in the robotic arm, which could be attributed to the radiologist's learning curve and ability to control the haptic device. The doctor and volunteer surveys also showed significant comfort with acceptance of the technology and they expressed their desire to use it in the future.<h4>Conclusion</h4>This study shows that robotic ultrasound is feasible and is the need of the hour during the pandemic."
A1,Robotic ultrasound / sonography,机器人超声 / 超声扫查,2022,full year,SAPM: Self-Adaptive Parallel Manipulator With Pose and Force Adjustment for Robotic Ultrasonography,10.1109/tie.2022.3220864,37323755.0,Europe PMC; OpenAlex,W4312892945; MED:37323755,https://doi.org/10.1109/tie.2022.3220864,2022-11-14,article,IEEE Transactions on Industrial Electronics,Previously screened title-explicit set,229,"Robotic ultrasonography potentially acts as an essential aid to medical diagnosis. To overcome the limitations in robotic ultrasonography, in this paper, we proposed a novel self-adaptive parallel manipulator (SAPM) that can automatically adjust the ultrasound (US) probe pose to adapt to various contours of scanned areas, provide approximate constant operating forces/torques, achieve mechanical measurement, and cushion undesired produced forces. A novel parallel adjustment mechanism is proposed to attain automatic pose adjustment with 3 degrees of freedom (DOFs). This mechanism enables the US probe to adapt to different scanned areas and to perform the scanning with approximate constant forces and torques. Besides, we present a mechanical measurement and safety protection method that can be integrated into the SAPM and used as operation status monitoring and early warning during scanning procedures by capturing operating forces and torques. Experiments were carried out to calibrate the measurement and buffer units and evaluate the performance of the SAPM. Experimental results show the ability of the SAPM to provide 3-DoFs motion and operating force/torque measurement and automatically adjust the US probe pose to capture US images of equally good quality compared to a manual sonographer scan. Moreover, it has characteristics similar to soft robots that could significantly improve operation safety, and could be extended to some other engineering or medical applications."
A1,Robotic ultrasound / sonography,机器人超声 / 超声扫查,2022,full year,Strategy for automatic ultrasound (US) probe positioning in robot-assisted ultrasound guided radiation therapy,10.1088/1361-6560/acaf46,36584398.0,Europe PMC; OpenAlex,MED:36584398; W4313339806,https://doi.org/10.1088/1361-6560/acaf46,2022-12-30,article,Physics in Medicine and Biology,Previously screened title-explicit set,231,"<i>Objective</i>. As part of image-guided radiotherapy, ultrasound-guided radiotherapy is currently already in use and under investigation for robot assisted systems Ipsen 2021. It promises a real-time tumor localization during irradiation (intrafractional) without extra dose. The ultrasound probe is held and guided by a robot. However, there is a lack of basic safety mechanisms and interaction strategies to enable a safe clinical procedure. In this study we investigate potential positioning strategies with safety mechanisms for a safe robot-human-interaction.<i>Approach</i>. A compact setup of ultrasound device, lightweight robot, tracking camera, force sensor and control computer were integrated in a software application to represent a potential USgRT setup. For the realization of a clinical procedure, positioning strategies for the ultrasound head with the help of the robot were developed, implemented, and tested. In addition, basic safety mechanisms for the robot have been implemented, using the integrated force sensor, and have been tested by intentional collisions.<i>Main results</i>. Various positioning methods from manual guidance to completely automated procedures were tested. Robot-guided methods achieved higher positioning accuracy and were faster in execution compared to conventional hand-guided methods. The developed safety mechanisms worked as intended and the detected collision force were below 20 N.<i>Significance</i>. The study demonstrates the feasibility of a new approach for safe robotic ultrasound imaging, with a focus on abdominal usage (liver, prostate, kidney). The safety measures applied here can be extended to other human-robot interactions and present the basic for further studies in medical applications."
A1,Robotic ultrasound / sonography,机器人超声 / 超声扫查,2022,full year,Towards Autonomous Atlas-Based Ultrasound Acquisitions in Presence of Articulated Motion,10.1109/lra.2022.3180440,,OpenAlex; arXiv,W4290855801; W4285194566; 2208.05399v1,https://doi.org/10.1109/lra.2022.3180440,2022-06-08,article,IEEE Robotics and Automation Letters,Previously screened title-explicit set,235,"Robotic ultrasound (US) imaging aims at overcoming some of the limitations of free-hand US examinations, e.g. difficulty in guaranteeing intra- and inter-operator repeatability. However, due to anatomical and physiological variations between patients and relative movement of anatomical substructures, it is challenging to robustly generate optimal trajectories to examine the anatomies of interest, in particular, when they comprise articulated joints. To address this challenge, this paper proposes a vision-based approach allowing autonomous robotic US limb scanning. To this end, an atlas MRI template of a human arm with annotated vascular structures is used to generate trajectories and register and project them onto patients’ skin surfaces for robotic US acquisition. To effectively segment and accurately reconstruct the targeted 3D vessel, we make use of spatial continuity in consecutive US frames by incorporating channel attention modules into a U-Net-type neural network. The automatic trajectory generation method is evaluated on six volunteers with various articulated joint angles. In all cases, the system can successfully acquire the planned vascular structure on volunteers’ limbs. For one volunteer the MRI scan was also available, which allows the evaluation of the average radius of the scanned artery from US images, resulting in a radius estimation ($\text{1.2} \pm \text{0.05 mm}$) comparable to the MRI ground truth ($\text{1.2} \pm \text{0.04 mm}$)."
A1,Robotic ultrasound / sonography,机器人超声 / 超声扫查,2022,full year,Towards Autonomous Robotic Minimally Invasive Ultrasound Scanning and Vessel Reconstruction on Non-Planar Surfaces,10.3389/frobt.2022.940062,36304794.0,Europe PMC; OpenAlex,W4304187370; MED:36304794,https://doi.org/10.3389/frobt.2022.940062,2022-10-11,article,Frontiers in Robotics and AI,Previously screened title-explicit set,236,"Autonomous robotic Ultrasound (US) scanning has been the subject of research for more than 2 decades. However, little work has been done to apply this concept into a minimally invasive setting, in which accurate force sensing is generally not available and robot kinematics are unreliable due to the tendon-driven, compliant robot structure. As a result, the adequate orientation of the probe towards the tissue surface remains unknown and the anatomy reconstructed from scan may become highly inaccurate. In this work we present solutions to both of these challenges: an attitude sensor fusion scheme for improved kinematic sensing and a visual, deep learning based algorithm to establish and maintain contact between the organ surface and the US probe. We further introduce a novel scheme to estimate and orient the probe perpendicular to the center line of a vascular structure. Our approach enables, for the first time, to autonomously scan across a non-planar surface and navigate along an anatomical structure with a robotically guided minimally invasive US probe. Our experiments on a vessel phantom with a convex surface confirm a significant improvement of the reconstructed curved vessel geometry, with our approach strongly reducing the mean positional error and variance. In the future, our approach could help identify vascular structures more effectively and help pave the way towards semi-autonomous assistance during partial hepatectomy and the potential to reduce procedure length and complication rates."
A1,Robotic ultrasound / sonography,机器人超声 / 超声扫查,2022,full year,Towards a real-time control of robotic ultrasound using haptic force feedback,10.1515/cdbme-2022-0021,,OpenAlex,W4288738263,https://doi.org/10.1515/cdbme-2022-0021,2022-07-01,article,Current Directions in Biomedical Engineering,Previously screened title-explicit set,237,"Abstract Ultrasound is a widely used imaging technique and is appreciated for its non-invasiveness, absence of radiation, widespread availability, and compact equipment. Ergonomic difficulties in manual handling of the probe could be enhanced by a robotic controlled ultrasound. The paper addresses the development of such a system which enables remote operation of a ultrasound probe and includes haptic force feedback as well as video conferencing components for visual feedback. The development process followed a user-centered approach by investigating needs of potential end-users. Preliminary results demonstrated the functionality of the developed system for generating medical image data under laboratory conditions."
A1,Robotic ultrasound / sonography,机器人超声 / 超声扫查,2023,full year,5G-Based Telerobotic Ultrasound System Improves Access to Breast Examination in Rural and Remote Areas: A Prospective and Two-Scenario Study,10.3390/diagnostics13030362,36766467.0,Europe PMC; OpenAlex,MED:36766467; W4317517871,https://doi.org/10.3390/diagnostics13030362,2023-01-18,article,Diagnostics,Previously screened title-explicit set,241,"<h4>Objective</h4>Ultrasound (US) plays an important role in the diagnosis and management of breast diseases; however, effective breast US screening is lacking in rural and remote areas. To alleviate this issue, we prospectively evaluated the clinical availability of 5G-based telerobotic US technology for breast examinations in rural and remote areas.<h4>Methods</h4>Between September 2020 and March 2021, 63 patients underwent conventional and telerobotic US examinations in a rural island (Scenario A), while 20 patients underwent telerobotic US examination in a mobile car located in a remote county (Scenario B) in May 2021. The safety, duration, US image quality, consistency, and acceptability of the 5G-based telerobotic US were assessed.<h4>Results</h4>In Scenario A, the average duration of the telerobotic US procedure was longer than that of conventional US (10.3 ± 3.3 min vs. 7.6 ± 3.0 min, <i>p</i> = 0.017), but their average imaging scores were similar (4.86 vs. 4.90, <i>p</i> = 0.159). Two cases of gynecomastia, one of lactation mastitis, and one of postoperative breast effusion were diagnosed and 32 nodules were detected using the two US methods. There was good interobserver agreement between the US features and BI-RADS categories of the identical nodules (ICC = 0.795-1.000). In Scenario B, breast nodules were detected in 65% of the patients using telerobotic US. Its average duration was 10.1 ± 2.3 min, and the average imaging score was 4.85. Overall, 90.4% of the patients were willing to choose telerobotic US in the future, and tele-sonologists were satisfied with 85.5% of the examinations.<h4>Conclusion</h4>The 5G-based telerobotic US system is feasible for providing effective breast examinations in rural and remote areas."
A1,Robotic ultrasound / sonography,机器人超声 / 超声扫查,2023,full year,A 5G-based telerobotic ultrasound system provides qualified abdominal ultrasound services for patients on a rural island: a prospective and comparative study of 401 patients,10.1007/s00261-023-04123-5,38102443.0,Europe PMC; OpenAlex,W4389778127; MED:38102443,https://doi.org/10.1007/s00261-023-04123-5,2023-12-15,article,Abdominal Radiology,Previously screened title-explicit set,242,"<h4>Purpose</h4>To explore the feasibility of a 5G-based telerobotic ultrasound (US) system for providing qualified abdominal US services on a rural island.<h4>Methods</h4>This prospective study involved two medical centers (the tele-radiologist site's hospital and the patient site's hospital) separated by 72 km. Patients underwent 5G-based telerobotic US by tele-radiologists and conventional US by on-site radiologists from September 2020 to March 2021. The clinical feasibility and diagnostic performance of the 5G-based telerobotic abdominal US examination were assessed based on safety, duration, image quality, diagnostic findings, and questionnaires.<h4>Results</h4>A total of 401 patients (217 women and 184 men; mean age, 54.96 ± 15.43 years) were enrolled. A total of 90.1% of patients indicated no discomfort with the telerobotic US examination. For the examination duration, telerobotic US took longer than conventional US (12.54 ± 3.20 min vs. 7.23 ± 2.10 min, p = 0.001). For image quality scores, the results of the two methods were similar (4.54 ± 0.63 vs. 4.57 ± 0.61, p = 0.112). No significant differences were found between the two methods in measurements for the aorta, portal vein, gallbladder, kidney (longitudinal diameter), prostate, and uterus; however, telerobotic US underestimated the transverse diameter of the kidney (p < 0.05). A total of 504 positive results, including 31 different diseases, were detected. Among them, 455 cases were identified by the two methods; 17 cases were identified by telerobotic US only; and 32 cases were identified by conventional US only. There was good consistency in the diagnosis of 29 types of disease between the two methods (κ = 0.773-1.000). Furthermore, more than 90% of patients accepted the telerobotic US examination and agreed to pay additional fees in future.<h4>Conclusion</h4>The 5G-based telerobotic US system can expand access to abdominal US services for patients in rural areas, thereby reducing health care disparities."
A1,Robotic ultrasound / sonography,机器人超声 / 超声扫查,2023,full year,APP-RUSS: Automated Path Planning for Robotic Ultrasound System,10.48550/arxiv.2310.14297,,OpenAlex; arXiv,W4387928969; 2310.14297v1,https://doi.org/10.48550/arxiv.2310.14297,2023-10-22,preprint,arXiv (Cornell University),Previously screened title-explicit set,245,"Autonomous robotic ultrasound System (RUSS) has been extensively studied. However, fully automated ultrasound image acquisition is still challenging, partly due to the lack of study in combining two phases of path planning: guiding the ultrasound probe to the scan target and covering the scan surface or volume. This paper presents a system of Automated Path Planning for RUSS (APP-RUSS). Our focus is on the first phase of automation, which emphasizes directing the ultrasound probe's path toward the target over extended distances. Specifically, our APP-RUSS system consists of a RealSense D405 RGB-D camera that is employed for visual guidance of the UR5e robotic arm and a cubic Bezier curve path planning model that is customized for delivering the probe to the recognized target. APP-RUSS can contribute to understanding the integration of the two phases of path planning in robotic ultrasound imaging, paving the way for its clinical adoption."
A1,Robotic ultrasound / sonography,机器人超声 / 超声扫查,2023,full year,Autonomous Robotic Ultrasound Vascular Imaging System With Decoupled Control Strategy for External-Vision-Free Environments,10.1109/tbme.2023.3279114,37227912.0,Europe PMC; OpenAlex,W4378195137; MED:37227912,https://doi.org/10.1109/tbme.2023.3279114,2023-05-25,article,IEEE Transactions on Biomedical Engineering,Previously screened title-explicit set,250,"<h4>Objective</h4>Ultrasound (US) probes scan over the surface of the human body to acquire US images in clinical vascular US diagnosis. However, due to the deformation and specificity of different human surfaces, the relationship between the scan trajectory of the skin and the internal tissues is not fully correlated, which poses a challenge for autonomous robotic US imaging in a dynamic and external-vision-free environment. Here, we propose a decoupled control strategy for autonomous robotic vascular US imaging in an environment without external vision.<h4>Methods</h4>The proposed system is divided into outer-loop posture control and inner-loop orientation control, which are separately determined by a deep learning (DL) agent and a reinforcement learning (RL) agent. First, we use a weakly supervised US vessel segmentation network to estimate the probe orientation. In the outer loop control, we use a force-guided reinforcement learning agent to maintain a specific angle between the US probe and the skin in the dynamic imaging processes. Finally, the orientation and the posture are integrated to complete the imaging process.<h4>Results</h4>Evaluation experiments on several volunteers showed that our RUS could autonomously perform vascular imaging in arms with different stiffness, curvature, and size without additional system adjustments. Furthermore, our system achieved reproducible imaging and reconstruction of dynamic targets without relying on vision-based surface information.<h4>Conclusion and significance</h4>Our system and control strategy provides a novel framework for the application of US robots in complex and external-vision-free environments."
A1,Robotic ultrasound / sonography,机器人超声 / 超声扫查,2023,full year,Autonomous Trajectory Planning for Ultrasound-Guided Real-Time Tracking of Suspicious Breast Tumor Targets,10.1109/tase.2023.3262844,,OpenAlex,W4362500678,https://doi.org/10.1109/tase.2023.3262844,2023-04-03,article,IEEE Transactions on Automation Science and Engineering,Previously screened title-explicit set,251,"Ultrasound image guidance could display the movement of soft tissue in real time, which provides an important basis for the operation path selection of tumor for examinations and interventions such as precise localization and puncture biopsy. However, factors such as tissue deformation, patient motion, and instrument contact pose great challenges for real-time smooth localization tracking of target tissues and maintaining a suitable acoustic window. Not only does it reduce the accuracy of ultrasound examination, but also may prolong the examination time. In this paper, a real-time autonomous ultrasound robot trajectory planning framework is proposed to achieve global scanning of breast tissue and real-time local tracking of suspicious tumor targets. In addition, an ultrasound suspicious tumor target next moment motion attitude and position estimation algorithm and an acceleration-continuous online trajectory generation (ACOTG) algorithm are proposed. Experiments on breast phantom showed that the fluctuation difference of both global scanning and tracking scanning force was less than 5 N$\pm$15%, and ACOTG takes less than 1 microsecond to calculate the next moment state. The position, velocity, and acceleration of the tracking path did not change abruptly when the unknown target changed. The ultrasound image of the suspected tumor target could always be smoothly maintained in a suitable acoustic window, while the errors between the center of the suspected tumor target image and the center of the acoustic window in the horizontal direction and the depth direction were less than$\pm$1 mm and 30 mm$\pm$10%, respectively.Note to Practitioners—The motivation of this study was to solve the clinical problem of difficulty in keeping the suspected breast tumor target stably in the center of the field of view under the influence of tissue deformation, patient motion and instrument contact in ultrasound guidance. We proposed the idea of global conventional scanning and local online tracking to achieve the autonomous scanning, detecting and tracking of suspicious tumor targets within the global scope of the breast. ACOTG algorithm is proposed and implemented, which can make the ultrasound image of suspicious tumor target can be displayed stably in the center of the acoustic window. With the help of this system, the accuracy of ultrasound examination can be improved and the time of examination can be reduced. The proposed system can also be applied to ultrasound scanning of other parts of the body."
A1,Robotic ultrasound / sonography,机器人超声 / 超声扫查,2023,full year,Bridging the simulation-to-real gap for AI-based needle and target detection in robot-assisted ultrasound-guided interventions,10.1186/s41747-023-00344-x,37332035.0,Europe PMC; OpenAlex,W4381149754; MED:37332035,https://doi.org/10.1186/s41747-023-00344-x,2023-06-19,article,European Radiology Experimental,Previously screened title-explicit set,253,"<h4>Background</h4>Artificial intelligence (AI)-powered, robot-assisted, and ultrasound (US)-guided interventional radiology has the potential to increase the efficacy and cost-efficiency of interventional procedures while improving postsurgical outcomes and reducing the burden for medical personnel.<h4>Methods</h4>To overcome the lack of available clinical data needed to train state-of-the-art AI models, we propose a novel approach for generating synthetic ultrasound data from real, clinical preoperative three-dimensional (3D) data of different imaging modalities. With the synthetic data, we trained a deep learning-based detection algorithm for the localization of needle tip and target anatomy in US images. We validated our models on real, in vitro US data.<h4>Results</h4>The resulting models generalize well to unseen synthetic data and experimental in vitro data making the proposed approach a promising method to create AI-based models for applications of needle and target detection in minimally invasive US-guided procedures. Moreover, we show that by one-time calibration of the US and robot coordinate frames, our tracking algorithm can be used to accurately fine-position the robot in reach of the target based on 2D US images alone.<h4>Conclusions</h4>The proposed data generation approach is sufficient to bridge the simulation-to-real gap and has the potential to overcome data paucity challenges in interventional radiology. The proposed AI-based detection algorithm shows very promising results in terms of accuracy and frame rate.<h4>Relevance statement</h4>This approach can facilitate the development of next-generation AI algorithms for patient anatomy detection and needle tracking in US and their application to robotics.<h4>Key points</h4>• AI-based methods show promise for needle and target detection in US-guided interventions. • Publicly available, annotated datasets for training AI models are limited. • Synthetic, clinical-like US data can be generated from magnetic resonance or computed tomography data. • Models trained with synthetic US data generalize well to real in vitro US data. • Target detection with an AI model can be used for fine positioning of the robot."
A1,Robotic ultrasound / sonography,机器人超声 / 超声扫查,2023,full year,Collaborative Robotic Ultrasound Tissue Scanning for Surgical Resection Guidance in Neurosurgery,10.48550/arxiv.2301.08174,,OpenAlex; arXiv,2301.08174v1; W4317672161,https://doi.org/10.48550/arxiv.2301.08174,2023-01-19,preprint,elib (German Aerospace Center),Previously screened title-explicit set,256,"The aim of this paper is to introduce a robotic platform for autonomous iUS tissue scanning to optimise intraoperative diagnosis and improve surgical resection during robot-assisted operations. To guide anatomy specific robotic scanning and generate a representation of the robot task space, fast and accurate techniques for the recovery of 3D morphological structures of the surgical cavity are developed. The prototypic DLR MIRO surgical robotic arm is used to control the applied force and the in-plane motion of the US transducer. A key application of the proposed platform is the scanning of brain tissue to guide tumour resection."
A1,Robotic ultrasound / sonography,机器人超声 / 超声扫查,2023,full year,Comparison of telerobotic and conventional ultrasonography in children: a crossover bicentric pilot study,10.21037/tp-22-569,37305713.0,Europe PMC; OpenAlex,MED:37305713; W4366968055,https://doi.org/10.21037/tp-22-569,2023-04-25,article,Translational Pediatrics,Previously screened title-explicit set,257,"<h4>Background</h4>The MELODY system allows for performing ultrasonography on a patient remotely and has been proposed to assess disease characteristics in the context of the coronavirus disease 2019 (COVID-19) pandemic. The aim of this interventional crossover study was to address the feasibility of the system in children aged 1 to 10 years old.<h4>Methods</h4>Children underwent ultrasonography with a telerobotic ultrasound system followed by a second conventional examination by a different sonographer.<h4>Results</h4>In total, 38 children were enrolled, and 76 examinations were performed, with 76 scans analyzed. The mean [standard deviation (SD)] age of participants was 5.7 (2.7) years (range, 1-10 years). We found substantial agreement between telerobotic and conventional ultrasonography [κ=0.74 (95% CI: 0.53-0.94), P<0.005]. The mean (SD) duration was longer for telerobotic than conventional examinations [26.0 (2.5) <i>vs.</i> 13.9 (11.2) min, P<0.0001]. Abdominal organs and abnormalities were similarly visualized on telerobotic and conventional ultrasonography. Cardiac echocardiography provided reliable diagnoses, with non-significantly different measurements with both techniques, although the visualization score was significantly higher with conventional than telerobotic ultrasonography (P<0.05). On lung analysis, both examinations identified consolidations and pleural effusion, whereas visualization and total lung score were similar with the 2 techniques. Overall, 45% of parents reported that their children felt less pressure with the telerobotic system.<h4>Conclusions</h4>Telerobotic ultrasonography may be effective, feasible, and well-tolerated in children."
A1,Robotic ultrasound / sonography,机器人超声 / 超声扫查,2023,full year,Compliant Joint Based Robotic Ultrasound Scanning System for Imaging Human Spine,10.1109/lra.2023.3300592,,OpenAlex,W4385453480,https://doi.org/10.1109/lra.2023.3300592,2023-08-01,article,IEEE Robotics and Automation Letters,Previously screened title-explicit set,258,"Robot-assisted ultrasound scanning acquires spatial-property labeled images under high consistency, holding the potential to reconstruct the volume with more intuitive images for examination and surgery guidance. Promisingly, the vertebral level identification, as a time-consuming procedure before spine surgery, can be achieved by robotic ultrasound systems. However, the quality of ultrasound images subjects to the conditions of the examination, including the probe placement, the ultrasound beam incidence angle and the applied contact force. Especially, the spine holds a long and narrow, multi-joint, chain-like structure which is not simply compliant to the probe, presenting challenges to acquire high quality images and keep safety. This letter presents a compliant joint based robotic ultrasound system (CJRUS) for imaging the human spine. A compliant joint based adjusting mechanism (CJAM) is attached to the robotic manipulator to adjust the contact force with patients. A floating scanning strategy is proposed for the manipulator to maintain a buffer zone from the human body and determine the pose of the probe indirectly from the collection of dorsal shape. Phantom experiments concluded that the system could provide inherent safety (the output force was constrained to 20 N by rotary buffer) and adaptive capacity (the settling time was < 1 s for targets with different stiffness and the maximum overshoot decreased 90% in prediction force control) to scanning objects. In human trials, the coronal slice of the reconstructed volume obtained by CJRUS showed comparative results as freehand scanning and equivalent image qualities evaluated by picture contrast and edge gradient. CJRUS is expected to play a significant role in radiation-free navigation of minimally invasive spinal surgery in the future."
A1,Robotic ultrasound / sonography,机器人超声 / 超声扫查,2023,full year,Correction: Bridging the simulation-to-real gap for AI-based needle and target detection in robot-assisted ultrasound-guided interventions.,10.1186/s41747-023-00367-4,37466737.0,Europe PMC,MED:37466737,https://doi.org/10.1186/s41747-023-00367-4,2023-07-19,,European radiology experimental,Previously screened title-explicit set,259,
A1,Robotic ultrasound / sonography,机器人超声 / 超声扫查,2023,full year,Deep Kernel and Image Quality Estimators for Optimizing Robotic Ultrasound Controller using Bayesian Optimization,10.1109/ismr57123.2023.10130193,,arXiv,2310.07392v1,http://arxiv.org/abs/2310.07392v1,2023-10-11,preprint,"arXiv [cs.RO, cs.LG]",Previously screened title-explicit set,260,"Ultrasound is a commonly used medical imaging modality that requires expert sonographers to manually maneuver the ultrasound probe based on the acquired image. Autonomous Robotic Ultrasound (A-RUS) is an appealing alternative to this manual procedure in order to reduce sonographers' workload. The key challenge to A-RUS is optimizing the ultrasound image quality for the region of interest across different patients. This requires knowledge of anatomy, recognition of error sources and precise probe position, orientation and pressure. Sample efficiency is important while optimizing these parameters associated with the robotized probe controller. Bayesian Optimization (BO), a sample-efficient optimization framework, has recently been applied to optimize the 2D motion of the probe. Nevertheless, further improvements are needed to improve the sample efficiency for high-dimensional control of the probe. We aim to overcome this problem by using a neural network to learn a low-dimensional kernel in BO, termed as Deep Kernel (DK). The neural network of DK is trained using probe and image data acquired during the procedure. The two image quality estimators are proposed that use a deep convolution neural network and provide real-time feedback to the BO. We validated our framework using these two feedback functions on three urinary bladder phantoms. We obtained over 50% increase in sample efficiency for 6D control of the robotized probe. Furthermore, our results indicate that this performance enhancement in BO is independent of the specific training dataset, demonstrating inter-patient adaptability."
A1,Robotic ultrasound / sonography,机器人超声 / 超声扫查,2023,full year,DopUS-Net: Quality-Aware Robotic Ultrasound Imaging Based on Doppler Signal,10.1109/tase.2023.3277331,,OpenAlex; arXiv,2305.08938v1; W4380607050; W4376988517,https://doi.org/10.1109/tase.2023.3277331,2023-05-15,article,IEEE Transactions on Automation Science and Engineering,Previously screened title-explicit set,262,"Medical ultrasound (US) is widely used to evaluate and stage vascular diseases, in particular for the preliminary screening program, due to the advantage of being radiation-free. However, automatic segmentation of small tubular structures (e.g., the ulnar artery) from cross-sectional US images is still challenging. To address this challenge, this paper proposes the DopUS-Net and a vessel re-identification module that leverage the Doppler effect to enhance the final segmentation result. Firstly, the DopUS-Net combines the Doppler images with B-mode images to increase the segmentation accuracy and robustness of small blood vessels. It incorporates two encoders to exploit the maximum potential of the Doppler signal and recurrent neural network modules to preserve sequential information. Input to the first encoder is a two-channel duplex image representing the combination of the grey-scale Doppler and B-mode images to ensure anatomical spatial correctness. The second encoder operates on the pure Doppler images to provide a region proposal. Secondly, benefiting from the Doppler signal, this work first introduces an online artery re-identification module to qualitatively evaluate the real-time segmentation results and automatically optimize the probe pose for enhanced Doppler images. This quality-aware module enables the closed-loop control of robotic screening to further improve the confidence and robustness of image segmentation. The experimental results demonstrate that the proposed approach with the re-identification process can significantly improve the accuracy and robustness of the segmentation results (Dice score: from$0.54$to$0.86$; intersection over union: from$0.47$to$0.78$).Note to Practitioners—The Doppler signal is important for the diagnosis of vascular disease, e.g., peripheral arterial disease, in clinical practices, nevertheless it is not of similar significance for state-of-the-art robotic ultrasound (US) examination systems yet. This paper explores various neural network structures to effectively extract the blood vessels from US images by incorporating the Doppler signal into the segmentation process. The final DopUS structure with two encoders extracting differentiated information from two different inputs and fusing the latent feature representations in the bottleneck layer can also inspire other tasks like multi-senor fusion. In addition, this work developed a Doppler-based tracker to assess the quality of the segmentation results in real-time. The assessment is subsequently used for a quality-aware module that enables closed-loop control of the robotic screening. Preliminary physical experiments suggest that the quality-aware robotic screening system can improve the confidence and robustness of autonomous US examination results. In the future, the Doppler signal could also be used to support clinical diagnosis. We believe the proposed quality-aware autonomous screening system is important for the development of large-scale robotic US screening programs. It will not only benefit the examination of limb arteries but also other vascular structures, e.g., carotid or aorta."
A1,Robotic ultrasound / sonography,机器人超声 / 超声扫查,2023,full year,Enabling Mammography with Co-Robotic Ultrasound,10.48550/arxiv.2312.10309,,OpenAlex; arXiv,2312.10309v1; W4389982797,https://doi.org/10.48550/arxiv.2312.10309,2023-12-16,preprint,arXiv (Cornell University),Previously screened title-explicit set,264,"Ultrasound (US) imaging is a vital adjunct to mammography in breast cancer screening and diagnosis, but its reliance on hand-held transducers often lacks repeatability and heavily depends on sonographers' skills. Integrating US systems from different vendors further complicates clinical standards and workflows. This research introduces a co-robotic US platform for repeatable, accurate, and vendor-independent breast US image acquisition. The platform can autonomously perform 3D volume scans or swiftly acquire real-time 2D images of suspicious lesions. Utilizing a Universal Robot UR5 with an RGB camera, a force sensor, and an L7-4 linear array transducer, the system achieves autonomous navigation, motion control, and image acquisition. The calibrations, including camera-mammogram, robot-camera, and robot-US, were rigorously conducted and validated. Governed by a PID force control, the robot-held transducer maintains a constant contact force with the compression plate during the scan for safety and patient comfort. The framework was validated on a lesion-mimicking phantom. Our results indicate that the developed co-robotic US platform promises to enhance the precision and repeatability of breast cancer screening and diagnosis. Additionally, the platform offers straightforward integration into most mammographic devices to ensure vendor-independence."
A1,Robotic ultrasound / sonography,机器人超声 / 超声扫查,2023,full year,Implicit Neural Representations for Breathing-compensated Volume Reconstruction in Robotic Ultrasound,10.48550/arxiv.2311.04999,,OpenAlex; arXiv,2311.04999v2; W4388584686,https://doi.org/10.48550/arxiv.2311.04999,2023-11-08,preprint,arXiv (Cornell University),Previously screened title-explicit set,267,"Ultrasound (US) imaging is widely used in diagnosing and staging abdominal diseases due to its lack of non-ionizing radiation and prevalent availability. However, significant inter-operator variability and inconsistent image acquisition hinder the widespread adoption of extensive screening programs. Robotic ultrasound systems have emerged as a promising solution, offering standardized acquisition protocols and the possibility of automated acquisition. Additionally, these systems enable access to 3D data via robotic tracking, enhancing volumetric reconstruction for improved ultrasound interpretation and precise disease diagnosis. However, the interpretability of 3D US reconstruction of abdominal images can be affected by the patient's breathing motion. This study introduces a method to compensate for breathing motion in 3D US compounding by leveraging implicit neural representations. Our approach employs a robotic ultrasound system for automated screenings. To demonstrate the method's effectiveness, we evaluate our proposed method for the diagnosis and monitoring of abdominal aorta aneurysms as a representative use case. Our experiments demonstrate that our proposed pipeline facilitates robust automated robotic acquisition, mitigating artifacts from breathing motion, and yields smoother 3D reconstructions for enhanced screening and medical diagnosis."
A1,Robotic ultrasound / sonography,机器人超声 / 超声扫查,2023,full year,Inverse-Reinforcement-Learning-Based Robotic Ultrasound Active Compliance Control in Uncertain Environments,10.1109/tie.2023.3250767,,OpenAlex,W4323338439,https://doi.org/10.1109/tie.2023.3250767,2023-03-06,article,IEEE Transactions on Industrial Electronics,Previously screened title-explicit set,268,"Robotic ultrasound systems (RUSs) have gained increasing attention because they can automate repetitive procedures and relieve operators’ workloads. However, the complexity and uncertainty of the human surface pose a challenge for stable scanning control. This article proposes a general active compliance control strategy based on inverse reinforcement learning (IRL) to perform adaptable scanning for uncertain and unstructured environments. We analyze the manual scanning process pattern and propose a velocity-and-force-related control strategy to achieve variable force control and handle unpredictable deformation. Then, a hybrid policy optimization framework is proposed to improve transferability. In this framework, a reinforcement learning policy with a predefined reward is built to establish the relationship between contact force and posture. Furthermore, the policy is re-optimized using IRL and generated demonstrations for IRL training. The policy is trained on simple standard phantoms and further evaluated for stability and transferability in unseen and complex environments. Quantitative results show that the difference between the proposed method and the three-dimensional (3-D) reconstructed model in terms of posture is (2.3±1.3°, 1.9±1.2°) in continuous scans. Overall, our method provides a solution for improving the usability of RUSs in real-world environments."
A1,Robotic ultrasound / sonography,机器人超声 / 超声扫查,2023,full year,Learning Autonomous Ultrasound via Latent Task Representation and Robotic Skills Adaptation,10.48550/arxiv.2307.13323,,OpenAlex; arXiv,W4385292373; 2307.13323v1,https://doi.org/10.48550/arxiv.2307.13323,2023-07-25,preprint,arXiv (Cornell University),Previously screened title-explicit set,269,"As medical ultrasound is becoming a prevailing examination approach nowadays, robotic ultrasound systems can facilitate the scanning process and prevent professional sonographers from repetitive and tedious work. Despite the recent progress, it is still a challenge to enable robots to autonomously accomplish the ultrasound examination, which is largely due to the lack of a proper task representation method, and also an adaptation approach to generalize learned skills across different patients. To solve these problems, we propose the latent task representation and the robotic skills adaptation for autonomous ultrasound in this paper. During the offline stage, the multimodal ultrasound skills are merged and encapsulated into a low-dimensional probability model through a fully self-supervised framework, which takes clinically demonstrated ultrasound images, probe orientations, and contact forces into account. During the online stage, the probability model will select and evaluate the optimal prediction. For unstable singularities, the adaptive optimizer fine-tunes them to near and stable predictions in high-confidence regions. Experimental results show that the proposed approach can generate complex ultrasound strategies for diverse populations and achieve significantly better quantitative results than our previous method."
A1,Robotic ultrasound / sonography,机器人超声 / 超声扫查,2023,full year,Motion Magnification in Robotic Sonography: Enabling Pulsation-Aware Artery Segmentation,10.48550/arxiv.2307.03698,,OpenAlex; arXiv,W4383860854; 2307.03698v1,https://doi.org/10.48550/arxiv.2307.03698,2023-07-07,preprint,arXiv (Cornell University),Previously screened title-explicit set,271,"Ultrasound (US) imaging is widely used for diagnosing and monitoring arterial diseases, mainly due to the advantages of being non-invasive, radiation-free, and real-time. In order to provide additional information to assist clinicians in diagnosis, the tubular structures are often segmented from US images. To improve the artery segmentation accuracy and stability during scans, this work presents a novel pulsation-assisted segmentation neural network (PAS-NN) by explicitly taking advantage of the cardiac-induced motions. Motion magnification techniques are employed to amplify the subtle motion within the frequency band of interest to extract the pulsation signals from sequential US images. The extracted real-time pulsation information can help to locate the arteries on cross-section US images; therefore, we explicitly integrated the pulsation into the proposed PAS-NN as attention guidance. Notably, a robotic arm is necessary to provide stable movement during US imaging since magnifying the target motions from the US images captured along a scan path is not manually feasible due to the hand tremor. To validate the proposed robotic US system for imaging arteries, experiments are carried out on volunteers' carotid and radial arteries. The results demonstrated that the PAS-NN could achieve comparable results as state-of-the-art on carotid and can effectively improve the segmentation performance for small vessels (radial artery)."
A1,Robotic ultrasound / sonography,机器人超声 / 超声扫查,2023,full year,Nerve Block Target Localization and Needle Guidance for Autonomous Robotic Ultrasound Guided Regional Anesthesia,10.48550/arxiv.2308.03717,,OpenAlex; arXiv,W4385682153; 2308.03717v2,https://doi.org/10.48550/arxiv.2308.03717,2023-08-07,preprint,arXiv (Cornell University),Previously screened title-explicit set,273,"Visual servoing for the development of autonomous robotic systems capable of administering UltraSound (US) guided regional anesthesia requires real-time segmentation of nerves, needle tip localization and needle trajectory extrapolation. First, we recruited 227 patients to build a large dataset of 41,000 anesthesiologist annotated images from US videos of brachial plexus nerves and developed models to localize nerves in the US images. Generalizability of the best suited model was tested on the datasets constructed from separate US scanners. Using these nerve segmentation predictions, we define automated anesthesia needle targets by fitting an ellipse to the nerve contours. Next, we developed an image analysis tool to guide the needle toward their targets. For the segmentation of the needle, a natural RGB pre-trained neural network was first fine-tuned on a large US dataset for domain transfer and then adapted for the needle using a small dataset. The segmented needle trajectory angle is calculated using Radon transformation and the trajectory is extrapolated from the needle tip. The intersection of the extrapolated trajectory with the needle target guides the needle navigation for drug delivery. The needle trajectory average error was within acceptable range of 5 mm as per experienced anesthesiologists. The entire dataset has been released publicly for further study by the research community at https://github.com/Regional-US/"
A1,Robotic ultrasound / sonography,机器人超声 / 超声扫查,2023,full year,Path Re-planning for Robotic Ultrasound Imaging of Bony Structures,10.36227/techrxiv.23599437.v1,,OpenAlex,W4383820524; W4383695705,https://doi.org/10.36227/techrxiv.23599437.v1,2023-07-10,preprint,,Previously screened title-explicit set,276,"&lt;p&gt;Ultrasound (US) scanning has become increasingly popular in the medical industry as it provides radiation-free, compact and real time imaging solutions for diagnosis and intraoperative navigation during interventions such as pedicle screw placement (PSP). Robotic ultrasound scanning systems have shown to increase the imaging quality by maintaining constant contact between the US probe and the skin surface. To image bones, US waves travel through the skin and reflect or deflect on the bone depending on the inclination of the surface. Reflection and hence intensity of the image is maximal when the incident US wave is perpendicular to the bone surface. Therefore, optimising the orientation of the US probe with respect to the underlying anatomy could be especially beneficial in visualising complex bony structures such as the lumbar spine in which features such as the spinous process are rarely visualised when scanning at an angle perpendicular to the skin. Therefore, this abstract presents a robotic path planning approach that optimises the orientation of the US probe to maximise the ultrasound image quality and hence the resulting 3D reconstructions of complex bony structures such as the lumbar spine.&lt;/p&gt;"
A1,Robotic ultrasound / sonography,机器人超声 / 超声扫查,2023,full year,RUSOpt: Robotic UltraSound Probe Normalization with Bayesian Optimization for In-plane and Out-plane Scanning,10.1109/case56687.2023.10260479,,arXiv,2310.03406v1,http://arxiv.org/abs/2310.03406v1,2023-10-05,preprint,"arXiv [cs.RO, cs.LG]",Previously screened title-explicit set,277,"The one of the significant challenges faced by autonomous robotic ultrasound systems is acquiring high-quality images across different patients. The proper orientation of the robotized probe plays a crucial role in governing the quality of ultrasound images. To address this challenge, we propose a sample-efficient method to automatically adjust the orientation of the ultrasound probe normal to the point of contact on the scanning surface, thereby improving the acoustic coupling of the probe and resulting image quality. Our method utilizes Bayesian Optimization (BO) based search on the scanning surface to efficiently search for the normalized probe orientation. We formulate a novel objective function for BO that leverages the contact force measurements and underlying mechanics to identify the normal. We further incorporate a regularization scheme in BO to handle the noisy objective function. The performance of the proposed strategy has been assessed through experiments on urinary bladder phantoms. These phantoms included planar, tilted, and rough surfaces, and were examined using both linear and convex probes with varying search space limits. Further, simulation-based studies have been carried out using 3D human mesh models. The results demonstrate that the mean ($\pm$SD) absolute angular error averaged over all phantoms and 3D models is $\boldsymbol{2.4\pm0.7^\circ}$ and $\boldsymbol{2.1\pm1.3^\circ}$, respectively."
A1,Robotic ultrasound / sonography,机器人超声 / 超声扫查,2023,full year,Robot-assisted ultrasound reconstruction for spine surgery: from bench-top to pre-clinical study,10.1007/s11548-023-02932-z,37171662.0,Europe PMC; OpenAlex,W4313892500; MED:37171662; W4308644651; W4376225447,https://doi.org/10.1007/s11548-023-02932-z,2023-05-12,article,International Journal of Computer Assisted Radiology and Surgery,Previously screened title-explicit set,278,"&lt;p&gt;Purpose: Robot-assisted ultrasound (US) systems could be used to provide a non-radiative three-dimensional (3D) reconstruction that can form the basis for guiding spine surgical procedures. Despite promising studies on this technology, there are few studies that offer insight into the robustness and generality of the approach by e.g. verifying performance in various testing scenarios. Therefore, this study provides an assessment of the robot-assisted US system, with technical details from experiments starting at the bench-top up to the pre-clinical study.&lt;/p&gt; &lt;p&gt;Methods: A semi-automatic control strategy is proposed to ensure continuous and smooth scanning. Next, a method based on U-Net was developed to automatically process the anatomic features and derive a high quality 3D US reconstruction. Experiments on phantoms and human cadavers validate the proposed approach.&lt;/p&gt; &lt;p&gt;Results: Average deviations of scanning force were found of 2.84 ± 0.45 N on synthetic phantoms and of 5.64 ± 1.10 N on human cadavers. The reconstruction yielded a mean 3D representation error of 1.28 ± 0.87 mm for the synthetic phantoms and of 1.74 ± 0.89 mm for the human cadavers.&lt;/p&gt; &lt;p&gt;Conclusion: These results show the proposed system has high safety performance and could keep the probe force stable within the range of 1 N to obtain a good reconstruction. The experiments indicate that the proposed robotassisted US approach works in quite different experimental settings. The results encourage to also explore the potential of this technology in in-vivo studies.&lt;/p&gt;"
A1,Robotic ultrasound / sonography,机器人超声 / 超声扫查,2023,full year,Robotic Sonographer: Autonomous Robotic Ultrasound using Domain Expertise in Bayesian Optimization,10.1109/icra48891.2023.10161542,,arXiv,2307.02442v1,http://arxiv.org/abs/2307.02442v1,2023-07-05,preprint,arXiv [cs.RO],Previously screened title-explicit set,279,"Ultrasound is a vital imaging modality utilized for a variety of diagnostic and interventional procedures. However, an expert sonographer is required to make accurate maneuvers of the probe over the human body while making sense of the ultrasound images for diagnostic purposes. This procedure requires a substantial amount of training and up to a few years of experience. In this paper, we propose an autonomous robotic ultrasound system that uses Bayesian Optimization (BO) in combination with the domain expertise to predict and effectively scan the regions where diagnostic quality ultrasound images can be acquired. The quality map, which is a distribution of image quality in a scanning region, is estimated using Gaussian process in BO. This relies on a prior quality map modeled using expert's demonstration of the high-quality probing maneuvers. The ultrasound image quality feedback is provided to BO, which is estimated using a deep convolution neural network model. This model was previously trained on database of images labelled for diagnostic quality by expert radiologists. Experiments on three different urinary bladder phantoms validated that the proposed autonomous ultrasound system can acquire ultrasound images for diagnostic purposes with a probing position and force accuracy of 98.7% and 97.8%, respectively."
A1,Robotic ultrasound / sonography,机器人超声 / 超声扫查,2023,full year,Style Transfer Enabled Sim2Real Framework for Efficient Learning of Robotic Ultrasound Image Analysis Using Simulated Data,10.48550/arxiv.2305.09169,,OpenAlex; arXiv,W4376988762; 2305.09169v1,https://doi.org/10.48550/arxiv.2305.09169,2023-05-16,preprint,arXiv (Cornell University),Previously screened title-explicit set,280,"Robotic ultrasound (US) systems have shown great potential to make US examinations easier and more accurate. Recently, various machine learning techniques have been proposed to realize automatic US image interpretation for robotic US acquisition tasks. However, obtaining large amounts of real US imaging data for training is usually expensive or even unfeasible in some clinical applications. An alternative is to build a simulator to generate synthetic US data for training, but the differences between simulated and real US images may result in poor model performance. This work presents a Sim2Real framework to efficiently learn robotic US image analysis tasks based only on simulated data for real-world deployment. A style transfer module is proposed based on unsupervised contrastive learning and used as a preprocessing step to convert the real US images into the simulation style. Thereafter, a task-relevant model is designed to combine CNNs with vision transformers to generate the task-dependent prediction with improved generalization ability. We demonstrate the effectiveness of our method in an image regression task to predict the probe position based on US images in robotic transesophageal echocardiography (TEE). Our results show that using only simulated US data and a small amount of unlabelled real data for training, our method can achieve comparable performance to semi-supervised and fully supervised learning methods. Moreover, the effectiveness of our previously proposed CT-based US image simulation method is also indirectly confirmed."
A1,Robotic ultrasound / sonography,机器人超声 / 超声扫查,2023,full year,Superficial venous morphometry in the antecubital fossa: An autonomous robotic ultrasound-based analysis,10.1177/11297298231186651,37448206.0,Europe PMC; OpenAlex,MED:37448206; W4384276957,https://doi.org/10.1177/11297298231186651,2023-07-13,article,The Journal of Vascular Access,Previously screened title-explicit set,281,"<h4>Background</h4>The antecubital fossa is an important site for venepuncture and intravenous procedures. The size and location of a vein can affect the success of venepuncture and intravenous access. Several studies have investigated the superficial vein morphometry, but they had small sample sizes or focused on specific populations or groups. Therefore, we conducted a prospective study with large participants in general population to analyse the morphology of the antecubital superficial vein and identify the association of sex, age and body mass index (BMI) with the size and location of the vein.<h4>Methods</h4>This study collected images of superficial veins prospectively using autonomous robotic ultrasound on the antecubital area between October and November 2020. We measured the superficial vein depth, vertical diameter and horizontal diameter at the antecubital area, extracted population characteristics (sex, age and BMI), and analysed a relationship between the vein dimensions and the characteristics.<h4>Results</h4>In this study, data from 461 participants (201 males and 260 females) with mean age of 41.1 years were produced. The mean vein depth, mean vertical diameter and mean horizontal diameter (±standard deviation) were 4.81 (±2.17), 3.01 (±1.10) and 4.46 (±1.60) mm, respectively. We found significant differences in vein dimensions between males and females, with males having larger vertical and horizontal diameters than females (<i>p</i> < 0.001). The study also revealed significant differences in vein depth and dimensions among age groups and BMI subgroups (<i>p</i> < 0.001).<h4>Conclusions</h4>These findings revealed that the superficial vein in the antecubital area was oval, with a larger horizontal diameter than vertical diameter. Morphometry revealed differences in sex, age and BMI. Understanding variations in vein dimensions among different subgroups can help medical professionals improve success rate of venous access and patient safety."
A1,Robotic ultrasound / sonography,机器人超声 / 超声扫查,2023,full year,Task Space Compliant Control and Six-Dimensional Force Regulation Toward Automated Robotic Ultrasound Imaging,10.1109/tase.2023.3282974,,OpenAlex,W4380318419,https://doi.org/10.1109/tase.2023.3282974,2023-06-12,article,IEEE Transactions on Automation Science and Engineering,Previously screened title-explicit set,282,"Objective:We propose a general control framework for task space compliant motion and six-dimensional (6-D) force regulation towards automated robotic ultrasound (US) imaging. The framework endows a position-controlled robotic manipulator with the capability of accurate compliant motion in free space and accurate force control in motion-constrained environment.Methods:An intuitive six degree-of-freedom (6-DoF) admittance control model expressed in an arbitrary Cartesian body frame is mathematically derived with closed-form task space error mapping. Its practical implementation on widely-used collaborative manipulators is proposed to achieve full task space compliant behaviors and accurate 6-D force control. A hybrid control law is presented to achieve good motion accuracy in free space and improved coupled stability in motion-constrained environment. The coupled model of physical human-robot interaction is established and the reason for the improved coupled stability is analyzed through simulation.Results:Evaluation experiments on the proposed control framework were performed to show the effectiveness. The mean error of compliant trajectory following was less than 0.30 mm in free space. The mean relative force and moment control accuracy in three orthogonal directions was better than 0.5% and 0.8%, respectively. The improved coupled stability under the same model parameters was also confirmed by human-robot interaction experiments. Finally, an automated robotic US imaging experiment on a human volunteer in a real clinical scenario was carried out to show the potential application of our proposed framework.Conclusion:Experimental results have shown the advantages of the control framework, including satisfied force control accuracy, high accuracy of compliant motion, improved coupled stability, and system effectiveness on a human volunteer.Note to Practitioners—This paper was motivated by the increasing needs of automated ultrasound (US) scanning for both diagnostic and interventional purpose. Clinical sonographers suffer from repeated workload when performing diagnostic US imaging, which could benefit from automated robotic scanning. Robotic US imaging involves physical interaction between the robot end-effector (i.e., US transducer) and the human body. The dynamics of the interaction is regulated by the control law to guarantee the contact of the US transducer and the safety of the procedure. Most existing works have focused on regulating in-plane contact force in terms of the position without considering the compliance in other dimensions. However, it is not a trivial work to extend the positional compliance to six degree-of-freedom (6-DoF) compliance. As the prevalence of low-cost collaborative robotic arms in medical scenarios, how to perform 6-DoF compliant trajectory following and accurate six-dimensional (6-D) force control on these robotic arms becomes increasingly important. This paper gives a complete general solution to achieve 6-DoF compliant control and 6-D force regulation with accurate kinematics on a position-controlled robotic arm. A hybrid control law is proposed to switch the government of “instantaneous model” and “theoretical model” to achieve compliant motion accuracy in free space and improved coupled stability in motion-constrained environment. No expensive torque sensors and torque control interface are required. And no prior geometric knowledge about the scanning object is needed. We have demonstrated the application for robotic US imaging in a real clinical scenario."
A1,Robotic ultrasound / sonography,机器人超声 / 超声扫查,2023,full year,Towards Safe and Collaborative Robotic Ultrasound Tissue Scanning in Neurosurgery,10.48550/arxiv.2312.08409,,OpenAlex; arXiv,W4389814149; 2312.08409v2,https://doi.org/10.48550/arxiv.2312.08409,2023-12-13,preprint,arXiv (Cornell University),Previously screened title-explicit set,284,"Intraoperative ultrasound imaging is used to facilitate safe brain tumour resection. However, due to challenges with image interpretation and the physical scanning, this tool has yet to achieve widespread adoption in neurosurgery. In this paper, we introduce the components and workflow of a novel, versatile robotic platform for intraoperative ultrasound tissue scanning in neurosurgery. An RGB-D camera attached to the robotic arm allows for automatic object localisation with ArUco markers, and 3D surface reconstruction as a triangular mesh using the ImFusion Suite software solution. Impedance controlled guidance of the US probe along arbitrary surfaces, represented as a mesh, enables collaborative US scanning, i.e., autonomous, teleoperated and hands-on guided data acquisition. A preliminary experiment evaluates the suitability of the conceptual workflow and system components for probe landing on a custom-made soft-tissue phantom. Further assessment in future experiments will be necessary to prove the effectiveness of the presented platform."
A1,Robotic ultrasound / sonography,机器人超声 / 超声扫查,2023,full year,Towards a Simple Framework of Skill Transfer Learning for Robotic Ultrasound-guidance Procedures,10.48550/arxiv.2305.04004,,OpenAlex; arXiv,2305.04004v1; W4375957570,https://doi.org/10.48550/arxiv.2305.04004,2023-05-06,preprint,arXiv (Cornell University),Previously screened title-explicit set,285,"In this paper, we present a simple framework of skill transfer learning for robotic ultrasound-guidance procedures. We briefly review challenges in skill transfer learning for robotic ultrasound-guidance procedures. We then identify the need of appropriate sampling techniques, computationally efficient neural networks models that lead to the proposal of a simple framework of skill transfer learning for real-time applications in robotic ultrasound-guidance procedures. We present pilot experiments from two participants (one experienced clinician and one non-clinician) looking for an optimal scanning plane of the four-chamber cardiac view from a fetal phantom. We analysed ultrasound image frames, time series of texture image features and quaternions and found that the experienced clinician performed the procedure in a quicker and smoother way compared to lengthy and non-constant movements from non-clinicians. For future work, we pointed out the need of pruned and quantised neural network models for real-time applications in robotic ultrasound-guidance procedure. The resources to reproduce this work are available at \url{https://github.com/mxochicale/rami-icra2023}."
A1,Robotic ultrasound / sonography,机器人超声 / 超声扫查,2024,full year,3D Image Reconstruction Using Force-Controlled Robot-Assisted Ultrasound Scanning.,10.1109/embc53108.2024.10781744,40039920.0,Europe PMC,MED:40039920,https://doi.org/10.1109/embc53108.2024.10781744,2024-07-01,,Annual International Conference of the IEEE Engineering in Medicine and Biology Society. IEEE Engineering in Medicine and Biology Society. Annual International Conference,Previously screened title-explicit set,288,"Ultrasound (US) is a valuable tool for imaging anatomical structures and tissue characteristics due to its noninvasive nature, real-time imaging capabilities, and wide accessibility. Accurate positioning and defined application of pressure with the US probe play a significant role in US imaging. Robot-assisted US imaging can address these issues and additionally facilitate three-dimensional (3D) reconstruction of US images, providing a deeper understanding of tissue structures. Therefore, this paper focuses on the fundamental step of acquiring US images and reconstructing US volumes through the integration of a US system with a collaborative robot. The paper demonstrates that force-controlled images can be acquired with high accuracy and that 3D images can be accurately reconstructed to closely match real-world measurements. The utilization of the DICOM standard enhances the performance of robot-assisted 3D reconstruction in this preliminary phase by enabling image extraction and pose data embedding. Furthermore, tissue elasticity is a critical factor in various medical applications, and accurate measurement of tissue stiffness is essential for prosthesis fitting, requiring innovative approaches such as shear wave elastography (SWE) in addition to conventional US imaging. Therefore, this paper also lays the groundwork for future efforts in 3D reconstruction of SWE images with the aim of refining tissue modeling for prosthetic fitting and diagnostics."
A1,Robotic ultrasound / sonography,机器人超声 / 超声扫查,2024,full year,A Multimodal Point Cloud-Based Method for Tumor Localization in Robotic Ultrasound-Guided Radiotherapy,10.1177/15330338241273149,39155658.0,Europe PMC; OpenAlex,MED:39155658; W4401708948,https://doi.org/10.1177/15330338241273149,2024-01-01,article,Technology in Cancer Research & Treatment,Previously screened title-explicit set,289,"<b>Objectives:</b> Part of the tumor localization methods in radiotherapy have poor real-time performance and may generate additional radiation. We propose a multimodal point cloud-based method for tumor localization in robotic ultrasound-guided radiotherapy, which only irradiates computed tomography (CT) during radiotherapy planning to avoid additional radiation. <b>Methods:</b> The tumor position was determined using the CT point cloud, and the red green blue depth (RGBD) point cloud was used to determine body surface scanning location corresponding to the tumor location. The relationship between the CT point cloud and RGBD point cloud was established through multi-modal point cloud registration. The point cloud was then used for robot tumor localization through coordinate transformation between camera and robot. <b>Results:</b> The maximum mean absolute error of the tumor location in the X, Y, and Z directions of the robot coordinate system were 0.781, 1.334, and 1.490 mm, respectively. The average point-to-point translation mean absolute error between the actual and predicted positions of the localization points was 1.847 mm. The maximum error in the random positioning experiment was 1.77 mm. <b>Conclusion:</b> The proposed method is radiation free and has real-time performance, with tumor localization accuracy that meets the requirements of radiotherapy. The proposed method, which potentially reduces the risks associated with radiation exposure while ensuring efficient and accurate tumor localization, represents a promising advancement in the field of radiotherapy."
A1,Robotic ultrasound / sonography,机器人超声 / 超声扫查,2024,full year,A Portable Robot-Assisted Device With Built-In Intelligence for Autonomous Ultrasound Acquisitions in Follow-Up Diagnosis,10.1109/tim.2024.3400342,,OpenAlex,W4396877696,https://doi.org/10.1109/tim.2024.3400342,2024-01-01,article,IEEE Transactions on Instrumentation and Measurement,Previously screened title-explicit set,290,"Robot-assisted ultrasound offers several technological advances over manual ultrasound scanning that can more effectively assist in clinical diagnosis and procedure guidance. However, the adoption of robotic ultrasound devices has been hindered by issues of portability and automation, especially in followed-up diagnosis. In this article, we develop a portable robotic system with built-in intelligence for autonomous ultrasound acquisition in follow-up diagnosis. Different from the widely used serial manipulator-based US device, this device is built using a 6-RSU parallel mechanism with compact size and manoeuvrability. We incorporate a force control algorithm and the robot-specific pose feedback mechanism to ensure safety and maintain image quality. Exploring possibilities for intelligence, we propose a follow-up diagnosis workflow tailored to specific clinical applications and present a multimodal reinforcement learning algorithm for automatic scanning based on a novel similarity network as reward. Our proposed methods is suitable for any target images instead of a few specific ones which increasing autonomous US acquisitions ability for US device. Our simulation experiments show a remarkable success rate of 98.21%, and phantom experiments validate the effectiveness and robustness of the robotic device system with a structural similarity index of 0.764 and a normalized cross-correlation of 0.977. To our best knowledge, our robotic ultrasound device is the first device with a parallel mechanism and force-position perception for follow-up diagnosis, featuring automatic acquisition of multiple target ultrasound images."
A1,Robotic ultrasound / sonography,机器人超声 / 超声扫查,2024,full year,A Unified Interaction Control Framework for Safe Robotic Ultrasound Scanning with Human-Intention-Aware Compliance,10.48550/arxiv.2411.19545,,OpenAlex; arXiv,2411.19545v1; W4405030538,https://doi.org/10.48550/arxiv.2411.19545,2024-11-29,preprint,arXiv (Cornell University),Previously screened title-explicit set,292,"The ultrasound scanning robot operates in environments where frequent human-robot interactions occur. Most existing control methods for ultrasound scanning address only one specific interaction situation or implement hard switches between controllers for different situations, which compromises both safety and efficiency. In this paper, we propose a unified interaction control framework for ultrasound scanning robots capable of handling all common interactions, distinguishing both human-intended and unintended types, and adapting with appropriate compliance. Specifically, the robot suspends or modulates its ongoing main task if the interaction is intended, e.g., when the doctor grasps the robot to lead the end effector actively. Furthermore, it can identify unintended interactions and avoid potential collision in the null space beforehand. Even if that collision has happened, it can become compliant with the collision in the null space and try to reduce its impact on the main task (where the scan is ongoing) kinematically and dynamically. The multiple situations are integrated into a unified controller with a smooth transition to deal with the interactions by exhibiting human-intention-aware compliance. Experimental results validate the framework's ability to cope with all common interactions including intended intervention and unintended collision in a collaborative carotid artery ultrasound scanning task."
A1,Robotic ultrasound / sonography,机器人超声 / 超声扫查,2024,full year,A fully autonomous robotic ultrasound system for thyroid scanning,10.1038/s41467-024-48421-y,38734697.0,Europe PMC; OpenAlex,W4318756550; MED:38734697; W4396821882; PPR:PPR610882,https://doi.org/10.1038/s41467-024-48421-y,2024-05-11,article,Nature Communications,Previously screened title-explicit set,294,"The current thyroid ultrasound relies heavily on the experience and skills of the sonographer and the expertise of the radiologist, and the process is physically and cognitively exhausting. In this paper, we report a fully autonomous robotic ultrasound system, which is able to scan thyroid regions without human assistance and identify malignant nod- ules. In this system, human skeleton point recognition, reinforcement learning, and force feedback are used to deal with the difficulties in locating thyroid targets. The orientation of the ultrasound probe is adjusted dynamically via Bayesian optimization. Experimental results on human participants demonstrated that this system can perform high-quality ultrasound scans, close to manual scans obtained by clinicians. Additionally, it has the potential to detect thyroid nodules and provide data on nodule characteristics for American College of Radiology Thyroid Imaging Reporting and Data System (ACR TI-RADS) calculation."
A1,Robotic ultrasound / sonography,机器人超声 / 超声扫查,2024,full year,A sensor fusion approach to autonomous ultrasound imaging of the lumbar region,10.1016/j.bspc.2024.106818,,OpenAlex,W4404697579,https://doi.org/10.1016/j.bspc.2024.106818,2024-11-25,article,Biomedical Signal Processing and Control,Previously screened title-explicit set,295,"Ultrasound imaging has several advantages compared to other diagnostic imaging techniques, including no use of radiation, low cost, and ease of use. However, it is heavily reliant on the experience of the sonographer, and work-related disorders are common. Automated ultrasound examination using a robot has been proposed to address these challenges. Previously proposed systems rely mainly on single-source RGB or depth imaging. RGB imaging is sensitive to ambient lighting variations and requires extensive training data. Depth imaging systems face alignment challenges due to data noise and environmental complexity. This study introduces a novel approach for autonomous ultrasound imaging through the fusion of depth and thermal imaging modalities, providing a comprehensive solution that addresses these limitations. Thermal imaging effectively distinguishes a patient’s contour from the surroundings, while depth imaging provides topographical information for efficient probe manipulation. The integration of these modalities creates a comprehensive depth map enriched with thermal data. This study primarily targets the lumbar region, which is an anatomical region where ultrasound imaging is commonly used for diagnoses. The developed fully autonomous system initially localizes the lumbar region in the fused depth-thermal image. Thereafter, it manipulates the tip of the ultrasound probe to an optimal scanning starting point and optimizes probe orientation to capture ultrasound images. These operations are executed through novel algorithms, including calibration-based fusion, intensity-based thresholding, depth image-based template matching, and force–torque control algorithms. The system’s performance was evaluated through repeatability and reproducibility tests, as well as a volunteer experiment, demonstrating consistent and reliable image acquisition. • Proposed an autonomous ultrasound imaging system using fused depth and thermal data. • Introduced a novel method for the fusion of depth and thermal imaging. • Proposed novel lumbar region localization using template matching in fused data. • Utilized novel algorithms for probe positioning and orientation optimization."
A1,Robotic ultrasound / sonography,机器人超声 / 超声扫查,2024,full year,Analyzing the image quality using a quantitative index for the robotic ultrasound probe maneuver system,10.1080/01691864.2024.2415090,,OpenAlex,W4403388693,https://doi.org/10.1080/01691864.2024.2415090,2024-10-14,article,Advanced Robotics,Previously screened title-explicit set,296,"This paper presents a quantitative index introduced, ‘clarity,’ which can address both the ultrasound probe's brightness and full contact states to indicate ultrasound image quality for the robotic ultrasound system. Furthermore, it evaluates its performance through an experiment, a comparative analysis, and a questionnaire. The index is calculated based on pixel statistics within the predefined region of interest. Experimental validation is conducted by implementing a robotic ultrasound system and performing experiments using two phantoms. Notably, the Results demonstrate the distinction of the visible difference in ultrasound images but also show that it is hard to classify the tiny difference. Additionally, a questionnaire was carried out to ask about the recognition of good image quality. The opinions are the same trends and patterns. The 53.4 clarity value was determined from the answers as the boundary between good and bad-quality images. The experiment results, and questionnaire findings suggest that the proposed clarity index could be a reliable tool for evaluating ultrasound image quality in robotic systems, offering insights for improving diagnostic accuracy and efficiency. This research provides a clear framework for assessing ultrasound image quality in robotic applications, paving the way for advancements in the efficacy and precision of ultrasound imaging techniques."
A1,Robotic ultrasound / sonography,机器人超声 / 超声扫查,2024,full year,Autonomous Robotic Ultrasound Approach for Fetoscope Tracking by Fusing Optical and 2D Ultrasound Data,10.1109/lra.2024.3427556,,OpenAlex,W4400645477,https://doi.org/10.1109/lra.2024.3427556,2024-07-15,article,IEEE Robotics and Automation Letters,Previously screened title-explicit set,298,"2D ultrasound (US) guidance is an essential tool in fetoscopic laser photocoagulation (FLP) to treat twin-to-twin transfusion syndrome (TTTS). During the procedure, the sonographer and endoscopic surgeon manage different image modalities each with its own field of view. Tacit collaboration is needed between them to visualize the right information and ensure smooth operation. Robotic approaches could simplify this interaction but would require robust localization tools to cope with the complex fetoscopic motion patterns. This letter proposes a method for robotic ultrasound (rUS) fetoscope tracking, fusing optical tracking system (OTS) and 2D US imaging. The Kalman filter is utilized to guarantee robust online registration and enhance fetoscope tracking. Real-time detection of the fetoscope tip is achieved using the You Only Look Once (YOLO v7) algorithm. Additionally, a US image-based searching strategy is proposed for situations where the optical camera is obstructed. Hybrid position-force control is employed to manipulate the US probe safely against the pregnant abdomen. Validation on a silicone phantom demonstrates accurate tracking results with a mean error below 2.59 mm in most experiments and tip visibility exceeding 90%. This system has the potential to significantly reduce surgeon workload and training requirements associated with FLP surgery."
A1,Robotic ultrasound / sonography,机器人超声 / 超声扫查,2024,full year,Autonomous Robotic Ultrasound System for Liver Follow-up Diagnosis: Pilot Phantom Study,10.48550/arxiv.2405.05787,,OpenAlex; arXiv,W4396822405; 2405.05787v1,https://doi.org/10.48550/arxiv.2405.05787,2024-05-09,preprint,arXiv (Cornell University),Previously screened title-explicit set,299,"The paper introduces a novel autonomous robot ultrasound (US) system targeting liver follow-up scans for outpatients in local communities. Given a computed tomography (CT) image with specific target regions of interest, the proposed system carries out the autonomous follow-up scan in three steps: (i) initial robot contact to surface, (ii) coordinate mapping between CT image and robot, and (iii) target US scan. Utilizing 3D US-CT registration and deep learning-based segmentation networks, we can achieve precise imaging of 3D hepatic veins, facilitating accurate coordinate mapping between CT and the robot. This enables the automatic localization of follow-up targets within the CT image, allowing the robot to navigate precisely to the target's surface. Evaluation of the ultrasound phantom confirms the quality of the US-CT registration and shows the robot reliably locates the targets in repeated trials. The proposed framework holds the potential to significantly reduce time and costs for healthcare providers, clinicians, and follow-up patients, thereby addressing the increasing healthcare burden associated with chronic disease in local communities."
A1,Robotic ultrasound / sonography,机器人超声 / 超声扫查,2024,full year,Autonomous control of an ultrasound probe for intra-operative ultrasonography using vision-based shape sensing of pneumatically attachable flexible rails,10.1007/s11548-024-03178-z,38777945.0,Europe PMC; OpenAlex,MED:38777945; W4398200065,https://doi.org/10.1007/s11548-024-03178-z,2024-05-22,article,International Journal of Computer Assisted Radiology and Surgery,Previously screened title-explicit set,300,"Abstract Purpose In robotic-assisted minimally invasive surgery, surgeons often use intra-operative ultrasound to visualise endophytic structures and localise resection margins. This must be performed by a highly skilled surgeon. Automating this subtask may reduce the cognitive load for the surgeon and improve patient outcomes. Methods We demonstrate vision-based shape sensing of the pneumatically attachable flexible (PAF) rail by using colour-dependent image segmentation. The shape-sensing framework is evaluated on known curves ranging from $$r = 30$$ <mml:math xmlns:mml=""http://www.w3.org/1998/Math/MathML""> <mml:mrow> <mml:mi>r</mml:mi> <mml:mo>=</mml:mo> <mml:mn>30</mml:mn> </mml:mrow> </mml:math> to $$r = 110$$ <mml:math xmlns:mml=""http://www.w3.org/1998/Math/MathML""> <mml:mrow> <mml:mi>r</mml:mi> <mml:mo>=</mml:mo> <mml:mn>110</mml:mn> </mml:mrow> </mml:math> mm, replicating curvatures in a human kidney. The shape sensing is then used to inform path planning of a collaborative robot arm paired with an intra-operative ultrasound probe. We execute 15 autonomous ultrasound scans of a tumour-embedded kidney phantom and retrieve viable ultrasound images, as well as seven freehand ultrasound scans for comparison. Results The vision-based sensor is shown to have comparable sensing accuracy with FBGS-based systems. We find the RMSE of the vision-based shape sensing of the PAF rail compared with ground truth to be $$0.4975 \pm 0.4169$$ <mml:math xmlns:mml=""http://www.w3.org/1998/Math/MathML""> <mml:mrow> <mml:mn>0.4975</mml:mn> <mml:mo>±</mml:mo> <mml:mn>0.4169</mml:mn> </mml:mrow> </mml:math> mm. The ultrasound images acquired by the robot and by the human were evaluated by two independent clinicians. The median score across all criteria for both readers was ‘3—good’ for human and ‘4—very good’ for robot. Conclusion We have proposed a framework for autonomous intra-operative US scanning using vision-based shape sensing to inform path planning. Ultrasound images were evaluated by clinicians for sharpness of image, clarity of structures visible, and contrast of solid and fluid areas. Clinicians evaluated that robot-acquired images were superior to human-acquired images in all metrics. Future work will translate the framework to a da Vinci surgical robot."
A1,Robotic ultrasound / sonography,机器人超声 / 超声扫查,2024,full year,Autonomous path planning for intercostal robotic ultrasound imaging using reinforcement learning,10.1038/s41598-026-37702-9,41673226.0,Europe PMC; OpenAlex; arXiv,W4394868293; W7128598646; 2404.09927v1; MED:41673226,https://doi.org/10.1038/s41598-026-37702-9,2024-04-15,article,Scientific Reports,Previously screened title-explicit set,301,"Ultrasound (US) is widely used in clinical practice for the screening internal organs and guiding interventions. Nonetheless, US imaging suffers from inter- and intra-operator variations. Leveraging the reproducibility offered by robots, robotic ultrasound systems emerge as a promising solution, offering enhanced precision, stability, and repeatability. To realize autonomous US scanning, robot learning algorithms have been widely explored. However, current approaches primarily base the decision-making process for US navigation on 2D US images data, often overlooking the integration of 3D anatomical knowledge, which is a critical component for path planning in anatomically complex regions, such as the intercostal area. To address this limitation, we propose a novel reinforcement learning (RL) approach for intercostal US scanning path planning, leveraging computed tomography (CT) templates and utilizing 3D state representations. To this end, a virtual environment is developed using CT templates with randomly initialized tumors of various shapes and locations as a training environment. In addition, task-specific state representation and reward functions are introduced to encourage the convergence of the training process while minimizing the effects of acoustic attenuation and shadows during scanning. It is important to note that the scope of this work is limited to the autonomous path planning component, while robotic execution and control integration will be addressed in future studies. To validate the effectiveness of the proposed approach, experiments have been carried out on unseen patient models with randomly defined single or multiple scanning targets. The results demonstrate the efficiency of the proposed RL framework in planning non-shadowed US scanning trajectories in areas with limited acoustic access."
A1,Robotic ultrasound / sonography,机器人超声 / 超声扫查,2024,full year,Autonomous ultrasound scanning robotic system based on human posture recognition and image servo control: an application for cardiac imaging,10.3389/frobt.2024.1383732,38774468.0,Europe PMC; OpenAlex,W4396704118; MED:38774468,https://doi.org/10.3389/frobt.2024.1383732,2024-05-07,article,Frontiers in Robotics and AI,Previously screened title-explicit set,302,"In traditional cardiac ultrasound diagnostics, the process of planning scanning paths and adjusting the ultrasound window relies solely on the experience and intuition of the physician, a method that not only affects the efficiency and quality of cardiac imaging but also increases the workload for physicians. To overcome these challenges, this study introduces a robotic system designed for autonomous cardiac ultrasound scanning, with the goal of advancing both the degree of automation and the quality of imaging in cardiac ultrasound examinations. The system achieves autonomous functionality through two key stages: initially, in the autonomous path planning stage, it utilizes a camera posture adjustment method based on the human body's central region and its planar normal vectors to achieve automatic adjustment of the camera's positioning angle; precise segmentation of the human body point cloud is accomplished through efficient point cloud processing techniques, and precise localization of the region of interest (ROI) based on keypoints of the human body. Furthermore, by applying isometric path slicing and B-spline curve fitting techniques, it independently plans the scanning path and the initial position of the probe. Subsequently, in the autonomous scanning stage, an innovative servo control strategy based on cardiac image edge correction is introduced to optimize the quality of the cardiac ultrasound window, integrating position compensation through admittance control to enhance the stability of autonomous cardiac ultrasound imaging, thereby obtaining a detailed view of the heart's structure and function. A series of experimental validations on human and cardiac models have assessed the system's effectiveness and precision in the correction of camera pose, planning of scanning paths, and control of cardiac ultrasound imaging quality, demonstrating its significant potential for clinical ultrasound scanning applications."
A1,Robotic ultrasound / sonography,机器人超声 / 超声扫查,2024,full year,Coaching a Robotic Sonographer: Learning Robotic Ultrasound With Sparse Expert’s Feedback,10.1109/tmrb.2024.3464698,,OpenAlex; arXiv,2409.02337v1; W4402673279,https://doi.org/10.1109/tmrb.2024.3464698,2024-09-03,article,IEEE Transactions on Medical Robotics and Bionics,Previously screened title-explicit set,306,"Ultrasound is widely employed for clinical intervention and diagnosis, due to its advantages of offering non-invasive, radiation-free, and real-time imaging. However, the accessibility of this dexterous procedure is limited due to the substantial training and expertise required of operators. The robotic ultrasound (RUS) offers a viable solution to address this limitation; nonetheless, achieving human-level proficiency remains challenging. Learning from demonstrations (LfD) methods have been explored in RUS, which learns the policy prior from a dataset of offline demonstrations to encode the mental model of the expert sonographer. However, active engagement of experts, i.e. Coaching, during the training of RUS has not been explored thus far. Coaching is known for enhancing efficiency and performance in human training. This paper proposes a coaching framework for RUS to amplify its performance. The framework combines DRL (self-supervised practice) with sparse expert's feedback through coaching. The DRL employs an off-policy Soft Actor-Critic (SAC) network, with a reward based on image quality rating. The coaching by experts is modeled as a Partially Observable Markov Decision Process (POMDP), which updates the policy parameters based on the correction by the expert. The validation study on phantoms showed that coaching increases the learning rate by $25\%$ and the number of high-quality image acquisition by $74.5\%$."
A1,Robotic ultrasound / sonography,机器人超声 / 超声扫查,2024,full year,Combining RGB-D Sensing With Adaptive Force Control in a Robotic Ultrasound System for Automated Real-Time Fistula Stenosis Evaluation,10.1109/jsen.2024.3520483,,OpenAlex,W4405784856,https://doi.org/10.1109/jsen.2024.3520483,2024-12-25,article,IEEE Sensors Journal,Previously screened title-explicit set,307,"Fistulas are often referred to as the lifeline for hemodialysis (HD) patients because it is crucial for their treatment; thus, physicians use ultrasound imaging to evaluate these fistulas and ensure they are free from obstruction. However, this evaluation process is typically time-consuming and heavily reliant on the operator’s skill, and current methods lack generalizability. To address these limitations, this study presented a novel robotic ultrasound system (RUS) integrating an RGB-D sensor and an adaptive force sensor for more generalized and efficient fistula obstruction evaluation. A composite AI model, combining YOLOv5 for real-time fistula recognition and U-Net++ for precise lumen segmentation, was integrated into the system. Subsequently, the degree of stenosis (DOS) was automatically calculated, and Doppler ultrasound was applied to the most stenotic point for detailed blood flow analysis. The experimental results demonstrated that the improved RUS achieved high accuracy, with an average path planning error of less than 1.8 mm, a mean absolute error of less than 1% in stenosis calculations, and a Doppler ultrasound scanning position error of less than 0.5 mm. The system exhibited greater accuracy and reliability in evaluating fistula obstruction compared to existing approaches. This sensing solution offered an effective method for real-time stenosis evaluation in clinical HD settings."
A1,Robotic ultrasound / sonography,机器人超声 / 超声扫查,2024,full year,Comparing conventional abdominal ultrasound scanning versus a ROBotic assisted UltraSonography sysTem (ROBUST),10.1016/j.wfumbo.2024.100040,,OpenAlex,W4392947171,https://doi.org/10.1016/j.wfumbo.2024.100040,2024-03-19,article,WFUMB Ultrasound Open,Previously screened title-explicit set,308,"Work-related musculoskeletal disorders (WRMSD) among sonographers is a major problem with a high prevalence rate of more than 80% in North America and United Kingdom. In Singapore, this is particularly relevant because statistics have showed WRMSD accounted for 60% of all confirmed occupational diseases cases. The ROBotic UltraSonography sysTem (ROBUST) was developed to overcome the WRMSD challenges sonographers faced in their daily clinical practice and, more importantly, increase their career longevity and productivity. To evaluate the effectiveness of ROBUST in producing diagnostic images equivalent to conventional ultrasound (US) scans and to assess its clinical feasibility and receptiveness. A total of 50 adult patients from two tertiary hospitals underwent conventional abdominal US followed by ROBUST scans. Six sonographers performed the US scans using the standard protocol. Four expert readers, blinded to the scanning methods, graded the image quality of 2,218 images (1,317 conventional, 901 ROBUST). Surveys were distributed immediately after the scan to assess the patient’s and sonographers’ opinions on maneuverability, pain, and comfort. Wilcoxon signed rank test showed no significant difference between conventional US and ROBUST for image quality (p = 0.317). Sixteen (16/50 = 32%) patients responded feeling slight to moderate pain when scanned by ROBUST (p = 0.251). All the sonographers felt that the imaging task using ROBUST was not physically strenuous. One sonographer felt that the ROBUST was easy to manipulate; two were neutral (p = 0.007), and three experienced difficulties manipulating the ROBUST. ROBUST can produce diagnostic images equivalent to conventional scans. It is feasible in clinical settings with good acceptance by sonographers and patients. Adoption of this innovation in clinical practice could potentially increase career longevity and productivity by alleviating pain and discomfort experienced by sonographers."
A1,Robotic ultrasound / sonography,机器人超声 / 超声扫查,2024,full year,Corrigendum: SonoBox: development of a robotic ultrasound tomograph for the ultrasound diagnosis of paediatric forearm fractures.,10.3389/frobt.2024.1505171,39473445.0,Europe PMC,MED:39473445,https://doi.org/10.3389/frobt.2024.1505171,2024-10-15,,Frontiers in robotics and AI,Previously screened title-explicit set,309,[This corrects the article DOI: 10.3389/frobt.2024.1405169.].
A1,Robotic ultrasound / sonography,机器人超声 / 超声扫查,2024,full year,Cross-Modality Registration using Bone Surface Pointcloud for Robotic Ultrasound-Guided Spine Surgery,10.1142/s2424905x25400045,40687495.0,Europe PMC; OpenAlex,MED:40687495; W4405386576,https://doi.org/10.1142/s2424905x25400045,2024-12-14,article,Journal of Medical Robotics Research,Previously screened title-explicit set,310,"Image guidance using preoperative magnetic resonance imaging (MRI) and intraoperative ultrasound (US) can improve the outcome of spine surgery. Employing a robotic US system (RUSS) allows the automated acquisition of large 3D US volumes, facilitating accurate registration. However, such registration remains challenging due to the cross-modality discrepancy. To address this issue, we present a pipeline that extracts spine pointclouds from MRI and 3D US to perform per-vertebra registration. Experiments showed a registration accuracy of 1.82 mm in terms of residual root mean square error and 7.02 mm in terms of Chamfer distance. The pipeline exhibits superior robustness to suboptimal initial conditions compared with the two baseline methods. It also demonstrated good time efficiency under real-time conditions, demonstrating the potential applicability in RUSS-guided spine surgeries."
A1,Robotic ultrasound / sonography,机器人超声 / 超声扫查,2024,full year,Design and Evaluation of a Compliant Quasi-Direct Drive End-Effector for Safe Robotic Ultrasound Imaging,10.1109/tmrb.2026.3699216,,OpenAlex; arXiv,2410.03086v1; W4403885671,https://doi.org/10.1109/tmrb.2026.3699216,2024-10-04,article,IEEE Transactions on Medical Robotics and Bionics,Previously screened title-explicit set,313,"Robot-assisted ultrasound scanning promises to advance autonomous and accessible medical imaging. However, ensuring patient safety and compliant human-robot interaction (HRI) during probe contact poses a significant challenge. Most existing systems either have high mechanical stiffness or are compliant but lack sufficient force and precision. This paper presents a novel single-degree-of-freedom end-effector for safe and accurate robotic ultrasound imaging, using a quasi-direct drive actuator to achieve both passive mechanical compliance and precise active force regulation, even during motion. The end-effector demonstrates an effective force control bandwidth of 100 Hz and can apply forces ranging from 2.5N to 15N. To validate the end-effector's performance, we developed a novel ex vivo actuating platform, enabling compliance testing of the end-effector on simulated abdominal breathing and sudden patient movements. Experiments demonstrate that the end-effector can maintain consistent probe contact during simulated respiratory motion at 2.5N, 5N, 10N, and 15N, with an average force tracking RMS error of 0.83N compared to 4.70N on a UR3e robot arm using conventional force control. This system represents the first compliant ultrasound end-effector tested on a tissue platform simulating dynamic movement. The proposed solution provides a novel approach for designing and evaluating compliant robotic ultrasound systems, advancing the path for more compliant and patient-friendly robotic ultrasound systems in clinical settings."
A1,Robotic ultrasound / sonography,机器人超声 / 超声扫查,2024,full year,Design and Hierarchical Control of a Homocentric Variable-Stiffness Magnetic Catheter for Multiarm Robotic Ultrasound-Assisted Coronary Intervention,10.1109/tro.2024.3378442,,OpenAlex,W4392932636,https://doi.org/10.1109/tro.2024.3378442,2024-01-01,article,IEEE Transactions on Robotics,Previously screened title-explicit set,314,"Autonomous magnetic catheterization has become a promising technology for next-generation minimally invasive cardiovascular surgery. In this paper, a novel homocentric variable-stiffness magnetic robotic catheter (HVS-MRC) is presented. This device is controlled by a multi-arm robot-assisted catheterization system for use in radiation-free coronary ultrasound intervention. The uniqueness of the HVS-MRC is the generation of variable stiffness through the telescopic motion of three homocentric components with embedded internal magnets. These components can be used to achieve multiple curvatures and large deflections ($&gt;$120 degrees) under a magnetic wrench provided by an external mobile magnet module (EMMM) to adapt to the complex coronary environment. The variable-stiffness kinematics modeling, multivessel selection strategy, and preoperative surgical planning of the proposed magnetic robotic catheter are established. Meanwhile, an extracorporeal mobile ultrasound module (EMUM) is adopted to intraoperatively localize the catheter's in-plane motion with a dominant visual/force feedback controller. A hierarchical relative control scheme is proposed based on the relative Jacobian method to synchronize the motions of the multi-arm robot-assisted catheterization system. The overall performance is evaluated with anin vitrohuman-sized coronary arterial phantom with challenging anatomical variabilities. The results reveal that the HVS-MRC exhibits a high-accuracy intervention performance (average error of 1.52$ \pm$0.35 mm) with smoother steering compared with conventional catheters. High synchronization with a low ultrasound target loss rate (15.8%) and constant-force tracing (2.50$\pm$1.02 N) of the multi-arm robot-assisted catheterization system demonstrate promising application potential in radiation-free autonomous ultrasonographic coronary intervention operations."
A1,Robotic ultrasound / sonography,机器人超声 / 超声扫查,2024,full year,Design and Quantitative Assessment of Teleoperation-Based Human–Robot Collaboration Method for Robot-Assisted Sonography,10.1109/tase.2024.3350524,,OpenAlex,W4390787987,https://doi.org/10.1109/tase.2024.3350524,2024-01-12,article,IEEE Transactions on Automation Science and Engineering,Previously screened title-explicit set,315,"Tele-echography has emerged as a promising and effective solution, leveraging the expertise of sonographers and the autonomy of robots to perform ultrasound scanning for patients residing in remote areas, without the need for in-person visits by the sonographer. Designing effective and natural human-robot interfaces for tele-echography remains challenging, with patient safety being a critical concern. In this article, we develop a teleoperation system for robot-assisted sonography with two different interfaces, a haptic device-based interface and a low-cost 3D Mouse-based interface, which can achieve continuous and intuitive telemanipulation by a leader device with a small workspace. To achieve compliant interaction with patients, we design impedance controllers in Cartesian space to track the desired position and orientation for these two teleoperation interfaces. We also propose comprehensive evaluation metrics of robot-assisted sonography, including subjective and objective evaluation, to evaluate tele-echography interfaces and control performance. We evaluate the ergonomic performance based on the estimated muscle fatigue and the acquired ultrasound image quality. We conduct user studies based on the NASA Task Load Index to evaluate the performance of these two human-robot interfaces. The tracking performance and the quantitative comparison of these two teleoperation interfaces are conducted by the Franka Emika Panda robot. The results and findings provide guidance on human-robot collaboration design and implementation for robot-assisted sonography.Note to Practitioners—Robot-assisted sonography has demonstrated efficacy in medical diagnosis during clinical trials. However, deploying fully autonomous robots for ultrasound scanning remains challenging due to various constraints in practice, such as patient safety, dynamic tasks, and environmental uncertainties. Semi-autonomous or teleoperation-based robot sonography represents a promising approach for practical deployment. Previous work has produced various expensive teleoperation interfaces but lacks user studies to guide teleoperation interface selection. In this article, we present two typical teleoperation interfaces and implement a continuous and intuitive teleoperation control system. We also propose a comprehensive evaluation metric for assessing their performance. Our findings show that the haptic device outperforms the 3D Mouse, based on operators’ feedback and acquired image quality. However, the haptic device requires more learning time and effort in the training stage. Furthermore, the developed teleoperation system offers a solution for shared control and human-robot skill transfer. Our results provide valuable guidance for designing and implementing human-robot interfaces for robot-assisted sonography in practice."
A1,Robotic ultrasound / sonography,机器人超声 / 超声扫查,2024,full year,Development of a Robotic Ultrasound System to Assist Ultrasound Examination of Pregnant Women,10.1109/tmrb.2024.3387047,,OpenAlex,W4394674231,https://doi.org/10.1109/tmrb.2024.3387047,2024-04-10,article,IEEE Transactions on Medical Robotics and Bionics,Previously screened title-explicit set,316,"This research paper centers on addressing a common issue faced by clinicians during ultrasound examinations, namely work-related musculoskeletal disorders (WRMSDs). The implementation of robotic ultrasound has the potential to reduce these disorders using teleoperated assistance, collaborative support, or even autonomous systems. In this study, we introduce a new collaborative assisting system specifically designed for ultrasound examinations involving pregnant, obese patients. The primary objective is to devise a transparent co-manipulation strategy that enables clinicians to maintain their natural gestures during the procedure. The key principle behind this approach is to ensure that the robot functions as a helpful tool without interfering with the examination process. To achieve this, a novel co-manipulation control strategy is developed, which involves the computation of a virtual solid’s path based on the operator’s interaction. This approach presents numerous benefits in comparison to conventional control techniques. It demonstrates improvements in terms of accuracy, diminishes task execution time, facilitates a more intuitive parameter adjustment process, and necessitates less exertion of force by the operator. Consequently, it could potentially serve as a viable solution for addressing the challenges faced by sonographers. Hence, the potential benefit of this new co-manipulation method is demonstrated experimentally by comparison with impedance and active compliance control strategies."
A1,Robotic ultrasound / sonography,机器人超声 / 超声扫查,2024,full year,Enhancing Surgical Robots with Embodied Intelligence for Autonomous Ultrasound Scanning,10.48550/arxiv.2405.00461,,OpenAlex; arXiv,2405.00461v1; W4396623897,https://doi.org/10.48550/arxiv.2405.00461,2024-05-01,preprint,arXiv (Cornell University),Previously screened title-explicit set,318,"Ultrasound robots are increasingly used in medical diagnostics and early disease screening. However, current ultrasound robots lack the intelligence to understand human intentions and instructions, hindering autonomous ultrasound scanning. To solve this problem, we propose a novel Ultrasound Embodied Intelligence system that equips ultrasound robots with the large language model (LLM) and domain knowledge, thereby improving the efficiency of ultrasound robots. Specifically, we first design an ultrasound operation knowledge database to add expertise in ultrasound scanning to the LLM, enabling the LLM to perform precise motion planning. Furthermore, we devise a dynamic ultrasound scanning strategy based on a \textit{think-observe-execute} prompt engineering, allowing LLMs to dynamically adjust motion planning strategies during the scanning procedures. Extensive experiments demonstrate that our system significantly improves ultrasound scan efficiency and quality from verbal commands. This advancement in autonomous medical scanning technology contributes to non-invasive diagnostics and streamlined medical workflows."
A1,Robotic ultrasound / sonography,机器人超声 / 超声扫查,2024,full year,Feasibility and Safety of Percutaneous Puncture Guided by a 5G-Based Telerobotic Ultrasound System: An Experimental Study,10.1007/s00270-024-03681-5,38592415.0,Europe PMC; OpenAlex,W4394602742; MED:38592415,https://doi.org/10.1007/s00270-024-03681-5,2024-04-09,article,CardioVascular and Interventional Radiology,Previously screened title-explicit set,320,"<h4>Purpose</h4>To evaluate the feasibility and safety of percutaneous puncture guided by a 5th generation mobile communication technology (5G)-based telerobotic ultrasound system in phantom and animal experiments.<h4>Materials and methods</h4>In the phantom experiment, 10 simulated lesions were punctured, once at each of two angles for each lesion, under the guidance of a telerobotic ultrasound system and ultrasound-guided freehand puncture. Student's t test was used to compare the two methods in terms of puncture accuracy, total operation duration, and puncture duration. In the animal experiment, under the guidance of the telerobotic ultrasound system, an 18G puncture needle was used to puncture 3 target steel beads in the liver, right kidney, and right gluteal muscle, respectively. The animal experiment had no freehand ultrasound-guided control group. After puncture, a CT scan was performed to verify the position of the puncture needle in relation to the target, and the complications and puncture duration, etc., were recorded.<h4>Results</h4>In the phantom experiment, the mean accuracies of puncture under telerobotic ultrasound guidance and conventional ultrasound guidance were 1.8 ± 0.3 mm and 1.6 ± 0.3 mm (P = 0.09), respectively; therefore, there was no significant difference in the accuracy of the two guide methods. In the animal experiment, the first-attempt puncture success (the needle tip close to the target) rate was 93%. Polypnea occurred during one puncture. No other intraoperative or postoperative complications were observed.<h4>Conclusion</h4>Puncture guided by a 5G-based telerobotic ultrasound system has shown good feasibility and safety in phantom and animal experiments."
A1,Robotic ultrasound / sonography,机器人超声 / 超声扫查,2024,full year,Force Tracking Control Method for Robotic Ultrasound Scanning System under Soft Uncertain Environment,10.3390/act13020062,,OpenAlex,W4391566397,https://doi.org/10.3390/act13020062,2024-02-06,article,Actuators,Previously screened title-explicit set,321,"Robotic ultrasound scanning has excellent potential to reduce physician workload, obtain higher-quality imaging, and reduce costs. However, the traditional admittance control strategy for robotics cannot meet the high-precision force control requirements for robots, which are critical for improving image quality and ensuring patient safety. In this study, an integral adaptive admittance control strategy is proposed for contact force control between an ultrasound probe and human skin to enhance the accuracy of force tracking. First, a robotic ultrasound scanning system is proposed, and the system’s overall workflow is introduced. Second, an adaptive admittance control strategy is designed to estimate the uncertain environmental information online, and the estimated parameters are used to modify the reference trajectory. On the basis of ensuring the stability of the system, an integral controller is then introduced to improve the steady-state response. Subsequently, the stability of the proposed strategy is analysed. In addition, a gravity compensation process is proposed to obtain the actual contact force. Finally, through a simulation analysis, the effectiveness of the strategy is discussed. Simultaneously, a series of experiments are carried out on the robotic ultrasound scanning system, and the results show that the strategy can successfully maintain a constant contact force under soft uncertain environments, which effectively improves the efficiency of scanning."
A1,Robotic ultrasound / sonography,机器人超声 / 超声扫查,2024,full year,HaptiScan: A Haptically-Enabled Robotic Ultrasound System for Remote Medical Diagnostics,10.3390/robotics13110164,,OpenAlex,W4404247107,https://doi.org/10.3390/robotics13110164,2024-11-10,article,Robotics,Previously screened title-explicit set,323,"Medical ultrasound is a widely used diagnostic imaging modality that provides real-time imaging at a relatively low cost. However, its widespread application is hindered by the need for expert operation, particularly in remote regional areas where trained sonographers are scarce. This paper presents the development of HaptiScan, a state-of-the-art telerobotic ultrasound system equipped with haptic feedback. The system utilizes a commercially available robotic manipulator, the UR5 robot from Universal Robots, integrated with a force/torque sensor and the Phantom Omni haptic device. This configuration enables skilled sonographers to remotely conduct ultrasound procedures via an internet connection, addressing both the geographic and ergonomic limitations faced in traditional sonography. Key innovative features of the system include real-time force feedback, ensuring that sonographers can precisely control the ultrasound probe from a remote location. The system is further enhanced by safety measures such as over-force sensing, patient discomfort monitoring, and emergency stop mechanisms. Quantitative indicators of the system’s performance include successful teleoperation over long distances with time delays, as demonstrated in simulations. These simulations validate the system’s control methodologies, showing stable performance with force feedback under varying time delays and distances. Additionally, the UR5 manipulator’s precision, kinematic, and dynamic models are mathematically formulated to optimize teleoperation. The results highlight the effectiveness of the proposed system in overcoming the technical challenges of remote ultrasound procedures, offering a viable solution for real-world telemedicine applications."
A1,Robotic ultrasound / sonography,机器人超声 / 超声扫查,2024,full year,Imitation Learning for Robotic Assisted Ultrasound Examination of Deep Venous Thrombosis using Kernelized Movement Primitives,10.48550/arxiv.2407.08506,,OpenAlex; arXiv,W4400611927; 2407.08506v2,https://doi.org/10.48550/arxiv.2407.08506,2024-07-11,preprint,arXiv (Cornell University),Previously screened title-explicit set,324,"Deep Vein Thrombosis (DVT) is a common yet potentially fatal condition, often leading to critical complications like pulmonary embolism. DVT is commonly diagnosed using Ultrasound (US) imaging, which can be inconsistent due to its high dependence on the operator's skill. Robotic US Systems (RUSs) aim to improve diagnostic test consistency but face challenges with the complex scanning pattern needed for DVT assessment, where precise control over US probe pressure is crucial for indirectly detecting occlusions. This work introduces an imitation learning method, based on Kernelized Movement Primitives (KMP), to standardize DVT US exams by training an autonomous robotic controller using sonographer demonstrations. A new recording device design enhances demonstration ergonomics, integrating with US probes and enabling seamless force and position data recording. KMPs are used to capture scanning skills, linking scan trajectory and force, enabling generalization beyond the demonstrations. Our approach, evaluated on synthetic models and volunteers, shows that the KMP-based RUS can replicate an expert's force control and image quality in DVT US examination. It outperforms previous methods using manually defined force profiles, improving exam standardization and reducing reliance on specialized sonographers."
A1,Robotic ultrasound / sonography,机器人超声 / 超声扫查,2024,full year,Imitation Learning of Compression Pattern in Robotic-Assisted Ultrasound Examination Using Kernelized Movement Primitives,10.1109/tmrb.2024.3472856,,OpenAlex,W4403094292,https://doi.org/10.1109/tmrb.2024.3472856,2024-10-03,article,IEEE Transactions on Medical Robotics and Bionics,Previously screened title-explicit set,325,"Vascular diseases are commonly diagnosed using Ultrasound (US) imaging, which can be inconsistent due to its high dependence on the operator’s skill. Among these, Deep Vein Thrombosis (DVT) is a common yet potentially fatal condition, often leading to critical complications like pulmonary embolism. Robotic US Systems (RUSs) aim to improve diagnostic test consistency but face challenges with the complex scanning pattern requiring precise control over US probe pressure, such as the one needed for indirectly detecting occlusions during DVT assessment. This work introduces an imitation learning method based on Kernelized Movement Primitives (KMP) to standardize the contact force profile during US exams by training a robotic controller using sonographer demonstrations. A new recording device design enhances demonstration acquisition, integrating with US probes and enabling seamless force and position data recording. KMPs are used to link scan trajectory and interaction force, enabling generalization beyond the demonstrations. Our approach, evaluated on synthetic models and volunteers, shows that the KMP-based RUS can replicate an expert’s force control and US image quality, even under conditions requiring compression during scanning. It outperforms previous methods using manually defined force profiles, improving exam standardization and reducing reliance on specialized sonographers."
A1,Robotic ultrasound / sonography,机器人超声 / 超声扫查,2024,full year,Increasing Reachability in Robotic Ultrasound Through Base Placement and Tool Design,10.1002/rcs.70037,39729575.0,Europe PMC; OpenAlex,MED:39729575; W4405839025,https://doi.org/10.1002/rcs.70037,2024-12-27,article,International Journal of Medical Robotics and Computer Assisted Surgery,Previously screened title-explicit set,326,"<h4>Background</h4>Robotic ultrasound visualises internal organs in real-time for various medical applications without the harm of X-rays. The ultrasound probe is attached to the robot's end effector using custom-developed probe holders. This paper analyzes the impact of different probe holder geometries on the robot's base placement and reachability.<h4>Methods</h4>We propose a method to improve probe holder geometries and robot base placements to enhance reachability, validated using a 7-DoF serial manipulator (KUKA iiwa 7) for ultrasound scans of multiple subcutaneous body parts.<h4>Results</h4>Without additional space restrictions, the number of robot base positions with high reachability could be strongly increased with an improved probe holder geometry. Under space constraints, previously unreachable target poses became accessible by adapting the probe holder geometry.<h4>Conclusions</h4>Our method provides an automated solution for determining improved probe holder geometries, enhancing reachability to target areas, especially when the robot's placing area is limited."
A1,Robotic ultrasound / sonography,机器人超声 / 超声扫查,2024,full year,MSK-TIM: A Telerobotic Ultrasound System for Assessing the Musculoskeletal System,10.3390/s24072368,38610578.0,Europe PMC; OpenAlex,W4394570857; MED:38610578,https://doi.org/10.3390/s24072368,2024-04-08,article,Sensors,Previously screened title-explicit set,328,"The aim of this paper is to investigate technological advancements made to a robotic tele-ultrasound system for musculoskeletal imaging, the MSK-TIM (Musculoskeletal Telerobotic Imaging Machine). The hardware was enhanced with a force feedback sensor and a new controller was introduced. Software improvements were developed which allowed the operator to access ultrasound functions such as focus, depth, gain, zoom, color, and power Doppler controls. The device was equipped with Wi-Fi network capability which allowed the master and slave stations to be positioned in different locations. A trial assessing the system to scan the wrist was conducted with twelve participants, for a total of twenty-four arms. Both the participants and radiologist reported their experience. The images obtained were determined to be of satisfactory quality for diagnosis. The system improvements resulted in a better user and patient experience for the radiologist and participants. Latency with the VPN configuration was similar to the WLAN in our experiments. This research explores several technologies in medical telerobotics and provides insight into how they should be used in future. This study provides evidence to support larger-scale trials of the MSK-TIM for musculoskeletal imaging."
A1,Robotic ultrasound / sonography,机器人超声 / 超声扫查,2024,full year,Machine Learning in Robotic Ultrasound Imaging: Challenges and Perspectives,10.1146/annurev-control-091523-100042,,OpenAlex; arXiv,W4390632026; 2401.02376v1; W4390495662,https://doi.org/10.1146/annurev-control-091523-100042,2024-01-02,article,Annual Review of Control Robotics and Autonomous Systems,Previously screened title-explicit set,329,"This article reviews the recent advances in intelligent robotic ultrasound (US) imaging systems. We commence by presenting the commonly employed robotic mechanisms and control techniques in robotic US imaging, along with their clinical applications. Subsequently, we focus on the deployment of machine learning techniques in the development of robotic sonographers, emphasizing crucial developments aimed at enhancing the intelligence of these systems. The methods for achieving autonomous action reasoning are categorized into two sets of approaches: those relying on implicit environmental data interpretation and those using explicit interpretation. Throughout this exploration, we also discuss practical challenges, including those related to the scarcity of medical data, the need for a deeper understanding of the physical aspects involved, and effective data representation approaches. Moreover, we conclude by highlighting the open problems in the field and analyzing different possible perspectives on how the community could move forward in this research area."
A1,Robotic ultrasound / sonography,机器人超声 / 超声扫查,2024,full year,Multi-Modal Autonomous Ultrasound Scanning for Efficient Human–Machine Fusion Interaction,10.1109/tase.2024.3370728,,OpenAlex,W4392309551,https://doi.org/10.1109/tase.2024.3370728,2024-02-29,article,IEEE Transactions on Automation Science and Engineering,Previously screened title-explicit set,330,"Robotic autonomous ultrasound imaging is a challenging task as robots require strong analytical capabilities to make sound decisions in complex spatial relationships. In this paper, we integrate visual and tactile information into the ultrasound robotic system drawing inspiration from the process of human doctors conducting ultrasound scans, and explore the impact of different modalities of information on our task. The proposed multimodal deep reinforcement learning (DRL) framework can integrate real-time visual feedback and tactile perception, and directly output 6D pose decisions to control the ultrasound probe, thereby achieving fully autonomous ultrasound imaging of soft, movable, and unmarked targets. We demonstrate the feasibility of our method on a simulation platform and propose an effective model transfer learning method. Subsequently, we conducted further evaluations of the approach in a real-world environment. The results indicate that our approach effectively enhances the performance of autonomous ultrasound scanning and manual adjustments further optimize the outcomes.Note to Practitioners—This work is motivated by the increasing demand for intelligent human-machine interaction in medical applications. By improving the automation of traditional medical scanning procedures such as ultrasound scanning, the efficiency of medical scanning can be greatly improved. In this work, we propose a multi-modal autonomous ultrasound scanning system based on DRL, which can be applied to improve the efficiency of human-machine interaction in medical environments to execute daily health screening or used in emergency situations."
A1,Robotic ultrasound / sonography,机器人超声 / 超声扫查,2024,full year,Needle Segmentation Using GAN: Restoring Thin Instrument Visibility in Robotic Ultrasound,10.1109/tim.2024.3451569,,OpenAlex; arXiv,W4403938270; 2407.18357v1; W4402963177,https://doi.org/10.1109/tim.2024.3451569,2024-01-01,article,IEEE Transactions on Instrumentation and Measurement,Previously screened title-explicit set,331,"Ultrasound-guided percutaneous needle insertion is a standard procedure employed in both biopsy and ablation in clinical practices. However, due to the complex interaction between tissue and instrument, the needle may deviate from the in-plane view, resulting in a lack of close monitoring of the percutaneous needle. To address this challenge, we introduce a robot-assisted ultrasound (US) imaging system designed to seamlessly monitor the insertion process and autonomously restore the visibility of the inserted instrument when misalignment happens. To this end, the adversarial structure is presented to encourage the generation of segmentation masks that align consistently with the ground truth in high-order space. This study also systematically investigates the effects on segmentation performance by exploring various training loss functions and their combinations. When misalignment between the probe and the percutaneous needle is detected, the robot is triggered to perform transverse searching to optimize the positional and rotational adjustment to restore needle visibility. The experimental results on ex-vivo porcine samples demonstrate that the proposed method can precisely segment the percutaneous needle (with a tip error of $0.37\pm0.29mm$ and an angle error of $1.19\pm 0.29^{\circ}$). Furthermore, the needle appearance can be successfully restored under the repositioned probe pose in all 45 trials, with repositioning errors of $1.51\pm0.95mm$ and $1.25\pm0.79^{\circ}$. from latex to text with math symbols"
A1,Robotic ultrasound / sonography,机器人超声 / 超声扫查,2024,full year,Real-Time Deformable Registration for Robotic Ultrasound Surgical Guidance Based on Vectorized Trust-Region Optimization,10.1109/tim.2024.3413148,,OpenAlex,W4400111943,https://doi.org/10.1109/tim.2024.3413148,2024-01-01,article,IEEE Transactions on Instrumentation and Measurement,Previously screened title-explicit set,333,"Robotic ultrasound (US)-guided surgery is a common clinical workflow for the diagnosis and treatment of many diseases. Tissue deformation is an important factor that affects surgical accuracy. Intraoperative real-time deformable registration is therefore critical to ensure surgical precision. In this study, a real-time US image nonrigid registration method was proposed. First, the analytical derivatives and corresponding cascaded convolution operations were derived, facilitating the fast calculation of the deformation field and gradients. Second, an optimizer fusing the trust-region and limited-memory Broyden-Fletcher–Goldfarb-Shanno (L-BFGS) method was proposed, which accelerates the optimization by adopting vectorized operations instead of large-scale matrix multiplication. The proposed method achieved real-time nonrigid registration with an average registration time of 30 ms for 2-D images with a resolution of$256^{2}$and 500 ms for 3-D images with a resolution of$112^{3}$, respectively, on a desktop CPU computing platform. It satisfied clinical real-time requirements without prior dataset construction and training process. The proposed method was validated on public datasets, clinical cases, and robotic phantom intervention experiments. Results demonstrated that our method realized great performance in both registration speed and accuracy. This method is expected to improve the US guidance accuracy of robots, promoting the precision and automation of related surgeries."
A1,Robotic ultrasound / sonography,机器人超声 / 超声扫查,2024,full year,Robot-Assisted Autonomous Ultrasound Imaging for Carotid Artery,10.1109/tim.2024.3353836,,OpenAlex,W4390873692,https://doi.org/10.1109/tim.2024.3353836,2024-01-01,article,IEEE Transactions on Instrumentation and Measurement,Previously screened title-explicit set,335,"Cardiovascular disease is known as the number one cause of death worldwide. Ultrasound imaging is widely used to assess and predict the risk of cardiovascular disease. Extensive research on robotic ultrasound systems has addressed the problems of over-reliance on physician experience in the application of ultrasound, unequal distribution of medical resources, and mutual exposure of patients and physicians to infections. The human carotid artery requires more standardization, safety, and intelligence in applying robotic ultrasound systems due to its sensitive location and inconspicuous skin features. This paper introduces an innovative robot-assisted system for autonomous ultrasound scanning of the carotid artery. The system employs a structured two-stage approach, encompassing pre-scanning and scanning, to enhance the precision and efficiency of the procedure. It utilizes advanced image servo control for intelligent scanning path determination, significantly improving the quality and speed of scans. Moreover, the system’s capability to alternate between transverse and longitudinal scanning modes allows it to accommodate the unique anatomical differences of individual patients. Experimental results on real human subjects showed a success rate of 86.11% for scanning the desired carotid artery ultrasound images, which is promising for clinical applications."
A1,Robotic ultrasound / sonography,机器人超声 / 超声扫查,2024,full year,Robotic Assisted Ultrasound‐Guided Endovascular Stent Implantation in a Vascular Model,10.1002/rcs.70005,39501897.0,Europe PMC; OpenAlex,MED:39501897; W4404115908,https://doi.org/10.1002/rcs.70005,2024-11-06,article,International Journal of Medical Robotics and Computer Assisted Surgery,Previously screened title-explicit set,337,"<h4>Background</h4>Endovascular procedures are the preferred method for treating peripheral arterial disease. However, limited imaging options during these procedures, such as X-rays and contrast media, expose patients and healthcare professionals to potentially harmful radiation. This study introduces a robotic ultrasound system (RUSS) for navigating endovascular procedures in order to reduce radiation and provide additional information.<h4>Methods</h4>The RUSS comprises a seven-degree-of-freedom robotic arm that navigates an ultrasound transducer across a specific region of interest. The system is controlled by a self-programed software designed to navigate the robotic arm in a methodical and reproducible manner using a foot switch.<h4>Results</h4>An endovascular surgeon investigated the guidance and visibility of various guidewires and successfully implanted three stents in a vascular leg phantom using the RUSS without further radiation exposure.<h4>Conclusions</h4>The innovative set-up has several potential applications, including radiation-free endovascular procedures as well as health screening and diagnostic support in vascular medicine."
A1,Robotic ultrasound / sonography,机器人超声 / 超声扫查,2024,full year,Robotic Ultrasound and Novel Collagen Analyses for Polycystic Kidney Disease Research Using Mice,10.34067/kid.0000000000000542,39145639.0,Europe PMC; OpenAlex,W4401503951; MED:39145639,https://doi.org/10.34067/kid.0000000000000542,2024-08-12,article,Kidney360,Previously screened title-explicit set,338,"Key Points Robotic ultrasound performed favorably compared with magnetic resonance imaging for evaluating total kidney volume. Collagen evaluation by two novel methods of picrosirius red imaging were more informative than the standard method by brightfield imaging. Findings can improve research by increasing speed and access to total kidney volume determination and sensitivity of collagen assessment. Background 3D imaging and histology are critical tools for assessing polycystic kidney disease (PKD) in patients and animal models. Magnetic resonance (MR) imaging provides micron resolution but is time consuming and expensive, and access to equipment and expertise is limited. Robotic ultrasound (US) imaging has lower spatial resolution but is faster, more cost-effective, and accessible. Similarly, picrosirius red (PSR) staining and brightfield microscopy are commonly used to assess fibrosis; however, alternative methods have been shown in non-kidney tissues to provide greater sensitivity and more detailed structural characterization. Methods In this study, we evaluated the utility of robotic US and alternative methods of quantifying PSR staining for PKD research. We compared longitudinal total kidney volume measurements using US and MR imaging. We additionally compared PSR imaging and quantification using standard brightfield microscopy with that by circularly polarized light with hue analysis and fluorescence imaging analyzed using curvelet transform fiber extraction software for automatic detection of individual collagen fibers. Results Increased total kidney volume was detected by US in Pkd1 RC/RC versus wild-type (WT) at time points spanning from early to established disease. US interobserver variability was greater but allowed scanning in 2–5 minutes/mouse, whereas MR imaging required 20–30 minutes/mouse. While no change in fibrotic index was detected in this cohort of relatively mild disease using brightfield microscopy, polarized light showed fibers skewed thinner in Pkd1 RC/RC versus WT. Fluorescence imaging showed a higher density of collagen fibers in Pkd1 RC/RC versus WT, and fibers were thinner and curvier with no change in length. In addition, fiber density was higher in both glomeruli and tubules in Pkd1 RC/RC , and glomeruli had a higher fiber density than tubules in Pkd1 RC/RC and trended higher in WT. Conclusions These studies show robotic US is a rigorous imaging tool for preclinical PKD research. In addition, they demonstrate the increased sensitivity of polarized and fluorescence analysis of PSR-stained collagen."
A1,Robotic ultrasound / sonography,机器人超声 / 超声扫查,2024,full year,"Robotic Ultrasound-Guided Central Pancreatectomy with Main Pancreatic Duct Endoscopy Evaluation for High-Risk, Mixed-Type Intraductal Papillary Mucinous Neoplasm",10.1245/s10434-024-15231-x,38556599.0,Europe PMC; OpenAlex,W4393352515; MED:38556599,https://doi.org/10.1245/s10434-024-15231-x,2024-03-31,article,Annals of Surgical Oncology,Previously screened title-explicit set,339,"<h4>Background</h4>Central pancreatectomy (CP) is a parenchymal-sparing technique indicated for the resection of selected lesions of the neck or proximal body of the pancreas.<sup>1,2</sup> The risk of postoperative complications is theoretically doubled because the surgeon has to manage two cut surfaces of the pancreas. The video shows a fully robotic CP to treat a 62-year-old male patient with a mixed-type intraductal papillary mucinous neoplasm (IPMN) of the pancreatic neck, using ultrasound (US) and Wirsung endoscopic evaluation to guide the pancreatic resection and ensure optimal resection margins.<h4>Materials and methods</h4>A US-guided robotic CP was carried out, and an intraoperative endoscopic evaluation of the MPD was performed to determine the distal transection level. A transmesocolic, end-to-side, robot-sewn Wirsung-jejunostomy with internal MPD stenting was then created. The procedure was completed with a side-to-side jejunojejunostomy.<h4>Results</h4>The operative time was 290 min, with negligible blood loss. During the postoperative course, the patient experienced bleeding from a branch of the gastroduodenal artery with subsequent fluid collection, which was successfully treated with angioembolization and percutaneous drainage. He was discharged home on postoperative day 22. Final pathology revealed a non-invasive IPMN with low-grade dysplasia and free surgical margins. At 12 months of follow-up, the patient was doing well, with no evidence of local recurrence and endocrine or exocrine pancreatic insufficiency.<h4>Conclusions</h4>The combination of robotic surgery with intraoperative US and Wirsungoscopy may offer distinct technical advantages for challenging pancreatectomies that follow the principles of parenchymal-sparing surgery."
A1,Robotic ultrasound / sonography,机器人超声 / 超声扫查,2024,full year,Robotic Ultrasound-Guided Instrument Localization in Fetoscopy,10.1109/tmrb.2024.3407330,,OpenAlex,W4399168132,https://doi.org/10.1109/tmrb.2024.3407330,2024-05-30,article,IEEE Transactions on Medical Robotics and Bionics,Previously screened title-explicit set,340,"Fetoscopic Endoluminal Tracheal Occlusion (FETO) is a minimally invasive fetal surgery (MIFS) aimed at mitigating the effects of Congenital Diaphragmatic Hernia (CDH). During FETO, a latex balloon is introduced in the fetal trachea using a fetoscope. Typically, this surgery is performed under ultrasound guidance which is provided by a sonographer who manually operates the ultrasound probe. This manual operation imposes a considerable physical and cognitive demand, placing a burden on the sonographer. This paper proposes a robotic ultrasound-based instrument tracking system that automates the probe position control while ensuring continuous visibility of the fetoscope in ultrasound images. The development of the proposed system is achieved with the completion of two tasks. Firstly, a series of fetoscope localization algorithms are developed and compared. Secondly, a task-based control for a robotic ultrasound system is developed. The localization algorithms’ performance is evaluated on annotated ultrasound datasets. The OEU-Net algorithm is selected based on this evaluation and is implemented in the instrument tracking system. The performance assessment of the tracking system shows that it is capable of tracking the fetoscope with a mean error below 4 mm. Thus, the developed system represents a significant advancement toward automatic robotic assistance for ultrasound guidance during FETO."
A1,Robotic ultrasound / sonography,机器人超声 / 超声扫查,2024,full year,S-CycleGAN: Semantic Segmentation Enhanced CT-Ultrasound Image-to-Image Translation for Robotic Ultrasonography,10.48550/arxiv.2406.01191,,OpenAlex; arXiv,2406.01191v2; W4399400918,https://doi.org/10.48550/arxiv.2406.01191,2024-06-03,preprint,arXiv (Cornell University),Previously screened title-explicit set,342,"Ultrasound imaging is pivotal in various medical diagnoses due to its non-invasive nature and safety. In clinical practice, the accuracy and precision of ultrasound image analysis are critical. Recent advancements in deep learning are showing great capacity of processing medical images. However, the data hungry nature of deep learning and the shortage of high-quality ultrasound image training data suppress the development of deep learning based ultrasound analysis methods. To address these challenges, we introduce an advanced deep learning model, dubbed S-CycleGAN, which generates high-quality synthetic ultrasound images from computed tomography (CT) data. This model incorporates semantic discriminators within a CycleGAN framework to ensure that critical anatomical details are preserved during the style transfer process. The synthetic images are utilized to enhance various aspects of our development of the robot-assisted ultrasound scanning system. The data and code will be available at https://github.com/yhsong98/ct-us-i2i-translation."
A1,Robotic ultrasound / sonography,机器人超声 / 超声扫查,2024,full year,Safe Learning by Constraint-Aware Policy Optimization for Robotic Ultrasound Imaging,10.1109/tase.2024.3378915,,OpenAlex,W4393139813,https://doi.org/10.1109/tase.2024.3378915,2024-03-25,article,IEEE Transactions on Automation Science and Engineering,Previously screened title-explicit set,344,"Ultrasound-based medical examination usually requires establishing proper contact between an ultrasound probe and a human body that ensures the quality of ultrasound images. The scanning skills are quite challenging for a robot to learn primarily due to the complex coupling between the applied force profile and the resulting ultrasound image quality. While reinforcement learning appears as a powerful tool for learning complex robot skills, the deployment of these algorithms in medical robots demands special attention due to the evident safety concerns that arise from physical probe-tissue interactions. In this paper, we explicitly consider external constraints on the force magnitude when searching for the optimal policy parameters to enhance safety during ultrasound-guided robotic interventions. In particular, we study policy optimization under the framework of a constrained Markov decision process. The resulting gradient-based policy update is then subject to the involved constraints, which can be readily addressed by the primal-dual interior-point technique. In addition, upon the observation that policy update requires consecutive policies to be close to each other to have stable and robust performance with reinforcement learning algorithms, we design the learning rate of policy gradient from an imitation perspective. The performance of the proposed constraint-aware policy optimization method is validated with experiments of robotic ultrasound imaging for spinal diagnosisNote to Practitioners—This paper was motivated by the problem of safely learning the optimal interaction force strategy to facilitate robotic ultrasound imaging. Existing approaches to robotic ultrasound imaging usually empirically set a constant value for the scanning force, despite the fact the force strategy plays an important role in the quality of the ultrasound images. This paper suggests the usage of reinforcement learning to identify the optimal interaction force due to the complex acoustic coupling between the force and the ultrasound image quality. Specifically, we propose constraint-aware reinforcement learning in view of the safety-critical issues as a result of physical human-probe interaction. We then conduct a theoretical analysis of the proposed safe reinforcement learning, including monotonic improvement and policy value bound under mild assumptions. Preliminary real experiments on ultrasound imaging of the spine of a phantom for scoliosis assessment suggest that the proposed approach can safely learn the optimal scanning force without violating the prescribed force threshold. In the future, we would like to apply our approach to learning the optimal scanning force on different organs of interest of human subjects."
A1,Robotic ultrasound / sonography,机器人超声 / 超声扫查,2024,full year,SonoBox: development of a robotic ultrasound tomograph for the ultrasound diagnosis of paediatric forearm fractures,10.3389/frobt.2024.1405169,39233849.0,Europe PMC; OpenAlex,MED:39233849; W4401747513,https://doi.org/10.3389/frobt.2024.1405169,2024-08-21,article,Frontiers in Robotics and AI,Previously screened title-explicit set,346,"<h4>Introduction</h4>Paediatric forearm fractures are a prevalent reason for medical consultation, often requiring diagnostic X-rays that present a risk due to ionising radiation, especially concerning given the sensitivity of children's tissues. This paper explores the efficacy of ultrasound imaging, particularly through the development of the SonoBox system, as a safer, non-ionising alternative. With emerging evidence supporting ultrasound as a viable method for fracture assessment, innovations like SonoBox will become increasingly important.<h4>Materials and methods</h4>In our project, we want to advance ultrasound-based, contact-free, and automated cross-sectional imaging for diagnosing paediatric forearm fractures. To this end, we are building a technical platform that navigates a commercially available ultrasound probe around the extremity within a water-filled tank, utilising intelligent robot control and image processing methods to generate a comprehensive ultrasound tomogram. Safety and hygiene considerations, gender and diversity relevance, and the potential reduction of radiation exposure and examination pain are pivotal aspects of this endeavour.<h4>Results</h4>Preliminary experiments have demonstrated the feasibility of rapidly generating ultrasound tomographies in a water bath, overcoming challenges such as water turbulence during probe movement. The SonoBox prototype has shown promising results in transmitting position data for ultrasound imaging, indicating potential for autonomous, accurate, and potentially painless fracture diagnosis. The project outlines further goals, including the construction of prototypes, validation through patient studies, and development of a hygiene concept for clinical application.<h4>Conclusion</h4>The SonoBox project represents a significant step forward in paediatric fracture diagnostics, offering a safer, more comfortable alternative to traditional X-ray imaging. By automating the imaging process and removing the need for direct contact, SonoBox has the potential to improve clinical efficiency, reduce patient discomfort, and broaden the scope of ultrasound applications. Further research and development will focus on validating its effectiveness in clinical settings and exploring its utility in other medical and veterinary applications."
A1,Robotic ultrasound / sonography,机器人超声 / 超声扫查,2024,full year,Telerobotic Versus Standard Ultrasound in the Assessment of the Abdomen and Pelvis: A Real‐World Prospective Study,10.1155/ijta/1482326,39713775.0,Europe PMC; OpenAlex,MED:39713775; W4405399004,https://doi.org/10.1155/ijta/1482326,2024-01-01,article,International Journal of Telemedicine and Applications,Previously screened title-explicit set,347,"<b>Introduction:</b> Telerobotic ultrasound has emerged as a promising technology in medicine, especially in settings with limited medical access or a lack of specialized personnel. However, there are very few studies evaluating its usefulness in real-world clinical practice. <b>Objective:</b> This study evaluates the usefulness of abdominopelvic telerobotic ultrasound in a real-world practice setting. <b>Methods:</b> A prospective study was performed in a cohort of adult patients who underwent abdominal ultrasound in a remote secondary hospital for suspected abdominal or pelvic pathology. Examinations were performed by an on-site technician and a remote abdominal radiologist. Satisfaction of patients and explorers, scan times, quality of visualization of anatomical structures, and ultrasound findings were measured and compared with standard ultrasound examinations performed by an on-site radiologist blinded to telerobotic ultrasound findings. Multivariate analyses were performed to predict variables related to the visualization quality of abdominopelvic organs. <b>Results:</b> The sample included 40 patients (60% women; mean age, 51.2 ± 16.1 years; 35% overweight and 17.5% obese). Significant differences in ultrasound duration were observed between telerobotic ultrasound and standard ultrasound (27.4 ± 8.3 and 12.7 ± 3.1 min, respectively; <i>p</i> < 0.001). The mean satisfaction of radiologists, technicians, and patients with telerobotic ultrasound was high (7.35 ± 1.14 for radiologists, 7.93 ± 0.83 for technicians, and 8.43 ± 1.38 for patients). Visualization of anatomical structures was acceptable for most organs on telerobotic ultrasound but significantly worse than conventional ultrasound when ""excellent visualization"" was the reference standard. In addition, telerobotic ultrasound did not identify potentially relevant findings in a significant (70%) proportion of patients. <b>Conclusions:</b> Telerobotic ultrasound offers acceptable results in the assessment of abdominopelvic organs and can help provide adequate healthcare to patients in locations with limited access to radiology specialists. However, there are significant limitations compared to standard ultrasound for their optimal evaluation."
A1,Robotic ultrasound / sonography,机器人超声 / 超声扫查,2024,full year,Time- Delay Control of UR5 Robot and Application in Telerobotic Ultrasound,10.1007/s42979-024-03205-5,,OpenAlex,W4401906936,https://doi.org/10.1007/s42979-024-03205-5,2024-08-27,article,SN Computer Science,Previously screened title-explicit set,348,
A1,Robotic ultrasound / sonography,机器人超声 / 超声扫查,2024,full year,Toward Safe and Collaborative Robotic Ultrasound Tissue Scanning in Neurosurgery,10.1109/tmrb.2024.3349626,,OpenAlex,W4390576606,https://doi.org/10.1109/tmrb.2024.3349626,2024-01-04,article,IEEE Transactions on Medical Robotics and Bionics,Previously screened title-explicit set,349,"Intraoperative ultrasound imaging is used to facilitate safe brain tumour resection. However, due to challenges with image interpretation and the physical scanning, this tool has yet to achieve widespread adoption in neurosurgery. In this paper, we introduce the components and workflow of a novel, versatile robotic platform for intraoperative ultrasound tissue scanning in neurosurgery. An RGB-D camera attached to the robotic arm allows for automatic object localisation with ArUco markers, and 3D surface reconstruction as a triangular mesh using the ImFusion Suite software solution. Impedance controlled guidance of the US probe along arbitrary surfaces, represented as a mesh, enables collaborative US scanning, i.e., autonomous, teleoperated and hands-on guided data acquisition. A preliminary experiment evaluates the suitability of the conceptual workflow and system components for probe landing on a custom-made soft-tissue phantom. Further assessment in future experiments will be necessary to prove the effectiveness of the presented platform."
A1,Robotic ultrasound / sonography,机器人超声 / 超声扫查,2024,full year,UltraGelBot: Autonomous Gel Dispenser for Robotic Ultrasound,10.31256/hsmr2024.60,,arXiv,2406.19678v1,http://arxiv.org/abs/2406.19678v1,2024-06-28,preprint,arXiv [cs.RO],Previously screened title-explicit set,351,"Telerobotic and Autonomous Robotic Ultrasound Systems (RUS) help alleviate the need for operator-dependability in free-hand ultrasound examinations. However, the state-of-the-art RUSs still rely on a human operator to apply the ultrasound gel. The lack of standardization in this process often leads to poor imaging of the scanned region. The reason for this has to do with air-gaps between the probe and the human body. In this paper, we developed a end-of-arm tool for RUS, referred to as UltraGelBot. This bot can autonomously detect and dispense the gel. It uses a deep learning model to detect the gel from images acquired using an on-board camera. A motorized mechanism is also developed, which will use this feedback and dispense the gel. Experiments on phantom revealed that UltraGelBot increases the acquired image quality by $18.6\%$ and reduces the procedure time by $37.2\%$."
A1,Robotic ultrasound / sonography,机器人超声 / 超声扫查,2025,full year,3D Reconstruction and Visualization of Tissue Structure and Elasticity Using Robot-Assisted Ultrasound and Shear Wave Elastography Imaging<sup/>.,10.1109/embc58623.2025.11253631,41335818.0,Europe PMC,MED:41335818,https://doi.org/10.1109/embc58623.2025.11253631,2025-07-01,,Annual International Conference of the IEEE Engineering in Medicine and Biology Society. IEEE Engineering in Medicine and Biology Society. Annual International Conference,Previously screened title-explicit set,354,"Tissue elasticity is a critical component of medical diagnostics, serving as a key indicator for tumor detection and pain assessment. Moreover, understanding tissue stiffness is essential for the precise fitting of prostheses. Conventional imaging techniques such as Magnetic Resonance Imaging or Computed Tomography (CT), besides being costly, fall short in accurately measuring tissue stiffness, highlighting the need of innovative approaches like shear wave elastography (SWE). The three-dimensional (3D) reconstruction for SWE images has the potential to provide a simplified visual interpretation of tissue properties. However, the acquisition of high-quality, meaningful images and an accurate 3D reconstruction necessitates the precise positioning of the transducer and the controlled application of pressure. Robotic assistance offers a solution to these challenges by ensuring repeatability and enabling detailed 3D imaging, thereby further improving the understanding of tissue structure. Building up on our prior work with conventional ultrasound (US), this study advances our methodology by adding SWE in an experiment conducted on a multi-layered silicone phantom. This not only provides an overview of the phantom's structure but also illustrates the stiffness distribution across the phantom. Additionally, the study includes a comparison with clinical CT imaging, demonstrating the benefits of 3D US and SWE. Overall, this research demonstrates the viability of incorporating SWE into robot-assisted systems and the reconstruction of 3D SWE data. These findings lay the foundation for future advancements in tissue characterization.Clinical Relevance- Precise 3D visualization of tissue structure and elasticity improves diagnostic accuracy for conditions such as tumors and chronic diseases. In addition, this technique has the potential to enhance the customization of prostheses, thereby improving patient quality of life."
A1,Robotic ultrasound / sonography,机器人超声 / 超声扫查,2025,full year,3D Reconstruction of the Kidney and Lesions from 2D Ultrasound Images Using Robotic Ultrasound Diagnostic System.,10.1109/embc58623.2025.11252663,41336912.0,Europe PMC,MED:41336912,https://doi.org/10.1109/embc58623.2025.11252663,2025-07-01,,Annual International Conference of the IEEE Engineering in Medicine and Biology Society. IEEE Engineering in Medicine and Biology Society. Annual International Conference,Previously screened title-explicit set,355,"This study presents an innovative approach based on the Robotic Ultrasound Diagnostic System (RUDS) for 3D reconstruction of organs and lesions from sequential 2D ultrasound slices. The RUDS comprises four main components: the Organ Tracking Robot (OTR) for multi-angle probe scanning, the Phantom Posture Robot (PPR) for optimizing probe contact with the abdomen, the Robotic Bed (RB), and the Robotic Supporting Arm (RSA). Leveraging the high flexibility and degrees of freedom in probe manipulation, the OTR controls probe rotation to capture and process continuous 2D slices, enabling precise 3D reconstruction of the kidney and associated lesions. By adjusting scanning speed and contact angles and analyzing spatial relationships within the 3D models, RUDS demonstrates superior accuracy in 3D modeling, supporting preoperative planning in High-Intensity Focused Ultrasound (HIFU) and minimizing risks to non-tumor tissue.Clinical Relevance- This enables precise 3D reconstruction of kidneys and lesions from 2D ultrasound images, supporting HIFU planning and enhancing ultrasound diagnostic accuracy."
A1,Robotic ultrasound / sonography,机器人超声 / 超声扫查,2025,full year,A Calibration Procedure for Robotic Ultrasound Systems,10.1109/tmrb.2025.3556549,,OpenAlex,W4409077274,https://doi.org/10.1109/tmrb.2025.3556549,2025-04-01,article,IEEE Transactions on Medical Robotics and Bionics,Previously screened title-explicit set,358,"With the rise of collaborative robots, there has been a growing interest in integrating ultrasound imaging with robotic systems in medical applications. This integration allows the system to receive real-time visual information, enabling the robot to move based on relevant anatomical features. However, for the visual information to be used accurately, it is essential to calibrate the pose of the ultrasound image in the robot’s coordinate frame. This paper presents a calibration technique that eliminates the need for external trackers and minimizes sources of error. The proposed method involves scanning a straight wire phantom with an unknown arrangement to constrain the set of possible solutions. By optimizing the cost function associated with the wires’ straightness, we can estimate the pose of the B-scan in the robot flange coordinate frame precisely and reliably without significant limitations, e.g., complex scanning trajectories. The technique shows an average precision of 0.8 mm and an accuracy of 1.72 mm with a scaling factor of 0.2778 mm/pixel."
A1,Robotic ultrasound / sonography,机器人超声 / 超声扫查,2025,full year,A Survey of Autonomous Robotic Ultrasound Scanning Systems,10.1109/access.2025.3574464,,OpenAlex,W4410808733,https://doi.org/10.1109/access.2025.3574464,2025-01-01,article,IEEE Access,Previously screened title-explicit set,362,"This review investigates recent advancements in autonomous, semi-autonomous, and teleoperated robotic ultrasound systems.Traditional ultrasound imaging depends on manual probe manipulation, which introduces operator variability, physical strain, and limitations in accessibility. To address these challenges, this review investigates recent advancements in autonomous, semi-autonomous, and teleoperated robotic ultrasound systems by analyzing over 60 publications, including key developments from 2022 to 2025. Our survey reveals a growing adoption of cobot-based solutions equipped with 6-DOF force/torque sensors and RGB-D vision systems for precise probe positioning [34], [58], [60]. Notably, several systems now integrate reinforcement learning, image-guided visual servoing, and real-time feedback loops to enable intelligent trajectory planning and adaptive force control [46]–[48]. However, we identify critical gaps in the literature: surface-parallel force and torque components are often ignored in control models, limiting the accuracy of probe orientation and tissue coupling [39], [40]. Furthermore, real-time ultrasound image feedback is rarely used for path optimization, despite its importance in enhancing image quality and diagnostic reliability [38], [50]. This review emphasizes the need for future systems to integrate multi-modal sensing, adaptive control, and real-time image quality assessment to achieve robust, generalizable robotic ultrasound workflows."
A1,Robotic ultrasound / sonography,机器人超声 / 超声扫查,2025,full year,A-SEE2.0: Active-Sensing End-Effector for Robotic Ultrasound Systems with Dense Contact Surface Perception Enabled Probe Orientation Adjustment,10.1109/lra.2025.3595036,40995401.0,Europe PMC; OpenAlex; arXiv,W4412836811; 2503.05569v1; MED:40995401,https://doi.org/10.1109/lra.2025.3595036,2025-03-07,article,IEEE Robotics and Automation Letters,Previously screened title-explicit set,363,"Conventional freehand ultrasound (US) imaging is highly dependent on the skill of the operator, often leading to inconsistent results and increased physical demand on sonographers. Robotic Ultrasound Systems (RUSS) aim to address these limitations by providing standardized and automated imaging solutions, especially in environments with limited access to skilled operators. This paper presents the development of a novel RUSS system that employs dual RGB-D depth cameras to maintain the US probe normal to the skin surface, a critical factor for optimal image quality. Our RUSS integrates RGB-D camera data with robotic control algorithms to maintain orthogonal probe alignment on uneven surfaces without preoperative data. Validation tests using a phantom model demonstrate that the system achieves robust normal positioning accuracy while delivering ultrasound images comparable to those obtained through manual scanning. A-SEE2.0 demonstrates 2.47 ${\pm}$ 1.25 degrees error for flat surface normal-positioning and 12.19 ${\pm}$ 5.81 degrees normal estimation error on mannequin surface. This work highlights the potential of A-SEE2.0 to be used in clinical practice by testing its performance during in-vivo forearm ultrasound examinations."
A1,Robotic ultrasound / sonography,机器人超声 / 超声扫查,2025,full year,"AI-Powered Robotic Ultrasound: Electronic Hardware, Algorithms, and Applications",10.1109/access.2025.3605105,,OpenAlex,W4413925418,https://doi.org/10.1109/access.2025.3605105,2025-01-01,article,IEEE Access,Previously screened title-explicit set,364,"Robotic ultrasound powered by Artificial Intelligence (AI) represents a groundbreaking and transformative innovation in the field of medical imaging. By seamlessly automating probe movement and using sophisticated algorithms, these systems enhance overall diagnostic accuracy and reduce considerably operator variability. This paper provides a comprehensive review of AI-based solutions for the development of robotic ultrasound systems, with a special focus on both Machine Learning (ML) and Deep Learning (DL) techniques. In particular, key areas of investigation include probe management strategies and image quality optimization approaches. Applications across various anatomical regions and diverse clinical scenarios demonstrate improved image quality and reduced operator workload, thereby contributing to more consistent and reliable diagnostic outcomes. Main robotic arms employed in these systems are also reviewed, with detailed analysis highlighting technical advancements and engineering innovations. The review underscores the growing role of AI in enhancing diagnostic procedures and supports its potential to revolutionize ultrasound practices, discussing in depth technical and practical challenges related to the implementation of these systems. Overall, the findings emphasize the transformative impact of integrating AI with robotic platforms."
A1,Robotic ultrasound / sonography,机器人超声 / 超声扫查,2025,full year,AIA-UltraNeRF:Acoustic-Impedance-Aware Neural Radiance Field with Hash Encodings for Robotic Ultrasound Reconstruction and Localization,10.48550/arxiv.2511.18293,,OpenAlex; arXiv,W7106783107; W7106715188; 2511.18293v1,https://openalex.org/W7106783107,2025-11-23,preprint,arXiv (Cornell University),Previously screened title-explicit set,365,"Neural radiance field (NeRF) is a promising approach for reconstruction and new view synthesis. However, previous NeRF-based reconstruction methods overlook the critical role of acoustic impedance in ultrasound imaging. Localization methods face challenges related to local minima due to the selection of initial poses. In this study, we design a robotic ultrasound system (RUSS) with an acoustic-impedance-aware ultrasound NeRF (AIA-UltraNeRF) to decouple the scanning and diagnostic processes. Specifically, AIA-UltraNeRF models a continuous function of hash-encoded spatial coordinates for the 3D ultrasound map, allowing for the storage of acoustic impedance without dense sampling. This approach accelerates both reconstruction and inference speeds. We then propose a dual-supervised network that leverages teacher and student models to hash-encode the rendered ultrasound images from the reconstructed map. AIA-UltraNeRF retrieves the most similar hash values without the need to render images again, providing an offline initial image position for localization. Moreover, we develop a RUSS with a spherical remote center of motion mechanism to hold the probe, implementing operator-independent scanning modes that separate image acquisition from diagnostic workflows. Experimental results on a phantom and human subjects demonstrate the effectiveness of acoustic impedance in implicitly characterizing the color of ultrasound images. AIAUltraNeRF achieves both reconstruction and localization with inference speeds that are 9.9 faster than those of vanilla NeRF."
A1,Robotic ultrasound / sonography,机器人超声 / 超声扫查,2025,full year,AURA-CVC: Autonomous Ultrasound-guided Robotic Assistance for Central Venous Catheterization,10.1007/s11548-026-03572-9,41739357.0,Europe PMC; OpenAlex; arXiv,W4416061767; W7131353126; 2507.05979v2; MED:41739357,https://doi.org/10.1007/s11548-026-03572-9,2025-07-08,article,International Journal of Computer Assisted Radiology and Surgery,Previously screened title-explicit set,366,"<h4>Purpose</h4>Central venous catheterization (CVC) is a critical medical procedure for vascular access, hemodynamic monitoring, and life-saving interventions. Its success remains challenging due to the need for continuous ultrasound-guided visualization of a target vessel and approaching needle, which is further complicated by anatomical variability and operator dependency. Errors in needle placement can lead to life-threatening complications. While robotic systems offer a potential solution, achieving full autonomy remains challenging. In this work, we propose an end-to-end robotic ultrasound-guided CVC pipeline, from scan initialization to needle insertion.<h4>Methods</h4>We introduce a deep-learning model to identify clinically relevant anatomical landmarks from a depth image of the patient's neck, obtained using an RGB-D camera, to autonomously define the scanning region and paths. Then, a robot motion planning framework is proposed to scan, segment, reconstruct, and localize vessels (veins and arteries), followed by the identification of the optimal insertion zone. Finally, a needle guidance module plans the insertion under ultrasound guidance with operator's feedback. This pipeline was validated on a high-fidelity commercial phantom across 10 simulated clinical scenarios.<h4>Results</h4>The proposed pipeline achieved 10 out of 10 successful needle placements on the first attempt. Vessels were reconstructed with a mean error of 2.15 mm, and autonomous needle insertion was performed with an error less than or close to 1 mm.<h4>Conclusion</h4>To our knowledge, this is the first robotic CVC system demonstrated on a high-fidelity phantom with integrated planning, scanning, and insertion. Experimental results show its potential for clinical translation."
A1,Robotic ultrasound / sonography,机器人超声 / 超声扫查,2025,full year,An Efficient Deep Reinforcement Learning Approach for Autonomous Ultrasound Scanning Robot Based on Multimodal Sensing and Distance ProbSparse Self-Attention,10.1109/tmech.2025.3572571,,OpenAlex,W4411055431,https://doi.org/10.1109/tmech.2025.3572571,2025-06-05,article,IEEE/ASME Transactions on Mechatronics,Previously screened title-explicit set,368,"Medical ultrasound is an essential noninvasive diagnostic tool across various disciplines, yet its dependence on skilled practitioners presents significant challenges to achieving efficient autonomous imaging. This article presents an autonomous robotic ultrasound scanning method enhanced with multimodal sensing and distance probSparse self-attention (DPSA). By integrating ultrasound images, dual-view cameras, tactile feedback, and robotic action sequences, the system achieves comprehensive environmental perception. The 6-D pose decision-making task for the robot is formulated as a deep reinforcement learning (DRL) problem, and a hybrid reward function is designed to conform to professional sonographers. The proposed DPSA mechanism is designed to capture critical information from the current multimodal sensory data by allocating greater attention to important time steps. In addition, this work employs the discrete soft actor–critic (DSAC) algorithm, prioritized experience replay (PER), and a pretrained ResNet-18 model, significantly reducing training time. Evaluation in real-world environments using soft, movable, and unmarked kidney phantoms demonstrates that our approach outperforms existing baseline models in terms of scanning success rate, accuracy, and training efficiency, while maintaining robust stability under interference conditions."
A1,Robotic ultrasound / sonography,机器人超声 / 超声扫查,2025,full year,Automatic Robotic Ultrasound for 3D Musculoskeletal Reconstruction: A Comprehensive Framework,10.3390/technologies13020070,,OpenAlex,W4407392146,https://doi.org/10.3390/technologies13020070,2025-02-08,article,Technologies,Previously screened title-explicit set,373,"Musculoskeletal ultrasound (US) imaging faces challenges such as operator experience, limited spatial flexibility, and high personnel costs. This study introduces an Automated Robotic Ultrasound Scanning (ARUS) system that integrates key technological advancements to automate the ultrasound scanning procedure with the robot, including anatomical target localization, automatic trajectory generation, deep-learning-based segmentation, and 3D reconstruction of musculoskeletal structures. The ARUS system consists of a robotic arm, ultrasound imaging, and stereo vision for precise anatomical area detection. A Graphical User Interface (GUI) facilitates a flexible selection of scanning trajectories, improving user interaction and enabling customized US scans. To handle complex and dynamic curvatures on the skin, together with anatomical area detection, the system employs a hybrid position–force control strategy based on the generated trajectory, ensuring stability and accuracy. Additionally, the utilized RA-UNet model offers multi-label segmentation on the bone and muscle tissues simultaneously, which incorporates residual blocks and attention mechanisms to enhance segmentation accuracy and robustness. A custom musculoskeletal phantom was used for validation. Compared to the reference 3D reconstruction result derived from the MRI scan, ARUS achieved a 3D reconstruction root mean square error (RMSE) of 1.22 mm, with a mean error of 0.94 mm and a standard deviation of 0.77 mm. The ARUS system extends 3D musculoskeletal imaging capacity by enabling both bones and muscles to be segmented and reconstructed into 3D shapes in real time and simultaneously. These features suggest significant potential as a cost-effective and reliable option for musculoskeletal examination and diagnosis in real-time applications."
A1,Robotic ultrasound / sonography,机器人超声 / 超声扫查,2025,full year,Autonomous robotic ultrasound scanning system: a key to enhancing image analysis reproducibility and observer consistency in ultrasound imaging,10.3389/frobt.2025.1527686,39975565.0,Europe PMC; OpenAlex,MED:39975565; W4407183492,https://doi.org/10.3389/frobt.2025.1527686,2025-02-05,article,Frontiers in Robotics and AI,Previously screened title-explicit set,374,"<h4>Purpose</h4>This study aims to develop an autonomous robotic ultrasound scanning system (auto-RUSS) pipeline, comparing its reproducibility and observer consistency in image analysis with physicians of varying levels of expertise.<h4>Design/methodology/approach</h4>An auto-RUSS was engineered using a 7-degree-of-freedom robotic arm, with real-time regulation based on force control and ultrasound visual servoing. Two phantoms were employed for the human-machine comparative experiment, involving three groups: auto-RUSS, non-expert (4 junior physicians), and expert (4 senior physicians). This setup enabled comprehensive assessment of reproducibility in contact force, image acquisition, image measurement and AI-assisted classification. Radiological feature variability was measured using the coefficient of variation (COV), while performance and reproducibility assessments utilized mean and standard deviation (SD).<h4>Findings</h4>The auto-RUSS had the potential to reduce operator-dependent variability in ultrasound examinations, offering enhanced repeatability and consistency across multiple dimensions including probe contact force, images acquisition, image measurement, and diagnostic model performance.<h4>Originality/value</h4>In this paper, an autonomous robotic ultrasound scanning system (auto-RUSS) pipeline was proposed. Through comprehensive human-machine comparison experiments, the auto-RUSS was shown to effectively improve the reproducibility of ultrasound images and minimize human-induced variability."
A1,Robotic ultrasound / sonography,机器人超声 / 超声扫查,2025,full year,Closing the Sim-to-Real Gap: An End-to-End Robotic Ultrasound System Leveraging In Vivo Reinforcement Learning and 3D-Prior Guided Hybrid Control,10.64898/2025.12.17.694846,,Europe PMC; OpenAlex,W4417518303; PPR:PPR1230820,https://doi.org/10.64898/2025.12.17.694846,2025-12-19,preprint,bioRxiv (Cold Spring Harbor Laboratory),Previously screened title-explicit set,377,"Abstract Abdominal ultrasound is a crucial first-line diagnostic tool, yet its efficacy is inherently constrained by a strong dependency on operator skill, leading to significant inter-operator variability and limiting its widespread adoption. While robotic ultrasound systems with artificial intelligence have emerged to mitigate this, current approaches face critical limitations: they often rely on simulated or phantom data for training, which hampers generalizability, and employ control strategies that lack the flexibility to adapt to complex human anatomy. To address these challenges, this paper introduces a novel, end-to-end robotic system for autonomous abdominal scanning. Our methodology is systematic: it begins with coarse scan planning via RGB and 3D point cloud-based localization of key anatomical landmarks (e.g., xiphoid process). The core of our approach involves training a reinforcement learning scanning policy directly on live human volunteers, enabling the development of a strategy that is robust to anatomical diversity. This high-level policy is executed by a sophisticated hybrid force-position controller, enhanced with real-time normal vector calibration and 3D point cloud-based respiratory phase detection to dynamically adjust contact force, particularly during inspiration. This innovation proves critical for improving scan quality in subjects with higher Body Mass Index (BMI). Extensive validation against expert sonographers demonstrates that our system achieves high precision in standard plane recognition and superior scanning efficiency. Furthermore, to holistically assess performance where standard planes are difficult to acquire, we introduce a 3D reconstruction-based coverage metric. Results confirm that our system delivers strong adaptability and significantly improved consistency, marking a substantial step toward clinically viable, operator-independent ultrasound robotics."
A1,Robotic ultrasound / sonography,机器人超声 / 超声扫查,2025,full year,Continuous Robotic Ultrasound Hepatectomy (CRUSH): A Novel Approach for Parenchyma-Sparing Liver Surgery,10.1245/s10434-025-18757-w,41249745.0,Europe PMC; OpenAlex,MED:41249745; W4416291827,https://doi.org/10.1245/s10434-025-18757-w,2025-11-17,article,Annals of Surgical Oncology,Previously screened title-explicit set,379,"<h4>Background</h4>Parenchyma-sparing hepatectomy aims to achieve negative resection margins while preserving maximal functional liver tissue.<sup>1,2</sup> Intraoperative ultrasound is fundamental for spatial orientation but is typically used intermittently, leaving blind dissection intervals.<sup>3</sup> PATIENTS AND METHODS: We herein present the Continuous Robotic UltraSound Hepatectomy (CRUSH) technique, which integrates continuous intraoperative ultrasound tracking by steady positioning of the ultrasound probe using robotic forceps. Three cases were performed using this novel robotic hepatectomy approach: (1) non-anatomic segment 4a resection (repeat hepatectomy)<sup>4</sup> of a recurrent neuroendocrine metastasis, (2) non-anatomic segment 3 resection of a melanoma liver metastasis, and (3) non-anatomic segment 2 resection of a colorectal liver metastasis.<h4>Results</h4>All procedures were successfully completed using the CRUSH technique without intraoperative or postoperative complications. The Da Vinci Xi-system was employed in all cases. Parenchymal transection was performed with monopolar scissors and bipolar forceps in two cases<sup>5</sup>, and with the SynchoSeal device in combination with bipolar forceps in one case. Negative resection margins were achieved in all three patients. Continuous ultrasound feedback provided uninterrupted visualization of the resection margin facilitating precise and controlled parenchyma-sparing transection.<h4>Conclusions</h4>The CRUSH technique is a safe and feasible parenchyma-sparing hepatectomy approach in robotic liver surgery. Future studies are warranted to evaluate its impact on margin status."
A1,Robotic ultrasound / sonography,机器人超声 / 超声扫查,2025,full year,Design and development of a haptic-enabled telerobotic system for improved ultrasonography,10.1007/s11370-025-00642-w,,OpenAlex,W4414036011,https://doi.org/10.1007/s11370-025-00642-w,2025-09-06,article,Intelligent Service Robotics,Previously screened title-explicit set,383,
A1,Robotic ultrasound / sonography,机器人超声 / 超声扫查,2025,full year,Diagnostic performance and reliability of robotic ultrasonography and artificial intelligence-driven synovitis assessment in rheumatoid arthritis: results from the Controlled ARTHUR Trial,10.1136/rmdopen-2025-006099,41219128.0,Europe PMC; OpenAlex,W4416113063; MED:41219128,https://doi.org/10.1136/rmdopen-2025-006099,2025-10-01,article,RMD Open,Previously screened title-explicit set,385,"<h4>Aim</h4>To evaluate the reliability and diagnostic performance of artificial intelligence (AI) driven robotic ultrasonography (RUS) compared with human ultrasonography (HUS) performed by a trained rheumatologist for assessing synovitis in the hands of healthy controls and patients with rheumatoid arthritis (RA).<h4>Methods</h4>20 healthy controls and 29 patients with RA eligible for initiation or intensification of disease-modifying anti-rheumatic drugs, with at least one clinically swollen joint in the hands, were included. The ultrasound robot scanned controls and patients twice without interval, whereas HUS was performed once. Synovitis was scored from 0 to 3 for Greyscale (GS) and Doppler (CD) by RUS (using AI software) and HUS according to the European League Against Rheumatism-OMERACT scoring system (range 0-66).Intrarobot and human-robot reliability and agreement were assessed. Furthermore, the diagnostic performance of RUS for detecting arthritis was evaluated using the clinical arthritis diagnosis as reference.<h4>Results</h4>Intrarobot reliability was moderate to good, with intraclass correlation coefficients (ICCs) values of 0.65 (GS) and 0.86 (CD) in patients with RA. Human-robot agreement was moderate, with ICCs of 0.59 (GS) and 0.64 (CD). At joint level, RUS obtained higher scores for MCP joints than HUS, while scores were comparable for other joint groups. The diagnostic accuracy of RUS for detecting clinically-detected arthritis was 59%.<h4>Conclusion</h4>A moderate to good overall agreement was seen between RUS and HUS in assessing synovitis in RA hands. However, at the joint level, low agreement was observed, particularly for MCP joints in both intrarobot and human-robot comparisons, which affected diagnostic performance."
A1,Robotic ultrasound / sonography,机器人超声 / 超声扫查,2025,full year,Enhancing Patient Acceptance of Robotic Ultrasound through Conversational Virtual Agent and Immersive Visualizations,10.1109/tvcg.2025.3549181,40053648.0,Europe PMC; OpenAlex; arXiv,W4407632596; W4408235540; MED:40053648; 2502.10088v1,https://doi.org/10.1109/tvcg.2025.3549181,2025-02-14,article,IEEE Transactions on Visualization and Computer Graphics,Previously screened title-explicit set,386,"Robotic ultrasound systems have the potential to improve medical diagnostics, but patient acceptance remains a key challenge. To address this, we propose a novel system that combines an AI-based virtual agent, powered by a large language model (LLM), with three mixed reality visualizations aimed at enhancing patient comfort and trust. The LLM enables the virtual assistant to engage in natural, conversational dialogue with patients, answering questions in any format and offering real-time reassurance, creating a more intelligent and reliable interaction. The virtual assistant is animated as controlling the ultrasound probe, giving the impression that the robot is guided by the assistant. The first visualization employs augmented reality (AR), allowing patients to see the real world and the robot with the virtual avatar superimposed. The second visualization is an augmented virtuality (AV) environment, where the real-world body part being scanned is visible, while a 3D Gaussian Splatting reconstruction of the room, excluding the robot, forms the virtual environment. The third is a fully immersive virtual reality (VR) experience, featuring the same 3D reconstruction but entirely virtual, where the patient sees a virtual representation of their body being scanned in a robot-free environment. In this case, the virtual ultrasound probe, mirrors the movement of the probe controlled by the robot, creating a synchronized experience as it touches and moves over the patient's virtual body. We conducted a comprehensive agent-guided robotic ultrasound study with all participants, comparing these visualizations against a standard robotic ultrasound procedure. Results showed significant improvements in patient trust, acceptance, and comfort. Based on these findings, we offer insights into designing future mixed reality visualizations and virtual agents to further enhance patient comfort and acceptance in autonomous medical procedures."
A1,Robotic ultrasound / sonography,机器人超声 / 超声扫查,2025,full year,Evaluate the perceptions of novel global robotic ultrasound techniques to create a sonographic degree field in Jordan,10.21203/rs.3.rs-5686254/v1,,Europe PMC; OpenAlex,W4409002039; PPR:PPR996938,https://doi.org/10.21203/rs.3.rs-5686254/v1,2025-03-31,preprint,Research Square,Previously screened title-explicit set,387,"<title>Abstract</title>  <p><bold>Background </bold>We aim to create a bachelor's degree in sonography in radiology departments in the future, so we investigated Jordanian radiology residents and radiographers' attitudes toward global robotic ultrasound. <bold>Method </bold>By cross-sectional study using a 24-question questionnaire prepared by Google form platform delivered via participants emails and WhatsApp, we examined the opinions of 25 radiology residents and 25 radiographers at the largest eight governmental hospitals in Jordan. And they tested their knowledge of robotic sonography. We also use simple Simulink software to calculate the simulation of robotic ultrasound probe force in (N) and its tissue displacements in (mm). <bold>Results </bold>We found 43% of radiology residents had information and heard about robotic ultrasound, while 56% of radiographers heard about robotic sonography. And about 64% of radiographers believe that robotic ultrasound improves image quality and auto-diagnosis more than human work. However, compared to radiology residents, radiographers are noticeably more enthusiastic about robotic ultrasound (p-value <0.05). In addition to the Simulink results, we revealed the dynamic force of the robotic probe sensor attenuated to half when the tissue depth doubled. That, due to the acoustic impedances of tissues, low frequencies of ultrasound waves have better penetration than higher frequencies. <bold>Conclusions </bold>Robotic sonography in some radiology departments in sophisticated countries may open the door to creating a bachelor's degree in sonography in developing countries. Which reduces the time and workload for radiology residents and radiologists in Jordan.</p>"
A1,Robotic ultrasound / sonography,机器人超声 / 超声扫查,2025,full year,Evaluation of robot kinematic performance under motion constraints in a teleoperated robotic ultrasound system,10.1016/j.mechmachtheory.2025.105952,,OpenAlex,W4407302193,https://doi.org/10.1016/j.mechmachtheory.2025.105952,2025-02-10,article,Mechanism and Machine Theory,Previously screened title-explicit set,388,
A1,Robotic ultrasound / sonography,机器人超声 / 超声扫查,2025,full year,Evaluation of the reconstruction accuracy of 3D robotic ultrasound on in-vitro phantoms for the geometrical characterization of abdominal aortic aneurysms,10.1515/cdbme-2025-0231,,OpenAlex,W4415956902,https://doi.org/10.1515/cdbme-2025-0231,2025-09-01,article,Current Directions in Biomedical Engineering,Previously screened title-explicit set,389,"Abstract Abdominal aortic aneurysms (AAAs) pose a significant health risk, particularly in the elderly population, due to the potential for life-threatening rupture. Conventional 2D ultrasound surveillance and guidelines for surgical intervention based on aneurysm size have limitations, necessitating a more individualized approach to assessing rupture risk. This study investigates the overall accuracy of a novel robotic ultrasound system using a single transducer on a collaborative robotic arm. High quality phantoms were used to test the accuracy of the 3D resolution. The system demonstrated promising lateral reconstruction accuracy for large vessels, with dimensions close to the true vessel size of 6 mm. Some slight deviations existed for the reconstructed longitudinal vessel dimensions due to vessel compression by the probe. Future work will focus on optimizing the reconstruction algorithm and system setup, with plans for testing on abdominal phantoms and human subjects to ensure broader applicability and reliability in clinical settings."
A1,Robotic ultrasound / sonography,机器人超声 / 超声扫查,2025,full year,Fully automated robotic ultrasound gallbladder imaging with subcostal scanning,10.1038/s41598-025-31892-4,41372569.0,Europe PMC; OpenAlex,MED:41372569; W4417186273,https://doi.org/10.1038/s41598-025-31892-4,2025-12-10,article,Scientific Reports,Previously screened title-explicit set,392,"To overcome the operator-dependence of ultrasound (US) imaging, robotic US systems have been widely developed for fully automated scanning. In this study, toward fully automated screening of gallbladder in abdominal US examinations, we propose a scan path planning method and a probe posture control strategy using our robotic US system. The path planning method uses an RGB-D camera to capture changes in the patient’s chest height position due to breathing. This allows the boundary line of the subcostal, which is an important landmark for the gallbladder scan, to be identified, and the scanning path for the robot is automatically generated. Regarding the probe posture control strategy, for proper contact between the probe and the body surface, we combine probe posture control with body surface normal estimation using the RGB-D camera before scanning and deep learning-based visual servoing to avoid shadows during scanning. These were implemented in our robotic US system and feasibility experiments were conducted on six healthy subjects. When the path planning method and the posture control strategy proposed in this study were applied, the detection rate of the gallbladder was 78.3%. These results demonstrate the possibility of fully automated gallbladder screening using the proposed system."
A1,Robotic ultrasound / sonography,机器人超声 / 超声扫查,2025,full year,Initial Transducer Placement for Automated Robotic Ultrasound Examinations,10.1515/cdbme-2025-0321,,OpenAlex,W7124748521,https://doi.org/10.1515/cdbme-2025-0321,2025-12-01,article,Current Directions in Biomedical Engineering,Previously screened title-explicit set,397,"Abstract Robotic ultrasound systems represent a potential solution for the automation of medical ultrasound examinations. By addressing the demographic change in our society and the increasing shortage of staff in clinics, they can provide reliable support in future patient care. In fully automated examination routines, the initial placement of the ultrasound probe on the patient’s body must also be automatically performed by the robotic system before the acquisition of ultrasound images can start. This paper proposes a method to overcome this challenge using soley RGB-D data, allowing for markerless operation in clinical settings. The approach builds upon an algorithm that maps 2D image pixels onto a reference body atlas. This allows for the calculation of a 6D transducer pose tailored to any patient’s anatomy. The method has been experimentally evaluated to achieve an optimized robustness to accuracy ratio, demonstrating its suitability for real-world applications."
A1,Robotic ultrasound / sonography,机器人超声 / 超声扫查,2025,full year,Method of Forearm Muscles 3D Modeling Using Robotic Ultrasound Scanning,10.3390/s25072298,40218810.0,Europe PMC; OpenAlex,W4409161124; MED:40218810,https://doi.org/10.3390/s25072298,2025-04-04,article,Sensors,Previously screened title-explicit set,403,"The accurate assessment of muscle morphology and function is crucial for medical diagnostics, rehabilitation, and biomechanical research. This study presents a novel methodology for constructing volumetric models of forearm muscles based on three-dimensional ultrasound imaging integrated with a robotic system to ensure precise probe positioning and controlled pressure application. The proposed ultrasound scanning approach combined with a collaborative six-degrees-of-freedom robotic manipulator enabled reproducible and high-resolution imaging of muscle structures in both relaxed and contracted states. A custom-built phantom, acoustically similar to biological tissues, was developed to validate the method. The cross-sectional area of the muscles and the coordinates of the center of mass of the sections, as well as the volume and center of gravity of each muscle, were calculated for each cross-section of the reconstructed forearm muscle models at contraction. The method's feasibility was confirmed by comparing the reconstructed volumes with anatomical data and phantom measurements. This study highlights the advantages of robotic-assisted ultrasound imaging for non-invasive muscle assessment and suggests its potential applications in neuromuscular diagnostics, prosthetics design, and rehabilitation monitoring."
A1,Robotic ultrasound / sonography,机器人超声 / 超声扫查,2025,full year,Optimizing Reachability and Wrench Estimation in Robotic Ultrasound via Probe Holder Geometry,10.1515/cdbme-2025-0227,,OpenAlex,W4415956781,https://doi.org/10.1515/cdbme-2025-0227,2025-09-01,article,Current Directions in Biomedical Engineering,Previously screened title-explicit set,405,"Abstract In robotic ultrasound the probe is attached to the robot’s end effector using custom-developed probe holders. To enable successful and safe scans, high reachability of the target poses as well as precise probe contact wrench control are crucial. This study evaluates how different probe holder geometries influence the reachability as well as the accuracy of the internal wrench estimation model of the KUKA LBR iiwa 14 R820 performing US scans. It could be demonstrated that a probe, which is attached to the end effector with a small offset and 90° rotation increased the mean reachability by 16%. Moreover, mean Euclidian force estimation errors were reduced by 22% and mean Euclidian moment errors by 35%, compared to a typical tool geometry of a straight end effector extension. Thus, the results show a promising approach to improve the accuracy of the robot wrench estimation in medical applications."
A1,Robotic ultrasound / sonography,机器人超声 / 超声扫查,2025,full year,Personalized scan path planning for robotic ultrasound in head and neck lesions,10.1007/s11548-025-03563-2,41455055.0,Europe PMC; OpenAlex,MED:41455055; W7117364674,https://doi.org/10.1007/s11548-025-03563-2,2025-12-27,article,International Journal of Computer Assisted Radiology and Surgery,Previously screened title-explicit set,408,"<h4>Purpose</h4>Scan path planning is an essential technology for fully automated robotic ultrasound (US). During US screening in head and neck lesions, it is necessary to observe the entire neck, including the thyroid, parotid, submandibular glands, and cervical lymph nodes efficiently. This study developed a personalized scan path planning for robotic US in head and neck lesions.<h4>Methods</h4>We proposed the personalized scan path planning that can estimate the scan position by applying the non-rigid registration between the patient neck image and the similar neck image among the previous patients. To select the most similar neck image in the database, the unique similarity index with the combination of multiple similarity metrics (neck area, position of the centroid, SSIM, Dice coefficient, and contours of the neck area) was developed. Fifty neck images were used to determine the optimal combination experimentally. The non-rigid registration from each of the 50 images to the other 49 images, resulting in a total of 2,450 registration pairs, was conducted, and the correlations between each similarity metric and registration error were analyzed.<h4>Results</h4>The best-performing similarity index achieved a correlation coefficient of 0.730 between the similarity score and registration error, which shows that the proposed index can select the similar image with a high accuracy of scan path registration. With the proposed scan path planning, the feasibility study is performed on six healthy subjects. The results showed a success rate of 94.4% for obtaining the specific target images required for the neck and head US examinations.<h4>Conclusion</h4>The proposed scan path planning allows the scan to adapt to individual differences in the neck, which can contribute to the automated robotic US in head and neck lesions."
A1,Robotic ultrasound / sonography,机器人超声 / 超声扫查,2025,full year,Quality and Safety Assessments of 5G‐Powered Telerobotic Ultrasound System for Multi‐Organ Screening: A Prospective Pilot Study,10.1002/rcs.70099,40842191.0,Europe PMC; OpenAlex,W4413436835; MED:40842191,https://doi.org/10.1002/rcs.70099,2025-08-01,article,International Journal of Medical Robotics and Computer Assisted Surgery,Previously screened title-explicit set,410,"<h4>Purpose</h4>This study aims to assess the ability of a 5G-based telerobotic system to generate required images of diagnostic quality in multi-organ US examinations.<h4>Materials and methods</h4>This prospective study involved participants in Shenzhen and Tibet, which are 106 and 4000 km, respectively, from the tele-radiologist's hospital. Participants underwent telerobotic US examinations from September 2020 to March 2021. A total of 127 participants were enrolled. The required image quality was evaluated by the required image adequacy, image quality, the observer reliability and the consistency of the conventional US. The safety assessments were assessed by complications and questionnaires.<h4>Results</h4>A total of 1790/2032 (88.1%) required images were considered adequate, and 167/2032 (8.2%) were considered adequate with some reservations. The mean image quality score was 2.83 ± 0.47 on a three-point Likert scale and did not differ between the districts or sexes. Telerobotic US detected 15 out of 18 abnormalities (83.3%) in 10 patients who underwent both telerobotic US and conventional US. There was good consistency between the two methods (k = 0.7-1.0). Furthermore, nearly 86.0% of patients accepted and would be willing to undergo another telerobotic US examination in the future. Teleradiologists accepted almost all US examinations as adequate for diagnosis and were satisfied with them.<h4>Conclusions</h4>The 5G-based telerobotic US(MGIUS-R3) can acquire required images with adequacy and quality in multiple organ examination procedures, with high safety and customer satisfaction in this limited group of patients. Further studies with larger samples and more centres are needed to validate this potential new technology."
A1,Robotic ultrasound / sonography,机器人超声 / 超声扫查,2025,full year,Quasi-Static Elastography-Driven Automated Robotic Ultrasound Screening and Localization,10.1109/tbme.2025.3634552,41359732.0,Europe PMC; OpenAlex,W4417131675; MED:41359732,https://doi.org/10.1109/tbme.2025.3634552,2025-12-08,article,IEEE Transactions on Biomedical Engineering,Previously screened title-explicit set,411,"Robotic ultrasound imaging systems primarily focus on enhancing automation in grayscale image acquisition but lack essential functional information, which restricts their clinical effectiveness and efficiency. In this regard, we propose a novel robotic ultrasound system capable of automatically screening and anomaly localization using quasi-static elastography (QE). For continuous screening, a compliant force control strategy is devised to manage the complex probe operations required for elasticity data acquisition. This involves the integration of adaptive out-of-plane posture control and in-plane palpation motion control. For anomaly localization, tissue strains are analyzed using multi-source motion data. We introduce an unsupervised tissue displacement estimation method, complemented by a strain estimator with multi-frame fusion for robust strain estimation. A 3D strain map is reconstructed to enable closed-loop control for automated robotic localization. The system has been validated through extensive experiments on two realistic phantoms and tested on human subjects. Results demonstrate that our system can perform robotic QE-based screening across subjects with varying surface conditions and lesion depths, showing improved efficiency and adaptability compared to existing systems. It achieves satisfactory accuracy in strain-based anomaly localization, with a detection rate of 0.77 and an average localization error of 1.01±0.47 mm for the abdominal phantom, and 0.73 and 3.44±0.84 mm for the more challenging thyroid phantom. By identifying and localizing suspicious anomalies in 3D space, the proposed system shows promise in providing preliminary dia."
A1,Robotic ultrasound / sonography,机器人超声 / 超声扫查,2025,full year,Remote and Telerobotic Ultrasound Imaging,10.14797/mdcvj.1645,41078853.0,Europe PMC; OpenAlex,W4414883222; MED:41078853,https://doi.org/10.14797/mdcvj.1645,2025-01-01,article,Methodist DeBakey Cardiovascular Journal,Previously screened title-explicit set,414,"Echocardiography and ultrasonography are mainstay imaging modalities for the diagnosis, management, and surveillance of widespread acute and chronic illnesses, including cardiovascular disease. As such, they contribute to improved outcomes. Skilled sonographers are currently required to perform complete diagnostic exams; however, a critical shortage of sonographers in isolated, rural, remote, and global locations contributes to known healthcare disparities. Telerobotic ultrasound systems, which assist sonographers in using a robotic arm to examine patients remotely, offers a potentially profound impact. While this approach represents the intersection of telehealth, robotics, and imaging, important logistics must be addressed to achieve widespread adoption. These include integration of systems and workflow, the need for robust networks, cybersecurity, haptic feedback, cost/billing, and regulatory aspects. The utility, development, technical requirements, and future applications for these technologies are described here."
A1,Robotic ultrasound / sonography,机器人超声 / 超声扫查,2025,full year,Respiratory Motion-Robust Robotic Ultrasound Acquisitions via Vision-Haptic Fusion Control and 3-D Compensation,10.1109/tim.2025.3612625,,OpenAlex,W4414603892,https://doi.org/10.1109/tim.2025.3612625,2025-01-01,article,IEEE Transactions on Instrumentation and Measurement,Previously screened title-explicit set,415,"Robotic three-dimensional (3D) ultrasound (US) has demonstrated potential for reliable organ volume acquisition. However, respiratory motion during scanning critically reduces volume measurements accuracy, presenting a clinical limitation that affects not only cardiovascular but also all abdominal and spinal US diagnoses. To address this, we develop a robotic system integrating vision-based motion monitoring and interaction control for respiratory motion-robust US acquisition. The motion monitoring module constructs a self-calibrating predictive model that dynamically estimates respiratory motion and predicts the desired contact position. We further propose a vision-haptic fusion motion control framework that integrates predicted position feedback into the force-sensing admittance controller, equipping it with model-predictive capabilities. Afterward, to ensure accurate volume measurements, a compensation framework is presented to reduce respiratory motion-induced distortions by reconstructing in a relatively static frame and refining results using anatomical priors. Finally, the whole system was validated using a vessel phantom mounted on a six-axis platform simulating respiratory motion. Experimental results demonstrate that the robotic system ensures interaction stability (0.295 N force tracking accuracy) for US acquisition. The compensation framework significantly improve volume measurements accuracy, achieving a mean spatial distortion of 0.48 mm. These improvements highlight the robotic system’s capacity for stable US acquisition and accurate volume measurements across US diagnoses, which are crucial for diagnoses affected by respiratory motion."
A1,Robotic ultrasound / sonography,机器人超声 / 超声扫查,2025,full year,Robot-assisted ultrasound probe calibration for image-guided interventions,10.1007/s11548-025-03347-8,40183862.0,Europe PMC; OpenAlex,W4409182718; MED:40183862,https://doi.org/10.1007/s11548-025-03347-8,2025-04-04,article,International Journal of Computer Assisted Radiology and Surgery,Previously screened title-explicit set,417,"<h4>Background</h4>Trackable ultrasound probes facilitate ultrasound-guided procedures, allowing real-time fusion of augmented ultrasound images and live video streams. The integration aids surgeons in accurately locating lesions within organs, and this could only be achieved through a precise registration between the ultrasound probe and the ultrasound image. Currently, calibration and registration processes are often manual, labor-intensive, time-consuming, and suboptimal. Technologists manually manipulate a stylus, moving it through various poses within the ultrasound probe's imaging plane to detect its tip in the ultrasound image. This paper addresses this challenge by proposing a novel automated calibration approach for trackable ultrasound probes.<h4>Methods</h4>We utilized a robotic manipulator (KUKA LBR iiwa 7) to execute stylus movements, eliminating the cumbersome manual positioning of the probe. We incorporated a 6-degree-of-freedom electromagnetic tracker into the ultrasound probe to enable real-time pose and orientation tracking. Also, we developed a feature detection algorithm to effectively identify in plane stylus tip coordinates from recorded ultrasound feeds, facilitating automatic selection of calibration correspondences.<h4>Results</h4>The proposed system performed comparably to manual ultrasound feature segmentation, yielding a mean re-projection error of 0.38 mm compared to a manual landmark selection error of 0.34 mm. We also achieved an image plane reconstruction of 0.80 deg with manual segmentation and 0.20 deg with automatic segmentation.<h4>Conclusion</h4>The proposed system allowed for fully automated calibration while maintaining the same level of accuracy as the state-of-the-art methods. It streamlines the process of using a trackable US probe by simplifying recalibration after sterilization when the electromagnetic tracker is externally attached and is required to be disassembled for cleaning and sterilization, or as a part of out-of-factory calibration of US probe with embedded trackers where probes are in mass production."
A1,Robotic ultrasound / sonography,机器人超声 / 超声扫查,2025,full year,Robotic CBCT meets robotic ultrasound,10.1007/s11548-025-03336-x,40072764.0,Europe PMC; OpenAlex; arXiv,W4407759030; 2502.12019v1; W4408351365; MED:40072764,https://doi.org/10.1007/s11548-025-03336-x,2025-02-17,article,International Journal of Computer Assisted Radiology and Surgery,Previously screened title-explicit set,418,"<h4>Purpose</h4>The multi-modality imaging system offers optimal fused images for safe and precise interventions in modern clinical practices, such as computed tomography-ultrasound (CT-US) guidance for needle insertion. However, the limited dexterity and mobility of current imaging devices hinder their integration into standardized workflows and the advancement toward fully autonomous intervention systems. In this paper, we present a novel clinical setup where robotic cone beam computed tomography (CBCT) and robotic US are pre-calibrated and dynamically co-registered, enabling new clinical applications. This setup allows registration-free rigid registration, facilitating multi-modal guided procedures in the absence of tissue deformation.<h4>Methods</h4>First, a one-time pre-calibration is performed between the systems. To ensure a safe insertion path by highlighting critical vasculature on the 3D CBCT, SAM2 segments vessels from B-mode images, using the Doppler signal as an autonomously generated prompt. Based on the registration, the Doppler image or segmented vessel masks are then mapped onto the CBCT, creating an optimally fused image with comprehensive detail. To validate the system, we used a specially designed phantom, featuring lesions covered by ribs and multiple vessels with simulated moving flow.<h4>Results</h4>The mapping error between US and CBCT resulted in an average deviation of 1.72±0.62 mm. A user study demonstrated the effectiveness of CBCT-US fusion for needle insertion guidance, showing significant improvements in time efficiency, accuracy, and success rate. Needle intervention performance improved by approximately 50% compared to the conventional US-guided workflow.<h4>Conclusion</h4>We present the first robotic dual-modality imaging system designed to guide clinical applications. The results show significant performance improvements compared to traditional manual interventions."
A1,Robotic ultrasound / sonography,机器人超声 / 超声扫查,2025,full year,Robotic Ultrasound Diagnostic System for Non-Destructive Testing in Highly Variable Production,10.3390/electronics14102063,,OpenAlex,W4410519733,https://doi.org/10.3390/electronics14102063,2025-05-20,article,Electronics,Previously screened title-explicit set,421,"This paper aims to describe a method of non-destructive testing in highly variable production using a robotic ultrasound diagnostic system. Highly variable production involves producing products of different shapes and dimensions, which requires flexible positioning and the adaptation of diagnostic technology. Typically, highly variable products are made in small batches. Implementing automation tools, including robotic systems, can meet this requirement, even in diagnostic processes that demonstrate the required quality level. This paper deals with the design, simulation, optimization, and verification of an innovative robotic ultrasound diagnostic system for non-destructive testing in highly variable production environments. The robotic positioning of the diagnosed object and the ultrasound probe achieves the automatic adaptation of the system. Robots can automatically position the ultrasound probe relative to the diagnosed object using laser distance measurements in the water environment of a diagnostic vessel. Computer processing of the data measured by the ultrasound probe enables the evaluation of data and the documentation of quality criterion fulfillment in digital form. Setting the technology parameters, monitoring the technology status, and displaying the quality control results are enabled by a human–machine interface system also described in this paper."
A1,Robotic ultrasound / sonography,机器人超声 / 超声扫查,2025,full year,Robotic Ultrasound Scanning End-Effector with Adjustable Constant Contact Force,10.34133/cbsystems.0251,40321899.0,Europe PMC; OpenAlex,W4408403938; PMC:PMC12046132; MED:40321899,https://doi.org/10.34133/cbsystems.0251,2025-01-01,article,Cyborg and Bionic Systems,Previously screened title-explicit set,422,"In modern medical treatment, ultrasound scanning provides a radiation-free medical imaging method for the diagnosis of soft tissues via skin contact. However, the exerted contact force heavily relies on the skill and experience of the operator, which poses great inspection instability. This article reports on a robotic ultrasound scanning system with a constant-force end-effector. Its uniqueness is the introduction of a hybrid active-passive force control approach to maintaining a constant contact force between the ultrasound probe and the continually changing surface. In particular, the passive constant-force mechanism provides strong buffering to the force variation. The active force control system improves flexibility and provides long-stroke positioning. Experimental tests on both silicone models and human volunteers demonstrate the capability of the proposed robotic ultrasound scanning system for obtaining qualified ultrasound images with high repeatability. Moreover, the ease of operation of the robotic US scanning system is verified. This work provides a promising method to assist doctors in conducting better and cushier ultrasound scanning imaging."
A1,Robotic ultrasound / sonography,机器人超声 / 超声扫查,2025,full year,Robotic Ultrasound-Guided Femoral Artery Reconstruction of Anatomically-Representative Phantoms,,,arXiv,2503.06795v2,http://arxiv.org/abs/2503.06795v2,2025-03-09,preprint,"arXiv [cs.RO, cs.CV]",Previously screened title-explicit set,423,"Femoral artery access is essential for numerous clinical procedures, including diagnostic angiography, therapeutic catheterization, and emergency interventions. Despite its critical role, successful vascular access remains challenging due to anatomical variability, overlying adipose tissue, and the need for precise ultrasound (US) guidance. Needle placement errors can result in severe complications, thereby limiting the procedure to highly skilled clinicians operating in controlled hospital environments. While robotic systems have shown promise in addressing these challenges through autonomous scanning and vessel reconstruction, clinical translation remains limited due to reliance on simplified phantom models that fail to capture human anatomical complexity. In this work, we present a method for autonomous robotic US scanning of bifurcated femoral arteries, and validate it on five vascular phantoms created from real patient computed tomography (CT) data. Additionally, we introduce a video-based deep learning US segmentation network tailored for vascular imaging, enabling improved 3D arterial reconstruction. The proposed network achieves a Dice score of 89.21% and an Intersection over Union of 80.54% on a new vascular dataset. The reconstructed artery centerline is evaluated against ground truth CT data, showing an average L2 error of 0.91+/-0.70 mm, with an average Hausdorff distance of 4.36+/-1.11mm. This study is the first to validate an autonomous robotic system for US scanning of the femoral artery on a diverse set of patient-specific phantoms, introducing a more advanced framework for evaluating robotic performance in vascular imaging and intervention."
A1,Robotic ultrasound / sonography,机器人超声 / 超声扫查,2025,full year,Sensorless Force Imbalance Prediction Based on Visual Information for Robotic Ultrasound Scanning,10.1109/lra.2025.3604730,,OpenAlex,W4413887117,https://doi.org/10.1109/lra.2025.3604730,2025-09-01,article,IEEE Robotics and Automation Letters,Previously screened title-explicit set,425,"During robotic ultrasound examinations, maintaining pressure and angle control over the ultrasound probe is crucial for obtaining consistent images for an accurate diagnosis. Although force and torque sensors are commonly used for contact force monitoring, their accuracy can be influenced by sensor placement and system complexity. To address these issues, we propose a sensorless approach to estimate the contact force difference between the two sides of an ultrasound probe. Our proposed method utilizes a deep learning-based approach, specifically, a convolutional neural network–long short-term memory (CNN–LSTM) approach, that leverages sequential ultrasound images to estimate force differentials. Experiments were conducted using three tissue-mimicking phantoms and an in vivo human arm to train and evaluate the proposed approach. By varying the applied force difference on the phantoms and human arm, we achieved root mean squared error values of 0.501 and 0.553 N, respectively, in the contact force difference prediction. For performance assessment, we compared our proposed approach with a confidence map and various CNN–LSTM-based methods and demonstrated that our approach outperforms other approaches in terms of accuracy. The results indicate that our proposed method is effective for probe imbalance prediction without relying on physical sensors at inference time and can be deployed to control probes during robotic ultrasound examinations. Therefore, our sensorless approach offers a promising solution for more consistent and reliable robotic ultrasound scanning."
A1,Robotic ultrasound / sonography,机器人超声 / 超声扫查,2025,full year,Shape Completion and Real-Time Visualization in Robotic Ultrasound Spine Acquisitions,10.48550/arxiv.2508.08923,,OpenAlex; arXiv,W4416243780; 2508.08923v1,https://doi.org/10.48550/arxiv.2508.08923,2025-08-12,preprint,arXiv (Cornell University),Previously screened title-explicit set,426,"Ultrasound (US) imaging is increasingly used in spinal procedures due to its real-time, radiation-free capabilities; however, its effectiveness is hindered by shadowing artifacts that obscure deeper tissue structures. Traditional approaches, such as CT-to-US registration, incorporate anatomical information from preoperative CT scans to guide interventions, but they are limited by complex registration requirements, differences in spine curvature, and the need for recent CT imaging. Recent shape completion methods can offer an alternative by reconstructing spinal structures in US data, while being pretrained on large set of publicly available CT scans. However, these approaches are typically offline and have limited reproducibility. In this work, we introduce a novel integrated system that combines robotic ultrasound with real-time shape completion to enhance spinal visualization. Our robotic platform autonomously acquires US sweeps of the lumbar spine, extracts vertebral surfaces from ultrasound, and reconstructs the complete anatomy using a deep learning-based shape completion network. This framework provides interactive, real-time visualization with the capability to autonomously repeat scans and can enable navigation to target locations. This can contribute to better consistency, reproducibility, and understanding of the underlying anatomy. We validate our approach through quantitative experiments assessing shape completion accuracy and evaluations of multiple spine acquisition protocols on a phantom setup. Additionally, we present qualitative results of the visualization on a volunteer scan."
A1,Robotic ultrasound / sonography,机器人超声 / 超声扫查,2025,full year,Single-filament spatial calibration for robotic ultrasound,10.18416/automed.2026.2515,,OpenAlex,W7135383173,https://doi.org/10.18416/automed.2026.2515,2025-12-17,article,Infinite Science GmbH,Previously screened title-explicit set,427,"We present a straightforward spatial calibration method for robotic ultrasound using only a single nylon filament as a geometric reference. By tracking the probe motion and extracting the filament intersection in each 2D ultrasound frame, the rigid transformation between the ultrasound image and the robot end-effector is estimated through a point-to-line optimization. The procedure requires no specialized phantoms and can be performed within minutes, making it well suited for automated robotic ultrasound applications."
A1,Robotic ultrasound / sonography,机器人超声 / 超声扫查,2025,full year,Smooth Path Planning and Dynamic Contact Force Regulation for Robotic Ultrasound Scanning,10.1109/lra.2025.3604746,,OpenAlex,W4413925431,https://doi.org/10.1109/lra.2025.3604746,2025-09-02,article,IEEE Robotics and Automation Letters,Previously screened title-explicit set,428,"The robotic breast ultrasound scanning (RBUS) system can help sonographer in the early screening of breast cancer. However, it still faces rigorous safety concerns, including non-smooth scanning paths and improper contact force regulation. In this paper, we propose a new path optimization method to improve the scanning smoothness, as well as, a dynamic contact regulation strategy considering both the breast deformation and ultrasound images. For the path planning, the anti-radial scanning approach is first adopted to generate some initial path points together with their normal vectors; then, a dual-objective optimization function is formulated, which considers both the acceleration continuity and deviation of the path, to filter out local path anomalies. For the force control, a contact force-strain regression model is first proposed and used to predict the desired force between the breast and probe at each path point. While within the adjacent path points, an updating algorithm is introduced to dynamically adjust the contact force in real-time by surveying the confidence of the ultrasound image. Our experimental results show that the proposed methods can make the scanning path smoother, and obtain intimate probe-tissue contact with less desired force."
A1,Robotic ultrasound / sonography,机器人超声 / 超声扫查,2025,full year,SonoGym: High Performance Simulation for Challenging Surgical Tasks with Robotic Ultrasound,10.48550/arxiv.2507.01152,,OpenAlex; arXiv,W4417182593; 2507.01152v1,https://doi.org/10.48550/arxiv.2507.01152,2025-07-01,preprint,arXiv (Cornell University),Previously screened title-explicit set,429,"Ultrasound (US) is a widely used medical imaging modality due to its real-time capabilities, non-invasive nature, and cost-effectiveness. Robotic ultrasound can further enhance its utility by reducing operator dependence and improving access to complex anatomical regions. For this, while deep reinforcement learning (DRL) and imitation learning (IL) have shown potential for autonomous navigation, their use in complex surgical tasks such as anatomy reconstruction and surgical guidance remains limited -- largely due to the lack of realistic and efficient simulation environments tailored to these tasks. We introduce SonoGym, a scalable simulation platform for complex robotic ultrasound tasks that enables parallel simulation across tens to hundreds of environments. Our framework supports realistic and real-time simulation of US data from CT-derived 3D models of the anatomy through both a physics-based and a generative modeling approach. Sonogym enables the training of DRL and recent IL agents (vision transformers and diffusion policies) for relevant tasks in robotic orthopedic surgery by integrating common robotic platforms and orthopedic end effectors. We further incorporate submodular DRL -- a recent method that handles history-dependent rewards -- for anatomy reconstruction and safe reinforcement learning for surgery. Our results demonstrate successful policy learning across a range of scenarios, while also highlighting the limitations of current methods in clinically relevant environments. We believe our simulation can facilitate research in robot learning approaches for such challenging robotic surgery applications. Dataset, codes, and videos are publicly available at https://sonogym.github.io/."
A1,Robotic ultrasound / sonography,机器人超声 / 超声扫查,2025,full year,Standardizing Virtual Healthcare Deployment: Insights From the Implementation of Telerobotic Ultrasound to Bridge Healthcare Inequities in Rural and Remote Communities Across Canada.,10.1177/21501319251329314,40146915.0,Europe PMC,MED:40146915,https://doi.org/10.1177/21501319251329314,2025-01-01,,Journal of primary care & community health,Previously screened title-explicit set,430,"The COVID-19 pandemic has accelerated the integration of virtual care into healthcare systems, presenting a unique opportunity to address healthcare inequities in rural and remote communities, particularly those that are Indigenous. This commentary outlines critical steps and best practices for deploying virtual care in underserved regions, drawing on over a decade of experience in Saskatchewan. Key recommendations include creating detailed community profiles, assessing digital literacy, and using standardized readiness tools to evaluate infrastructure and clinical needs. A weighted prioritization framework ensures efficient resource allocation, while partnerships with Indigenous-led institutions, such as SIIT, equip local healthcare assistants to support virtual care delivery. Examples from successful telerobotic ultrasonography deployments in the rural and remote communities of Saskatchewan highlight the potential of virtual care to improve healthcare access, outcomes, and sustainability. By tailoring interventions to community-specific contexts and involving local stakeholders, <i>virtual care</i> can bridge health disparities and serve as a replicable model for similar settings worldwide."
A1,Robotic ultrasound / sonography,机器人超声 / 超声扫查,2025,full year,Tactile-Guided Robotic Ultrasound: Mapping Preplanned Scan Paths for Intercostal Imaging,,,arXiv,2507.20282v1,http://arxiv.org/abs/2507.20282v1,2025-07-27,preprint,arXiv [cs.RO],Previously screened title-explicit set,431,"Medical ultrasound (US) imaging is widely used in clinical examinations due to its portability, real-time capability, and radiation-free nature. To address inter- and intra-operator variability, robotic ultrasound systems have gained increasing attention. However, their application in challenging intercostal imaging remains limited due to the lack of an effective scan path generation method within the constrained acoustic window. To overcome this challenge, we explore the potential of tactile cues for characterizing subcutaneous rib structures as an alternative signal for ultrasound segmentation-free bone surface point cloud extraction. Compared to 2D US images, 1D tactile-related signals offer higher processing efficiency and are less susceptible to acoustic noise and artifacts. By leveraging robotic tracking data, a sparse tactile point cloud is generated through a few scans along the rib, mimicking human palpation. To robustly map the scanning trajectory into the intercostal space, the sparse tactile bone location point cloud is first interpolated to form a denser representation. This refined point cloud is then registered to an image-based dense bone surface point cloud, enabling accurate scan path mapping for individual patients. Additionally, to ensure full coverage of the object of interest, we introduce an automated tilt angle adjustment method to visualize structures beneath the bone. To validate the proposed method, we conducted comprehensive experiments on four distinct phantoms. The final scanning waypoint mapping achieved Mean Nearest Neighbor Distance (MNND) and Hausdorff distance (HD) errors of 3.41 mm and 3.65 mm, respectively, while the reconstructed object beneath the bone had errors of 0.69 mm and 2.2 mm compared to the CT ground truth."
A1,Robotic ultrasound / sonography,机器人超声 / 超声扫查,2025,full year,Three-dimensional Needle Shape Reconstruction Using Robotic Ultrasound Tracking System With U-Net-based Segmentation Model,10.1007/s12555-025-0252-x,,OpenAlex,W4413170901,https://doi.org/10.1007/s12555-025-0252-x,2025-08-13,article,International Journal of Control Automation and Systems,Previously screened title-explicit set,433,
A1,Robotic ultrasound / sonography,机器人超声 / 超声扫查,2025,full year,Toward Clinical Applications of Intelligent Robotic Ultrasound Systems,10.1109/rbme.2025.3610605,41037550.0,Europe PMC; OpenAlex,W4414758108; MED:41037550,https://doi.org/10.1109/rbme.2025.3610605,2025-10-02,article,IEEE Reviews in Biomedical Engineering,Previously screened title-explicit set,435,"The Robotic Ultrasound System (RUSS) has the potential to transform medical imaging by addressing limitations such as operator dependency, diagnostic variability, and reproducibility in traditional ultrasound (US) examination. Despite rapid technological advancements, a substantial gap remains between RUSS research progress and clinical adoption. This review examined the clinical roles and engineering advances of RUSS, identifying key barriers to translation. Clinically, it evaluated the current applications of RUSS in supporting US procedures, while from an engineering standpoint, it summarized recent innovations and remaining technical challenges. This review examined the current state-of-the-art RUSS technologies, categorizing them based on diverse organ-specific applications while also analyzing their core functional capabilities. This review revealed a focus disparity: while abdominal US is the most commonly used in clinical practice, vascular-targeted RUSS dominates current research. It also highlighted a misalignment between research priorities and actual clinical tasks. Current studies predominantly focused on autonomous scanning and imaging, with limited attention to downstream tasks such as disease diagnosis and analysis. Building on these observations, it identified critical challenges and future trends in RUSS development. This work provides a foundation for future research, fostering collaboration between clinicians and engineers to accelerate the translation of next-generation RUSS from bench to bedside."
A1,Robotic ultrasound / sonography,机器人超声 / 超声扫查,2025,full year,Toward eFAST autonomous robotic ultrasound imaging: system integrations and experimental studies,10.1007/s11432-024-4288-3,,OpenAlex,W4407565851,https://doi.org/10.1007/s11432-024-4288-3,2025-02-12,article,Science China Information Sciences,Previously screened title-explicit set,437,
A1,Robotic ultrasound / sonography,机器人超声 / 超声扫查,2025,full year,Towards Autonomous Cardiac Ultrasound Scanning: Combining Physician Expertise and Machine Intelligence,10.1109/tmrb.2025.3556539,,OpenAlex,W4409077118,https://doi.org/10.1109/tmrb.2025.3556539,2025-04-01,article,IEEE Transactions on Medical Robotics and Bionics,Previously screened title-explicit set,438,"Echocardiography serves as a prevalent modality for both heart disease diagnosis and procedural guidance in medical applications. Nevertheless, the conventional echocardiography examination heavily relies on the manual dexterity of the sonographer, leading to the suboptimal repeatability. Despite the extensive exploration of robot-assisted ultrasound systems, achieving a heightened level of automation in examinations and enhancing the practicality of these robotic platforms for primary utilization remain formidable challenges within the field. In this study, we introduce an innovative automatic acquisition method for cardiac views using a novel ultrasound robot. The method is designed to autonomously traverse and scan target positions and angular ranges to search and identify the target cardiac views. First, the target positions and angular ranges were derived from a professional sonographer’s practice on 14 cases. Then, an automatic traversal scanning method is designed integrating visual guidance, human-machine collaboration, and path planning within the framework of a novel parallel mechanism-based ultrasound robot. Finally, we explore deep metric learning to search for target ultrasound images in the traversed ultrasound video. Experiments on the test set to evaluate the target ultrasound view searching algorithm achieved a mAP of 98.8% and a Rank-1 accuracy of 98.23%. Our method has been successfully validated by data from five subjects, achieving the acquisition of standard parasternal long-axis and short-axis cardiac views essential for diagnosis, demonstrating the effectiveness of the proposed method."
A1,Robotic ultrasound / sonography,机器人超声 / 超声扫查,2025,full year,Trajectory-aware feedforward admittance control for contact force tracking with time-varying reference trajectory in a teleoperated robotic ultrasound system,10.1016/j.conengprac.2025.106674,,OpenAlex,W4417070314,https://doi.org/10.1016/j.conengprac.2025.106674,2025-12-06,article,Control Engineering Practice,Previously screened title-explicit set,439,
A1,Robotic ultrasound / sonography,机器人超声 / 超声扫查,2025,full year,Transformer-based robotic ultrasound 3D tracking for capsule robot in GI tract,10.1007/s11548-025-03445-7,40490591.0,Europe PMC; OpenAlex,MED:40490591; W4411142321,https://doi.org/10.1007/s11548-025-03445-7,2025-06-09,article,International Journal of Computer Assisted Radiology and Surgery,Previously screened title-explicit set,440,"<h4>Purpose</h4>Ultrasound (US) imaging is a promising modality for real-time monitoring of robotic capsule endoscopes navigating through the gastrointestinal (GI) tract. It offers high temporal resolution and safety but is limited by a narrow field of view, low visibility in gas-filled regions and challenges in detecting out-of-plane motions. This work addresses these issues by proposing a novel robotic ultrasound tracking system capable of long-distance 3D tracking and active re-localization when the capsule is lost due to motion or artifacts.<h4>Methods</h4>We develop a hybrid deep learning-based tracking framework combining convolutional neural networks (CNNs) and a transformer backbone. The CNN component efficiently encodes spatial features, while the transformer captures long-range contextual dependencies in B-mode US images. This model is integrated with a robotic arm that adaptively scans and tracks the capsule. The system's performance is evaluated using ex vivo colon phantoms under varying imaging conditions, with physical perturbations introduced to simulate realistic clinical scenarios.<h4>Results</h4>The proposed system achieved continuous 3D tracking over distances exceeding 90 cm, with a mean centroid localization error of 1.5 mm and over 90% detection accuracy. We demonstrated 3D tracking in a more complex workspace featuring two curved sections to simulate anatomical challenges. This suggests the strong resilience of the tracking system to motion-induced artifacts and geometric variability. The system maintained real-time tracking at 9-12 FPS and successfully re-localized the capsule within seconds after tracking loss, even under gas artifacts and acoustic shadowing.<h4>Conclusion</h4>This study presents a hybrid CNN-transformer system for automatic, real-time 3D ultrasound tracking of capsule robots over long distances. The method reliably handles occlusions, view loss and image artifacts, offering millimeter-level tracking accuracy. It significantly reduces clinical workload through autonomous detection and re-localization. Future work includes improving probe-tissue interaction handling and validating performance in live animal and human trials to assess physiological impacts."
A1,Robotic ultrasound / sonography,机器人超声 / 超声扫查,2025,full year,Ultra-Malin: Robotic Ultrasound Mapping and Localization via Implicit Neural Representation,10.1109/tim.2025.3550997,,OpenAlex,W4408441960,https://doi.org/10.1109/tim.2025.3550997,2025-01-01,article,IEEE Transactions on Instrumentation and Measurement,Previously screened title-explicit set,444,"Robotic ultrasound systems (RUSS) can potentially release the workload of sonographers and overcome operator-dependent limitations. Previous methods of ultrasound image localization without mapping, constrained by position and specific image features, have limited applicability. This article presents Ultra-Malin, a mapping and localization method for autonomous robotic ultrasound using implicit neural representations (INRs). Our method leverages its interimage inference capacity to perform image-based localization without specifying tissue features. Similar to a pinhole camera model, a geometric model is first proposed to determine scanning depth, as ultrasound transducer rays can be analogous to rays from a camera. Subsequently, we retrieve the 5-D coordinates of ultrasonic ray points and employ volume rendering techniques to render the pixel color of the ultrasound image. A global search method with density-guided ray sampling is then presented to locate the ultrasound image by minimizing the error between the target and the rendered images. The experimental results show that the rendered images for probe tilting, rotational, and linear scanning have structural similarity index measures (SSIM) of 0.7788, 0.7999, and 0.8421, respectively, outperforming existing methods using only a small amount of data. The localization experiments verify that the probe can accurately locate the input image and the rendered ultrasound images are highly consistent with the actual images. Furthermore, the probe can still be located at the target position even if disturbances obscure part features, and the search space can be enlarged by the proposed density-guided ray sampling."
A1,Robotic ultrasound / sonography,机器人超声 / 超声扫查,2025,full year,UltraHiT: A Hierarchical Transformer Architecture for Generalizable Internal Carotid Artery Robotic Ultrasonography,10.48550/arxiv.2509.13832,,OpenAlex; arXiv,W4416255047; 2509.13832v2,https://doi.org/10.48550/arxiv.2509.13832,2025-09-17,preprint,arXiv (Cornell University),Previously screened title-explicit set,446,"Carotid ultrasound is crucial for the assessment of cerebrovascular health, particularly the internal carotid artery (ICA). While previous research has explored automating carotid ultrasound, none has tackled the challenging ICA. This is primarily due to its deep location, tortuous course, and significant individual variations, which greatly increase scanning complexity. To address this, we propose a Hierarchical Transformer-based decision architecture, namely UltraHiT, that integrates high-level variation assessment with low-level action decision. Our motivation stems from conceptualizing individual vascular structures as morphological variations derived from a standard vascular model. The high-level module identifies variation and switches between two low-level modules: an adaptive corrector for variations, or a standard executor for normal cases. Specifically, both the high-level module and the adaptive corrector are implemented as causal transformers that generate predictions based on the historical scanning sequence. To ensure generalizability, we collected the first large-scale ICA scanning dataset comprising 164 trajectories and 72K samples from 28 subjects of both genders. Based on the above innovations, our approach achieves a 95% success rate in locating the ICA on unseen individuals, outperforming baselines and demonstrating its effectiveness. Our code will be released after acceptance."
A1,Robotic ultrasound / sonography,机器人超声 / 超声扫查,2025,full year,Validation and integration of a FEM model for probe-soft tissue interaction in robotic ultrasound applications,,,OpenAlex,W7110623861,https://openalex.org/W7110623861,2025-11-03,dissertation,elib (German Aerospace Center),Previously screened title-explicit set,449,"Robotic systems are increasingly being used to automate contact tasks. Reliable mechanical interaction with the environment is essential here, as the energy exchange that occurs during contact has a significant influence on the robot's behaviour. Contact force is a central parameter and should be taken into account in feedforward and closed loop control algorithms to ensure the successful completion of these tasks. The interaction with deformable objects, such as soft tissue, represents a special challenge: contact forces not only cause motions, but also complex, material-dependent deformations. With the help of a FEM model, the relation between contact force and tissue deformation can be realistically described and used in various control strategies. In this thesis, the model is applied in an impedance-controlled robotic system. In robot-assisted US imaging, impedance control ensures stable and secure contact between the probe and tissue – a central requirement for high and reproducible image quality. Depending on the type of tissue, the probe has to indent several millimetres to centimetres into the tissue to ensure stable contact force and good acoustic coupling. With manual guidance, the indentation depth and image quality depend strongly on the experience of the operator, resulting in varying contact forces, inconsistent image quality, potential tissue damage to the patient and an increased workload for the operator. Robotic systems, on the other hand, enable automated probe guidance. The aim of this thesis is to systematically analyse the interaction between US probe and soft tissue. For this purpose, a simulation model is developed in FEM environment that considers probes with circular and rectangular contact surfaces. The prescribed displacement model used enables controlled displacement of the probe, taking into account the material-specific deformation behaviour of the soft tissue. An experimental test setup is being realised for validation. The measured contact force–indentation depth curves are used for optimisation-based identification of the material parameters. The validated model is then integrated into the robotic system MIRO at DLR. The first use case serves to verify the FEM model, while the second use case utilizes it as a force feedforward control to achieve a desired contact force. In addition, the FEM model is being conceptually integrated into ongoing research work at DLR, where an US servo control system is being developed that uses US image information to adjust the robot position and probe orientation and ensure the desired coupling between probe and tissue. For this approach, the deformation model is integrated into a Kalman filter to enable local estimation of soft tissue properties, such as object stiffness."
A1,Robotic ultrasound / sonography,机器人超声 / 超声扫查,2025,full year,Validation of a tele-robotic ultrasound system for abdomen and thyroid gland explorations: a comparison with standard ultrasound,10.1186/s13089-025-00408-6,39804501.0,Europe PMC; OpenAlex,W4406314181; MED:39804501,https://doi.org/10.1186/s13089-025-00408-6,2025-01-13,article,The Ultrasound Journal,Previously screened title-explicit set,450,"<h4>Background</h4>Tele-robotic ultrasound (US) is a novel technique that might help overcome the current shortage of radiologists and poor access to radiologists and/or sonographers in remote or rural areas. Despite the promising results of this technology in the past two decades, there is still insufficient data about its advantages and limits, as well as the implementation in routine clinical practice and the learning curve for the user. The purpose of this prospective cohort-based study is to evaluate the performance of a 5G-based tele-robotic US system for abdominal and thyroid gland assessment in a cohort of healthy volunteers and outpatients, as well as assessing the learning curve and patient satisfaction.<h4>Results</h4>64 participants (23 male, 41 female) were consecutively included during the recruitment period, for a total of 51 abdominal and 37 thyroid gland US studies. The mean age was 45.23 ± 18.90 years old, and the body mass index of the abdominal cohort was 22.97 ± 2.95 kg/m<sup>2</sup>. The learning curve estimated a minimum of 20 patients for abdominal tele-robotic US training, being almost non-existent in the thyroid gland cohort. All the variables showed no-statistical differences between standard US and tele-robotic US in the abdominal post-trained cohort except the visualization of the left kidney short axis and its interpolar length. Thyroid gland variables showed no statistical differences. The mean time of exploration for the tele-robotic US for abdomen and thyroid gland examinations were 18.33 ± 6.26 min and 4.64 ± 0.97 min respectively. Most participants (> 70%) felt comfortable and safe while being examined by the tele-robotic US.<h4>Conclusion</h4>Tele-robotic US achieves equal performance in comparison with the standard US when evaluating abdominal structures in this cohort of patients, as well as a relatively fast learning curve and good patient satisfaction. The performance when assessing the thyroid gland is almost identical to the standard US, which makes it a strong first candidate for a future clinical implementation."
A1,Robotic ultrasound / sonography,机器人超声 / 超声扫查,2025,full year,Vibration-Based Energy Metric for Restoring Needle Alignment in Autonomous Robotic Ultrasound,10.48550/arxiv.2508.06921,,OpenAlex; arXiv,2508.06921v2; W4414457902,https://doi.org/10.48550/arxiv.2508.06921,2025-08-09,preprint,arXiv (Cornell University),Previously screened title-explicit set,451,"Precise needle alignment is essential for percutaneous needle insertion in robotic ultrasound-guided procedures. However, inherent challenges such as speckle noise, needle-like artifacts, and low image resolution make robust needle detection difficult, particularly when visibility is reduced or lost. In this paper, we propose a method to restore needle alignment when the ultrasound imaging plane and the needle insertion plane are misaligned. Unlike many existing approaches that rely heavily on needle visibility in ultrasound images, our method uses a more robust feature by periodically vibrating the needle using a mechanical system. Specifically, we propose a vibration-based energy metric that remains effective even when the needle is fully out of plane. Using this metric, we develop a control strategy to reposition the ultrasound probe in response to misalignments between the imaging plane and the needle insertion plane in both translation and rotation. Experiments conducted on ex-vivo porcine tissue samples using a dual-arm robotic ultrasound-guided needle insertion system demonstrate the effectiveness of the proposed approach. The experimental results show the translational error of 0.41$\pm$0.27 mm and the rotational error of 0.51$\pm$0.19 degrees."
A1,Robotic ultrasound / sonography,机器人超声 / 超声扫查,2026,YTD through 2026-08-06,A Robotic Ultrasound System for Automated Abdominal Aorta Screening: Feasibility Study in Healthy Volunteers,10.3390/s26144452,42515336.0,Europe PMC; OpenAlex,MED:42515336; W7168169062,https://doi.org/10.3390/s26144452,2026-07-13,article,Sensors,Previously screened title-explicit set,455,"Ultrasound is safe, portable, and relatively low cost, and robotic ultrasound research is expanding across many diagnostic applications. Within this context, abdominal aortic aneurysm (AAA) screening remains comparatively unexplored, with few systems reporting end-to-end autonomous scanning and clinician-validated evaluation in volunteers. We present a conditionally autonomous (Level-3) robotic ultrasound system in which the operator defines the region of interest and confirms the target force band, after which the robot performs surface-constrained abdominal sweeps under force control and automatically selects diagnostic frames and estimates aortic diameter without further manual interaction during scanning. The system combines RGB-depth-based patient-to-robot registration, hybrid position-force control with a low-cost force sensor, and a post-acquisition image-analysis pipeline comprising rule-based aorta localisation, a composite image quality assessment (IQA) metric, and a transfer-learned U-Net segmentation baseline. In a feasibility study on ten healthy volunteers spanning BMI 18.6-33 and diverse sex and skin-tone profiles, the robot maintained stable contact within the target force band in all sessions and produced aortic images rated diagnostically acceptable by clinicians in all participants. Automated diameter measurements showed a mean absolute difference of 1.45 mm relative to clinician reference values, with 9/10 cases within 3 mm and all within the 5 mm screening criterion. Volunteer questionnaires indicated high levels of comfort and trust in the system. These results demonstrate the feasibility of operator-supervised, force-aware robotic AAA scanning and highlight the potential of low-cost robotic ultrasound for wider automated vascular imaging."
A1,Robotic ultrasound / sonography,机器人超声 / 超声扫查,2026,YTD through 2026-08-06,Action-Conditioned World Model for Goal Plane Probe Guidance in Robotic Ultrasound,10.48550/arxiv.2607.21918,,OpenAlex; arXiv,2607.21918v2; W7171601317; W7171455032,https://doi.org/10.48550/arxiv.2607.21918,2026-07-24,preprint,arXiv (Cornell University),Previously screened title-explicit set,457,"We present an action-conditioned world model framework for goal plane probe guidance in robotic ultrasound, with a focus on neck ultrasound scanning. Autonomous ultrasound tasks often require large numbers of probe-motion trajectories for training, but collecting high-quality demonstrations is labor-intensive and explicit simulators are difficult to build because ultrasound appearance depends on contact, tissue deformation, and view-dependent acoustic artifacts. We address this problem with a two-stage model-based learning pipeline. First, a latent conditional diffusion world model predicts future ultrasound observations from recent context frames, probe motions and temporal offset. Second, a goal-conditioned temporal transformer predicts ordered probe motions and is fine-tuned using rewards from the frozen world model. Experiments on the self-collected dataset show that the world model preserves action-dependent anatomical structure on target-directed scans. In real-world closed loop experiments, the framework achieves success rates of 70.0\% for carotid guidance and 65.0\% for thyroid guidance. These results demonstrate the potential of learned ultrasound dynamics for training goal-directed robotic probe navigation."
A1,Robotic ultrasound / sonography,机器人超声 / 超声扫查,2026,YTD through 2026-08-06,Adaptive Admittance Control for Robotic Ultrasound Examination Based on a Breast Biomechanical Model,10.1002/rcs.70197,42379153.0,Europe PMC; OpenAlex,MED:42379153; W7166664677,https://doi.org/10.1002/rcs.70197,2026-06-30,article,International Journal of Medical Robotics and Computer Assisted Surgery,Previously screened title-explicit set,458,"<h4>Background</h4>Autonomous Robotic Ultrasound Systems (ARUS) enable standardized breast cancer screening, but accurate breast localization and the nonlinear deformation of soft tissue hinder stable contact-force control.<h4>Methods</h4>We propose a framework integrating visual perception with compliant control. An adaptive gradient-based edge detector extracts the nipple position, and a Variable Damping Admittance Control based on a Breast Biomechanical Model (VDAC-BBM) is developed, which compensates for tissue deformation via a biomechanical prior and dynamically tunes the damping parameter in real time to suppress force error.<h4>Results</h4>Phantom and human experiments showed force tracking error ≤ 0.4 N, with disturbance recovery speed improved by 16.5%-21.3% over conventional admittance control across the tested target forces.<h4>Conclusion</h4>Embedding a biomechanical prior into the control strategy enhances force compliance and stability during robotic scanning of deformable soft tissue, providing a technical basis for clinical translation."
A1,Robotic ultrasound / sonography,机器人超声 / 超声扫查,2026,YTD through 2026-08-06,An AI based mobile robot for autonomous ultrasound in legal medicine,10.15480/882.17683,,OpenAlex,W7168615459; W7171803949,https://doi.org/10.15480/882.17683,2026-07-16,article,TUHH Open Research,Previously screened title-explicit set,460,"Comprehensive documentation of internal tissue structures plays an important role in legal medicine. Although ultrasound is widely used in medical diagnostics as a powerful modality for injury detection and documentation, its integration into legal medicine workflows remains limited. Potential reasons include physical strain and infection risks due to manual probe placement at different locations along the body. Robotic ultrasound systems have been proposed to address such challenges. However, current systems are typically restricted to specific target regions and are limited in mobility and autonomy, complicating their clinical integration and fully autonomous, task-level operation. We therefore propose a mobile robotic system for autonomous ultrasound scanning across the body. The system localizes the body, estimates internal target structures, moves to reach the target structure, and performs ultrasound scans. We evaluate the system in three stages. First, we assess the accuracy and robustness of target localization and scan path planning across different body types. Second, we conduct experiments with a body phantom to evaluate the repeatability of covering target structures. Third, we demonstrate the system in a real legal medicine setting. Our experiments demonstrate that the system can approach the body, define the scan path, and acquire reproducible ultrasound images of target structures. These results demonstrate the feasibility of fully autonomous ultrasound imaging across multiple anatomical regions using a mobile robotic system. Beyond legal medicine, the proposed mobile system offers perspectives for autonomous imaging in broader clinical settings such as telemedicine and infectious disease settings, supporting remote diagnostics while reducing infection risks."
A1,Robotic ultrasound / sonography,机器人超声 / 超声扫查,2026,YTD through 2026-08-06,Anatomical Prior-Driven Framework for Autonomous Robotic Cardiac Ultrasound Standard View Acquisition,10.48550/arxiv.2603.21134,,OpenAlex; arXiv,2603.21134v1; W7140347409; W7140197241,https://openalex.org/W7140347409,2026-03-22,preprint,arXiv (Cornell University),Previously screened title-explicit set,462,"Cardiac ultrasound diagnosis is critical for cardiovascular disease assessment, but acquiring standard views remains highly operator-dependent. Existing medical segmentation models often yield anatomically inconsistent results in images with poor textural differentiation between distinct feature classes, while autonomous probe adjustment methods either rely on simplistic heuristic rules or black-box learning. To address these issues, our study proposed an anatomical prior (AP)-driven framework integrating cardiac structure segmentation and autonomous probe adjustment for standard view acquisition. A YOLO-based multi-class segmentation model augmented by a spatial-relation graph (SRG) module is designed to embed AP into the feature pyramid. Quantifiable anatomical features of standard views are extracted. Their priors are fitted to Gaussian distributions to construct probabilistic APs. The probe adjustment process of robotic ultrasound scanning is formalized as a reinforcement learning (RL) problem, with the RL state built from real-time anatomical features and the reward reflecting the AP matching. Experiments validate the efficacy of the framework. The SRG-YOLOv11s improves mAP50 by 11.3% and mIoU by 6.8% on the Special Case dataset, while the RL agent achieves a 92.5% success rate in simulation and 86.7% in phantom experiments."
A1,Robotic ultrasound / sonography,机器人超声 / 超声扫查,2026,YTD through 2026-08-06,Anatomy-Aware Robotic Ultrasound Path Planning With Diffusion-Based View Completion,10.1109/lra.2026.3664606,,OpenAlex,W7128772886,https://doi.org/10.1109/lra.2026.3664606,2026-02-13,article,IEEE Robotics and Automation Letters,Previously screened title-explicit set,463,"Autonomous ultrasound (US) probe initial localization is challenging when external cameras are obstructed or provide only partial patient views, as this limits the utility of anatomical priors. To overcome this, we introduce a novel robotic US probe localization framework featuring two key innovations. First, we employ a human anatomical model comprising bones and arteries to localize target anatomy, enabling the autonomous generation of clinically relevant scan paths. Second, we employ a diffusion-based view completion module to create a complete and anatomically correct patient view from a partial image. This module features a LoRA fine-tuned Stable Diffusion network guided by a pose-conditioned ControlNet for intelligent outpainting. The completed view enhances the accuracy of the human anatomical model fitting, thereby improving the robustness and precision of localization. Our approach was validated through experiments on datasets and in-vivo volunteers, targeting both vascular and skeletal structures. Our method achieved a 100% success rate, with localization errors of 7.73 mm for the carotid artery and 9.20 mm for the lumbar spine. In comparison, the baseline method without view completion exhibited a lower success rate and higher errors of 12.41 mm and 14.69 mm, respectively. These findings indicate that combining anatomy-aware path planning with diffusion-based view completion facilitates reliable autonomous localization in realistic, partially occluded environments."
A1,Robotic ultrasound / sonography,机器人超声 / 超声扫查,2026,YTD through 2026-08-06,Autonomous Robotic Liver Ultrasound via Vision-Guided Initialization and Imitation Learning,10.1109/tmrb.2026.3680972,,OpenAlex,W7150961611,https://doi.org/10.1109/tmrb.2026.3680972,2026-04-06,article,IEEE Transactions on Medical Robotics and Bionics,Previously screened title-explicit set,466,"Liver disease is a leading cause of mortality worldwide. Ultrasound (US) examination is a primary modality for monitoring and assessing the risk of liver disease. Robotic ultrasound system (RUSS) has emerged as a promising approach to reduce dependence on sonographers and to improve the standardization and reproducibility of US examination. To advance liver US examination, this study proposes a fully autonomous two-stage methodology for robotic liver US examination, integrating vision-guided initial positioning and imitation learning (IL). In the initial positioning stage, the probe autonomously establishes initial contact with patients using RGB-D images and determines the transition timing to the IL stage based on real-time US images. In the IL stage, scanning skills–represented by robot trajectories in Cartesian space and corresponding US image state trajectories–are learned and reproduced using an enhanced IL method, Adaptive Ensemble Transfer Bayesian Interaction Primitive (AET-BIP). Compared with its original formulation, AET-BIP reduces fluctuations in scanning phase velocity, thereby improving stability. To evaluate repeatability, the robot’s end-of-scan poses were measured under varying initial conditions in the IL stage, yielding position and orientation repeatability errors generally below 2.50 mm and 0.020 rad, respectively. Comprehensive experiments incorporating both stages validate the feasibility and adaptability of the proposed methodology, highlighting its potential for standardized and reliable clinical liver US examination."
A1,Robotic ultrasound / sonography,机器人超声 / 超声扫查,2026,YTD through 2026-08-06,DAISS: Phase-Aware Imitation Learning for Dual-Arm Robotic Ultrasound-Guided Interventions,10.48550/arxiv.2603.07663,,OpenAlex; arXiv,W7134860255; W7134851631; 2603.07663v1,https://openalex.org/W7134860255,2026-03-08,preprint,arXiv (Cornell University),Previously screened title-explicit set,468,"Imitation learning has shown strong potential for automating complex robotic manipulation. In medical robotics, ultrasound-guided needle insertion demands precise bimanual coordination, as clinicians must simultaneously manipulate an ultrasound probe to maintain an optimal acoustic view while steering an interventional needle. Automating this asymmetric workflow -- and reliably transferring expert strategies to robots -- remains highly challenging. In this paper, we present the Dual-Arm Interventional Surgical System (DAISS), a teleoperated platform that collects high-fidelity dual-arm demonstrations and learns a phase-aware imitation policy for ultrasound-guided interventions. To avoid constraining the operator's natural behavior, DAISS uses a flexible NDI-based leader interface for teleoperating two coordinated follower arms. To support robust execution under real-time ultrasound feedback, we develop a lightweight, data-efficient imitation policy. Specifically, the policy incorporates a phase-aware architecture and a dynamic mask loss tailored to asymmetric bimanual control. Conditioned on a planned trajectory, the network fuses real-time ultrasound with external visual observations to generate smooth, coordinated dual-arm motions. Experimental results show that DAISS can learn personalized expert strategies from limited demonstrations. Overall, these findings highlight the promise of phase-aware imitation-learning-driven dual-arm robots for improving precision and reducing cognitive workload in image-guided interventions."
A1,Robotic ultrasound / sonography,机器人超声 / 超声扫查,2026,YTD through 2026-08-06,Development of an end-effector for robotic ultrasound measurement of pipe wall thickness using digital twins,10.1016/j.pnucene.2026.106391,,OpenAlex,W7150754273,https://doi.org/10.1016/j.pnucene.2026.106391,2026-04-06,article,Progress in Nuclear Energy,Previously screened title-explicit set,469,
A1,Robotic ultrasound / sonography,机器人超声 / 超声扫查,2026,YTD through 2026-08-06,Dual-Robot Ultrasound-Guided Drilling System Calibration for Accurate Spine Surgery,10.1109/tmrb.2026.3699209,,OpenAlex,W7164136997,https://doi.org/10.1109/tmrb.2026.3699209,2026-01-01,article,IEEE Transactions on Medical Robotics and Bionics,Previously screened title-explicit set,470,status: Accepted
A1,Robotic ultrasound / sonography,机器人超声 / 超声扫查,2026,YTD through 2026-08-06,Explicit force-based control strategies for compliant robot-assisted ultrasound imaging,10.1177/02783649261441635,,OpenAlex,W7160298333,https://doi.org/10.1177/02783649261441635,2026-05-01,article,The International Journal of Robotics Research,Previously screened title-explicit set,473,"In this paper, we present a robotic ultrasound system that implements explicit contact force control and force-based full probe orientation optimization to achieve stable, responsive, and high-quality ultrasound imaging. Traditional robotic ultrasound systems often rely on implicit force control methods, such as admittance control, which are limited by their underlying motion-control loops. In contrast, our approach directly regulates contact force and moment at the end-effector, enabling rapid adaptation to heterogeneous tissue properties and dynamic environments. We benchmark the proposed explicit force controller against a state-of-the-art integral adaptive admittance controller, demonstrating a significant reduction in phase lag from 121° to 5.76° at force tracking frequencies exceeding typical respiratory rates. In a second set of benchmarking experiments, compared to the admittance-based method, the explicit force controller achieves a reduction in average force tracking error of 77.7 % when the phantom is moving toward the transducer, and 72.6 % when the phantom is moving away. We integrate the explicit force and moment controller into a six-DoF haptic framework that renders physically-grounded interaction forces to the operator while the robot autonomously regulates contact force and optimizes probe alignment based on acoustic coupling. Validation across static and dynamic scans, as well as under external perturbations, shows that the system consistently maintains target force and moment profiles, aligns the probe with local surface normals, and adapts to changing contact conditions. Experimental results demonstrate that explicit force-based control improves ultrasound image quality, as quantified by confidence maps, compared to a manual haptic scan. These findings support the use of explicit force and moment control as an effective approach for robotic ultrasound imaging."
A1,Robotic ultrasound / sonography,机器人超声 / 超声扫查,2026,YTD through 2026-08-06,Feasibility and preliminary validation of an autonomous robotic ultrasound system for thyroid nodule screening: a pilot prospective study,10.1007/s10396-026-01667-z,42401697.0,Europe PMC; OpenAlex,MED:42401697; W7167328246,https://doi.org/10.1007/s10396-026-01667-z,2026-07-04,article,Journal of Medical Ultrasonics,Previously screened title-explicit set,474,"<h4>Purpose</h4>Thyroid nodules are highly prevalent in the general population, yet large-scale ultrasound screening is limited by its reliance on experienced sonographers. Autonomous robotic ultrasound systems have the potential to enable standardized thyroid screening with reduced operator dependency.<h4>Methods</h4>In this pilot prospective study, a fully autonomous robotic ultrasound system was evaluated for thyroid nodule screening in a clinical setting. Twenty-one consecutive participants underwent both autonomous robotic ultrasound and standard operator-performed ultrasound examinations in a randomized order. The primary outcome was participant-level thyroid nodule detection rate compared with operator-performed ultrasound. Secondary outcomes included feasibility, thyroid gland coverage, and participant-reported comfort.<h4>Results</h4>Autonomous robotic ultrasound was successfully completed without human intervention in 20 of 21 participants (95.2%). Thyroid nodules were identified on operator-performed ultrasound in nine participants, of whom eight were correctly detected by the autonomous system, corresponding to a participant-level detection rate of 88.9%. Complete coverage of the left lobe, right lobe, and isthmus was achieved in 100%, 95%, and 80% of participants, respectively. Participant-reported comfort was neutral to positive, with a median Likert score of 3 (interquartile range, 3-4).<h4>Conclusion</h4>This pilot study demonstrated the feasibility of fully autonomous robotic ultrasound for standardized thyroid nodule screening. The system achieved high completion rates and acceptable screening performance in a controlled clinical setting, supporting further validation in larger and more diverse populations."
A1,Robotic ultrasound / sonography,机器人超声 / 超声扫查,2026,YTD through 2026-08-06,Feasibility of Augmented Reality-Guided Robotic Ultrasound with Cone-Beam CT Integration for Spine Procedures,10.48550/arxiv.2603.22174,,OpenAlex; arXiv,2603.22174v1; W7140347366; W7140162424,https://openalex.org/W7140347366,2026-03-23,preprint,arXiv (Cornell University),Previously screened title-explicit set,475,"Accurate needle placement in spine interventions is critical for effective pain management, yet it depends on reliable identification of anatomical landmarks and careful trajectory planning. Conventional imaging guidance often relies both on CT and X-ray fluoroscopy, exposing patients and staff to high dose of radiation while providing limited real-time 3D feedback. We present an optical see-through augmented reality (OST-AR)-guided robotic system for spine procedures that provides in situ visualization of spinal structures to support needle trajectory planning. We integrate a cone-beam CT (CBCT)-derived 3D spine model which is co-registered with live ultrasound, enabling users to combine global anatomical context with local, real-time imaging. We evaluated the system in a phantom user study involving two representative spine procedures: facet joint injection and lumbar puncture. Sixteen participants performed insertions under two visualization conditions: conventional screen vs. AR. Results show that AR significantly reduces execution time and across-task placement error, while also improving usability, trust, and spatial understanding and lowering cognitive workload. These findings demonstrate the feasibility of AR-guided robotic ultrasound for spine interventions, highlighting its potential to enhance accuracy, efficiency, and user experience in image-guided procedures."
A1,Robotic ultrasound / sonography,机器人超声 / 超声扫查,2026,YTD through 2026-08-06,From Avoiding Empty Packets to Real-Time Diagnosis: The Value of Robotic Ultrasound-Guided Surgery in Sentinel Lymph Node Dissection,10.1245/s10434-025-19028-4,41559460.0,Europe PMC; OpenAlex,W7124944667; W7129712494; MED:41559460,https://doi.org/10.1245/s10434-025-19028-4,2026-01-20,article,Annals of Surgical Oncology,Previously screened title-explicit set,476,"<h4>Background</h4>Sentinel lymph node (SLN) mapping is recommended for staging in endometrial and cervical cancers,<sup>1,2</sup> offering lower morbidity than systematic lymphadenectomy. However, limitations persist, including low frozen-section accuracy, tissue loss during molecular analysis, and empty packets, especially in obese patients.<sup>3</sup> In digital surgery, robotic intraoperative ultrasound has emerged as a promising tool to overcome these challenges, enhancing real-time decision-making and diagnostic accuracy.<sup>4</sup> This video presents three ultrasound-based scenarios illustrating the potential of this image-guided surgical technique.<sup>5</sup> PATIENTS AND METHODS: A prospective clinical study (R-LYNUS, NCT06621823) is ongoing to evaluate robotic intraoperative ultrasound for SLN assessment. Procedures are performed on the da Vinci Xi platform using the Arietta L43K(2-12 MHz, Hitachi) drop-in probe. Real-time ultrasound is displayed in split-view mode via Tile Pro, allowing simultaneous ultrasound and endoscopic visualization. SLN imaging is performed in vivo and ex vivo according to Vulvar International Tumor Analysis (VITA) consensus. Patients undergoing robotic SLN dissection for cervical or endometrial cancer are included, with final histology as reference.<h4>Results</h4>Three intraoperative scenarios were observed: (1) normal SLN morphology; (2) adipose tissue without nodal structures (empty packets); and (3) nodes with cortical thickening, heterogeneous echostructure, and transcapsular vascularization suspected of metastasis. Ultrasound findings correlated with histology in all cases, supporting its role in real-time staging.<h4>Conclusions</h4>Robotic intraoperative ultrasound is feasible, safe, and reproducible, potentially preventing empty packets and enabling nodal assessment without tissue loss. Integration of high-frequency ultrasound could further improve spatial resolution and metastatic detection. Incorporating ultrasound into robotic systems paves the way for multi-console tele-image-guided surgery, promoting remote collaboration and precision in gynecologic oncology."
A1,Robotic ultrasound / sonography,机器人超声 / 超声扫查,2026,YTD through 2026-08-06,From Scanning Guidelines to Action: A Robotic Ultrasound Agent with LLM-Based Reasoning,10.48550/arxiv.2603.14393,,OpenAlex; arXiv,W7138312747; 2603.14393v1; W7139146940,https://doi.org/10.48550/arxiv.2603.14393,2026-03-15,preprint,arXiv (Cornell University),Previously screened title-explicit set,478,"Robotic ultrasound offers advantages over free-hand scanning, including improved reproducibility and reduced operator dependency. In clinical practice, US acquisition relies heavily on the sonographer's experience and situational judgment. When transferring this process to robotic systems, such expertise is often encoded explicitly through fixed procedures and task-specific models, yielding pipelines that can be difficult to adapt to new scanning tasks. In this work, we propose a unified framework for autonomous robotic US scanning that leverages a LLM-based agent to interpret US scanning guidelines and execute scans by dynamically invoking a set of provided software tools. Instead of encoding fixed scanning procedures, the LLM agent retrieves and reasons over guideline steps from scanning handbooks and adapts its planning decisions based on observations and the current scanning state. This enables the system to handle variable and decision-dependent workflows, such as adjusting scanning strategies, repeating steps, or selecting the appropriate next tool call in response to image quality or anatomical findings. Because the reasoning underlying tool selection is also critical for transparent and trustworthy planning, we further fine tune the LLM agent using a RL based strategy to improve both its reasoning quality and the correctness of tool selection and parameterization, while maintaining robust generalization to unseen guidelines and related tasks. We first validate the approach via verbal execution on 10 US scanning guidelines, assessing reasoning as well as tool selection and parameterization, and showing the benefit of RL fine tuning. We then demonstrate real world feasibility on robotic scanning of the gallbladder, spine, and kidney. Overall, the framework follows diverse guidelines and enables reliable autonomous scanning across multiple anatomical targets within a unified system."
A1,Robotic ultrasound / sonography,机器人超声 / 超声扫查,2026,YTD through 2026-08-06,IP06-01 ROBOTIC-ASSISTED ULTRASOUND-GUIDED PERCUTANEOUS NEPHROLITHOTOMY: INITIAL CLINICAL EXPERIENCE FROM A CONSECUTIVE SERIES OF TEN CASES,10.1097/01.ju.0001191292.44613.d7.01,,OpenAlex,W7156176136,https://doi.org/10.1097/01.ju.0001191292.44613.d7.01,2026-04-27,article,The Journal of Urology,Previously screened title-explicit set,479,
A1,Robotic ultrasound / sonography,机器人超声 / 超声扫查,2026,YTD through 2026-08-06,Learning-Based Hybrid Needle Tip Tracking and Visualization Framework for Robotic Ultrasound-Guided Interventions,10.1109/tmrb.2026.3654277,,OpenAlex,W7124177703,https://doi.org/10.1109/tmrb.2026.3654277,2026-01-14,article,IEEE Transactions on Medical Robotics and Bionics,Previously screened title-explicit set,480,"Ultrasound (US)-guided needle-based interventions have been extensively employed in clinical practice for biopsies, regional anesthesia, and tumor ablation, considering the advantages of real-time imaging, portability, and non-ionizing radiation. Precise localization and tracking of the needle tip are critical for ensuring the successful needle placement while minimizing the risk of injury to surrounding anatomical structures. However, achieving real-time and reliable needle tip tracking remains challenging due to the inherent properties of US images, such as low spatial resolution, speckle noise, and imaging artifacts that obscure the needle tip. This study proposes a hybrid learning-based framework for accurately and robustly localizing the needle tip within the US image plane during robot-assisted interventional procedures. The framework comprises a dual-branch template matching-based detection module, a Convolutional Neural Network (CNN)-based detection module, and a “dynamic template selection and updating"" mechanism to enhance overall tracking performance. Additionally, to recover the needle tip invisibility caused by unanticipated movements, an active exploration strategy based on a Gaussian Process (GP) model and Bayesian Optimization (BO) is proposed for efficient and accurate robotic US probe pose adjustment. The effectiveness of the proposed method for needle tip tracking performance has been evaluated through a series of experiments conducted on ex vivo porcine liver samples under varying insertion angles and velocities. Experimental results demonstrate that the proposed framework achieves a maximum median localization error of 1.17 mm and an Interquartile Range (IQR) of 1.28 mm across all test conditions. Furthermore, in scenarios requiring needle tip visibility recovery, the proposed BO-based strategy achieved a median localization error of 1.52 mm and an IQR of 0.95 mm."
A1,Robotic ultrasound / sonography,机器人超声 / 超声扫查,2026,YTD through 2026-08-06,Patient Acceptability of Automated Robotic Ultrasound by Patient Profile,10.3390/robotics15020037,,OpenAlex,W7128198968,https://doi.org/10.3390/robotics15020037,2026-02-07,article,Robotics,Previously screened title-explicit set,485,"Robotic ultrasound (US) has emerged as a promising solution to enhance the accuracy, consistency, and accessibility of US examinations. Although many studies have proposed various technologies toward full automation, patient acceptance of the robotic US system has not been discussed. This study explored the patient’s acceptability of robotic US through a questionnaire survey. The 480 participants were asked about their willingness to use a medical facility that offers robotic US examinations. The results showed that the score was 3.61 out of 6, slightly above the average of 3.5. As the reasons for wanting to undergo the robotic US examination, many participants pointed to “time” and “cost”. The most common reason for not wanting to use it was “vague anxiety” that patients feel somewhat anxious and “object anxiety” such as a fear of danger due to malfunction. These negative reasons were relatively low among participants who had found diseases via US examinations and among those who already had experience using robots in medical and nursing care fields. This suggests that patients need to increase their knowledge and experience of US examination and robotics to increase their willingness to use automated robotic US."
A1,Robotic ultrasound / sonography,机器人超声 / 超声扫查,2026,YTD through 2026-08-06,RAG-RUSS: A Retrieval-Augmented Robotic Ultrasound for Autonomous Carotid Examination,10.48550/arxiv.2603.01153,,OpenAlex; arXiv,W7133329320; 2603.01153v1; W7133364192,https://openalex.org/W7133364192,2026-03-01,preprint,arXiv (Cornell University),Previously screened title-explicit set,487,"Robotic ultrasound (US) has recently attracted increasing attention as a means to overcome the limitations of conventional US examinations, such as the strong operator dependence. However, the decision-making process of existing methods is often either rule-based or relies on end-to-end learning models that operate as black boxes. This has been seen as a main limit for clinical acceptance and raises safety concerns for widespread adoption in routine practice. To tackle this challenge, we introduce the RAG-RUSS, an interpretable framework capable of performing a full carotid examination in accordance with the clinical workflow while explicitly explaining both the current stage and the next planned action. Furthermore, given the scarcity of medical data, we incorporate retrieval-augmented generation to enhance generalization and reduce dependence on large-scale training datasets. The method was trained on data acquired from 28 volunteers, while an additional four volumetric scans recorded from previously unseen volunteers were reserved for testing. The results demonstrate that the method can explain the current scanning stage and autonomously plan probe motions to complete the carotid examination, encompassing both transverse and longitudinal planes."
A1,Robotic ultrasound / sonography,机器人超声 / 超声扫查,2026,YTD through 2026-08-06,ROBOTIC ULTRASOUND-GUIDED REPAIR OF SYMPTOMATIC UTERINE ISTHMOCELES: A MINIMALLY INVASIVE CASE REPORT,10.1016/j.fertnstert.2026.05.144,,OpenAlex,W7167570614,https://doi.org/10.1016/j.fertnstert.2026.05.144,2026-07-01,article,Fertility and Sterility,Previously screened title-explicit set,488,
A1,Robotic ultrasound / sonography,机器人超声 / 超声扫查,2026,YTD through 2026-08-06,Real-Time Coverage Path Planning for Bone-Aware Robotic Ultrasound Scanning,10.1109/lra.2026.3665067,,OpenAlex,W7129112580,https://doi.org/10.1109/lra.2026.3665067,2026-02-16,article,IEEE Robotics and Automation Letters,Previously screened title-explicit set,490,"Robotic ultrasound systems offer significant potential for automated organ coverage scanning, yet acoustic shadows from bone structures can cause incomplete scans and missed diagnoses. This work presents a real-time coverage path planning method for bone-aware robotic ultrasound scanning. A voxel based perception map is built by segmenting organ regions with a U-Net network and back-projecting acoustic shadows to estimate bone locations. Ultrasound image data are then fused with real time probe poses and mapped into 3D space. The proposed method runs online over a continuously updated perception map, selecting the next path segment in real time by maximizing motion efficiency and information gain. Phantom experiments demonstrate that the proposed method effectively avoids bone obstruction, while human experiments confirm its clinical feasibility. On average across the kidney and spleen experiments, the proposed system achieved 87.69% of ultrasound physician performance while requiring only 1.22 times the scanning time, demonstrating strong potential for clinical application."
A1,Robotic ultrasound / sonography,机器人超声 / 超声扫查,2026,YTD through 2026-08-06,Real-Time and Precise 3-D Lesion Reconstruction With Boundary Point Clouds for Robotic Ultrasound Scanning,10.1016/j.ultrasmedbio.2025.12.012,41617541.0,Europe PMC; OpenAlex,W7126028248; MED:41617541,https://doi.org/10.1016/j.ultrasmedbio.2025.12.012,2026-01-29,article,Ultrasound in Medicine & Biology,Previously screened title-explicit set,491,"In robot-assisted breast ultrasound scanning, conventional 2-D imaging often fails to fully capture the spatial morphology of lesions, limiting clinicians' ability to obtain intuitive structural information. In addition, variations in patient body type and examination posture lead to significant scanning range fluctuations. Conventional voxel-based 3-D reconstruction methods rely heavily on pre-defined voxel grid size and position but inappropriate settings can adversely affect lesion feature data acquisition and computation, potentially resulting in inaccurate 3-D lesion reconstruction. To address these issues, we proposed a lesion boundary point cloud-based 3-D reconstruction method. The method first employed a neural network to extract lesion boundary features from ultrasound images in real time, generating a 2-D contour point set. These points were then projected into 3-D space to form a lesion point cloud, which was subsequently tetrahedrally meshed to generate a complete 3-D lesion mesh. Comparative experiments on two models demonstrated that our method significantly improved reconstruction accuracy, reducing the average error by approximately 47%. Visualization results further validated the structural reliability of the reconstructed models. Moreover, our method increased the data-processing speed by 130% and reduced the mesh construction time by 93%, achieving higher efficiency compared with voxel-based reconstruction. The real-time 3-D lesion models provide clinicians with intuitive structural information and have the potential to support intraoperative navigation and interventional procedures in robot-assisted surgery. Breast lesion, 3-D reconstruction, Point cloud, Visualization, Robot-assisted ultrasound."
A1,Robotic ultrasound / sonography,机器人超声 / 超声扫查,2026,YTD through 2026-08-06,Robotic Ultrasound Makes CBCT Alive,10.48550/arxiv.2603.10220,,OpenAlex; arXiv,W7135156353; 2603.10220v1; W7135083228,https://openalex.org/W7135156353,2026-03-10,preprint,arXiv (Cornell University),Previously screened title-explicit set,495,"Intraoperative Cone Beam Computed Tomography (CBCT) provides a reliable 3D anatomical context essential for interventional planning. However, its static nature fails to provide continuous monitoring of soft-tissue deformations induced by respiration, probe pressure, and surgical manipulation, leading to navigation discrepancies. We propose a deformation-aware CBCT updating framework that leverages robotic ultrasound as a dynamic proxy to infer tissue motion and update static CBCT slices in real time. Starting from calibration-initialized alignment with linear correlation of linear combination (LC2)-based rigid refinement, our method establishes accurate multimodal correspondence. To capture intraoperative dynamics, we introduce the ultrasound correlation UNet (USCorUNet), a lightweight network trained with optical flow-guided supervision to learn deformation-aware correlation representations, enabling accurate, real-time dense deformation field estimation from ultrasound streams. The inferred deformation is spatially regularized and transferred to the CBCT reference to produce deformation-consistent visualizations without repeated radiation exposure. We validate the proposed approach through deformation estimation and ultrasound-guided CBCT updating experiments. Results demonstrate real-time end-to-end CBCT slice updating and physically plausible deformation estimation, enabling dynamic refinement of static CBCT guidance during robotic ultrasound-assisted interventions. The source code is publicly available at https://github.com/anonymous-codebase/us-cbct-demo."
A1,Robotic ultrasound / sonography,机器人超声 / 超声扫查,2026,YTD through 2026-08-06,Robotic Ultrasound‐Guided Musculoskeletal Injections: The Next Frontier in Precision Medicine,10.1111/1756-185x.70557,41566657.0,Europe PMC; OpenAlex,MED:41566657; W7125435091,https://doi.org/10.1111/1756-185x.70557,2026-01-01,article,International Journal of Rheumatic Diseases,Previously screened title-explicit set,496,Data sharing not applicable to this article as no datasets were generated or analyzed during the current study.
A1,Robotic ultrasound / sonography,机器人超声 / 超声扫查,2026,YTD through 2026-08-06,"Robotic ultrasound scanning platform with autonomous control, multimodal human–machine interface and real-time image analysis",10.1007/s11548-026-03763-4,42533186.0,Europe PMC; OpenAlex,W7171798853; MED:42533186,https://doi.org/10.1007/s11548-026-03763-4,2026-07-30,article,International Journal of Computer Assisted Radiology and Surgery,Previously screened title-explicit set,498,"<h4>Purpose</h4>Autonomous robots can streamline repetitive and time-consuming surgical tasks like ultrasound scanning. AI can provide the necessary intelligence, but for clinical acceptance, systems must move predictably, offer intuitive interaction, and maintain low latency on medical-grade hardware.<h4>Methods</h4>We present an integral robotic platform for autonomous ultrasound scanning. The platform allows to perform scanning on either manual or autonomous mode. The autonomous control combines AI-driven ultrasound target segmentation with geometric motion algorithms designed to focus the probe on the segmented target. We optimized the image processing models for specialized hardware to ensure real-time performance with constrained resources. Users can control the platform via natural language voice commands processed by a Large Language Model (LLM) and visualize the procedure through a synchronized 3D Digital Twin and an augmented reality (AR) environment.<h4>Results</h4>We tested the platform in hepatic tumor localization in a synthetic phantom. Autonomous tumor localization showed a success rate of 84% with an average execution time of 5.75 s.<h4>Conclusions</h4>Our system successfully automates ultrasound tasks, allowing the user to control the process through an intuitive, multimodal interface. By pairing optimized AI with specialized hardware, we achieved low-latency, real-time adaptability with minimal hardware resources. In the future we plan to adapt this platform for more complex neurosurgical and urological procedures."
A1,Robotic ultrasound / sonography,机器人超声 / 超声扫查,2026,YTD through 2026-08-06,SAMe: A Semantic Anatomy Mapping Engine for Robotic Ultrasound,10.48550/arxiv.2604.25646,,OpenAlex; arXiv,W7159547037; W7158277037; 2604.25646v2,https://doi.org/10.48550/arxiv.2604.25646,2026-04-28,preprint,arXiv (Cornell University),Previously screened title-explicit set,500,"Robotic ultrasound has advanced local image-driven control, contact regulation, and view optimization, yet current systems lack the anatomical understanding needed to determine what to scan, where to begin, and how to adapt to individual patient anatomy. These gaps make systems still reliant on expert intervention to initiate scanning. Here we present SAMe, a semantic anatomy mapping engine that provides robotic ultrasound with an explicit anatomical prior layer. SAMe addresses scan initiation as a target-to-anatomy-to-action process: it grounds under-specified clinical complaints into structured target organs, instantiates a patient-specific anatomical representation for the grounded targets from a single external body image, and translates this representation into control-facing 6-DoF probe initialization states without any additional registration using preoperative CT or MRI. The anatomical representation maintained by SAMe is explicit, lightweight (single-organ inference in 0.08s), and compatible with downstream control by design. Across semantic grounding, anatomical instantiation, and real-robot evaluation, SAMe shows strong performance across the full initialization pipeline. In real-robot experiments, centroid-based SAMe initialization outperformed the body-keypoint-based heuristic baseline under a budget-matched single-target setting for both liver (86.7% versus 46.7%) and kidney (80.0% versus 73.3%) initialization. Furthermore, The trial-level organ-hit rate reached 97.3% for liver and 83.3% for kidney when multiple candidate targets were available. These results establish an explicit anatomical prior layer that addresses scan initialization and is designed to support broader downstream autonomous scanning pipelines, providing the anatomical foundation for complaint-driven, anatomically informed robotic ultrasonography."
A1,Robotic ultrasound / sonography,机器人超声 / 超声扫查,2026,YTD through 2026-08-06,Safe Variable Force Control for Robotic Ultrasound Scanning via ℓ <sub>2</sub> -Regularized Fuzzy Broad Offline Reinforcement Learning,10.1109/tmrb.2026.3699233,,OpenAlex,W7163132243,https://doi.org/10.1109/tmrb.2026.3699233,2026-01-01,article,IEEE Transactions on Medical Robotics and Bionics,Previously screened title-explicit set,501,"Robotic ultrasound scanning (RUSS) is a promising technology for standardizing examinations, improving repeatability, and alleviating the workload of sonographers. A key prerequisite for its safe clinical use is reliable control of the contact force between the probe and the patient’s skin. In practice, this force should vary along the scan: it must be reduced over symptomatic or painful regions to avoid discomfort and potential tissue damage, while remaining sufficiently high elsewhere to ensure good acoustic coupling and image quality. Patient-specific soft-tissue properties and unstructured examination environments make it difficult to tune conventional (adaptive) impedance controllers, often leading to force overshoot or poor tracking performance. To address this challenge, we propose an ℓ2-regularized fuzzy broad offline reinforcement learning framework (ℓ2-FBORL) that learns variable force control policies from limited, suboptimal demonstrations generated by stabilizing controllers. Building on ℓ2-FBORL, we formulate variable force tracking in RUSS as a Markov decision process and develop a Fuzzy Learning-based Adaptive Impedance Control (FLAIC) scheme that adaptively adjusts the impedance adaptation rate to suppress overshoot while maintaining fast convergence. The proposed approach is evaluated in high-fidelity simulation, phantom experiments, and in vivo upper-limb venous and abdominal scanning under respiratory motion. Across all scenarios, FLAIC reduces force overshoot and improves tracking accuracy compared with conventional impedance and adaptive impedance controllers, without patient-specific retuning, indicating its potential to enhance the safety, robustness, and standardization of robotic ultrasound procedures."
A1,Robotic ultrasound / sonography,机器人超声 / 超声扫查,2026,YTD through 2026-08-06,Simplifying Robotic Ultrasound Calibration via Conic Sections Geometry,10.1109/tro.2026.3695989,,OpenAlex,W7162076589,https://doi.org/10.1109/tro.2026.3695989,2026-01-01,article,IEEE Transactions on Robotics,Previously screened title-explicit set,503,"Robotic ultrasound (US) systems represent an emerging frontier in medical imaging. A fundamental component of these systems is the rigid body transformation between the robot flange and the attached US probe, which enables mapping of visual data from image space to the robot's reference frame. Traditionally, calibrating this transformation has been a tedious process, complicated by equipment demands and operational constraints arising from the probe's narrow field of view. This work presents a novel calibration strategy based on conic sections geometry, which offers several key simplifications over existing approaches: 1). It requires no external equipment beyond a single cone phantom; 2). It operates with a small input size and imposes no strict alignment or motion constraints on the US scan plane during calibration; and 3). It employs a straightforward pattern analysis pipeline to process images acquired from phantom scans. Experimental validation results show that the proposed method achieves accuracy comparable to existing state-of-the-art approaches while delivering superior precision, thereby demonstrating enhanced calibration reproducibility enabled by its streamlined workflow. These advantages make this method particularly suitable for application in clinical scenarios that require frequent and efficient calibration."
A1,Robotic ultrasound / sonography,机器人超声 / 超声扫查,2026,YTD through 2026-08-06,Symmetry-Optimized Image Guidance and Biomechanics-Driven Force Measurement for Robotic Ultrasound: A Control Framework Enhancing Sonographic Quality,10.1109/tim.2026.3676192,,OpenAlex,W7139965776,https://doi.org/10.1109/tim.2026.3676192,2026-01-01,article,IEEE Transactions on Instrumentation and Measurement,Previously screened title-explicit set,505,"Robotic ultrasound systems (RUSS) face significant challenges in maintaining optimal image quality and contact force across complex, deformable anatomical structures. This paper proposes a control framework integrating symmetry-optimized image guidance with biomechanics-driven force measurement. We introduce a Column Similarity (CS) method for rapid in-plane tracking and a Young-Laplace (Y-L) model to predict surface curvature changes for out-of-plane adaptation. To ensure clinical safety during autonomous operation, a dual-layer protection mechanism combining global force thresholds with adaptive image-gain limits is integrated. To validate the efficiency of the proposed visual algorithm, the in-plane module was tested on an embedded platform (NVIDIA Jetson), achieving a processing rate of 66 Hz. Extensive in-vivo experiments were conducted on highly heterogeneous anatomical structures, including the curvature-rich supraclavicular region and the deformable abdominal aorta. Results demonstrate that the proposed framework elevates a composite Image Quality Score (IQS) by 27.2% compared to conventional methods, with the gap between proposed method and human expert within 5%. Furthermore, the autonomous system completes in-vivo abdominal aorta volumetric scans in 49 s, achieving vessel reconstruction quality comparable to manual scanning by expert sonographers (Dice Similarity Coefficient (DSC) 0.85, Average Symmetric Surface Distance (ASSD) 2.9 mm). The findings confirm the system’s capability for high-precision, autonomous sonography in diverse clinical scenarios."
A1,Robotic ultrasound / sonography,机器人超声 / 超声扫查,2026,YTD through 2026-08-06,"Technical challenges in autonomous robotic ultrasound examinations: perception, planning, and control",10.1007/s11701-026-03509-z,42217071.0,Europe PMC; OpenAlex,MED:42217071; W7162846370,https://doi.org/10.1007/s11701-026-03509-z,2026-05-30,article,Journal of Robotic Surgery,Previously screened title-explicit set,506,"Ultrasound is one of the most widely used medical imaging modalities in clinical practice. Robot-assisted ultrasound systems (RAUS) offer significant advantages in reducing physician workload and improving imaging standardization. However, the dynamic and complex nature of the human physiological environment severely hinders the transition of RAUS from automation to full autonomy. This paper presents a narrative review of the core research progress of RAUS between 2021 and early 2026. It comprehensively analyzes the current technological landscape of autonomous robotic ultrasound by focusing on three core pillars: perception, planning, and control. By evaluating cutting-edge breakthroughs and existing limitations across these three domains, this paper identifies the key technical bottlenecks that restrict fully autonomous RAUS. Finally, we propose an evolutionary roadmap driven by multimodal fusion, digital twins, planning-control co-design, and embodied artificial intelligence (AI) architectures. This roadmap provides a developmental reference for autonomous robotic ultrasound examinations and also lays a crucial foundation for future autonomous ultrasound-guided surgical interventions."
A1,Robotic ultrasound / sonography,机器人超声 / 超声扫查,2026,YTD through 2026-08-06,The Impact of Multisensory Feedback on Supporting Physicians in Robotic Ultrasound Interaction,10.1109/access.2026.3711373,,OpenAlex,W7167730453,https://doi.org/10.1109/access.2026.3711373,2026-01-01,article,IEEE Access,Previously screened title-explicit set,507,"Recent robotics advancements have enabled novel applications in medicine, such as automating ultrasound acquisition to support sonographers and enable remote operation. However, a key challenge is the lack of haptic and perceptual transparency regarding the robot&#x2019;s decisions and actions, which may undermine trust and user acceptance. In this study, we propose a multisensory feedback system to enhance physician&#x2013;robot interaction during robotic ultrasound procedures. The system provides real-time feedback on the force exerted by the robot on the patient and was developed following a user-centered approach, informed by clinical domain expertise, to support usability and clinical relevance. In a simulated Extended Reality (XR) environment, we evaluated the impact of different feedback conditions&#x2014;including two sonification strategies, one visual feedback method, and their combinations. A user study with 30 participants, including three practicing clinicians, was conducted to assess these modalities. Results showed that multisensory feedback significantly reduced cognitive load (NASA-TLX: A1 +V vs. V, <inline-formula> <tex-math notation=""LaTeX"">$p\lt 0.001$ </tex-math></inline-formula>; A2 +V vs. V, <inline-formula> <tex-math notation=""LaTeX"">$p\lt 0.01$ </tex-math></inline-formula>), improved usability (SUS: A1 +V vs. V, <inline-formula> <tex-math notation=""LaTeX"">$p\lt 0.001$ </tex-math></inline-formula>; A2 +V vs. V, <inline-formula> <tex-math notation=""LaTeX"">$p\lt 0.001$ </tex-math></inline-formula>) and perceived ease of use (SEQ: A1 +V vs. V, <inline-formula> <tex-math notation=""LaTeX"">$p\lt 0.01$ </tex-math></inline-formula>; A2 +V vs. V, <inline-formula> <tex-math notation=""LaTeX"">$p\lt 0.01$ </tex-math></inline-formula>). While visual feedback alone yielded better performance in force monitoring, the multisensory conditions supported better focus on the primary task of image analysis. These findings suggest that multisensory feedback can enhance user experience and support interaction factors associated with trust formation, such as reduced workload and improved awareness of robot behavior, especially with further training and adaptation. Given the predominantly non-clinical sample and the use of abstract visual targets, these results should be read as an exploratory, preclinical validation of multisensory human&#x2013;robot interaction rather than as evidence of clinical efficacy."
A1,Robotic ultrasound / sonography,机器人超声 / 超声扫查,2026,YTD through 2026-08-06,Towards Autonomous Robotic Kidney Ultrasound: Spatial-Efficient Volumetric Imaging via Template Guided Optimal Pivoting,10.48550/arxiv.2602.16641,,OpenAlex; arXiv,W7130617723; 2602.16641v1; W7130560728,https://openalex.org/W7130617723,2026-02-18,preprint,arXiv (Cornell University),Previously screened title-explicit set,508,"Medical ultrasound (US) imaging is a frontline tool for the diagnosis of kidney diseases. However, traditional freehand imaging procedure suffers from inconsistent, operator-dependent outcomes, lack of 3D localization information, and risks of work-related musculoskeletal disorders. While robotic ultrasound (RUS) systems offer the potential for standardized, operator-independent 3D kidney data acquisition, the existing scanning methods lack the ability to determine the optimal imaging window for efficient imaging. As a result, the scan is often blindly performed with excessive probe footprint, which frequently leads to acoustic shadowing and incomplete organ coverage. Consequently, there is a critical need for a spatially efficient imaging technique that can maximize the kidney coverage through minimum probe footprint. Here, we propose an autonomous workflow to achieve efficient kidney imaging via template-guided optimal pivoting. The system first performs an explorative imaging to generate partial observations of the kidney. This data is then registered to a kidney template to estimate the organ pose. With the kidney localized, the robot executes a fixed-point pivoting sweep where the imaging plane is aligned with the kidney long axis to minimize the probe translation. The proposed method was validated in simulation and in-vivo. Simulation results indicate that a 60% exploration ratio provides optimal balance between kidney localization accuracy and scanning efficiency. In-vivo evaluation on two male subjects demonstrates a kidney localization accuracy up to 7.36 mm and 13.84 degrees. Moreover, the optimal pivoting approach shortened the probe footprint by around 75 mm when compared with the baselines. These results valid our approach of leveraging anatomical templates to align the probe optimally for volumetric sweep."
A1,Robotic ultrasound / sonography,机器人超声 / 超声扫查,2026,YTD through 2026-08-06,Visuotactile and Explicitly Force-Controlled Robotic Ultrasound for Abdominal Volumetric Reconstruction,10.48550/arxiv.2606.05848,,OpenAlex; arXiv,2606.05848v1; W7163691998; W7163777409,https://openalex.org/W7163777409,2026-06-04,preprint,arXiv (Cornell University),Previously screened title-explicit set,512,"In this paper, we present a robotic ultrasound acquisition system that integrates stereo vision, touch-based feedback, and expert-informed strategies to perform autonomous and adaptive abdominal scans. The system records freehand motion and force data from expert radiologists, creating a framework to capture transducer motion, applied forces, and anatomical scanning strategies. This expert data is replayed to replicate characteristic scans with the robot, forming a foundation for further autonomous capabilities. Using stereo vision, the system generates three-dimensional topography maps of the patient's abdomen, which are refined through stiffness measurements at key points to delineate the rib cage boundary. These combined techniques enable the robot to execute two distinct scanning paths: an upward-angled sweep beneath the rib cage to visualize structures near the upper abdomen and a perpendicular sweep across soft tissue regions. A compliant, torque-controlled seven degree-of-freedom robotic manipulator is controlled to maintain consistent probe contact through closed-loop force control over the varied anatomical surfaces. Physical experiments demonstrate that the system achieves high-quality imaging comparable to expert scans while dynamically adapting to patient-specific topographies. Furthermore, the robotic system surpasses expert capabilities by enabling three-dimensional volume acquisition, which enhances diagnostic potential and provides volumetric data for advanced analyses. This work highlights the integration of expert knowledge into autonomous robotic systems and underscores the potential of combining perception-based autonomy with physical reasoning for enhanced diagnostic performance."
A10,Embodied vital-sign acquisition,具身式生命体征采集,2017,full year,"Adding navigation, artificial audition and vital sign monitoring capabilities to a telepresence mobile robot for remote home care applications.",10.1109/icorr.2017.8009347,28813919.0,Europe PMC,MED:28813919,https://doi.org/10.1109/icorr.2017.8009347,2017-07-01,,IEEE ... International Conference on Rehabilitation Robotics : [proceedings],Manual title/abstract adjudication,20,"A telepresence mobile robot is a remote-controlled, wheeled device with wireless internet connectivity for bidirectional audio, video and data transmission. In health care, a telepresence robot could be used to have a clinician or a caregiver assist seniors in their homes without having to travel to these locations. Many mobile telepresence robotic platforms have recently been introduced on the market, bringing mobility to telecommunication and vital sign monitoring at reasonable costs. What is missing for making them effective remote telepresence systems for home care assistance are capabilities specifically needed to assist the remote operator in controlling the robot and perceiving the environment through the robot's sensors or, in other words, minimizing cognitive load and maximizing situation awareness. This paper describes our approach adding navigation, artificial audition and vital sign monitoring capabilities to a commercially available telepresence mobile robot. This requires the use of a robot control architecture to integrate the autonomous and teleoperation capabilities of the platform."
A10,Embodied vital-sign acquisition,具身式生命体征采集,2020,full year,Mobile Robotic Platform for Contactless Vital Sign Monitoring,10.34133/2022/9780497,35571871.0,Europe PMC; OpenAlex,MED:35571871; W4225261496,https://doi.org/10.34133/2022/9780497,2022-01-01,article,Cyborg and Bionic Systems,Manual title/abstract adjudication,52,"The COVID-19 pandemic has accelerated methods to facilitate contactless evaluation of patients in hospital settings. By minimizing in-person contact with individuals who may have COVID-19, healthcare workers can prevent disease transmission and conserve personal protective equipment. Obtaining vital signs is a ubiquitous task that is commonly done in person by healthcare workers. To eliminate the need for in-person contact for vital sign measurement in the hospital setting, we developed Dr. Spot, a mobile quadruped robotic system. The system includes IR and RGB cameras for vital sign monitoring and a tablet computer for face-to-face medical interviewing. Dr. Spot is teleoperated by trained clinical staff to simultaneously measure the skin temperature, respiratory rate, and heart rate while maintaining social distancing from patients and without removing their mask. To enable accurate, contactless measurements on a mobile system without a static black body as reference, we propose novel methods for skin temperature compensation and respiratory rate measurement at various distances between the subject and the cameras, up to 5 m. Without compensation, the skin temperature MAE is 1.3°C. Using the proposed compensation method, the skin temperature MAE is reduced to 0.3°C. The respiratory rate method can provide continuous monitoring with a MAE of 1.6 BPM in 30 s or rapid screening with a MAE of 2.1 BPM in 10 s. For the heart rate estimation, our system is able to achieve a MAE less than 8 BPM in 10 s measured in arbitrary indoor light conditions at any distance below 2 m."
A10,Embodied vital-sign acquisition,具身式生命体征采集,2022,full year,Home-care nursing controlled mobile robot with vital signal monitoring,10.1007/s11517-022-02712-y,36445530.0,Europe PMC; OpenAlex,MED:36445530; W4310239196,https://doi.org/10.1007/s11517-022-02712-y,2022-11-29,article,Medical & Biological Engineering & Computing,Manual title/abstract adjudication,49,"This study describes the development (design, construction, instrumentation, and control) of a nursing mobile robotic device to monitor vital signals in home-cared patients. The proposed device measures electrocardiography potentials, oxygen saturation, skin temperature, and non-invasive arterial pressure of the patient. Additionally, the nursing robot can supply assistance in the gait cycle for people who require it. The robotic device's structural and mechanical components were built using 3D-printed techniques. The instrumentation includes electronic embedded devices and sensors to know the robot's relative position with respect to the patient. With this information together with the available physiological measurements, the robot can work in three different scenarios: (a) in the first one, a robust control strategy regulates the mobile robot operation, including the tracking of the patient under uncertain working scenarios leading to the selection of an appropriate sequence of movements; (b) the second one helps the patients, if they need it, to perform a controlled gait-cycle during outdoors and indoors excursions; and (c) the third one verifies the state of health of the users measuring their vital signs. A graphical user interface (GUI) collects, processes, and displays the information acquired by the bioelectrical amplifiers and signal processing systems. Moreover, it allows easy interaction between the nursing robot, the patients, and the physician. The proposed design has been tested with five volunteers showing efficient assistance for primary health care. Graphical Abstract Main stages of the home-care nursing controlled mobile robot."
A10,Embodied vital-sign acquisition,具身式生命体征采集,2023,full year,Effectiveness of mobile robots collecting vital signs and radiation dose rate for patients receiving Iodine-131 radiotherapy: A randomized clinical trial,10.3389/fpubh.2022.1042604,36699895.0,Europe PMC; OpenAlex,MED:36699895; W4315480698,https://doi.org/10.3389/fpubh.2022.1042604,2023-01-09,article,Frontiers in Public Health,Manual title/abstract adjudication,58,"<h4>Objective</h4>Patients receiving radionuclide 131I treatment expose radiation to others, and there was no clinical trial to verify the effectiveness and safety of mobile robots in radionuclide 131I isolation wards. The objective of this randomized clinical trial was to evaluate the effectiveness and safety of mobile robots in providing vital signs (body temperature and blood pressure) and radiation dose rate monitoring for patients receiving radionuclide therapy.<h4>Methods</h4>An open-label, multicenter, paired, randomized clinical trial was performed at three medical centers in Shanghai and Wuhan, China, from 1 April 2018 to 1 September 2018. A total of 72 participants were assigned to the group in which vital signs and radiation doses were both measured by mobile robots and conventional instruments. Intergroup consistency, completion rate, and first success rate were the primary effectiveness measures, and vital sign measurement results, the error rate of use, and subjective satisfaction were secondary indicators. Adverse events related to the robot were used to assess safety.<h4>Results</h4>Of the 72 randomized participants (median age, 39.5; 27 [37.5%] male participants), 72 (100.0%) completed the trial. The analysis sets of full analysis set, per-protocol set, and safety analysis set included 72 cases (32 cases in Center A, 16 cases in Center B, and 24 cases in Center C). The consistency, completion rate, and first success rate were 100% (<i>P</i> = 1.00), and the first success rates of vital signs and radiation dose rate were 91.7% (<i>P</i> = 1.000), 100.0% (<i>P</i> = 0.120), and 100.0% (<i>P</i> = 1.000). There was no significant difference in vital signs and radiation dose rate measurement results between the robot measurement group and the control group (<i>P</i> = 0.000, 0.044, and 0.023), and subjective satisfaction in the robot measurement group was 71/72 (98.6%), compared to 67/72 (93.1%) in the control group. For safety evaluation, there was no adverse event related to the mobile robot.<h4>Conclusion</h4>The mobile robots have good effectiveness and safety in providing vital signs and radiation dose rate measurement services for patients treated with radionuclides."
A10,Embodied vital-sign acquisition,具身式生命体征采集,2023,full year,Emergency Response Person Localization and Vital Sign Estimation Using a Semi-Autonomous Robot Mounted SFCW Radar.,10.1109/tbme.2024.3350789,38190678.0,Europe PMC; arXiv,2305.15795v2; MED:38190678,https://doi.org/10.1109/tbme.2024.3350789,2023-05-25,,IEEE transactions on bio-medical engineering,Manual title/abstract adjudication,60,"The large number and scale of natural and man-made disasters have led to an urgent demand for technologies that enhance the safety and efficiency of search and rescue teams. Semi-autonomous rescue robots are beneficial, especially when searching inaccessible terrains, or dangerous environments, such as collapsed infrastructures. For search and rescue missions in degraded visual conditions or non-line of sight scenarios, radar-based approaches may contribute to acquire valuable, and otherwise unavailable information. This article presents a complete signal processing chain for radar-based multi-person detection, 2D-MUSIC localization and breathing frequency estimation. The proposed method shows promising results on a challenging emergency response dataset that we collected using a semi-autonomous robot equipped with a commercially available through-wall radar system. The dataset is composed of 62 scenarios of various difficulty levels with up to five persons captured in different postures, angles and ranges including wooden and stone obstacles that block the radar line of sight. Ground truth data for reference locations, respiration, electrocardiogram, and acceleration signals are included. The full emergency response benchmark data set as well as all codes to reproduce our results, are publicly available at https://doi.org/10.21227/4bzd-jm32."
A10,Embodied vital-sign acquisition,具身式生命体征采集,2025,full year,Automatic Vital Sign Measurement Enabled by a Semi-Autonomous Robot,10.36227/techrxiv.174611546.65905947/v1,,OpenAlex,W4409993691,https://doi.org/10.36227/techrxiv.174611546.65905947/v1,2025-05-01,preprint,,Manual title/abstract adjudication,81,"Objective: Vital sign measurement is crucial for nurses in clinical settings as it reflects patients' health status. This study introduces an automatic vital sign measurement robot to simplify and improve the process. Methods: a robotic arm is integrated with two photoplethysmography (PPG) sensors each of which emits green, red, and infrared light. The targeted location of the subjects' mid forearms, where the vital signs are collected, is identified by a CNN model transferred from the YOLOv5 object detection algorithm by using the images real-time taken from an Intel D435i camera. Results: From the collected PPG waves, heart rate (HR), blood oxygen saturation (SpO2), and respiratory rate (RR) were directly extracted. Blood pressure (BP) was correlated with pulse wave velocity (PWV) for prediction by the Support Vector Regressor (SVR). Validation was performed on 25 adults aged 18-49 years with varied skin tones. HR, RR, and SpO2 were accurately estimated with average differences of 2.21 BPM, ±1.35 breaths per minute, ±0.68%, respectively, from the ground truths. Systolic, diastolic, and mean BP were estimated with R2 scores of 0.91, 0.80, and 0.92, respectively. Conclusion: The proposed sensing robot can autonomously locate the measurement sites along the arms and record the PPG signals from the objects for vital sign measurements in &lt; 30 seconds. Significance: This automated measurement robot has the potential to alleviate nurses' workload and stress, offering a complementary tool for efficient patient care in clinical settings."
A10,Embodied vital-sign acquisition,具身式生命体征采集,2025,full year,Robot-based Optical Assessment of Vital Signs in Healthcare with a Social Interface,10.1515/cdbme-2025-0306,,OpenAlex,W7124719851,https://doi.org/10.1515/cdbme-2025-0306,2025-12-01,article,Current Directions in Biomedical Engineering,Manual title/abstract adjudication,98,"Abstract Background Health kiosks with advanced imaging technologies can assess vital signs contactless. These kiosks, often found in supermarkets, pharmacies, and transit hubs, use cameras, thermal sensors, and AI to measure heart and respiratory rate, temperature, and oxygen saturation without physical contact. Objective We introduce a concept of an autonomous robotic system to scan the surroundings, detect humans, interact with them by leveraging a social interface, and gather their vital signs without physical contact. Methods A 6DOF robot arm is equipped with cameras to scan its surroundings. Upon detecting a person within the working space, the system prompts the person to step closer in a socially appropriate manner. Using contactless sensors, the system captures vital signs, such as the heart and respiratory rate, the body temperature and basic emotions by autonomously positioning the camera on the robotic arm to maintain a direct line of sight with the individual’s face. Results The contribution provides the system architecture and first experiments with the sub-components. By integrating event-driven detection with unobtrusive monitoring, the proposed solution offers a novel robot-based method for routine, contactless vital sign collection, easing the workload of medical staff and patients."
A10,Embodied vital-sign acquisition,具身式生命体征采集,2026,YTD through 2026-08-06,ActiveVital: Geometry-Aware Embodied Vital Signs Monitoring for Home Healthcare Robots,10.48550/arxiv.2606.30275,,OpenAlex; arXiv,2606.30275v1; W7166693651; W7166902167,https://doi.org/10.48550/arxiv.2606.30275,2026-06-29,preprint,arXiv (Cornell University),Manual title/abstract adjudication,103,"Home robots require reliable vital signs monitoring to support long-term companionship and safety in daily environments, yet obtaining respiration and heart rate without physical contact remains challenging in unconstrained home settings. Millimeter-wave (mmWave) radar offers a promising solution due to its phase sensitivity to sub-millimeter motions. However, mmWave measurements are fundamentally constrained by observation geometry, since only the radial component of motion is observable. Consequently, arbitrary robot-human orientations often introduce angular misalignment that destabilizes vital signs estimation. To address this limitation, we reformulate vital signs monitoring from passive signal recovery to active geometric regulation. We propose ActiveVital, a vision-guided sensing framework that treats sensing geometry as an explicit control variable for robots. It localizes the chest anchor via visual keypoints and converts alignment errors into control commands. This steers the robot-mounted radar toward near-normal incidence to the thoracic surface, maximizing radial observability within a perception-action loop. A differential phase enhancement module further stabilizes signal extraction under motion. Experiments show that ActiveVital reduces respiration interval error from 0.87 s to 0.14 s and heart rate error from 13.59 bpm to 2.22 bpm, achieving accuracy comparable to controlled static sensing while remaining robust under unconstrained robot-human configurations."
A10,Embodied vital-sign acquisition,具身式生命体征采集,2026,YTD through 2026-08-06,An Integrated Soft Robotic System for Measuring Vital Signs in Search and Rescue Environments,,,arXiv,2604.00971v1,http://arxiv.org/abs/2604.00971v1,2026-04-01,preprint,arXiv [cs.RO],Manual title/abstract adjudication,105,"Robots are frequently utilized in search-and-rescue operations. In recent years, significant advancements have been made in the field of victim assessment. However, there are still open issues regarding heart rate measurement, and no studies have been found that assess pressure in post-disaster scenarios. This work designs a soft gripper and integrates it into a mobile robotic system, thereby creating a device capable of measuring the pulse and blood pressure of victims in post-disaster environments. The gripper is designed to envelop the victim's arm and inflate like a sphygmomanometer, facilitated by a specialized portability system. The utilization of different signal processing algorithms has enabled the attainment of a pulse bias of \qty{4}{\bpm} and a bias of approximately \qty{5}{\mmHg} for systolic and diastolic pressures. The findings, in conjunction with the other statistical data and the validation of homoscedasticity in the error terms, prove the system's capacity to accurately determine heart rate and blood pressure, thereby rendering it suitable for search and rescue operations. Finally, a post-disaster has been employed as a test to validate the functionality of the entire system and to demonstrate its capacity to adapt to various victim positions, its measurement speed, and its safety for victims."
A2,Robotic endoscopic search / navigation,机器人内镜搜索 / 导航,1995,full year,Computerized detection of lumen boundary in robotic colonoscopy for medical diagnosis,,,OpenAlex,W2290437446,https://openalex.org/W2290437446,1995-01-01,dissertation,DR-NTU (Nanyang Technological University),Previously screened title-explicit set,513,"A Colonoscope is an endoscopic instrument used by physicians to view the inside of the colon for diagnosing possible colonic diseases. In difficult cases of diagnostic colonoscopy, the tip of the endoscope may not be properly maneuverable and controllable. This could result in a painful situation for the patient and perforations in intestinal wall may occur, leading to undesirable consequences. A new method is being considered to provide assistance in solving such problems by employing an intelligent computer vision system in colonoscopy, thus enabling automatic identification of the lumen contour and deciding on the direction to proceed. This approach will provide visual feedback and guidance to the endoscopist, forming the basis for the new method of computerized lumen boundary detection from colonoscopic images. Moreover, estimating the properties of lumen by analyzing the colonoscopic images would help in the identification of lesions and abnormal tissues at an early stage."
A2,Robotic endoscopic search / navigation,机器人内镜搜索 / 导航,2002,full year,A NOVEL MINIATURE ROBOTIC ENDOSCOPE DESIGN FOR INTESTINAL INSPECTIN BASED ON EARTHWORM,,,OpenAlex,W2375152638,https://openalex.org/W2375152638,2002-01-01,article,Robot,Previously screened title-explicit set,519,"As a part of MIS (Minimally Invasive Surgery), endoscope plays an important role in the field of diagnosis and treatment. To combine a miniature robot with an endoscope is a new dimension in the field of medical robotics in recent years. Overcoming the shortcomings of the traditional endoscope, robotic endoscope applies new materials and technologies to the design of endoscope and booms the development of new type of endoscope. This paper compares the traditional endoscope system with robotic endoscope system and discusses the human intestine working conditions for the robotic endoscope system in detail. The design requirements of the robotic endoscope system are put forward. An earthworm based robotic endoscope system is introduced and the structure and locomotion mechanism analyzed in detail. Though the running of robot is good, there are still some problems, such as heat generation and locomotion mechanism on the inner intestinal surface, which need to be solved."
A2,Robotic endoscopic search / navigation,机器人内镜搜索 / 导航,2002,full year,[A novel miniature robotic endoscope design for intestinal inspection].,,16104301.0,Europe PMC; OpenAlex,W2387892583; MED:16104301,https://openalex.org/W2387892583,2002-03-01,article,PubMed,Previously screened title-explicit set,521,"This paper makes a comparison between the traditional endoscope system and the active robotic endoscope system, discusses the human intestine-working conditions of the robotic endoscope system in detail and its design requirements. An active robotic endoscope system based on earthworn-locomotion principles is proposed here and besides, its structure and locomotion mechanism are analyzed. A new method of human intestinal intervention is brought out and it can prevent the robotic endoscope guided by a cone-shaped guide pipe from being jammed or damaged."
A2,Robotic endoscopic search / navigation,机器人内镜搜索 / 导航,2003,full year,Development of a laboratory phantom and study of a novel locomotion technique for robotic colonoscopy,,,OpenAlex,W2258334639,https://openalex.org/W2258334639,2003-01-01,dissertation,DR-NTU (Nanyang Technological University),Previously screened title-explicit set,523,This thesis encompasses the development of a laboratory phantom and study of a novel locomotion technique for robotic colonoscopy.
A2,Robotic endoscopic search / navigation,机器人内镜搜索 / 导航,2004,full year,A micro creeping robot for colonoscopy based on the earthworm,10.1080/03091900410001662341,15764374.0,Europe PMC; OpenAlex,MED:15764374; W2037244693,https://doi.org/10.1080/03091900410001662341,2004-08-12,article,Journal of Medical Engineering & Technology,Previously screened title-explicit set,527,"Minimally Invasive Surgery (MIS) has become one of the most important research areas in the field of medical engineering. Robotic colonoscopy is a typical medical procedure that complies with the requirements of MIS. In this paper, a new novel miniature robot for intestinal inspection based on the earthworm is described; its diameter and length are 7.5 mm and 120 mm respectively. The micro robot is driven by a DC motor which has good performance and sufficient power. In this paper the structure and locomotion mechanism of this robot are introduced; the mechanical model is built; and simulation is carried out. The control system and software design are also discussed in detail. Some actuating characteristic experiments have been performed, where the micro robot creeps in declining rubber tubes. The experimental results are in accord with simulation results, and show that this kind of robot can move reliably in horizontal and certain declining tubes. This research has laid a foundation for the application of the miniature robot endoscope."
A2,Robotic endoscopic search / navigation,机器人内镜搜索 / 导航,2006,full year,Locomotion techniques for robotic colonoscopy,10.1109/memb.2006.1636351,16764431.0,Europe PMC; OpenAlex,W2157564578; MED:16764431,https://doi.org/10.1109/memb.2006.1636351,2006-05-01,article,IEEE Engineering in Medicine and Biology Magazine,Previously screened title-explicit set,535,"Colonoscopy has become a routine procedure in many hospitals all over the world for colon cancer diagnosis. This review article discusses the work done by researchers in the quest to automate the colonoscopy procedure. In vitro and in vivo experimentation have been carried out to prove the possibilities of a robot crawling along a patient's colon, treating polyps as they are encountered. Locomotion is an essential part of robotic colonoscopy. The robot must be able to propel itself from the anus right up to the cecum without damaging the colon walls. The challenge is to design a robust locomotion technique that is able to advance through the stretchable, slippery, and mobile colon, which is always in its collapsed stage, in three-dimensional orientation. The authors believe that in the future, conventional colonoscopy will be revolutionized, giving way to robotics to assist doctors in colonoscope manipulation and performing therapeutic procedures and leaving doctors to concentrate on the diagnostic aspect of the procedure, which would encourage mass screening as more patients can be evaluated per session."
A2,Robotic endoscopic search / navigation,机器人内镜搜索 / 导航,2008,full year,Sensor-based guidance control of a continuum robot for a semi-autonomous colonoscopy,10.1016/j.robot.2008.11.001,,OpenAlex,W1995166423,https://doi.org/10.1016/j.robot.2008.11.001,2008-11-26,article,Robotics and Autonomous Systems,Previously screened title-explicit set,545,
A2,Robotic endoscopic search / navigation,机器人内镜搜索 / 导航,2009,full year,"Functional Evaluation of the Endotics System, a New Disposable Self-Propelled Robotic Colonoscope: <i>in vitro</i> tests and clinical trial",10.1177/039139880903200806,19844894.0,Europe PMC; OpenAlex,W1884177653; MED:19844894,https://doi.org/10.1177/039139880903200806,2009-08-01,article,The International Journal of Artificial Organs,Previously screened title-explicit set,548,"<h4>Objective</h4>Currently, the best method for CRC screening is colonoscopy, which ideally (where possible) is performed under partial or deep sedation. This study aims to evaluate the efficacy of the Endotics System, a new robotic device composed of a workstation and a disposable probe, in performing accurate and well-tolerated colonoscopies. This new system could also be considered a precursor of other innovating vectors for atraumatic locomotion through natural orifices such as the bowel. The flexible probe adapts its shape to the complex contours of the colon, thereby exerting low strenuous forces during its movement. These novel characteristics allow for a painless and safe colonoscopy, thus eliminating all major associated risks such as infection, cardiopulmonary complications and colon perforation.<h4>Methods</h4>An experimental study was devised to investigate stress pattern differences between traditional and robotic colonoscopy, in which 40 enrolled patients underwent both robotic and standard colonoscopy within the same day.<h4>Results</h4>The stress pattern related to robotic colonoscopy was 90% lower than that of standard colonoscopy. Additionally, the robotic colonoscopy demonstrated a higher diagnostic accuracy, since, due to the lower insufflation rate, it was able to visualize small polyps and angiodysplasias not seen during the standard colonoscopy. All patients rated the robotic colonoscopy as virtually painless compared to the standard colonoscopy, ranking pain and discomfort as 0.9 and 1.1 respectively, on a scale of O to 10, versus 6.9 and 6.8 respectively for the standard device.<h4>Conclusions</h4>The new Endotics System demonstrates efficacy in the diagnosis of colonic pathologies using a procedure nearly completely devoid of pain. Therefore, this system can also be looked upon as the first step toward developing and implementing colonoscopy with atraumatic locomotion through the bowel while maintaining a high level of diagnostic accuracy;"
A2,Robotic endoscopic search / navigation,机器人内镜搜索 / 导航,2010,full year,APPARATUS FOR ROBOTIC COLONOSCOPY,,,Europe PMC,PAT:KR20100042185,,2008-10-15,,,Previously screened title-explicit set,551,
A2,Robotic endoscopic search / navigation,机器人内镜搜索 / 导航,2011,full year,An approach to the capsule endoscopic robot with active drive motion,10.1631/jzus.a1000141,,OpenAlex,W3139740984; W2109882223,https://doi.org/10.1631/jzus.a1000141,2011-03-01,article,Journal of Zhejiang University. Science A,Previously screened title-explicit set,558,"Commercialized capsule-type endoscopes move passively by peristaltic waves (and gravity), which makes it difficult for doctors to diagnose the areas of interest more thoroughly and actively. To resolve this problem of passivity, it is necessary to find a special locomotion principle, which fits the gastrointestinal (GI) tract. In this paper, a legged locomotive mechanism with shape memory alloy (SMA) actuation based on the peristaltic principle is proposed, and then the structure of the locomotion mechanism is introduced. Based on the preliminary results, the design, modeling, and fabrication of an SMA microactuation concept for application in an endoscopic capsule are given, as well as the SMA spring and legged component design, which is the core section of the system design. We used the pseudo-rigid-body model (PRBM) to analyze nonlinear and large deflections of the SMA legged component. Thus, a prototype endoscope with an SMA spring and six legged components was designed and fabricated. It is 15 mm in diameter and 33 mm in total length, with a hollow space to house other parts needed for endoscopy such as a camera, a radio frequency (RF) module, and sensors. During testing, the locomotive mechanism was effective in a plastic tube environment."
A2,Robotic endoscopic search / navigation,机器人内镜搜索 / 导航,2012,full year,Evaluation of Small Bowel Lumen Friction Forces for Applications in In vivo Robotic Capsule Endoscopy,,,OpenAlex,W10105201,https://openalex.org/W10105201,2012-01-01,article,Medical economics,Previously screened title-explicit set,567,"To optimize the design of a robotic capsule endoscope (RCE) capable of exploring and delivering targeted medical therapy to the gastrointestinal tract, it is necessary to quantify the mechanical properties of the aforementioned environment. This research aims to empirically determine a coefficient of friction (COF) between the small bowel lumen and several potential RCE materials and to study how the friction response varies with velocity and contact area along the length of the bowel, specifically when eliminating edge effects from the testing coupon (sled).\nTo obtain friction force measurements, a novel tribometer was designed and experiments were conducted to measure the friction on the small bowel lumen surface as a function of sled speed, material, contact area, presence of a leading edge and in situ versus in vitro conditions. The friction forces ranged from 0.001 N to 0.06 N under these conditions. A dry friction model was used to extract a COF from the measured forces and COF values ranged from 0.0004 to 0.05. The results show that the COF increases with increasing sled velocity. Contact between polydimethylsiloxane (PDMS) and the intestinal lumen yields a larger COF than that of stainless steel or polycarbonate. The COF does not demonstrate significant changes with pressure, but does respond to changes in contact area and weight, although the complexities of that relationship were not thoroughly investigated in this research. The results also indicate that by eliminating edge effects, the friction force between a stainless steel sled and the small bowel lumen surface is decreased. The average COF for in situ testing was found to be slightly lower than in vitro tests. These results can be incorporated into the design and control of an RCE to improve mobility within the gastrointestinal tract."
A2,Robotic endoscopic search / navigation,机器人内镜搜索 / 导航,2015,full year,Computerized three dimensional mapping and robotic maneuvering through the human large intestine trajectory with magnetic capsule endoscopy using reference tracking control,10.1055/s-0035-1551852,,OpenAlex,W2619995362,https://doi.org/10.1055/s-0035-1551852,2015-05-12,article,Zeitschrift für Gastroenterologie,Previously screened title-explicit set,577,"Introduction: Passive video capsule endoscopy is adequate for standard small-bowel examinations but cannot be properly used in larger cavity organs, such as stomach and large intestine. Mirocam Navy is a magnetic capsule system can be controlled by an outer magnetic unit which allows to maneuver the capsule inside the human intestinal tract. The aim of our present study was to improve and to automate the robotic maneuvering mechanism of the magnetic capsule, so that it could be moved to its appointed position and tilted by a given angle in our experimental colonic model. Methods: First we developed a three dimensional realistic plastic model of the human colon, produced with a 3D printer from data obtained from a CT colonography. This 3D printed plastic model of the large intestine was used in a robotics environment as a trajectory for the capsule to be led along by an automated algorithm. Prior to the examination a human operator is needed to attend capsule movements with the magnetic control device. Besides this, the main difficulty is the reduced accuracy, both in time and in position, which is due to manual control and data transmission, and therefore can result in a partial or complete lack of visibility of certain areas. Results: The actual capabilities were assessed with preliminary motion control tests on a conventional video capsule inside a human-sized plastic phantom. In our experiment the whole intestinal tract is monitored during a given trajectory, further on the capsule is expected to be able to examine selected regions in more detail, if needed. After the preliminary tests, which were accomplished in the developed system, it could be demonstrated that the system was capable of, as well as able to carry out certain commands including rotation by an arbitrary angle, linear movements and also the combination of these. Conclusions: Robotic control for magnetic steering of a Mirocam Navy capsule endoscope was demonstrated to be more precise and reliable than manual operation. Validation of the proposed robotic controlling system opens the way for automation of capsule endoscopy as is capable of following a previously determined three dimensional trajectory."
A2,Robotic endoscopic search / navigation,机器人内镜搜索 / 导航,2015,full year,"Intestinal Manometry Force Sensor for Robotic Capsule Endoscopy: An Acute, Multipatient In vivo Animal and Human Study",10.1109/tbme.2015.2479607,26394411.0,Europe PMC; OpenAlex,W2337857680; MED:26394411,https://doi.org/10.1109/tbme.2015.2479607,2015-09-18,article,IEEE Transactions on Biomedical Engineering,Previously screened title-explicit set,583,"<h4>Goal</h4>Development of a new medical device class generally termed robotic capsule endoscopes (RCE) is currently being pursued by multiple research groups. These maneuverable devices will allow minimally invasive diagnosis and treatment of intestinal pathologies. While the intraluminal pressures related to the migrating motor complex (MMC) are well understood, no previous study has measured the active contact forces exerted by the human small bowel wall on a solid, or near solid bolus such as an RCE. Understanding and quantifying the active contact force are critical for the advancement of RCE technology.<h4>Methods</h4>In this study, the authors develop a novel manometric contact force sensor for human studies and validate the feasibility of the design, sterilization method, and minimally invasive surgical procedure in a multianimal study, followed by a multihuman study.<h4>Results</h4>Four porcine tests of the sensor were conducted. The mean porcine myenteric contact force measured using the new sensor is 1.20 ± 0.08 N·cm<sup>-1</sup>. The mean myenteric contact force recorded for all five human test subjects is 0.18 ± 0.33 N·cm<sup>-1</sup>.<h4>Conclusion</h4>This study demonstrates the feasibility of operating an MMC force sensor in a live human with a minimally invasive surgical technique and presents force data necessary for RCE design.<h4>Significance</h4>This study represents the first known myenteric contact force measurements on a solid bolus in the human small intestine."
A2,Robotic endoscopic search / navigation,机器人内镜搜索 / 导航,2016,full year,"Development of a Robotic Colonoscopic Manipulation System, Using Haptic Feedback Algorithm",10.3349/ymj.2017.58.1.139,27873506.0,Europe PMC; OpenAlex,MED:27873506; W2553775536,https://doi.org/10.3349/ymj.2017.58.1.139,2016-11-17,article,Yonsei Medical Journal,Previously screened title-explicit set,587,"<h4>Purpose</h4>Colonoscopy is one of the most effective diagnostic and therapeutic tools for colorectal diseases. We aim to propose a master-slave robotic colonoscopy that is controllable in remote site using conventional colonoscopy.<h4>Materials and methods</h4>The master and slave robot were developed to use conventional flexible colonoscopy. The robotic colonoscopic procedure was performed using a colonoscope training model by one expert endoscopist and two unexperienced engineers. To provide the haptic sensation, the insertion force and the rotating torque were measured and sent to the master robot.<h4>Results</h4>A slave robot was developed to hold the colonoscopy and its knob, and perform insertion, rotation, and two tilting motions of colonoscope. A master robot was designed to teach motions of the slave robot. These measured force and torque were scaled down by one tenth to provide the operator with some reflection force and torque at the haptic device. The haptic sensation and feedback system was successful and helpful to feel the constrained force or torque in colon. The insertion time using robotic system decreased with repeated procedures.<h4>Conclusion</h4>This work proposed a robotic approach for colonoscopy using haptic feedback algorithm, and this robotic device would effectively perform colonoscopy with reduced burden and comparable safety for patients in remote site."
A2,Robotic endoscopic search / navigation,机器人内镜搜索 / 导航,2016,full year,Jacobian-Based Iterative Method for Magnetic Localization in Robotic Capsule Endoscopy,10.1109/tro.2016.2522433,27087799.0,Europe PMC; OpenAlex,MED:27087799; W2333051748,https://doi.org/10.1109/tro.2016.2522433,2016-03-10,article,IEEE Transactions on Robotics,Previously screened title-explicit set,589,"The purpose of this study is to validate a Jacobian-based iterative method for real-time localization of magnetically controlled endoscopic capsules. The proposed approach applies finite-element solutions to the magnetic field problem and least-squares interpolations to obtain closed-form and fast estimates of the magnetic field. By defining a closed-form expression for the Jacobian of the magnetic field relative to changes in the capsule pose, we are able to obtain an iterative localization at a faster computational time when compared with prior works, without suffering from the inaccuracies stemming from dipole assumptions. This new algorithm can be used in conjunction with an absolute localization technique that provides initialization values at a slower refresh rate. The proposed approach was assessed via simulation and experimental trials, adopting a wireless capsule equipped with a permanent magnet, six magnetic field sensors, and an inertial measurement unit. The overall refresh rate, including sensor data acquisition and wireless communication was 7 ms, thus enabling closed-loop control strategies for magnetic manipulation running faster than 100 Hz. The average localization error, expressed in cylindrical coordinates was below 7 mm in both the radial and axial components and 5$^\circ$ in the azimuthal component. The average error for the capsule orientation angles, obtained by fusing gyroscope and inclinometer measurements, was below 5$^\circ$."
A2,Robotic endoscopic search / navigation,机器人内镜搜索 / 导航,2016,full year,Quantitative assessment of colorectal morphology: Implications for robotic colonoscopy,10.1016/j.medengphy.2015.11.018,26762775.0,Europe PMC; OpenAlex,W2222811342; MED:26762775,https://doi.org/10.1016/j.medengphy.2015.11.018,2016-01-04,article,Medical Engineering & Physics,Previously screened title-explicit set,591,"This paper presents a method of characterizing the distribution of colorectal morphometrics. It uses three-dimensional region growing and topological thinning algorithms to determine and visualize the luminal volume and centreline of the colon, respectively. Total and segmental lengths, diameters, volumes, and tortuosity angles were then quantified. The effects of body orientations on these parameters were also examined. Variations in total length were predominately due to differences in the transverse colon and sigmoid segments, and did not significantly differ between body orientations. The diameter of the proximal colon was significantly larger than the distal colon, with the largest value at the ascending and cecum segments. The volume of the transverse colon was significantly the largest, while those of the descending colon and rectum were the smallest. The prone position showed a higher frequency of high angles and consequently found to be more torturous than the supine position. This study yielded a method for complete segmental measurements of healthy colorectal anatomy and its tortuosity. The transverse and sigmoid colons were the major determinant in tortuosity and morphometrics between body orientations. Quantitative understanding of these parameters may potentially help to facilitate colonoscopy techniques, accuracy of polyp spatial distribution detection, and design of novel endoscopic devices."
A2,Robotic endoscopic search / navigation,机器人内镜搜索 / 导航,2017,full year,A Non-Rigid Map Fusion-Based RGB-Depth SLAM Method for Endoscopic Capsule Robots,10.1007/s41315-017-0036-4,,arXiv,1705.05444v1,http://arxiv.org/abs/1705.05444v1,2017-05-15,preprint,arXiv [cs.CV],Previously screened title-explicit set,592,"In the gastrointestinal (GI) tract endoscopy field, ingestible wireless capsule endoscopy is considered as a minimally invasive novel diagnostic technology to inspect the entire GI tract and to diagnose various diseases and pathologies. Since the development of this technology, medical device companies and many groups have made significant progress to turn such passive capsule endoscopes into robotic active capsule endoscopes to achieve almost all functions of current active flexible endoscopes. However, the use of robotic capsule endoscopy still has some challenges. One such challenge is the precise localization of such active devices in 3D world, which is essential for a precise three-dimensional (3D) mapping of the inner organ. A reliable 3D map of the explored inner organ could assist the doctors to make more intuitive and correct diagnosis. In this paper, we propose to our knowledge for the first time in literature a visual simultaneous localization and mapping (SLAM) method specifically developed for endoscopic capsule robots. The proposed RGB-Depth SLAM method is capable of capturing comprehensive dense globally consistent surfel-based maps of the inner organs explored by an endoscopic capsule robot in real time. This is achieved by using dense frame-to-model camera tracking and windowed surfelbased fusion coupled with frequent model refinement through non-rigid surface deformations."
A2,Robotic endoscopic search / navigation,机器人内镜搜索 / 导航,2017,full year,A Novel Robotic Meshworm With Segment-Bending Anchoring for Colonoscopy,10.1109/lra.2017.2678540,,OpenAlex,W2594399172,https://doi.org/10.1109/lra.2017.2678540,2017-03-06,article,IEEE Robotics and Automation Letters,Previously screened title-explicit set,593,"This letter introduces the design and evaluation of a novel worm-inspired, multisegment robotic endoscope with multiple degrees of freedom segments. The novelty of this design is that the robot is able to drive forwards and backwards, anchor itself, steer while inside a tubular structure and control the orientation of an end-mounted camera all by bending its flexible segments. The mechanical design is shown and a sensing system based on Hall Effect sensors is incorporated. In a simulated colon, a top speed of 1.21 mm/s was achieved, equivalent to roughly 38% of the theoretical maximum. These results are discussed and further improvements are suggested, followed by general concluding remarks."
A2,Robotic endoscopic search / navigation,机器人内镜搜索 / 导航,2017,full year,A fully dense and globally consistent 3D map reconstruction approach for GI tract to enhance therapeutic relevance of the endoscopic capsule robot,10.48550/arxiv.1705.06524,,OpenAlex; arXiv,W2616326146; 1705.06524v1,https://doi.org/10.48550/arxiv.1705.06524,2017-05-18,preprint,arXiv (Cornell University),Previously screened title-explicit set,594,"In the gastrointestinal (GI) tract endoscopy field, ingestible wireless capsule endoscopy is emerging as a novel, minimally invasive diagnostic technology for inspection of the GI tract and diagnosis of a wide range of diseases and pathologies. Since the development of this technology, medical device companies and many research groups have made substantial progress in converting passive capsule endoscopes to robotic active capsule endoscopes with most of the functionality of current active flexible endoscopes. However, robotic capsule endoscopy still has some challenges. In particular, the use of such devices to generate a precise three-dimensional (3D) mapping of the entire inner organ remains an unsolved problem. Such global 3D maps of inner organs would help doctors to detect the location and size of diseased areas more accurately and intuitively, thus permitting more reliable diagnoses. To our knowledge, this paper presents the first complete pipeline for a complete 3D visual map reconstruction of the stomach. The proposed pipeline is modular and includes a preprocessing module, an image registration module, and a final shape-from-shading-based 3D reconstruction module; the 3D map is primarily generated by a combination of image stitching and shape-from-shading techniques, and is updated in a frame-by-frame iterative fashion via capsule motion inside the stomach. A comprehensive quantitative analysis of the proposed 3D reconstruction method is performed using an esophagus gastro duodenoscopy simulator, three different endoscopic cameras, and a 3D optical scanner."
A2,Robotic endoscopic search / navigation,机器人内镜搜索 / 导航,2017,full year,An innovative robotic platform for magnetically-driven painless colonoscopy,10.21037/atm.2017.09.15,,OpenAlex,W2767120573,https://doi.org/10.21037/atm.2017.09.15,2017-11-01,article,Annals of Translational Medicine,Previously screened title-explicit set,595,"Colorectal cancer (CRC) represents a significant medical threat with a dramatic impact on the healthcare system with around 1.3 million patients worldwide, causing more than 700 thousand deaths annually. A key-aspect to successful and cost-effective disease management is represented by the early detection of CRC at asymptomatic stage. For this reason, population screening is highly recommended for patients older than 50 years or at high risk for familiarity. Currently, the standard endoscopic techniques do not meet this need. In recent years, innovative endoscopic robotic techniques and active locomotion devices have been developed as alternatives to conventional colonoscopy. The magnetically-driven robotic platform, presented by the authors, is conceived to perform less invasive and more comfortable colonoscopy with the aim to promote screening campaigns for detection of early colorectal neoplasm."
A2,Robotic endoscopic search / navigation,机器人内镜搜索 / 导航,2017,full year,"Design and preliminary evaluation of a self-steering, pneumatically driven colonoscopy robot",10.1080/03091902.2016.1275853,28122477.0,Europe PMC; OpenAlex,MED:28122477; W2582509576,https://doi.org/10.1080/03091902.2016.1275853,2017-01-26,article,Journal of Medical Engineering & Technology,Previously screened title-explicit set,597,"Colonoscopy is a diagnostic procedure to detect pre-cancerous polyps and tumours in the colon, and is performed by inserting a long tube equipped with a camera and biopsy tools. Despite the medical benefits, patients undergoing this procedure often complain about the associated pain and discomfort. This discomfort is mostly due to the rough handling of the tube and the creation of loops during the insertion. The overall goal of this work is to minimise the invasiveness of traditional colonoscopy. In pursuit of this goal, this work presents the development of a semi-autonomous colonoscopic robot with minimally invasive locomotion. The proposed robotic approach allows physicians to concentrate mainly on the diagnosis rather than the mechanics of the procedure. In this paper, an innovative locomotion approach for robotic colonoscopy is addressed. Our locomotion approach takes advantage of longitudinal expansion of a latex tube to propel the robot's tip along the colon. This soft and compliant propulsion mechanism, in contrast to minimally invasive mechanisms used in, for example, inchworm-like robots, has shown promising potential. In the preliminary ex vivo experiments, the robot successfully advanced 1.5 metres inside an excised curvilinear porcine colon with average speed of 28 mm/s, and was capable of traversing bends up to 150 degrees. The robot creates less than 6 N of normal force at its tip when it is pressurised with 90 kPa. This maximum force generates pressure of 44.17 mmHg at the tip, which is significantly lower than safe intraluminal human colonic pressure of 80 mmHg. The robot design inherently prevents loop formation in the colon, which is recognised as the main cause of post procedural pain in patients. Overall, the robot has shown great promise in an ex vivo experimental setup. The design of an autonomous control system and in vivo experiments are left as future work."
A2,Robotic endoscopic search / navigation,机器人内镜搜索 / 导航,2017,full year,Full-driving soft robotic colonoscope in compliant colon tissue,10.1080/03091902.2017.1394387,29117761.0,Europe PMC; OpenAlex,W2767906291; MED:29117761,https://doi.org/10.1080/03091902.2017.1394387,2017-11-09,article,Journal of Medical Engineering & Technology,Previously screened title-explicit set,599,"Robotic colonoscopy is an efficient examination method for finding malignant tumour in its early stage. This research developed a novel robotic endoscope with 13 mm diameter, 105 mm length and 22.3 g weight. A contact biomechanical model is proposed to increase the locomotion safety and efficiency in the soft tissue. The model shows that the friction difference between the robot and the tissue is a key factor to locomotion capability. A soft, full bellow with excellent compatibility was designed to package the robot body. The bellow increased the static friction and decreased the kinetic friction given the change in the contact state. The bellow is divided into three segments. Each segment is composed of a linear locomotor with micromotor, turbine-worm and wire wrapping-sliding mechanism. The robot is tested in in vivo pig colon, which revealed an excellent locomotion capability and safety in soft tissues."
A2,Robotic endoscopic search / navigation,机器人内镜搜索 / 导航,2017,full year,Sparse-then-dense alignment-based 3D map reconstruction method for endoscopic capsule robots,10.1007/s00138-017-0905-8,,OpenAlex; arXiv,W2751326577; 1708.09740v1,https://doi.org/10.1007/s00138-017-0905-8,2017-08-29,article,Machine Vision and Applications,Previously screened title-explicit set,601,"Since the development of capsule endoscopcy technology, substantial progress were made in converting passive capsule endoscopes to robotic active capsule endoscopes which can be controlled by the doctor. However, robotic capsule endoscopy still has some challenges. In particular, the use of such devices to generate a precise and globally consistent three-dimensional (3D) map of the entire inner organ remains an unsolved problem. Such global 3D maps of inner organs would help doctors to detect the location and size of diseased areas more accurately, precisely, and intuitively, thus permitting more accurate and intuitive diagnoses. The proposed 3D reconstruction system is built in a modular fashion including preprocessing, frame stitching, and shading-based 3D reconstruction modules. We propose an efficient scheme to automatically select the key frames out of the huge quantity of raw endoscopic images. Together with a bundle fusion approach that aligns all the selected key frames jointly in a globally consistent way, a significant improvement of the mosaic and 3D map accuracy was reached. To the best of our knowledge, this framework is the first complete pipeline for an endoscopic capsule robot based 3D map reconstruction containing all of the necessary steps for a reliable and accurate endoscopic 3D map. For the qualitative evaluations, a real pig stomach is employed. Moreover, for the first time in literature, a detailed and comprehensive quantitative analysis of each proposed pipeline modules is performed using a non-rigid esophagus gastro duodenoscopy simulator, four different endoscopic cameras, a magnetically activated soft capsule robot (MASCE), a sub-millimeter precise optical motion tracker and a fine-scale 3D optical scanner."
A2,Robotic endoscopic search / navigation,机器人内镜搜索 / 导航,2017,full year,Use of robotic colonoscopy in patients with previous incomplete colonoscopy.,,28272700.0,Europe PMC; OpenAlex,W2990419766; MED:28272700,https://openalex.org/W2990419766,2017-02-01,article,PubMed,Previously screened title-explicit set,603,"<h4>Objective</h4>Conventional colonoscopy (CC) is the gold standard to diagnostic and therapeutic approach to colon. However, in few cases, cecal intubation could fail due to colon anatomy, patient compliance and physician expertise. Endotics robotic colonoscopy is a novel, safe, mini-invasive modality to explore the entire colon. Our aim was to assess, in a retrospective study, Endotics ability of cecal intubation in all cases in which CC failed.<h4>Patients and methods</h4>Between January 2008 and December 2012, 276 Endotics robotic colonscopy examinations were performed at the Gastroenterology and Metabolic Diseases Unit of Pisa University Hospital, Pisa, Italy, in a series of consecutive patients who had undergone CC and failed cecal intubation.<h4>Results</h4>We assessed the cecal intubation rate in 102 patients addressed to Endotics after previous incomplete CC. Overall, endotics system was successful in 93.1% of the incomplete conventional colonoscopy cases (95% performance).<h4>Conclusions</h4>Whenever the intended exploration of the entire colon with CC failed, the endotics robotic endoscopy represented a useful tool as it helped examine the entire colon in almost all cases."
A2,Robotic endoscopic search / navigation,机器人内镜搜索 / 导航,2018,full year,Magnetic-Visual Sensor Fusion-based Dense 3D Reconstruction and Localization for Endoscopic Capsule Robots,,,arXiv,1803.01048v1,http://arxiv.org/abs/1803.01048v1,2018-03-02,preprint,arXiv [cs.RO],Previously screened title-explicit set,607,"Reliable and real-time 3D reconstruction and localization functionality is a crucial prerequisite for the navigation of actively controlled capsule endoscopic robots as an emerging, minimally invasive diagnostic and therapeutic technology for use in the gastrointestinal (GI) tract. In this study, we propose a fully dense, non-rigidly deformable, strictly real-time, intraoperative map fusion approach for actively controlled endoscopic capsule robot applications which combines magnetic and vision-based localization, with non-rigid deformations based frame-to-model map fusion. The performance of the proposed method is demonstrated using four different ex-vivo porcine stomach models. Across different trajectories of varying speed and complexity, and four different endoscopic cameras, the root mean square surface reconstruction errors 1.58 to 2.17 cm."
A2,Robotic endoscopic search / navigation,机器人内镜搜索 / 导航,2019,full year,Accuracy of a Robotic Endoscopic System in Cadaver Models with Simulated Tumor Targets: ACCESS Study,10.1159/000504181,,OpenAlex,W2992341656,https://doi.org/10.1159/000504181,2019-12-05,article,Respiration,Previously screened title-explicit set,614,"BACKGROUND: Bronchoscopy for the diagnosis of peripheral pulmonary lesions continues to present clinical challenges, despite increasing experience using newer guided techniques. Robotic bronchoscopic platforms have been developed to potentially improve diagnostic yields. Previous studies in cadaver models have demonstrated increased reach into the lung periphery using robotic systems compared to similarly sized conventional bronchoscopes, although the clinical impact of additional reach is unclear. OBJECTIVES: This study was performed to evaluate the performance of a robotic bronchoscopic system's ability to reach and access artificial tumor targets simulating peripheral nodules in human cadaveric lungs. METHODS: Artificial tumor targets sized 10-30 mm in axial diameter were implanted into 8 human cadavers. CT scans were performed prior to procedures and all cadavers were intubated and mechanically ventilated. Electromagnetic navigation, radial probe endobronchial ultrasound, and fluoroscopy were used for all procedures. Robotic-assisted bronchoscopy was performed on each cadaver by an individual bronchoscopist to localize and biopsy peripheral lesions. RESULTS: Sixty-seven nodules were evaluated in 8 cadavers. The mean nodule size was 20.4 mm. The overall diagnostic yield was 65/67 (97%) and there was no statistical difference in diagnostic yield for lesions <20 mm compared with lesions measuring 21-30 mm, the presence of a concentric or eccentric radial ultrasound image, or relative distance from the pleura. CONCLUSIONS: The robotic bronchoscopic system was successful at biopsying 97% of peripheral pulmonary lesions 10-30 mm in size in human cadavers. These findings support further exploration of this technology in prospective clinical trials in live human subjects."
A2,Robotic endoscopic search / navigation,机器人内镜搜索 / 导航,2019,full year,Assessment of technical parameters and skills training to inform a simulation-based training program for semi-automated robotic colonoscopy,10.1055/a-0774-4554,30648134.0,Europe PMC; OpenAlex,W2908229120; MED:30648134,https://doi.org/10.1055/a-0774-4554,2019-01-01,article,Endoscopy International Open,Previously screened title-explicit set,615,"<b>Background and study aims</b>  Video-colonoscopy, despite being the gold-standard for diagnosis of colorectal lesions, has limitations including patient discomfort and risk of complications. This study assessed training characteristics and acceptability in operators of a new robotic colonoscope (RC). <b>Materials and methods</b>  Participants (n = 9) with varying degrees of skill and background knowledge in colonoscopy performed colonoscopies with a RC on a simulation-based training model. Quantitative procedure-related and qualitative operator-related parameters were recorded. <b>Results</b>  Polyp detection rate was highest in the novice group (91.67 %) followed by experts (86.11 %), then equally, trainees and video gamers (79.17 %). Four participants repeated the procedure at a follow-up session. Each participant improved cecal intubation time and had the same or higher polyp detection rate. The potential role for RC was identified for an out-of-hospital environment and as a novel diagnostic tool. <b>Conclusions</b>  Results from this pilot suggest that operators at all skill levels found the RC acceptable and potentially useful as a diagnostic tool. Acquisition of skills with RC seems to improve rapidly to a clinically relevant level with simulation-based training."
A2,Robotic endoscopic search / navigation,机器人内镜搜索 / 导航,2019,full year,Clinical research on magnetically controlled capsule endoscopy in early diagnosis of small bowel Crohn′s disease,10.3877/cma.j.issn.2095-7157.2019.01.002,,OpenAlex,W3031884082,https://doi.org/10.3877/cma.j.issn.2095-7157.2019.01.002,2019-02-15,article,,Previously screened title-explicit set,618,"Objective
To investigate the clinical value of magnetic capsule endoscopy in early diagnosis of small intestinal Crohn′s disease.


Methods
203 patients with high risk of small intestinal Crohn′s disease were examined by magnetic capsule endoscopy. The patients were divided into three groups according to the results of magnetic capsule endoscopy with De Bona′s criteria.


Results
17 cases in group A met the diagnostic criteria, 87 cases in group B met the suspicious criteria, and 7 cases were diagnosed as Crohn′s disease after 1-2 years follow-up; 67 cases in group C were diagnosed as non-specific enteritis.The inflammatory indexes of group B and group C were statistically significant before and after treatment, suggesting the treatment is effective.


Conclusions
Magnetic capsule endoscopy has certain clinical value in the early diagnosis of small intestinal Crohn′s disease, consequently, it is beneficial to the early treatment and the prognosis of the disease.


Key words: 
Small intestinal Crohn′s disease; Magnetically controlled capsule endoscopy; Early diagnosis"
A2,Robotic endoscopic search / navigation,机器人内镜搜索 / 导航,2019,full year,Esophageal and Gastric Diseases With Robotically Controlled Magnetic Capsule Endoscopy,10.31525/ct1-nct04068480,,OpenAlex,W4241780282,https://doi.org/10.31525/ct1-nct04068480,2019-08-26,article,Case Medical Research,Previously screened title-explicit set,620,
A2,Robotic endoscopic search / navigation,机器人内镜搜索 / 导航,2019,full year,Feasibility Study of a Novel Single Use Robotic Colonoscopy System,10.31525/ct1-nct03979690,,OpenAlex,W4243596183,https://doi.org/10.31525/ct1-nct03979690,2019-06-07,article,Case Medical Research,Previously screened title-explicit set,621,
A2,Robotic endoscopic search / navigation,机器人内镜搜索 / 导航,2019,full year,"MULTICENTER, PROSPECTIVE PILOT AND FEASIBILITY STUDY OF ROBOTIC-ASSISTED BRONCHOSCOPY FOR PERIPHERAL PULMONARY LESIONS",10.1016/j.chest.2019.08.313,,OpenAlex,W2971201359,https://doi.org/10.1016/j.chest.2019.08.313,2019-10-01,article,CHEST Journal,Previously screened title-explicit set,622,
A2,Robotic endoscopic search / navigation,机器人内镜搜索 / 导航,2020,full year,A novel robotic colonoscopy system integrating feeding and steering mechanisms with self-propelled paddling locomotion: A pilot study,10.1016/j.mechatronics.2020.102478,,OpenAlex,W3111385792,https://doi.org/10.1016/j.mechatronics.2020.102478,2020-12-18,article,Mechatronics,Previously screened title-explicit set,630,
A2,Robotic endoscopic search / navigation,机器人内镜搜索 / 导航,2020,full year,Enabling Autonomous Colonoscopy Intervention Using a Robotic Endoscope Platform,10.1109/tbme.2020.3043388,33296299.0,Europe PMC; OpenAlex,MED:33296299; W3111063888,https://doi.org/10.1109/tbme.2020.3043388,2020-12-10,article,IEEE Transactions on Biomedical Engineering,Previously screened title-explicit set,634,"<h4>Objective</h4>Robotic endoscopes have the potential to dramatically improve endoscopy procedures, however current attempts remain limited due to mobility and sensing challenges and have yet to offer the full capabilities of traditional tools. Endoscopic intervention (e.g., biopsy) for robotic systems remains an understudied problem and must be addressed prior to clinical adoption. This paper presents an autonomous intervention technique onboard a Robotic Endoscope Platform (REP) using endoscopy forceps, an auto-feeding mechanism, and positional feedback.<h4>Methods</h4>A workspace model is established for estimating tool position while a Structure from Motion (SfM) approach is used for target-polyp position estimation with the onboard camera and positional sensor. Utilizing this data, a visual system for controlling the REP position and forceps extension is developed and tested within multiple anatomical environments.<h4>Results</h4>The workspace model demonstrates accuracy of 5.5% while the target-polyp estimates are within 5 mm of absolute error. This successful experiment requires only 15 seconds once the polyp has been located, with a success rate of 43% using a 1 cm polyp, 67% for a 2 cm polyp, and 81% for a 3 cm polyp.<h4>Conclusion</h4>Workspace modeling and visual sensing techniques allow for autonomous endoscopic intervention and demonstrate the potential for similar strategies to be used onboard mobile robotic endoscopic devices.<h4>Significance</h4>To the authors' knowledge this is the first attempt at automating the task of colonoscopy intervention onboard a mobile robot. While the REP is not sized for actual procedures, these techniques are translatable to devices suitable for in vivo application."
A2,Robotic endoscopic search / navigation,机器人内镜搜索 / 导航,2020,full year,Multiplanar <scp>3D</scp> fluoroscopy redefines tool–lesion relationship during robotic‐assisted bronchoscopy,10.1111/resp.13966,,OpenAlex,W3095706003,https://doi.org/10.1111/resp.13966,2020-11-02,article,Respirology,Previously screened title-explicit set,637,Visual Abstract: Multiplanar 3D fluoroscopy redefines tool-lesion relationship during robotic-assisted bronchoscopy. Please note: The publisher is not responsible for the content or functionality of any supporting information supplied by the authors. Any queries (other than missing content) should be directed to the corresponding author for the article.
A2,Robotic endoscopic search / navigation,机器人内镜搜索 / 导航,2020,full year,RARE CASE OF PULMONARY SPINDLE CELL SARCOMA DIAGNOSED WITH ROBOTIC ASSISTED BRONCHOSCOPY,10.1016/j.chest.2020.08.1364,,OpenAlex,W3093236166,https://doi.org/10.1016/j.chest.2020.08.1364,2020-10-01,article,CHEST Journal,Previously screened title-explicit set,639,
A2,Robotic endoscopic search / navigation,机器人内镜搜索 / 导航,2020,full year,Robotic Colonoscopy: Comparative Analysis of Costs Compared to Painless Conventional Colonoscopy,10.21203/rs.3.rs-104356/v1,,Europe PMC; OpenAlex,PPR:PPR237296; W4235069295,https://doi.org/10.21203/rs.3.rs-104356/v1,2020-11-12,preprint,Research Square,Previously screened title-explicit set,642,"<title>Abstract</title>  <p>BackgroundAmong the various causes of death, colorectal carcinoma represents the second highest cause in frequency both in men and in women. A colorectal cancer is diagnosed every 3.5 minutes and a person dies of colorectal cancer every 9 minutes. In 2018, in Italy were recorded around 51.000 new cases, with a mortality rate of over 18.000 deaths. There is clear evidence demonstrating that the identification and treatment of cancer at an early stage positively influence the reduction in mortality. Colonoscopy is the most effective technique used to identify and remove polyps, thus avoiding the costs related to surgical treatment and hospitalization.The purpose of this study is to evaluate the costs of the system Endotics for robotic colonoscopy as an alternative to conventional diagnostic colonoscopy performed under anaesthesia at the University Hospital of Pisa.MethodsThe cost analysis was developed according to the Budget Impact Analysis method application, an essential and complementary part of the Health Technology Assessment evaluation, which has the main purpose of assessing the financial sustainability of new health technology, estimating the consequences of its use and diffusion in a specific context characterized by the limited availability of resources. The observation period covered a time interval of 3 months, during which an average of 43 colonoscopic procedures per day was performed and mapped and a total of 23 colonoscopes were used. ResultsOverall, the work done has allowed identifying the cost of a conventional painless diagnostic colonoscopy performed in our institution which amounts to € 426.25. The valuation of the costs of the robotic colonoscopy amounted overall to € 441.25.ConclusionsThe ideal procedure to diagnose a colon disease should be safe, well-tolerated, possibly non-invasive, with high diagnostic accuracy and, not least, cost-effectiveness. The results of this study suggest that in the University Hospital of Pisa the costs related to robotic colonoscopy performed with the Endotics system are superimposable to those of conventional painless colonoscopy, reducing the overall risk associated with the colonoscopic procedure maintaining a high diagnostic accuracy with a greater tolerability by the patient, thus pushing the colonoscopy towards “the ideal procedure”.</p>"
A2,Robotic endoscopic search / navigation,机器人内镜搜索 / 导航,2020,full year,Robotic colonoscopy in a case of severe dolichocolon and the first case of robotic ileoscopy,10.1007/s10151-020-02205-w,32248364.0,Europe PMC; OpenAlex,MED:32248364; W3014764971,https://doi.org/10.1007/s10151-020-02205-w,2020-04-04,article,Techniques in Coloproctology,Previously screened title-explicit set,644,
A2,Robotic endoscopic search / navigation,机器人内镜搜索 / 导航,2020,full year,"Robotic colonoscopy: efficacy, tolerability and safety. Preliminary clinical results from a pilot study",10.1007/s00464-019-07332-6,31932942.0,Europe PMC; OpenAlex,MED:31932942; W2999956099,https://doi.org/10.1007/s00464-019-07332-6,2020-01-13,article,Surgical Endoscopy,Previously screened title-explicit set,645,"<h4>Background</h4>Robotic colonoscopy (RC) is a pneumatically-driven self-propelling platform (Endotics System®) able to investigate the colon, in order to reduce pain and discomfort.<h4>Aims</h4>(1) to describe the progress in gaining experience and skills of a trainee in RC; (2) to show the clinical outcomes of RC.<h4>Methods</h4>Pilot study. An experienced endoscopist started a training on RC whose progress was assessed comparing the results of 2 consecutive blocks of 27 (Group A) and 28 (Group B) procedures. CIR (Cecal Intubation Rate), CIT (Cecal Intubation Time) and Withdrawal Time (WT) were measured. Polyp Detection Rate (PDR), Adenoma Detection Rate (ADR) and Advanced Neoplasia Detection Rate (ANDR) were calculated. Possible adverse events were recorded. At the end of the procedure all patients completed a visual analog scale (VAS) to measure their perceived pain during RC and reported their willingness to repeat RC.<h4>Results</h4>General CIR was 92.7%, reaching 100% in Group B. Comparing the two groups, CIT significantly decreased from 55 to 22 min (p value 0.0007), whereas procedures with CIT ≤ 20 min increased (p value 0.037). WT significatively reduced from 21 to 16 min (p value 0.0186). PDR was 40% (males 62.5%, females 14.3%). ADR was 26.7% (males 27.5%, females 14.3%). Most of patients judged the procedure as mild or no distress, with high willingness-to-repeat the RC (92.7%).<h4>Conclusions</h4>Our results about RC are encouraging as preliminary experience, with clear individual learning progress, accurate diagnosis in a painless or comfortable procedure and with possibility to remove polypoid lesions. Studies with larger populations are needed to confirm obtained results."
A2,Robotic endoscopic search / navigation,机器人内镜搜索 / 导航,2020,full year,Robotic-Assisted Colonoscopy Platform with a Magnetically-Actuated Soft-Tethered Capsule,10.3390/cancers12092485,,OpenAlex,W3082262248,https://doi.org/10.3390/cancers12092485,2020-09-02,article,Cancers,Previously screened title-explicit set,647,"Background and Aims: Colorectal cancer (CRC) is a major cause of morbidity and mortality worldwide. Despite offering a prime paradigm for screening, CRC screening is often hampered by invasiveness. Endoo is a potentially painless colonoscopy method with an active locomotion tethered capsule offering diagnostic and therapeutic capabilities. Materials and Methods: The Endoo system comprises a soft-tethered capsule, which embeds a permanent magnet controlled by an external robot equipped with a second permanent magnet. Capsule navigation is achieved via closed-loop interaction between the two magnets. Ex-vivo tests were conducted by endoscopy experts and trainees to evaluate the basic key features, usability, and compliance in comparison with conventional colonoscopy (CC) in feasibility and pilot studies. Results: Endoo showed a 100% success rate in operating channel and target approach tests. Progression of the capsule was feasible and repeatable. The magnetic link was lost an average of 1.28 times per complete procedure but was restored in 100% of cases. The peak value of interaction forces was higher in the CC group than the Endoo group (4.12N vs. 1.17N). The cumulative interaction forces over time were higher in the CC group than the Endoo group between the splenic flexure and mid-transverse colon (16.53Ns vs. 1.67Ns, p &lt; 0.001), as well as between the hepatic flexure and cecum (28.77Ns vs. 2.47Ns, p = 0.005). The polyp detection rates were comparable between groups (9.1 ± 0.9% vs. 8.7 ± 0.9%, CC and Endoo respectively, per procedure). Robotic colonoscopies were completed in 67% of the procedures performed with Endoo (53% experts and 100% trainees). Conclusions: Endoo allows smoother navigation than CC and possesses comparable features. Although further research is needed, magnetic capsule colonoscopy demonstrated promising results compared to CC."
A2,Robotic endoscopic search / navigation,机器人内镜搜索 / 导航,2021,full year,Combining the Use of Robotic Bronchoscopy with Augmented Fluoroscopy to Diagnose Peripheral Pulmonary Lesions,,,OpenAlex,W3174680195,https://openalex.org/W3174680195,2021-05-25,article,Clinics in Oncology,Previously screened title-explicit set,654,
A2,Robotic endoscopic search / navigation,机器人内镜搜索 / 导航,2021,full year,Early clinical adoption of a flexible robotic endoscope for local excision of rectal lesions,10.1093/bjs/znab193,34109388.0,Europe PMC; OpenAlex,W3167948710; MED:34109388,https://doi.org/10.1093/bjs/znab193,2021-05-04,article,British journal of surgery,Previously screened title-explicit set,656,"Dear Editor The (Medrobotics, Raynham, Massachusetts, USA) permits surgical manoeuvres in areas that are presently not reached by transanal endoscopic microsurgery (TEM). At the tip of the flexible robotic arm, a reusable high-definition three-dimensional digicam visualizes the operation of flexible 3.5 mm or 2 mm surgical tools, advanced through two channels on the facets at 3 and 9 o'clock. The authors report experience of 26 patients operated on with the Flex® Robotic System between October 2018 and February 2020. The indications for surgery were benign rectal lesions, or early rectal cancer judged unsuitable for endoscopic removal, within 20 cm of the anal verge. In 14 cases the authors performed a full-thickness excision, in 12 patients submucosal dissection. General anaesthesia was used in this series, although selected procedures may carried out under spinal anaesthesia1. In cases where endoscopic submucosal dissection was intended, the mucosal incision was carried out after submucosal injection of saline and methylene blue. Under counter traction with a grasper, submucosal dissection was performed with the use of a monopolar spatula, using blunt dissection just above the internal muscle layer. All full-thickness excisions and nine (75 per cent) of the submucosal dissections were closed with a double running suture with a V-Lock 3/0 90 15-cm long thread (Medtronic, Minneapolis, USA). The median operating time was 115 (range 45–360) minutes. In six cases (21 per cent), it was necessary to convert to standard TEO procedure (Karl Storz Endoskope GmbH, Tuttlingen, Germany): in two cases to complete the dissection, in four cases to complete suturing the defect. There was no 30-day mortality, while the morbidity rate was 12 per cent (3 of 26 patients). Two patients, both after a submucosal dissection, required blood transfusion for persistent bleeding. The median duration of hospital stay was 3 (range 1–10) days. The median surface area of the specimen removed was 17.5 (range 4–56) cm2. Histological examination reported an adenoma in 16 cases (62 per cent), a carcinoma in 8 (31 per cent), while in 2 patients (8 per cent) operated following incomplete endoscopic polypectomy showed no residual disease. Positive resection margins occurred in 15 per cent (4 of 26) patients. At a minimum follow-up of 12 months, two recurrences (2 of 26 patients) were observed. Debriefing meetings after each procedure allowed technology assessment leading to the modification, development and implementation of tools according to the clinical experience. These included the introduction of a bipolar Maryland and a change in design of the rectoscope into a less traumatic shape. Although the present series represents the authors’ early experience, with evolving developments of new features, they were able to resect superficial neoplasms successfully up to 8 cm in largest diameter, occupying up to half of the rectal circumference and extending up to 20 cm from the anal verge. This experience confirms that flexible robotic technologies show promise to facilitate difficult dissection inside the gastrointestinal lumen, however not all limitations of existing rigid platforms can be overcome2. Robotic endoscopic submucosal dissection can decrease technique time and increase complete resection rates3. Further improvements are needed to allow a surgical method primarily based on tissue manipulation, traction and counter traction. This study was supported by Ministero dell’Istruzione, dell’Università e della Ricerca (MIUR) under the programme ‘Dipartimenti di Eccellenza ex L.232/2016’ to the Dept. of Surgical Sciences, University of Torino, Italy. Disclosure. The authors declare no conflicts of interest."
A2,Robotic endoscopic search / navigation,机器人内镜搜索 / 导航,2021,full year,Hybrid 6-DoF Magnetic Localization for Robotic Capsule Endoscopes Compatible With High-Grade Magnetic Field Navigation,10.1109/access.2021.3136796,,OpenAlex,W4206801220,https://doi.org/10.1109/access.2021.3136796,2021-12-20,article,IEEE Access,Previously screened title-explicit set,659,"The paper proposes a hybrid 6 degrees of freedom localization system for endoscopic magnetic capsules, compatible with external high-grade permanent magnetic locomotion. The proposed localization system, which is able to provide an accurate estimation of the endoscopic capsule pose, finds application in the robotic endoscopy field to provide efficient closed-loop navigation of a magnetically-driven tethered capsule. It takes advantage of two optimization steps based on a triangulation approach,i.e.(1) mathematical approximations of the magnetic field, and (2) minimization of the magnetic field mean square deviation. The proposed localization system was tested in two differentin-vitroscenarios for mimicking the clinical cases that a magnetic capsule would encounter during tele-operated magnetic navigation. The development phase was preceded by an in-depth work-space analysis to lay the groundwork for the localization design and implementation. Results of the hybrid 6 degrees of freedom localization system show a significant accuracy in accordance with the state-of-the-art,i.e.about 5 mm in position and 5° in orientation, but introducing benefits in expanding the work-space by increasing the number of electromagnets onto the operating table, as an independent solution with respect to the external magnetic locomotion source."
A2,Robotic endoscopic search / navigation,机器人内镜搜索 / 导航,2021,full year,ROBOTIC BRONCHOSCOPY: OUR FIRST 100 NODULES,10.1016/j.chest.2021.07.1811,,OpenAlex,W3205255610,https://doi.org/10.1016/j.chest.2021.07.1811,2021-10-01,article,CHEST Journal,Previously screened title-explicit set,666,
A2,Robotic endoscopic search / navigation,机器人内镜搜索 / 导航,2021,full year,Robotic Bronchoscopy for Diagnosing Peripheral Lung Lesions,10.1016/j.chest.2021.04.075,34488987.0,Europe PMC; OpenAlex,W3197368064; MED:34488987,https://doi.org/10.1016/j.chest.2021.04.075,2021-09-01,article,CHEST Journal,Previously screened title-explicit set,667,
A2,Robotic endoscopic search / navigation,机器人内镜搜索 / 导航,2021,full year,Robotic Colonoscopy Endotics with Colon Wash: Two Performing Technologies in a Winning Combination,10.47690/wjghe.2021.3401,,OpenAlex,W3140739300,https://doi.org/10.47690/wjghe.2021.3401,2021-01-01,article,"World journal of gastroenterology, hepatology and endoscopy",Previously screened title-explicit set,668,
A2,Robotic endoscopic search / navigation,机器人内镜搜索 / 导航,2021,full year,Robotic autonomy for magnetic colonoscopy,,,Europe PMC,ETH:849913,,2021-01-01,,,Previously screened title-explicit set,669,"The body of work for this thesis is organised into 6 chapters. Chapter 2 provides an in-depth literature review of autonomy for robotic endoscopy, the main topic of research for this thesis. The main technical contributions of this thesis are then highlighted from Chapter 3 to Chapter 6. Chapter 7 then concludes by discussing the results and futures directions of this work. Chapter 2 - Autonomy in robotic endoscopy: This chapter contains an in-depth literature review on robotic autonomy for medical robotics, with the main focus being robotic endoscopy. The current state of endoscopy is introduced, as well as current clinical limitations that robotics aim to improve. The main research contributions in the field of robotic endoscopy are introduced and categorised by their methods of actuation, being either passively, mechanically, or magnetically actuated. This literature review follows and critiques a research trend of increased robotic intelligence, corresponding to concepts of increased ~levels of autonomy~ [17]. These levels define robotic research milestones, with each subsequent level aiming to improve the clinical viability of robotic endoscopy through increased usability and performance. Chapter 3 - ... (continues)"
A2,Robotic endoscopic search / navigation,机器人内镜搜索 / 导航,2021,full year,SHAPE-SENSING ROBOTIC ASSISTED BRONCHOSCOPY FOR THE DIAGNOSIS OF PERIPHERAL PULMONARY LESIONS,10.1016/j.chest.2021.07.1484,,OpenAlex,W3205821626,https://doi.org/10.1016/j.chest.2021.07.1484,2021-10-01,article,CHEST Journal,Previously screened title-explicit set,673,
A2,Robotic endoscopic search / navigation,机器人内镜搜索 / 导航,2021,full year,Shape-Sensing Robotic-Assisted Bronchoscopy in the Diagnosis of Pulmonary Parenchymal Lesions,10.1016/j.chest.2021.07.2169,,OpenAlex,W3188233649,https://doi.org/10.1016/j.chest.2021.07.2169,2021-08-09,article,CHEST Journal,Previously screened title-explicit set,674,
A2,Robotic endoscopic search / navigation,机器人内镜搜索 / 导航,2021,full year,THE COMBINATION OF SHAPE SENSING ROBOTIC BRONCHOSCOPY WITH MOBILE 3D IMAGING TO VERIFY TOOL-IN-LESION AND ASSESS DIVERGENCE,10.1016/j.chest.2021.08.032,,OpenAlex,W3207923163,https://doi.org/10.1016/j.chest.2021.08.032,2021-10-01,article,CHEST Journal,Previously screened title-explicit set,675,
A2,Robotic endoscopic search / navigation,机器人内镜搜索 / 导航,2021,full year,The Detective Value of Magnetically Controlled Robotic Capsule Endoscopy in Patients With Suspected Small Intestinal Disease,10.3389/fmed.2021.610563,34113626.0,Europe PMC; OpenAlex,MED:34113626; W3165614417,https://doi.org/10.3389/fmed.2021.610563,2021-05-25,article,Frontiers in Medicine,Previously screened title-explicit set,677,"<b>Objective:</b> To explore the detective value of magnetically controlled robotic capsule endoscopy (MCRCE) in patients with suspected small intestinal disease. <b>Patients and Methods:</b> In total, 1,802 patients with suspected small intestinal disease and negative gastroenteroscopy from Shanghai Jiao Tong University Affiliated Sixth People's Hospital were examined with MCRCE, and the data were collected for further analysis. <b>Results:</b> Among the 1,802 patients who were examined with MCRCE, 974 were diagnosed with small intestinal disease, reaching a positive detection rate of 54.1%. The five most common conditions that were detected include non-specific enteritis in 722 cases (40.1%), small intestinal ulcers in 87 cases (4.8%), abnormal small bowel evacuation in 45 cases (2.5%), small intestinal bleeding in 33 cases (1.8%), and small intestinal yellow spots in 31 cases (1.7%). The running time of the capsules in the small intestine ranged from 85-437 min, with an average of 210.24 ± 89.08 min. No complications, such as intestinal obstruction or capsule retention, were observed in all patients. <b>Conclusion:</b> MCRCE is a safe and non-invasive endoscopic examination with a highly accurate detection rate for small intestinal diseases."
A2,Robotic endoscopic search / navigation,机器人内镜搜索 / 导航,2021,full year,[Application of robotic-assisted bronchoscopy in the diagnosis of peripheral lung lesions].,10.3760/cma.j.cn112147-20210827-00596,,OpenAlex,W4200442935,https://doi.org/10.3760/cma.j.cn112147-20210827-00596,2021-12-12,article,PubMed,Previously screened title-explicit set,681,机器人支气管镜技术是近几年出现的一种新型外周支气管镜检查的引导工具。与传统细支气管镜相比，机器人支气管镜在灵活性上具有优势，能够进入更远端气道，并且具有更好的稳定性，有望进一步提高肺外周病变的诊断率。目前，机器人支气管镜系统已在国外上市，并且开始进入中国市场，国产机器人支气管镜系统也正在加紧研发过程中。为了使国内呼吸介入医生更好地了解这一技术，本文就机器人支气管镜系统的发展历程、系统构成、应用现状、存在问题及应用前景作一综述。.
A2,Robotic endoscopic search / navigation,机器人内镜搜索 / 导航,2022,full year,A Kinematic Modeling and Control Scheme for Different Robotic Endoscopes: A Rudimentary Research Prototype,10.1109/lra.2022.3186758,,OpenAlex,W4285983667,https://doi.org/10.1109/lra.2022.3186758,2022-06-27,article,IEEE Robotics and Automation Letters,Previously screened title-explicit set,683,"In image-guided robotic surgery, there exist different endoscopes coupled either with specialized surgical robots (SSRs) or general industrial robots (GIRs). In general, SSRs mechanically respect the remote-center-of-motion (RCM) constraints with directly and explicitly controllable degrees-of-freedom (DoFs), whereas GIRs meet the constraints at the algorithmic level in an implicit manner, with a loss of direct control of some RCM DoFs. Conventionally, different robotic endoscopes are treated as different monolithic systems. Then, kinematic models and control schemes are separately established to automate different robotic endoscopes. This means that a similar analysis must be followed for each system, which is tedious and time-consuming. This letter introduces a modular method to analyze the individual kinematics of the robotic holder, the endoscope shaft and the surgical endoscope with RCM constraints explicitly handled. For achieving automation, the integrated kinematics of a generic robotic endoscope is determined by combining the kinematics of the modular elements. Considering that cameras are intrinsically embedded sensors, a visual servo control scheme applicable to different robotic endoscopes is formulated to incorporate four explicit (virtual) DoFs characterizing the RCM constraints in the control law. Simulations and experiments performed using three different robotic endoscopes validate the effectiveness and practicality of the kinematic modeling and control scheme for automatic field-of-view adjustment."
A2,Robotic endoscopic search / navigation,机器人内镜搜索 / 导航,2022,full year,COMBINING REAL-TIME 3-D IMAGING AND AUGMENTED FLUOROSCOPY WITH ROBOTIC BRONCHOSCOPY FOR THE DIAGNOSIS OF PERIPHERAL LUNG NODULES,10.1016/j.chest.2022.08.1720,,OpenAlex,W4304146097,https://doi.org/10.1016/j.chest.2022.08.1720,2022-10-01,article,CHEST Journal,Previously screened title-explicit set,685,
A2,Robotic endoscopic search / navigation,机器人内镜搜索 / 导航,2022,full year,DIAGNOSTIC ACCURACY OF ROBOTIC-ASSISTED BRONCHOSCOPY USING SHAPE-SENSING TECHNOLOGY WITH CONE-BEAM CT IMAGING IN EVALUATION OF PULMONARY LESIONS: A RETROSPECTIVE REVIEW,10.1016/j.chest.2022.08.1365,,OpenAlex,W4303985105,https://doi.org/10.1016/j.chest.2022.08.1365,2022-10-01,article,CHEST Journal,Previously screened title-explicit set,688,
A2,Robotic endoscopic search / navigation,机器人内镜搜索 / 导航,2022,full year,Design and experimental investigation of a vibro-impact self-propelled capsule robot with orientation control,10.48550/arxiv.2202.11784,,OpenAlex; arXiv,W4292466666; 2202.11784v2,https://doi.org/10.48550/arxiv.2202.11784,2022-02-23,preprint,arXiv (Cornell University),Previously screened title-explicit set,690,"This paper presents a novel design and experimental investigation for a self-propelled capsule robot that can be used for painless colonoscopy during a retrograde progression from the patient's rectum. The steerable robot is driven forward and backward via its internal vibration and impact with orientation control by using an electromagnetic actuator. The actuator contains four sets of coils and a shaft made by permanent magnet. The shaft can be excited linearly in a controllable and tilted angle, so guide the progression orientation of the robot. Two control strategies are studied in this work and compared via simulation and experiment. Extensive results are presented to demonstrate the progression efficiency of the robot and its potential for robotic colonoscopy."
A2,Robotic endoscopic search / navigation,机器人内镜搜索 / 导航,2022,full year,Optimising the locomotion of a vibro-impact capsule robot self-propelling in the small intestine,10.1016/j.cnsns.2022.106696,,OpenAlex,W4283802683,https://doi.org/10.1016/j.cnsns.2022.106696,2022-07-04,article,Communications in Nonlinear Science and Numerical Simulation,Previously screened title-explicit set,700,"Circular fold is one of the biggest barriers for resisting endoscopic robots moving in the small intestine. Overcoming such a resistance force for progression during endoscopic procedure may significantly improve diagnostic efficiency. This paper studies the locomotion of a vibro-impact capsule robot self-propelled on a small intestine substrate when encounters various types of circular folds. A new capsule-fold model is developed to understand capsule-fold interaction and determine the optimum control parameters (the frequency and amplitude of excitation) for a successful crossing motion. Extensive bifurcation analyses show that the geometry and mechanical properties of the circular folds do not have a significant influence on capsule’s bifurcation patterns but affect its progression in terms of fold crossing. To this end, numerical studies using path-following techniques implemented via the software COCO are performed. In this way, parameter-dependent families of periodic solutions of the capsule-fold model are studied, and critical points are detected to allow to develop control strategies for the capsule motion, in particular in order to cross certain types of circular folds by suitably varying its control parameters."
A2,Robotic endoscopic search / navigation,机器人内镜搜索 / 导航,2022,full year,Panorama mapping of the colon – a phantom study with robotic endoscopy,10.1515/cdbme-2022-0029,,OpenAlex,W4288740036,https://doi.org/10.1515/cdbme-2022-0029,2022-07-01,article,Current Directions in Biomedical Engineering,Previously screened title-explicit set,702,"Abstract When documenting colonoscopic examinations, the challenge arises, that the exact location of the detected lesions (such as polyps) can usually only be determined with low precision. In order to improve the image-based documentation of such lesions with respect to their location and context, a system is currently investigated and developed, allowing the creation of a panoramic map of the interior of the colon’s lumen during an endoscopic examination. To evaluate the proposed algorithms, a 3D-printed colon phantom with known geometry has been developed. Furthermore, to obtain image sequences with precise and known motion during a simulated examination for test purposes, a robot was used to perform the insertion and withdrawal of the endoscope with constant speed and a steady viewing angle. The thus obtained image data is used to generate an ideal panoramic map using our the proposed stitching algorithm. Hence, it is possible to obtain reference maps of the phantom, which can be used to evaluate the quality of the algorithm."
A2,Robotic endoscopic search / navigation,机器人内镜搜索 / 导航,2022,full year,ROBOTIC-ASSISTED BRONCHOSCOPY: A POTENTIAL NEW TOOL FOR CAVITARY PULMONARY LESIONS,10.1016/j.chest.2022.08.1729,,OpenAlex,W4304146091,https://doi.org/10.1016/j.chest.2022.08.1729,2022-10-01,article,CHEST Journal,Previously screened title-explicit set,705,
A2,Robotic endoscopic search / navigation,机器人内镜搜索 / 导航,2022,full year,Robot-assisted magnetic capsule endoscopy; navigating colorectal inclinations,10.1080/13645706.2022.2032181,35112641.0,Europe PMC; OpenAlex,MED:35112641; W4212923236,https://doi.org/10.1080/13645706.2022.2032181,2022-02-03,article,Minimally Invasive Therapy & Allied Technologies,Previously screened title-explicit set,706,"<b>Purpose:</b> To investigate the interaction of a robot assisted magnetically driven wireless capsule endoscope (WCE) with colonic tissue, as it traverses the colorectal bends in the dorsal and ventral directions, relying only on the feedback from a 3D accelerometer. We also investigate the impact of shell geometry and water insufflation on WCE locomotion.<b>Methods:</b> A 3D printed incline phantom, lined with porcine colon, was used as the experimental platform, for controlled and repeatable results. The tilt angle of WCE was controlled to observe its influence on WCE locomotion. The phantom was placed underwater to observe the effects of water insufflation. The experiments were repeated using the two capsule shell geometries to observe the effect of shell geometry on WCE locomotion.<b>Results:</b> Friction between WCE and intestinal tissue increased when the tilt angle of the WCE was lower than the angle of the incline of the phantom. Increasing the WCE tilt angle to match the angle of the incline reduced this friction. Water insufflation and elliptical capsule shell geometry reduced the friction further.<b>Conclusion:</b> Tilting of the WCE equal to, or more than the angle of the incline improved the WCE locomotion. WCE locomotion was also improved by using elliptical capsule shell geometry and water insufflation.<b>Abbreviations:</b> CRC: colorectal cancer; GI: gastrointestinal; MRI: magnetic resonance imaging; WCE: wireless capsule endoscope."
A2,Robotic endoscopic search / navigation,机器人内镜搜索 / 导航,2022,full year,Robotic Assisted Bronchoscopy: The Ultimate Solution for Peripheral Pulmonary Nodules?,10.1159/000522516,,OpenAlex,W4220896157,https://doi.org/10.1159/000522516,2022-01-01,article,Respiration,Previously screened title-explicit set,707,Contains fulltext : 288325.pdf (Publisher’s version ) (Open Access)
A2,Robotic endoscopic search / navigation,机器人内镜搜索 / 导航,2022,full year,Robotic-assisted Bronchoscopy to Diagnose Malakoplakia,10.1097/lbr.0000000000000861,,OpenAlex,W4289522656,https://doi.org/10.1097/lbr.0000000000000861,2022-08-02,article,Journal of Bronchology & Interventional Pulmonology,Previously screened title-explicit set,710,"Kim, Jee H. MD; Sakata, Kenneth K. MD; Smith, Maxwell MD; Azadeh, Natalya MD, MPH Author Information"
A2,Robotic endoscopic search / navigation,机器人内镜搜索 / 导航,2022,full year,Robotic‐assisted bronchoscopy approaches for peripheral pulmonary lesions,10.1111/resp.14385,,OpenAlex,W4297459695,https://doi.org/10.1111/resp.14385,2022-09-27,article,Respirology,Previously screened title-explicit set,712,See related article
A2,Robotic endoscopic search / navigation,机器人内镜搜索 / 导航,2022,full year,Shape-Sensing Robotic-Assisted Bronchoscopy with Concurrent use of Radial Endobronchial Ultrasound and Cone Beam Computed Tomography in the Evaluation of Pulmonary Lesions,10.1007/s00408-022-00590-7,,OpenAlex,W4308834288,https://doi.org/10.1007/s00408-022-00590-7,2022-11-11,article,Lung,Previously screened title-explicit set,714,
A2,Robotic endoscopic search / navigation,机器人内镜搜索 / 导航,2022,full year,"Small-sized versus standard magnetic capsule endoscopy in adults: a two-center, double-blinded randomized controlled trial",10.1055/a-1881-4369,35820437.0,Europe PMC; OpenAlex,W4285093989; MED:35820437,https://doi.org/10.1055/a-1881-4369,2022-07-12,article,Endoscopy,Previously screened title-explicit set,715,"BACKGROUND : Certain patients experience difficulty swallowing a video capsule endoscopy (VCE) device owing to its relatively large size. The newly developed small-sized magnetically controlled capsule endoscopy (MCE) device is the smallest VCE device ever reported. We aimed to evaluate the performance of the small-sized MCE device in terms of ingestion and examination efficacy. METHODS : Patients in two centers were prospectively enrolled and randomized to the small-sized or standard MCE groups. Differences in capsule ingestion difficulties, visualization of the gastrointestinal tract, and capsule transit times were compared. RESULTS : 96 patients were enrolled (48 in each group). In the small-sized MCE group, the mean (SD) difficulty score and time to swallow the capsule, and success rate for swallowing the capsule at the first attempt were 0.6 (1.0), 3.4 (1.3) seconds, and 89.6 %, which was significant better compared with the standard MCE group with 3.1 (1.7), 12.0 (14.3) seconds and 60.4 %, respectively (all <i>P</i> < 0.001). Visualization of the esophagus, stomach, and small bowel were comparable between the two groups. The small-sized MCE group had a significantly shorter gastric transit time (49.4 minutes vs. 66.2 minutes; <i>P</i> = 0.04) and longer small-bowel transit time (5.8 hours vs. 5.0 hours; <i>P</i> = 0.045). CONCLUSIONS : The small-sized MCE device is feasible and safe for gastrointestinal examination, alleviating difficulties in capsule ingestion, improving gastric emptying under magnetic control, and prolonging the small-bowel transit time."
A2,Robotic endoscopic search / navigation,机器人内镜搜索 / 导航,2023,full year,A Framework for the Evaluation of Human Machine Interfaces of Robot-Assisted Colonoscopy,10.1109/tbme.2023.3301741,37535479.0,Europe PMC; OpenAlex,MED:37535479; W4385517352,https://doi.org/10.1109/tbme.2023.3301741,2023-08-03,article,IEEE Transactions on Biomedical Engineering,Previously screened title-explicit set,721,"The Human Machine Interface (HMI) of intraluminal robots has a crucial impact on the clinician's performance. It increases or decreases the difficulty of the tasks, and is connected to the users' physical and mental stress.<h4>Objective</h4>This article presents a framework to compare and evaluate different HMIs for robotic colonoscopy, with the objective of identifying the optimal HMI that minimises the clinician's effort and maximises the clinical outcomes.<h4>Methods</h4>The framework comprises a 1) a virtual simulator (clinically validated), 2) wearable sensors measuring the cognitive load, 3) a data collection unit of metrics correlated to the clinical performance, and 4) questionnaires exploring the users' impressions and perceived stress. The framework was tested with 42 clinicians investigating the optimal device for tele-operated control of robotic colonoscopes. Two control devices were selected and compared: a haptic serial-kinematic device and a standard videogame joypad.<h4>Results</h4>The haptic device was preferred by the endoscopists, but the joypad enabled better clinical performance and reduced cognitive and physical load.<h4>Conclusion</h4>The framework can be used to evaluate different aspects of a HMI, both hardware and software, and determine the optimal HMI that can reduce the burden on clinicians while improving the clinical outcome.<h4>Significance</h4>The findings of this study, and of future studies performed with this framework, can inform the design and development of HMIs for intraluminal robots, leading to improved clinical performance, reduced physical and mental stress for clinicians, and ultimately better patient outcomes."
A2,Robotic endoscopic search / navigation,机器人内镜搜索 / 导航,2023,full year,A RARE CASE OF ASPERGILLUS NODULE IN IMMUNOCOMPETENT HOST DIAGNOSED WITH ROBOT-ASSISTED BRONCHOSCOPY,10.1016/j.chest.2023.07.763,,OpenAlex,W4387254564,https://doi.org/10.1016/j.chest.2023.07.763,2023-10-01,article,CHEST Journal,Previously screened title-explicit set,723,
A2,Robotic endoscopic search / navigation,机器人内镜搜索 / 导航,2023,full year,ACHIEVABLE DISTANCE TO NODULE MEASUREMENT IN REAL-WORLD ROBOTIC-ASSISTED BRONCHOSCOPY DATA,10.1016/j.chest.2023.07.2686,,OpenAlex,W4387248112,https://doi.org/10.1016/j.chest.2023.07.2686,2023-10-01,article,CHEST Journal,Previously screened title-explicit set,728,
A2,Robotic endoscopic search / navigation,机器人内镜搜索 / 导航,2023,full year,An End-to-End Learning-Based Control Signal Prediction for Autonomous Robotic Colonoscopy,10.1109/access.2023.3340677,,OpenAlex,W4389459447,https://doi.org/10.1109/access.2023.3340677,2023-12-07,article,IEEE Access,Previously screened title-explicit set,730,"We introduce a novel 3 degrees-of-freedom based robotic colonoscopy system that performs the necessary movements for colonoscopy while working within the movement range of a flexible colonoscope (FC). In addition, we have developed deep learning models to generate motor control signals directly from input images without the need for motor control signal labels. The first presented model comprises a deep learning algorithm for predicting steering points and an image-based visual servo control (IBVS) algorithm for generating the motor control signal. The experiments showed that the proposed model’s cecal intubation time (CIT) and rate (CIR) are comparable to those of human operators, despite requiring a shorter training time. Furthermore, we propose a model that replaces the IBVS algorithm with a deep learning algorithm that does not rely on rotation angles. The second model showed similar CIT (165s) and CIR (92%) compared to the first model. Finally, the last model, which solely comprises a single deep learning algorithm, demonstrates a reduction in CIT (127s) and an increase in CIR (96%), resulting in reduced physical demand for operators, improved safety, and shorter patient recovery time."
A2,Robotic endoscopic search / navigation,机器人内镜搜索 / 导航,2023,full year,Capsule endoscopy robotics and SLAM technology,10.54254/2755-2721/12/20230299,,OpenAlex,W4386961207,https://doi.org/10.54254/2755-2721/12/20230299,2023-09-22,article,Applied and Computational Engineering,Previously screened title-explicit set,733,"Gastrointestinal diseases are a relatively common disease, and the advent of endoscopic technology is important for the early detection and treatment of this disease. In order to adapt to current medical conditions, endoscopic robots that can move autonomously are known to be the trend of development. Most of the current capsule endoscopic robots use simultaneous localization and mapping SLAM technology to localize the capsule robot and create a map of the intestinal tract. his paper summarizes the classification of capsule endoscopy robots by referring to several articles on capsule endoscopy robots. Their working methods, advantages and disadvantages are analyzed by comparing the various types of capsule endoscopy robots horizontally. This paper also analyses the application of SLAM technology to capsule endoscopy robots. The future development of capsule endoscopy robot is prospected by combining the mainstream SLAM software and hardware technologies today. This provides the development direction for the future development of capsule endoscopy robot."
A2,Robotic endoscopic search / navigation,机器人内镜搜索 / 导航,2023,full year,Demonstration of Flexible Rotary Shaft Power Transmission for Robotic Pull Colonoscopy,,,OpenAlex,W7113053678,https://openalex.org/W7113053678,2023-08-05,dissertation,CU Scholar (University of Colorado Boulder),Previously screened title-explicit set,734,"The Flexible Power or &lsquo;FlexPower&rsquo; Colonoscope (FPC) is designed to explore the potential for implementing an off-board power source to a robotic colonoscopy procedure. This concept is introduced to 1) improve the efficiency of colonoscopy, in particular difficult colonoscopies, by reducing the time needed to complete a thorough procedure, 2) relieve ergonomic stressors felt by physicians using the standard colonoscope handle, and 3) further enable the potential for a single-use distal tip to prevent healthcare-acquired infections (HAIs) that can occur with current endoscope disinfecting and re-use. In this design, the flexible rotary shaft is the middle subassembly connecting the <em>in vivo</em> distal tip, and the <em>ex vivo</em> physician-operated handle. This flexible rotary shaft transmits power and ultimately outputs locomotion at the distal tip that requires reduced complex maneuverability from the physician. By introducing this robotic surgical method, the aim is to allow for minimally invasive surgery at a higher accuracy. The flexible rotary shaft chosen for this study was characterized based on driving motor input voltage, driving motor input current, and radius of curvature conditions of the flexible rotary shaft. Theoretical locomotion of the distal tip, qualitative results from physician feedback, and visual qualitative feedback comparisons with standard colonoscopes were established. Given a conservative 4.5 V input, a benchtop demonstration of distal tip locomotion and rimpull resulted in approximately 2 mm/s and 4.61 N respectively. Qualitative visualization results from the camera <em>in vivo</em> via porcine colon was used as comparison to standard Olympus colonoscope. The results and conclusions of this study can enable a future minimally invasive robotic platform used for improving the efficiency of standard colonoscopy procedures and could serve as supplemental tool for tortuous or otherwise challenging patient anatomy. Furthermore, the implementation of a novel, off-board, power transmission system to drive the robotic endoscopic device can enable the future of single-use distal tip devices and minimally invasive robotic endoscopic attachments."
A2,Robotic endoscopic search / navigation,机器人内镜搜索 / 导航,2023,full year,Magnetic-controlled capsule endoscopy performance in aging patients,10.1186/s12876-023-02914-0,37568133.0,Europe PMC; OpenAlex,MED:37568133; W4385769229,https://doi.org/10.1186/s12876-023-02914-0,2023-08-11,article,BMC Gastroenterology,Previously screened title-explicit set,744,"<h4>Background</h4>The increasing elderly population and wide use of magnetic capsule endoscopy (MCE) have led to more attention to elderly patients.<h4>Aim</h4>The aim of this study was to assess the performance (including transit time, cleanliness score, positive findings and safety) of MCE in aging patients (≥ 60 years), especially patients over 80 years old.<h4>Methods</h4>Consecutive patients of ≥ 60 years undergoing MCE at our center from August 2017 to August 2022 were classified into the oldest (≥ 80 years) and the older (60-79 years) groups. Esophageal transit time (ETT), gastric examination time (GET), small bowel transit time (SITT), and the quality of gastric preparation were compared. Information on examination indications, subjective discomforts, adverse events, and MCE outcomes were compared.<h4>Results</h4>Of 293 enrolled patients, 128 patients were in the oldest group and 165 patients were in the older group. ETT and GET were longer in the oldest group, whereas SITT was slightly longer in the oldest patients. Visualization scores were significantly lower in the body and antrum in the oldest patients. The total visualization score was lower in the older group compared with the oldest group; however, the difference was not significant. Cleanliness scores at the fundus and antrum and total cleanliness scores were lower in the oldest patients compared with the older patients. Positive findings and ulcers and erosions in the small intestine were more common in the oldest group. One patient had nausea during the gastric examination. Capsule retention in the cecum occurred in one case.<h4>Conclusion</h4>MCE was feasible and safe for aging patients. ETT and GET were markedly longer and gastric cleanliness and visualization were worse, while overall small intestine-positive findings were higher in the oldest patients compared with the older patients."
A2,Robotic endoscopic search / navigation,机器人内镜搜索 / 导航,2023,full year,PERIPHERAL LUNG LESION SAMPLING SIZE THRESHOLDS ACROSS LEGACY ELECTROMAGNETIC NAVIGATION SYSTEM AND ROBOTIC-ASSISTED BRONCHOSCOPY ERAS,10.1016/j.chest.2023.07.3411,,OpenAlex,W4387247954,https://doi.org/10.1016/j.chest.2023.07.3411,2023-10-01,article,CHEST Journal,Previously screened title-explicit set,747,
A2,Robotic endoscopic search / navigation,机器人内镜搜索 / 导航,2023,full year,ROBOTIC-ASSISTED ION BRONCHOSCOPY IN THE DIAGNOSIS OF EARLY-STAGE LUNG ADENOCARCINOMA WITH ICG-FIDUCIAL MARKER FOR SURGICAL VS RADIATION PLANNING,10.1016/j.chest.2023.07.3527,,OpenAlex,W4387247925,https://doi.org/10.1016/j.chest.2023.07.3527,2023-10-01,article,CHEST Journal,Previously screened title-explicit set,751,
A2,Robotic endoscopic search / navigation,机器人内镜搜索 / 导航,2023,full year,Robotic Assisted Bronchoscopy: An Institutional Retrospective Correlation Between Cytopathology and Surgical Pathology Diagnoses,10.1016/j.jasc.2023.07.062,,OpenAlex,W4387329201,https://doi.org/10.1016/j.jasc.2023.07.062,2023-09-01,article,Journal of the American Society of Cytopathology,Previously screened title-explicit set,753,
A2,Robotic endoscopic search / navigation,机器人内镜搜索 / 导航,2023,full year,Robotic Colonoscopy and Beyond: Insights into Modern Lower Gastrointestinal Endoscopy,10.3390/diagnostics13142452,37510196.0,Europe PMC; OpenAlex,W4385216326; MED:37510196,https://doi.org/10.3390/diagnostics13142452,2023-07-23,article,Diagnostics,Previously screened title-explicit set,754,"Lower gastrointestinal endoscopy is considered the gold standard for the diagnosis and removal of colonic polyps. Delays in colonoscopy following a positive fecal immunochemical test increase the likelihood of advanced adenomas and colorectal cancer (CRC) occurrence. However, patients may refuse to undergo conventional colonoscopy (CC) due to fear of possible risks and pain or discomfort. In this regard, patients undergoing CC frequently require sedation to better tolerate the procedure, increasing the risk of deep sedation or other complications related to sedation. Accordingly, the use of CC as a first-line screening strategy for CRC is hampered by patients' reluctance due to its invasiveness and anxiety about possible discomfort. To overcome the limitations of CC and improve patients' compliance, several studies have investigated the use of robotic colonoscopy (RC) both in experimental models and in vivo. Self-propelling robotic colonoscopes have proven to be promising thanks to their peculiar dexterity and adaptability to the shape of the lower gastrointestinal tract, allowing a virtually painless examination of the colon. In some instances, when alternatives to CC and RC are required, barium enema (BE), computed tomographic colonography (CTC), and colon capsule endoscopy (CCE) may be options. However, BE and CTC are limited by the need for subsequent investigations whenever suspicious lesions are found. In this narrative review, we discussed the current clinical applications of RC, CTC, and CCE, as well as the advantages and disadvantages of different endoscopic procedures, with a particular focus on RC."
A2,Robotic endoscopic search / navigation,机器人内镜搜索 / 导航,2023,full year,Robotic endoscope with double-balloon and double-bend tube for colonoscopy,10.1038/s41598-023-37566-3,37380716.0,Europe PMC; OpenAlex,PPR:PPR599367; W4317436556; W4382394589; MED:37380716,https://doi.org/10.1038/s41598-023-37566-3,2023-06-28,article,Scientific Reports,Previously screened title-explicit set,755,"The insertion of conventional colonoscopes can sometimes cause patients to experience pain during the procedure owing to the stretching of the mesentery. In this study, a prototype of a robotic colonoscope with a double-balloon and double-bend tube based on the conventional double-balloon endoscope was developed to simplify insertion and prevent the overstretching of the colon. Both the outer and inner tubes were confirmed to be free from interference from wires and sheaths. Additionally, all functions such as tip bending, inflation and deflation of the balloons, and actuator-driven pulling and pushing of the inner tube were operated properly. During the insertion test, the device could be reached the cecum of a colon model in approximately 442 s when operated by a non-medical operator. In addition, the device did not overstretch the colon model, thereby suggesting that the insertion mechanism can follow the shape of the colon model. As a result, the developed mechanism has the potential to navigate through a highly-bent colon without overstretching."
A2,Robotic endoscopic search / navigation,机器人内镜搜索 / 导航,2023,full year,Robotically controlled magnetic capsule endoscopy,10.14232/phd.11586,,OpenAlex,W4400502213,https://doi.org/10.14232/phd.11586,2023-09-28,dissertation,,Previously screened title-explicit set,756,
A2,Robotic endoscopic search / navigation,机器人内镜搜索 / 导航,2023,full year,SHAPE-SENSING ROBOTIC-ASSISTED BRONCHOSCOPY AND NOVEL 1.1 MM CRYOPROBE FOR DIAGNOSING PERIPHERAL PULMONARY NODULES,10.1016/j.chest.2023.07.3436,,OpenAlex,W4387251758,https://doi.org/10.1016/j.chest.2023.07.3436,2023-10-01,article,CHEST Journal,Previously screened title-explicit set,759,
A2,Robotic endoscopic search / navigation,机器人内镜搜索 / 导航,2023,full year,SHAPE-SENSING ROBOTIC-ASSISTED BRONCHOSCOPY AND ROBOTIC SEGMENTECTOMY FACILITATES STAGE-SHIFT IN A COMMUNITY LUNG CANCER SCREENING PROGRAM,10.1016/j.chest.2023.07.3399,,OpenAlex,W4387247862,https://doi.org/10.1016/j.chest.2023.07.3399,2023-10-01,article,CHEST Journal,Previously screened title-explicit set,760,
A2,Robotic endoscopic search / navigation,机器人内镜搜索 / 导航,2023,full year,Shape‐sensing robotic bronchoscopy in the diagnosis of pulmonary lesions in children,10.1002/ppul.26341,,OpenAlex,W4318672028,https://doi.org/10.1002/ppul.26341,2023-01-31,article,Pediatric Pulmonology,Previously screened title-explicit set,761,
A2,Robotic endoscopic search / navigation,机器人内镜搜索 / 导航,2023,full year,Towards Semi-Autonomous Colon Screening Using an Electromagnetically Actuated Soft-Tethered Colonoscope Based on Visual Servo Control,10.1109/tbme.2023.3292336,37405889.0,Europe PMC; OpenAlex,W4383220374; MED:37405889,https://doi.org/10.1109/tbme.2023.3292336,2023-07-05,article,IEEE Transactions on Biomedical Engineering,Previously screened title-explicit set,765,"<h4>Objective</h4>Conventional colonoscopy using a flexible colonoscope remains two major limitations, including patient discomfort and difficult manipulations for surgeons. Robotic colonoscopes have been developed to conduct colonoscopy in a patient-friendly manner. However, most robotic colonoscopes still maintain nonintuitive and difficult manipulations, which limits their clinical applications. In this paper, we demonstrated visual servo-based semi-autonomous manipulations of an electromagnetic actuated soft-tethered (EAST) colonoscope, which aims to lower difficulties of robotic colonoscope manipulations.<h4>Methods</h4>Kinematic modeling of EAST colonoscope is conducted, with an adaptive visual servo controller established. Template matching method and a lumen and polyp detection model are developed to enable semi-autonomous manipulations, including region-of-interest automatic tracking and autonomous navigation with automatic polyp detection.<h4>Results</h4>The EAST colonoscope demonstrates visual servoing with an average convergence time of around 2.5 s and performs disturbance rejection within 3.0 s. Semi-autonomous manipulations were conducted in both a commercialized colonoscopy simulator and an ex-vivo porcine colon to show the efficacy of reducing the user workload compared to manual control.<h4>Conclusion</h4>The EAST colonoscope can perform visual servoing and semi-autonomous manipulations with the developed methods in both laboratory and ex-vivo environments.<h4>Significance</h4>The proposed solutions and techniques improve the autonomy level of robotic colonoscopes and reduce user workloads, which promotes the development and clinical translation of robotic colonoscopy."
A2,Robotic endoscopic search / navigation,机器人内镜搜索 / 导航,2024,full year,"A PROSPECTIVE, MULTICENTER EVALUATION OF SAFETY AND DIAGNOSTIC OUTCOMES WITH ROBOTIC-ASSISTED BRONCHOSCOPY: RESULTS FROM THE TARGET TRIAL",10.1016/j.chest.2024.06.3136,,OpenAlex,W4402583140,https://doi.org/10.1016/j.chest.2024.06.3136,2024-09-18,article,CHEST Journal,Previously screened title-explicit set,766,
A2,Robotic endoscopic search / navigation,机器人内镜搜索 / 导航,2024,full year,A Simultaneous Polyp and Lumen Detection Framework Toward Autonomous Robotic Colonoscopy,10.1109/tmrb.2024.3349623,,OpenAlex,W4390576442,https://doi.org/10.1109/tmrb.2024.3349623,2024-01-04,article,IEEE Transactions on Medical Robotics and Bionics,Previously screened title-explicit set,769,"Colorectal Cancer is one of the deadliest diseases with a high incidence and mortality worldwide. Robotic colonoscopes have been extensively developed to provide alternative solutions for colon screening. Nevertheless, most robotic colonoscopes remain a low autonomy level, which leads to non-intuitive manipulation and limits their clinical translation. This paper proposes a deep learning-based framework for simultaneous polyp and lumen detection, which aims to automates robotic colonoscopes to achieve intelligent and autonomous manipulations in two aspects of navigation and diagnosis. Two fully annotated datasets, including a real colon dataset, with 40186 images, and a colon phantom dataset, are developed to facilitate polyp and lumen detection in both clinical and laboratory environments. Benchmarking of various object detection models achieve an average precision of 0.827, and an average recall of 0.866. Experimental validation is conducted in both a commercialized colon phantom and an ex-vivo porcine colon using an electromagnetically actuated soft-tethered colonoscope as a case study, with the results indicate that the colonoscope can successfully perform autonomous navigation and automatic polyp detection under the proposed unified framework. This work promotes clinical applications of robotic colonoscopy by enhancing its autonomy level with artificial intelligence techniques."
A2,Robotic endoscopic search / navigation,机器人内镜搜索 / 导航,2024,full year,AI-Guided Anatomical Landmark and Abnormality Detection for Autonomous Endoscopy Examination,10.3844/jcssp.2024.858.871,,OpenAlex,W4399809767,https://doi.org/10.3844/jcssp.2024.858.871,2024-06-19,article,Journal of Computer Science,Previously screened title-explicit set,770,"Endoscopy is the routine medical procedure to observe tumors in the human Gastrointestinal (GI) tract by inserting an endoscope, a thin, flexible, tube-like instrument with a light source and camera. Traditionally, an endoscopist performs the endoscopy, orients the endoscope within these structures and navigates this through the help of familiar anatomical landmarks to reach the abnormalities and mark them. Identifying landmarks and abnormalities is critical for the maneuver and the success of endoscopy, which is related to the patient&rsquo;s comfort, injury and accurate diagnosis. The manual naked-eye-observation maneuver and examination are highly challenging, take a long time and often cause discomfort to the patients and the endoscopists. As a result, several AI-based landmark detection methods have been proposed recently to facilitate autonomous endoscopy examination. However, these methods lack accuracy and consider only limited landmarks. This study presents a Data-efficient image Transformer (DeiT)-based method to detect anatomical landmarks and anomalies for autonomous endoscopy. The proposed method detected 23 landmarks and anomalies from the entire GI tract with 99% accuracy and precision, outperforming the state-of-the-art (91%). Moreover, this method took only 0.045 sec to identify a landmark. The phi coefficient (0.997) indicated a strong positive association between the proposed method and clinical ground truth. Strong association, high accuracy and rapid speed ensured the reliability of the proposed method for autonomous endoscopy examination."
A2,Robotic endoscopic search / navigation,机器人内镜搜索 / 导航,2024,full year,Breaking New Ground in Interventional Pulmonology: Integrating Cone Beam CT and Robotic-Assisted Bronchoscopy for High-Risk Pneumothorax in Peripherally Located Solitary Pulmonary Nodules,10.7759/cureus.62532,,OpenAlex,W4399736444,https://doi.org/10.7759/cureus.62532,2024-06-17,article,Cureus,Previously screened title-explicit set,776,"Lung cancer, a leading cause of global cancer-related deaths, necessitates the development of innovative diagnostic techniques. Traditional bronchoscopy, while useful, has limitations in diagnosing peripheral pulmonary lesions (PPLs) and carries a higher risk of complications such as pneumothorax. However, the field of interventional pulmonology has seen significant advancements, including the introduction of robotic-assisted bronchoscopy (RAB), cone-beam computed tomography (CBCT), radial endobronchial ultrasound (R-EBUS), and rapid on-site evaluation (ROSE). These advancements have greatly improved the precision of diagnosing high-risk PPLs. This report presents the case of a 60-year-old female smoker with chronic obstructive pulmonary disease and extensive centrilobular emphysema, who had a peripherally located high-risk pulmonary nodule. She was successfully diagnosed with metastatic adenocarcinoma using an integrated approach, despite the challenging location of the lesion and high risk of pneumothorax. The integration of RAB with CBCT and augmented fluoroscopy offers a groundbreaking approach for diagnosing and managing difficult-to-reach, high-risk pulmonary nodules, marking a significant stride in the field of interventional pulmonology."
A2,Robotic endoscopic search / navigation,机器人内镜搜索 / 导航,2024,full year,Colon Lumen Center Detection Enables Autonomous Navigation of an Electromagnetically Actuated Soft-Tethered Colonoscope,10.1109/tim.2024.3403172,,OpenAlex,W4398187593,https://doi.org/10.1109/tim.2024.3403172,2024-01-01,article,IEEE Transactions on Instrumentation and Measurement,Previously screened title-explicit set,781,"Robotic colonoscopes have been extensively developed for providing alternative solutions to conduct colon screening. Nevertheless, most robotic colonoscopes are still facing the challenge of unintuitive and difficult manipulation, particularly in the process of navigation, which may lead to long procedure duration and high workloads for surgeons. To tackle this problem, this paper presents autonomous navigation of an electromagnetically actuated soft-tethered (EAST) colonoscope. By utilizing deep-learning contour segmentation technique, a novel lumen center detection method combines both the contour and darkest region information of colon images to robustly and accurately estimate the center of the upcoming colon lumen, which provides heading directions for EAST colonoscope to navigate through the colon. While a navigation controller is developed to adjust the heading and locomotion velocity of EAST colonoscope accordingly. Comprehensive experiments are conducted to validate the effectiveness and efficacy of the developed lumen center detection model, with autonomous navigation of EAST colonoscope successfully demonstrated in both a commercialized colon phantom and anex-vivoporcine colon. A user study is conducted to verify the effectiveness of our proposed autonomous endoscopic navigation solution in shortening procedure duration and reducing surgeon workloads. The proposed methods are open-source and can also be applied to other robotic colonoscopes, which can promote the clinical translation of robotic colonoscopy."
A2,Robotic endoscopic search / navigation,机器人内镜搜索 / 导航,2024,full year,Diagnostic performance of Shape-Sensing Robotic-Assisted bronchoscopy with mobile Cone-Beam CT for cystic and cavitary pulmonary lesions,10.1016/j.lungcan.2024.108029,,OpenAlex,W4404454275,https://doi.org/10.1016/j.lungcan.2024.108029,2024-11-17,article,Lung Cancer,Previously screened title-explicit set,786,
A2,Robotic endoscopic search / navigation,机器人内镜搜索 / 导航,2024,full year,Guided Bronchoscopy for Peripheral Pulmonary Lesion Sampling: The Pros and Cons of Electromagnetic Navigation Bronchoscopy and Robotic-Assisted Bronchoscopy,10.1007/s13665-023-00330-z,,OpenAlex,W4390587453,https://doi.org/10.1007/s13665-023-00330-z,2024-01-04,article,Current Pulmonology Reports,Previously screened title-explicit set,788,
A2,Robotic endoscopic search / navigation,机器人内镜搜索 / 导航,2024,full year,NODULAR AND ENDOBRONCHIAL SARCOIDOSIS DIAGNOSED VIA ROBOTIC BRONCHOSCOPY,10.1016/j.chest.2024.06.3284,,OpenAlex,W4402584810,https://doi.org/10.1016/j.chest.2024.06.3284,2024-09-18,article,CHEST Journal,Previously screened title-explicit set,796,
A2,Robotic endoscopic search / navigation,机器人内镜搜索 / 导航,2024,full year,"ROBOTIC BRONCHOSCOPY FOR DIAGNOSIS OF POLYMORPHOUS, PARENCHYMAL, POSTTRANSPLANT LYMPHOPROLIFERATIVE DISORDER (PTLD)",10.1016/j.chest.2024.06.3115,,OpenAlex,W4402583100,https://doi.org/10.1016/j.chest.2024.06.3115,2024-09-18,article,CHEST Journal,Previously screened title-explicit set,800,
A2,Robotic endoscopic search / navigation,机器人内镜搜索 / 导航,2024,full year,"ROBOTIC COLONOSCOPY TO IMPROVE PAIN, DISCOMFORT AND COMPLETION RATE IN A UK COHORT",10.1016/j.gie.2024.04.1821,,OpenAlex,W4399673904,https://doi.org/10.1016/j.gie.2024.04.1821,2024-06-01,article,Gastrointestinal Endoscopy,Previously screened title-explicit set,801,
A2,Robotic endoscopic search / navigation,机器人内镜搜索 / 导航,2024,full year,Robotic Assisted Bronchoscopy: An Institutional Correlation Between Cytopathology and Surgical Resection Diagnoses,10.32873/unmc.dc.gmerj.6.1.055,,OpenAlex,W4400272214,https://doi.org/10.32873/unmc.dc.gmerj.6.1.055,2024-05-01,article,Graduate Medical Education Research Journal,Previously screened title-explicit set,803,"Mentor: Ana Yuil-Valdes Program: Pathology Type: Original Research Background: Diagnosing peripheral pulmonary lesions (PPL) presents clinical challenges and, historically, multiple interventions for the patient. New robotic assisted bronchoscopy (RAB) platforms have emerged to address these concerns. Together with rapid on-site evaluation (ROSE), RAB has the potential to decrease passes required for adequate samples, reduce patient risk, improve diagnostic yield, and reduce costs to patients. Methods: This study was a retrospective, single-arm, single-center study of 92 RABs for peripheral pulmonary lesions. Natural language search within CoPath software was used to generate the list of reports for the investigation’s timeframe, allowing for the examination of all cytopathology specimens in which RAB and ROSE were used. Results: Of the 92 RABs completed in a 12-month period at UNMC (March 25, 2022, through March 30, 2023), 82 had subsequent biopsy to measure concordance, which was defined as agreement between the cytology diagnoses and associated pathology results from biopsy ( Figure 1). The cytology diagnoses with concordance to subsequent biopsies included 52.4% (43/82) with no malignant cells identified. Of those with malignant findings, 25.6% (21/82) were called adenocarcinoma, 7.3% (6/82) were called neuroendocrine tumors, and 8.5% (7/82) were called squamous cell carcinomas of varied differentiation. There was also the rare finding of a granular cell tumor (1/82). Figure 1 Cytology diagnostic concordance to subsequent surgical biopsies. Conclusion: This study shows that cytology taken by RAB and assessed with ROSE has a high concordance with final pathology diagnoses. The benefits of RAB expand the diagnostic potential of prior bronchoscopy methodologies, providing sufficient information for patient care increased cost-effectiveness."
A2,Robotic endoscopic search / navigation,机器人内镜搜索 / 导航,2024,full year,Robotic versus Electromagnetic bronchoscopy for pulmonary LesIon AssessmeNT: the RELIANT pragmatic randomized trial,10.1186/s13063-023-07863-3,,OpenAlex,W4386216895; W4391028963,https://doi.org/10.1186/s13063-023-07863-3,2024-01-19,article,Trials,Previously screened title-explicit set,804,"BACKGROUND: Robotic-assisted bronchoscopy has recently emerged as an alternative to electromagnetic navigational bronchoscopy for the evaluation of peripheral pulmonary lesions. While robotic-assisted bronchoscopy is proposed to have several advantages, such as an easier learning curve, it is unclear if it has comparable diagnostic utility as electromagnetic navigational bronchoscopy. METHODS: Robotic versus Electromagnetic bronchoscopy for pulmonary LesIon AssessmeNT (RELIANT) is an investigator-initiated, single-center, open label, noninferiority, cluster randomized controlled trial conducted in two operating rooms at Vanderbilt University Medical Center. Each operating room (OR) is assigned to either robotic-assisted or electromagnetic navigational bronchoscopy each morning, with each OR day considered one cluster. All patients undergoing diagnostic bronchoscopy for evaluation of a peripheral pulmonary lesion in one of the two operating rooms are eligible. Schedulers, patients, and proceduralists are blinded to daily group allocations until randomization is revealed for each operating room each morning. The primary endpoint is the diagnostic yield defined as the proportion of cases yielding lesional tissue. Secondary and safety endpoints include procedure duration and procedural complications. Enrolment began on March 6, 2023, and will continue until 202 clusters have been accrued, with expected enrolment of approximately 400 patients by the time of completion in March of 2024. DISCUSSION: RELIANT is a pragmatic randomized controlled trial that will compare the diagnostic yield of the two most commonly used bronchoscopic approaches for sampling peripheral pulmonary lesions. This will be the first known cluster randomized pragmatic trial in the interventional pulmonology field and the first randomized controlled trial of robotic-assisted bronchoscopy. TRIAL REGISTRATION: ClinicalTrials.gov registration (NCT05705544) on January 30, 2023."
A2,Robotic endoscopic search / navigation,机器人内镜搜索 / 导航,2024,full year,SHAPE-SENSING ROBOTIC-ASSISTED BRONCHOSCOPY AND EARLY-STAGE LUNG CANCER DIAGNOSIS: REAL-WORLD OUTCOMES FROM THE ION REGISTRY,10.1016/j.chest.2024.07.057,,OpenAlex,W4402599196,https://doi.org/10.1016/j.chest.2024.07.057,2024-09-18,article,CHEST Journal,Previously screened title-explicit set,805,
A2,Robotic endoscopic search / navigation,机器人内镜搜索 / 导航,2024,full year,SYNCHRONOUS MULTIPLE PRIMARY LUNG CANCERS DIAGNOSED WITH ROBOTIC BRONCHOSCOPY WITH O-ARM CT ASSISSTANCE,10.1016/j.chest.2024.06.2669,,OpenAlex,W4402584131,https://doi.org/10.1016/j.chest.2024.06.2669,2024-09-18,article,CHEST Journal,Previously screened title-explicit set,806,
A2,Robotic endoscopic search / navigation,机器人内镜搜索 / 导航,2024,full year,The incremental contribution of mobile cone-beam computed tomography to the tool–lesion relationship during shape-sensing robotic-assisted bronchoscopy,10.1183/23120541.00993-2023,,OpenAlex,W4392297936,https://doi.org/10.1183/23120541.00993-2023,2024-02-29,article,ERJ Open Research,Previously screened title-explicit set,808,"Introduction: This study aims to answer the question of whether adding mobile cone-beam computed tomography (mCBCT) imaging to shape-sensing robotic-assisted bronchoscopy (ssRAB) translates into a quantifiable improvement in the tool-lesion relationship. Methods: Data from 102 peripheral lung lesions with ≥2 sequential mCBCT orbital spins and from 436 lesions with 0-1 spins were prospectively captured and retrospectively analysed. The primary outcome was the tool-lesion relationship status across the first and the last mCBCT spins. Secondary outcomes included 1) the change in distance between the tip of the sampling tool and the centre of the lesion between the first and the last spins and 2) the per-lesion diagnostic yield. Results: Compared to lesions requiring 0-1 spins, lesions requiring ≥2 spins were smaller and had unfavourable bronchus sign and intra-operative sonographic view. On the first spin, 54 lesions (53%) were designated as non-tool-in-lesion (non-TIL) while 48 lesions (47%) were designated as TIL. Of the 54 initially non-TIL cases, 49 (90%) were converted to TIL status by the last spin. Overall, on the last spin, 96 out of 102 lesions (94%) were defined as TIL and six out of 102 lesions (6%) were defined as non-TIL (p<0.0001). The mean distance between the tool and the centre of the lesion decreased from 10.4 to 6.6 mm between the first and last spins (p<0.0001). The overall diagnostic yield was 77%. Conclusion: Targeting traditionally challenging lung lesions, intra-operative volumetric imaging allowed for the conversion of 90% of non-TIL status to TIL. Guidance with mCBCT resulted in a significant decrease in the distance between the tip of the needle to lesion centre."
A2,Robotic endoscopic search / navigation,机器人内镜搜索 / 导航,2025,full year,163eP AI-enhanced prediction of diagnostic failure in early-stage lung cancer: Preprocedural score for ION robotic bronchoscopy,10.1016/j.esmorw.2025.100360,,OpenAlex,W4416780988,https://doi.org/10.1016/j.esmorw.2025.100360,2025-11-01,article,ESMO Real World Data and Digital Oncology,Previously screened title-explicit set,812,
A2,Robotic endoscopic search / navigation,机器人内镜搜索 / 导航,2025,full year,A Pneumatic Force Sensor for Enhanced Force Feedback in Robotic Colonoscopy,10.1109/tmrb.2025.3589782,,OpenAlex,W4412482283,https://doi.org/10.1109/tmrb.2025.3589782,2025-07-16,article,IEEE Transactions on Medical Robotics and Bionics,Previously screened title-explicit set,815,"Colonoscopy is often associated with significant discomfort, which can be mitigated by incorporating haptic feedback into robotic systems. This paper presents the design and experimental evaluation of a force sensing system integrated with haptic feedback for robotic colonoscopy. The system utilizes pneumatic sensing pouches mounted on the tip of a robotic colonoscope to capture contact forces in real-time and provide feedback to the operator via a haptic joystick. The pouch sensor demonstrates accuracy, with a maximum RMS error of 0.2 N during rigid phantom testing, while achieving 85% phase classification accuracy in detecting on-load and off-load states. Haptic force feedback significantly reduces peak interaction forces, lowering the maximum contact force from 1 N to 0.6 N without compromising task duration. Experiments in a soft colon phantom confirm the system’s ability to detect forces in anatomically representative environments, demonstrating its potential for clinical use."
A2,Robotic endoscopic search / navigation,机器人内镜搜索 / 导航,2025,full year,A UK single‐center pilot experience using a novel robotic inchworm colonoscopy system,10.1002/deo2.70123,40309042.0,Europe PMC; OpenAlex,MED:40309042; W4409955007,https://doi.org/10.1002/deo2.70123,2025-04-29,article,DEN Open,Previously screened title-explicit set,817,"<h4>Introduction</h4>Colonoscopy is the gold standard investigation in the lower gastrointestinal tract. However, 75% of patients can experience pain with moderate sedation. The application of robotic technology aims to overcome difficulties faced including better utilization of rooms for advanced procedures and to achieve a complete colonoscopy in patients restricted by pain and technical challenges.<h4>Methods</h4>This pilot study, the first at a UK-National Health Service Hospital between January 2023 to August 2024 with one expert endoscopist performing the robotic colonoscopy (RC). Patients with failed previous standard colonoscopy (SC) along with index diagnostic procedures deemed potentially difficult were recruited. Procedures were performed outside the endoscopy unit similar to an outpatient clinical room.<h4>Results</h4>Ninety-three patients were recruited (41 men:52 women), mean age of 53.8 years over 20 months. The commonest indications for RC were rectal bleeding (26.9%), failed SC (22.6%), and change in bowel habits (17.2%). Twenty-one patients had failed the previous SC with 14 patients achieving completion with subsequent RC (66% improvement). The average cecal intubation time of 41.07 min with an average total procedure time of 76.48 min. A significant improvement in patient discomfort score was reported (4.71 SC vs. 1.71 RC; <i>p</i> < 0.001).<h4>Conclusions</h4>RC provides a significantly more comfortable colonoscopy and has great potential to improve safety in colonoscopy from this early cohort of patients. Direct visualization, biopsy, and polypectomy are still possible with RC. This study has demonstrated a viable alternative to SC. With no sedation it allows procedures to be conducted outside the traditional endoscopy unit such as outpatients. The study highlights a learning curve to reduce cecal intubation time."
A2,Robotic endoscopic search / navigation,机器人内镜搜索 / 导航,2025,full year,BEYOND THE SCOPE: COST-BENEFIT AND DIAGNOSTIC FACTORS IN COMMUNITY-BASED ROBOTIC BRONCHOSCOPY,10.1016/j.chest.2025.09.116,,OpenAlex,W4416699958,https://doi.org/10.1016/j.chest.2025.09.116,2025-10-01,article,CHEST Journal,Previously screened title-explicit set,821,
A2,Robotic endoscopic search / navigation,机器人内镜搜索 / 导航,2025,full year,CRAMER-RAO LOWER BOUND ANALYSIS FOR MAGNETIC LOCALIZATION OF A ROBOTIC CAPSULE ENDOSCOPE,10.36306/konjes.1585324,,OpenAlex,W4410912057,https://doi.org/10.36306/konjes.1585324,2025-05-31,article,Konya Journal of Engineering Sciences,Previously screened title-explicit set,822,"In robotic capsule endoscopy, highly accurate localization of the capsule device inside the human body is a critical problem for disease diagnosis and treatment. Quantitative analysis of lower bounds, such as the Cramer-Rao Lower Bound, is practically important for localization systems, as they inform system designers of the best achievable performance under a given set of conditions. This paper presents a comprehensive, systematic analysis of the Cramer-Rao Lower Bound for the scenario of magnetic localization of a robotic wireless capsule endoscope inside the human body. The specific contributions of the study are threefold. First, we undertake a systematic analysis of the bound in the presence of a realistic 3D body model. Second, we present a detailed analysis of the effects of capsule motion as well as other system parameters (such as magnet type and magnet dimensions) inside the body on the bound values. Finally, we interpret the findings to come up with recommendations on system parameters to guarantee optimal performance."
A2,Robotic endoscopic search / navigation,机器人内镜搜索 / 导航,2025,full year,Comparative evaluation of guided shape-sensing robotic bronchoscopy vs. electromagnetic navigation with cone-beam computed tomography for pulmonary nodule diagnosis,,,OpenAlex,W7130808486,https://openalex.org/W7130808486,2025-01-01,dissertation,OpenBU (Boston University),Previously screened title-explicit set,825,2025
A2,Robotic endoscopic search / navigation,机器人内镜搜索 / 导航,2025,full year,Comparison of navigation bronchoscopy vs shape sensing robotic assisted bronchoscopy in terms of malignancy diagnoses and lung cancer staging in a safety-net healthcare system.,10.1200/jco.2025.43.16_suppl.e23156,,OpenAlex,W4410811071,https://doi.org/10.1200/jco.2025.43.16_suppl.e23156,2025-05-28,article,Journal of Clinical Oncology,Previously screened title-explicit set,826,"e23156 Background: Two bronchoscopic techniques, electromagnetic navigation bronchoscopy (NB) and shape sensing robotic assisted bronchoscopy (ssRAB), have been used for diagnostic evaluation of peripheral pulmonary nodules. We compared the number of procedures required for a final malignant diagnosis and staging outcomes for lung cancer. There is limited literature comparing these procedures, none from a safety-net setting performed by a single interventional pulmonologist (IP). Methods: We conducted this study at John Peter Smith Healthcare Network (JPS) using prospectively collected data from ssRAB data maintained by the Interventional Pulmonary team from September 2023 to August 2024 and data from NB procedures using Epic EHR chart review from December 2020 to June 2023. NB procedure was decommissioned in June 2023 and ssRAB (Ion platform, Intuitive Surgical Inc) was acquired by JPS in September 2024. North Texas IRB approved the study 2199873-1. Chi-square tests compared categorical variables, with p &lt; 0.05 as significant. Results: Our study included 359 patients (NB = 226; ssRAB = 133). All procedures were performed by a single IP.Median age, race/ethnicity and gender distribution were similar in both procedures. 42% were non-Hispanic White in both NB and ssRAB. We compared the total number of procedures (bronchoscopy, interventional radiology, surgery as indicated) to get diagnostic accuracy of malignancy.120 patients were diagnosed with malignancies when NB (53%) was used vs 65 (49%) using ssRAB.Of those undergoing NB, 60.8% obtained a malignant diagnosis (including adequate molecular testing for accurate treatment planning) after one procedure were diagnosed with a single procedure, 23.3% needed 2 procedures, 13.3% 3 procedures and 3 patients needed 4 procedures. Using ssRAB, 84.6% of patients were diagnosed after one procedure, 12.3% after 2 and 3.1% after 3 procedures. Difference in diagnosing malignancy was significant (p = 0.007).Median nodule size for NB was 2.4cm and ssRAB was 1.7cm, this was highly significant (p &lt; 0.001). Types of malignancies are shown in the Table, they are comparable. Out of total 79 patients with lung adenocarcinoma (LA) and lung squamous (LS) in NB, 23 (29%) were stage 0-1. For ssRAB, 16(41%) out of 39 (LA and LS) were stages 0-1. For stage 4, these were 25(31.6%) for NB vs 10 (25.6%) for ssRAB. Conclusions: Both methods yielded comparable malignancy diagnoses, however, ssRAB required fewer total procedures, even when nodules were smaller, suggesting greater effectiveness. There is a trend in diagnosing common lung cancers at earlier stages using ssRAB, potentially improving survival. Cancer Lung adenocarcinoma Lung squamous Other lung cancers Metastases from other cancers NB (n=120) 54(45%) 25(21.5%) 20(17%) 21(17.5%) ssRAB (n=65) 30(46%) 9(14%) 9(14%) 17(26%)"
A2,Robotic endoscopic search / navigation,机器人内镜搜索 / 导航,2025,full year,"DIAGNOSIS OF EARLY-STAGE LUNG CANCER: ROBOTIC-ASSISTED BRONCHOSCOPY VS NAVIGATIONAL BRONCHOSCOPY, A SINGLE-CENTER RETROSPECTIVE REVIEW",10.1016/j.chest.2025.07.2713,,OpenAlex,W4416696506,https://doi.org/10.1016/j.chest.2025.07.2713,2025-10-01,article,CHEST Journal,Previously screened title-explicit set,829,
A2,Robotic endoscopic search / navigation,机器人内镜搜索 / 导航,2025,full year,Design and preliminary evaluation of a track-based robotic colonoscope with a shape-adaptable tip for propulsion,10.3389/frobt.2025.1580692,40297610.0,Europe PMC; OpenAlex,MED:40297610; W4409403131,https://doi.org/10.3389/frobt.2025.1580692,2025-04-14,article,Frontiers in Robotics and AI,Previously screened title-explicit set,832,"This paper introduces a shape-adaptable robotic endoscope design, which combines an expansion mechanism and external drive system that provide tip insertion force and adjust the tip shape and size to different colon diameters. Expansion rate of 53% has been achieved in the expandable tip size, which corresponds to changes in the colon diameter. We tested the prototype locomotion in a pipe with different friction surface layers, including artificial bowel tissues, to assess propulsion force and normal force on the colon that can be achieved with the current design. The prototype can generate a propulsion force of 2.83 N, and the maximum linear speed of 29.29 mm/s on the artificial tissue surface. It can produce effective propulsion when it passes through pipes of different diameters. The results demonstrate the prototype's ability for shape adaptation that maintains the required traction force on the bowel wall."
A2,Robotic endoscopic search / navigation,机器人内镜搜索 / 导航,2025,full year,Diagnosis of Invasive Pulmonary Fungal Infection Using Robotic Bronchoscopy,10.1016/j.arbres.2025.10.002,41107191.0,Europe PMC; OpenAlex,MED:41107191; W4414816643,https://doi.org/10.1016/j.arbres.2025.10.002,2025-10-04,article,Archivos de Bronconeumología,Previously screened title-explicit set,834,
A2,Robotic endoscopic search / navigation,机器人内镜搜索 / 导航,2025,full year,ELECTROMAGNETIC NAVIGATION BRONCHOSCOPY VS ROBOTIC BRONCHOSCOPY: A RETROSPECTIVE STUDY COMPARING DIAGNOSTIC OUTCOMES AND PROCEDURAL COMPETENCY BETWEEN PLATFORMS,10.1016/j.chest.2025.07.3322,,OpenAlex,W4416700085,https://doi.org/10.1016/j.chest.2025.07.3322,2025-10-01,article,CHEST Journal,Previously screened title-explicit set,837,
A2,Robotic endoscopic search / navigation,机器人内镜搜索 / 导航,2025,full year,"EP.18.02 Multicenter, Prospective Study on the Precise Diagnosis and Treatment of Shape-Sensing Robotic-Assisted Bronchoscopy",10.1016/j.jtho.2025.09.1743,,OpenAlex,W4415520359,https://doi.org/10.1016/j.jtho.2025.09.1743,2025-10-01,article,Journal of Thoracic Oncology,Previously screened title-explicit set,839,
A2,Robotic endoscopic search / navigation,机器人内镜搜索 / 导航,2025,full year,Enabling Robotic Capsule Endoscopy Through Effective in-Body Capsule Localization,10.1177/15533506251334690,40227091.0,Europe PMC; OpenAlex,W4409412014; MED:40227091,https://doi.org/10.1177/15533506251334690,2025-04-14,article,Surgical Innovation,Previously screened title-explicit set,841,"A critical problem for wireless capsule endoscopy is to be able to correlate a received image with a location, in order to more precisely locate a pathological condition (such as a lesion, or a tumor) inside the gastrointestinal tract and guide a potential subsequent surgical intervention. We treat the problem of determining the location and orientation parameters of a wireless capsule endoscope inside the human gastrointestinal tract through magnetic techniques. Considering the emerging trend in wireless capsule endoscopy towards remotely maneuverable robotic devices (also known as robotic capsule endoscopy), solving the problem of fast, accurate localization of the capsule becomes even more critical. It is also vital that the performance of different localization algorithms be characterized effectively in a repeatable manner in a controlled environment. Towards this goal, we present a design for a novel cyber-physical system to characterize the magnetic localization performance in robotic capsule endoscopy. We present some sample results for localization performance. The results indicate that highly accurate in-body localization of the capsule (with approximately 3.1 mm localization and 2.2° orientation error) is possible."
A2,Robotic endoscopic search / navigation,机器人内镜搜索 / 导航,2025,full year,Investigating Partial Registration for Optimizing Robotic-Assisted Bronchoscopy Evaluations of Peripheral Lung Nodules (I-PROBE),10.1016/j.chpulm.2025.100229,,OpenAlex,W7107857782,https://doi.org/10.1016/j.chpulm.2025.100229,2025-11-28,article,CHEST Pulmonary,Previously screened title-explicit set,851,"Background: Robotic-assisted bronchoscopy has transformed the diagnostic approach to lung cancer by improving access to peripheral pulmonary lesions (PPLs). Among these platforms, shape-sensing robotic-assisted bronchoscopy (ssRAB) relies on registration techniques to align virtual airway maps with patient anatomy. However, conventional full registration may not be essential for optimal accuracy and potentially add unnecessary time. We evaluated the novel technique of partial registration and assessed its feasibility and efficacy during ssRAB. Research Question: During ssRAB, how does partial registration impact the technical accuracy in targeting PPLs compared to full registration? Study Design and Methods: A prospective comparative study was conducted on 22 patients undergoing ssRAB for tissue diagnosis of PPLs < 2 cm in size. The accuracy of lesion localization was determined by the target center distance (TCD), which is the difference between the plan's predicted target center after registration and the intraprocedural cone-beam CT target center. The mean TCD values were calculated for full and partial registration techniques and compared. Results: = .0383). In subgroup analysis, this difference was most noticeable in the posterior lung fields (10.73 vs 6.32 mm) and lower lobes (9.15 vs 6.77 mm). Interpretation: Our results indicate that partial registration offers a feasible and efficient alternative for targeting small PPLs during ssRAB. These findings suggest that the full registration may not be necessary, because partial registration demonstrates comparable lesion localization accuracy-and possibly superior in certain cases. Further research is warranted to confirm these technical advantages and to confirm whether they translate into improved diagnostic outcomes."
A2,Robotic endoscopic search / navigation,机器人内镜搜索 / 导航,2025,full year,"LARGE, MULTISITE ACADEMIC CENTER'S ROBOTIC-ASSISTED BRONCHOSCOPY EXPERIENCE: WHAT HAPPENS TO SPECIFIC BENIGN DIAGNOSES?",10.1016/j.chest.2025.07.3310,,OpenAlex,W4416696517,https://doi.org/10.1016/j.chest.2025.07.3310,2025-10-01,article,CHEST Journal,Previously screened title-explicit set,852,
A2,Robotic endoscopic search / navigation,机器人内镜搜索 / 导航,2025,full year,P2.05.01 The Role of Robotic-Assisted Bronchoscopy and Endobronchial Ultrasound in Diagnosing and Staging Pulmonary Carcinoid,10.1016/j.jtho.2025.09.519,,OpenAlex,W4415519415,https://doi.org/10.1016/j.jtho.2025.09.519,2025-10-01,article,Journal of Thoracic Oncology,Previously screened title-explicit set,857,
A2,Robotic endoscopic search / navigation,机器人内镜搜索 / 导航,2025,full year,ROBOTIC-ASSISTED BRONCHOSCOPY FOR MULTIPLE PULMONARY NODULES: MORE TISSUE CREATES MORE ISSUES,10.1016/j.chest.2025.07.2705,,OpenAlex,W4416698530,https://doi.org/10.1016/j.chest.2025.07.2705,2025-10-01,article,CHEST Journal,Previously screened title-explicit set,862,
A2,Robotic endoscopic search / navigation,机器人内镜搜索 / 导航,2025,full year,Reply: Response to concerns regarding single-anesthesia robotic bronchoscopy for lung nodules.,10.1016/j.xjon.2025.10.002,41473037.0,Europe PMC,MED:41473037,https://doi.org/10.1016/j.xjon.2025.10.002,2025-10-14,,JTCVS open,Previously screened title-explicit set,866,
A2,Robotic endoscopic search / navigation,机器人内镜搜索 / 导航,2025,full year,Robotic-assisted bronchoscopy for the diagnosis of benign pulmonary tumors,10.1016/j.rmed.2025.107963,,OpenAlex,W4406824073,https://doi.org/10.1016/j.rmed.2025.107963,2025-01-25,article,Respiratory Medicine,Previously screened title-explicit set,871,
A2,Robotic endoscopic search / navigation,机器人内镜搜索 / 导航,2025,full year,Transforming lung cancer diagnosis: the role of robotic-assisted bronchoscopy in early detection and staging,10.1016/j.lungcan.2025.108646,,OpenAlex,W4411858261,https://doi.org/10.1016/j.lungcan.2025.108646,2025-07-01,article,Lung Cancer,Previously screened title-explicit set,879,
A2,Robotic endoscopic search / navigation,机器人内镜搜索 / 导航,2026,YTD through 2026-08-06,2000 Peripheral Pulmonary Lesions Sampled by Shape-Sensing Robotic-Assisted Bronchoscopy and Mobile Cone-Beam Computed Tomography,10.1016/j.mayocp.2025.11.015,,OpenAlex,W7133862831,https://doi.org/10.1016/j.mayocp.2025.11.015,2026-03-05,article,Mayo Clinic Proceedings,Previously screened title-explicit set,885,
A2,Robotic endoscopic search / navigation,机器人内镜搜索 / 导航,2026,YTD through 2026-08-06,39 Robotic bronchoscopy: diagnostic and marking tool to improve surgical outcomes in management of small peripheral nodules,10.1016/j.lungcan.2026.108988,,OpenAlex,W7131799104,https://doi.org/10.1016/j.lungcan.2026.108988,2026-02-01,article,Lung Cancer,Previously screened title-explicit set,886,
A2,Robotic endoscopic search / navigation,机器人内镜搜索 / 导航,2026,YTD through 2026-08-06,85 Sampling Multiple Peripheral Pulmonary Nodules in a Single Procedure Using Shape-Sensing Robotic-Assisted Bronchoscopy,10.1016/j.lungcan.2026.109034,,OpenAlex,W7131796354,https://doi.org/10.1016/j.lungcan.2026.109034,2026-02-01,article,Lung Cancer,Previously screened title-explicit set,887,
A2,Robotic endoscopic search / navigation,机器人内镜搜索 / 导航,2026,YTD through 2026-08-06,86 Diagnostic Utility of Robotic-Assisted Bronchoscopy in Patients with Bilateral Pulmonary Nodules,10.1016/j.lungcan.2026.109035,,OpenAlex,W7131786513,https://doi.org/10.1016/j.lungcan.2026.109035,2026-02-01,article,Lung Cancer,Previously screened title-explicit set,888,
A2,Robotic endoscopic search / navigation,机器人内镜搜索 / 导航,2026,YTD through 2026-08-06,979b COLONOSCOPY WITH A ROBOTIC ENDOSCOPE (CARE) STUDY: 50-PATIENT FIRST-IN-HUMAN EXPERIENCE USING A NOVEL ROBOTIC COLONOSCOPY SYSTEM (TRITON),10.1016/s0016-5085(26)06748-x,,OpenAlex,W7160173519; W7160137370,https://doi.org/10.1016/s0016-5085(26)06748-x,2026-05-01,article,Gastroenterology,Previously screened title-explicit set,889,
A2,Robotic endoscopic search / navigation,机器人内镜搜索 / 导航,2026,YTD through 2026-08-06,A UK single centre pilot experience using a novel robotic colonoscopy system,10.1055/s-0046-1821542,,OpenAlex,W7163636769,https://doi.org/10.1055/s-0046-1821542,2026-06-01,article,Endoscopy,Previously screened title-explicit set,895,"Problem to solve How to complete colonoscopy for those who fail standard colonoscopy Innovation Colonoscopy is the gold standard investigation in the lower gastrointestinal tract. However, 75% of patients can experience pain or discomfort with moderate sedation. The application of robotic technology promises to advance and overcome difficulties faced including better utilisation of rooms for advanced procedures and to achieve a complete colonoscopy in patients where pain and technical challenges inhibit progression. This pilot study, the first at a UK NHS Hospital between January2023 to April2025 with an expert endoscopist performing the robotic colonoscopy with the Endotics system. This is a disposable soft robot which employs expand and contract movement to self-propel along the bowel. Patients with failed previous standard colonoscopy along with index diagnostic procedures deemed potentially difficult were recruited. Procedures were performed outside the endoscopy unit similar to an outpatient clinical room. Results 126 patients were recruited (57M:69F), mean-age 55.5 years over 30 months. The commonest indications for robotic colonoscopy were rectal bleeding (35.7%), failed standard colonoscopy (22.6%) and change in bowel habit (19.1%). 23 patients had failed previous standard colonoscopy with 16 patients achieving completion with subsequent robotic colonoscopy (70% improvement). Average caecal intubation time 36.63 minutes with average total procedure time 48.74 minutes. Conclusions Robotic colonoscopy provides a safe and effective method in improving comfort and completion-rates, including previously failed colonoscopy. Direct visualisation, biopsy and polypectomy is still possible with robotic colonoscopy. This study has demonstrated a viable alternative to conventional colonoscopy. With no sedation it allows procedures to be conducted outside the traditional endoscopy unit such as outpatients. The study highlights a learning curve to reduce caecal intubation time. Publication History Article published online: 05 June 2026 © 2026. European Society of Gastrointestinal Endoscopy. All rights reserved. Georg Thieme Verlag KG Oswald-Hesse-Straße 50, 70469 Stuttgart, Germany"
A2,Robotic endoscopic search / navigation,机器人内镜搜索 / 导航,2026,YTD through 2026-08-06,Additional file 1 of Real-world comparison of shape-sensing robotic-assisted bronchoscopy and virtual bronchoscopic navigation for peripheral pulmonary lesions: a propensity score-matched study,10.6084/m9.figshare.32980089.v1,,OpenAlex,W7168242257; W7168264745,https://doi.org/10.6084/m9.figshare.32980089.v1,2026-05-12,article,Figshare,Previously screened title-explicit set,905,Supplementary Material 1.
A2,Robotic endoscopic search / navigation,机器人内镜搜索 / 导航,2026,YTD through 2026-08-06,Autonomous Robotic Colonoscopy: A Supervised Learning Approach for Enhanced Navigation and Collision Detection,10.1002/aisy.202500841,,OpenAlex,W7128480925,https://doi.org/10.1002/aisy.202500841,2026-02-10,article,Advanced Intelligent Systems,Previously screened title-explicit set,912,"Among conventional colonoscopy techniques, improper insertions can lead to a patient discomfort, and in severe cases, intestinal perforation. To minimize such risks, endoscopists usually should put their efforts into exercising considerable skill and caution, which requires both physical dexterity and an in‐depth understanding of colonic anatomy. Thus, it is noted that the steep learning curve associated with conventional colonoscopy remains a persistent and critical issue in clinical practice. To address these open challenges, an autonomous colonoscopy system that integrates the procedural knowledge of experienced doctors enabling to enhance safety and reduce operator dependency is proposed. The proposed system combines a motorized endoscopic platform with an AI‐based navigation module. The motorized platform employing a tendon‐driven mechanism is capable of three degrees of freedom (two rotational and one translational motions) while ensuring mechanical stability throughout the operation. The navigation system, based on supervised learning, is designed to predict target steering points and estimate collision probabilities, contributing to real‐time medical safety. Conclusively, this work presents a fully integrated autonomous colonoscopy system that demonstrates a high level of autonomy, achieving a promising average cecum‐reaching time of 3 min 36 s ± 1 min 47 s, with 90% success rate."
A2,Robotic endoscopic search / navigation,机器人内镜搜索 / 导航,2026,YTD through 2026-08-06,Endoluminal Visualization of Distal Airway Abnormalities within a Ground-Glass Opacity During Robotic-Assisted Bronchoscopy,10.1093/ajrccm/aamag301,,OpenAlex,W7165668454,https://doi.org/10.1093/ajrccm/aamag301,2026-06-18,article,American Journal of Respiratory and Critical Care Medicine,Previously screened title-explicit set,940,
A2,Robotic endoscopic search / navigation,机器人内镜搜索 / 导航,2026,YTD through 2026-08-06,Exploratory evaluation of magnetic capsule endoscopy with detachable-string for detecting esophageal lesions including early squamous cell carcinoma,10.1055/a-2823-7782,42016520.0,Europe PMC; OpenAlex,W7135015444; MED:42016520,https://doi.org/10.1055/a-2823-7782,2026-03-11,article,Endoscopy International Open,Previously screened title-explicit set,941,"<h4>Background and study aims</h4>Research regarding utilization of capsule endoscopy for detecting early esophageal squamous cell carcinoma (ESCC) is limited. This study was designed to preliminarily explore diagnostic performance of magnetically controlled capsule endoscopy with a detachable string (DS-MCCE) for detecting early ESCC.<h4>Patients and methods</h4>In this retrospective cross-sectional diagnostic study, 496 asymptomatic individuals with high-risk lesions suspicious for early ESCC in esophagus, suspected neoplastic gastric and duodenal lesions, and all ulcers in the upper gastrointestinal tract first underwent DS-MCCE followed by esophagogastroduodenoscopy (EGD) and biopsy within 1 week. Outcomes included diagnostic performance of DS-MCCE for esophageal mucosal lesions and early ESCC, examination time, patient comfort and preference, and safety.<h4>Results</h4>DS-MCCE had a sensitivity of 95.36 % (95% confidence interval [CI] 90.32%-97.95%) and specificity of 88.99% (85.08%-91.99%) for detecting esophageal mucosal lesions, whereas for detecting early ESCC, it showed a sensitivity of 66.67% (95% CI 38.38%-88.18%) and specificity of 99.17% (95% CI 97.88%-99.77%). DS-MCCE demonstrated superiority to EGD without sedation in terms of patient comfort, and participants preferred DS-MCCE to EGD. Median examination time was 9.1 minutes. There were no adverse events associated with DS-MCCE.<h4>Conclusions</h4>DS-MCCE has potential in detecting early ESCC, mainly for lesions that are larger in size or exhibit pronounced morphological features. These preliminary findings support a further large-sample prospective study and technical refinement."
A2,Robotic endoscopic search / navigation,机器人内镜搜索 / 导航,2026,YTD through 2026-08-06,Image-guided shape-sensing robotic-assisted bronchoscopy for subaortic and paraaortic mediastinal lesion sampling,10.1016/j.rmed.2026.108669,,OpenAlex,W7125394188,https://doi.org/10.1016/j.rmed.2026.108669,2026-01-22,article,Respiratory Medicine,Previously screened title-explicit set,943,
A2,Robotic endoscopic search / navigation,机器人内镜搜索 / 导航,2026,YTD through 2026-08-06,Navigating the Evidence for Robotic Bronchoscopy: A Revolution in Lung Cancer Diagnosis With Lingering Questions,10.1016/j.mayocp.2026.02.007,41920110.0,Europe PMC; OpenAlex,MED:41920110; W7147053037,https://doi.org/10.1016/j.mayocp.2026.02.007,2026-04-01,article,Mayo Clinic Proceedings,Previously screened title-explicit set,953,
A2,Robotic endoscopic search / navigation,机器人内镜搜索 / 导航,2026,YTD through 2026-08-06,OpenRC: An Open-Source Robotic Colonoscopy Framework for Multimodal Data Acquisition and Autonomy Research,10.48550/arxiv.2604.03781,,OpenAlex; arXiv,2604.03781v1; W7152331245; W7151556028,https://doi.org/10.48550/arxiv.2604.03781,2026-04-04,preprint,arXiv (Cornell University),Previously screened title-explicit set,954,"Colorectal cancer screening critically depends on colonoscopy, yet existing platforms offer limited support for systematically studying the coupled dynamics of operator control, instrument motion, and visual feedback. This gap restricts reproducible closed-loop research in robotic colonoscopy, medical imaging, and emerging vision-language-action (VLA) learning paradigms. To address this challenge, we present OpenRC, an open-source modular robotic colonoscopy framework that retrofits conventional scopes while preserving clinical workflow. The framework supports simultaneous recording of video, operator commands, actuation state, and distal tip pose. We experimentally validated motion consistency and quantified cross-modal latency across sensing streams. Using this platform, we collected a multimodal dataset comprising 1,894 teleoperated episodes ~19 hours across 10 structured task variations of routine navigation, failure events, and recovery behaviors. By unifying open hardware and an aligned multimodal dataset, OpenRC provides a reproducible foundation for research in multimodal robotic colonoscopy and surgical autonomy."
A2,Robotic endoscopic search / navigation,机器人内镜搜索 / 导航,2026,YTD through 2026-08-06,Real-world comparison of shape-sensing robotic-assisted bronchoscopy and virtual bronchoscopic navigation for peripheral pulmonary lesions: a propensity score-matched study,10.1186/s12931-026-03713-3,,OpenAlex,W7160932432,https://doi.org/10.1186/s12931-026-03713-3,2026-05-12,article,Respiratory Research,Previously screened title-explicit set,958,"BACKGROUND: Robotic-assisted bronchoscopy (RAB) may improve diagnosis of peripheral pulmonary lesions (PPLs), particularly when lesion localization and sampling are technically demanding. However, direct real-world comparisons between shape-sensing RAB (ss-RAB) and virtual bronchoscopic navigation (VBN) remain limited. METHODS: We retrospectively reviewed patients who underwent navigational bronchoscopy for PPLs at a single center. Propensity score matching (PSM) was used to balance baseline characteristics between the ss-RAB and VBN groups. Diagnostic yield, tool-in-lesion (TIL) rate, sensitivity for malignancy, adverse events, and learning curves of ss-RAB were evaluated. Learning curves were assessed using cumulative sum analysis based on procedure time and diagnostic success. RESULTS: Following 1:1 PSM, 234 patients were included, with 117 in each group. Final malignancy prevalence was 74.8% overall. Diagnostic yield was higher with ss-RAB than with VBN (85.5% vs. 70.1%; OR 2.39, 95% CI 1.25-4.56). TIL rate was also more frequently achieved with ss-RAB (99.1% vs. 88.9%). Sensitivity for malignancy was 95.6% for ss-RAB compared with 81.2% for VBN. The diagnostic advantage of ss-RAB was most evident in small (< 15 mm), peripheral, bronchus-sign-negative, and upper-lobe lesions, whereas performance was similar in larger or more central nodules. Procedure-related complications were infrequent and comparable between groups. Learning-curve analysis for ss-RAB showed a reduction in procedure time after approximately 23 cases and an earlier improvement in diagnostic success around the 13th case. CONCLUSIONS: In a real-world setting, ss-RAB was associated with higher diagnostic yield and TIL rates compared with the VBN-based comparator arm without compromising safety. The observed benefit of ss-RAB was greater in lesion subgroups with higher procedural difficulty. In experienced centers, procedural performance with ss-RAB improved after a relatively short learning phase."
A2,Robotic endoscopic search / navigation,机器人内镜搜索 / 导航,2026,YTD through 2026-08-06,Robotic Bronchoscopy for Multiple Pulmonary Nodules: Mitigating the Oversimplification Bias,10.1093/annalsats/aaoag214,42544772.0,Europe PMC; OpenAlex,MED:42544772; W7172324033,https://doi.org/10.1093/annalsats/aaoag214,2026-08-03,article,Annals of the American Thoracic Society,Previously screened title-explicit set,961,"Karan Singh, Septimiu Murgu; Robotic Bronchoscopy for Multiple Pulmonary Nodules: Mitigating the Oversimplification Bias, Annals of the American Thoracic S"
A2,Robotic endoscopic search / navigation,机器人内镜搜索 / 导航,2026,YTD through 2026-08-06,Robotic Capsule Endoscopy: Simultaneous Gastric and Enteric Evaluation in Real-World Practice,10.1055/s-0046-1821199,41594308.0,Europe PMC; OpenAlex,MED:41594308; W7124983643; W7163703972,https://doi.org/10.1055/s-0046-1821199,2026-06-01,article,Endoscopy,Previously screened title-explicit set,962,"Aims Robotic capsule endoscopy (RCE) is an emerging technologythat combines magnetically controlled gastric navigation with conventional capsuleenteroscopy (CE), enabling a minimally invasive, comprehensive evaluation of the upperand mid-gastrointestinal tract. This study aimed to characterize the real-worldimplementation and diagnostic performance of RCE in a European tertiary referralcenter. Methods A retrospective, single-center analysis was conducted on adultpatients (≥18 years) who underwent RCE between June 2023 and June 2025. Eligiblepatients had a clinical indication for small bowel CE and a concurrent requirement fordiagnostic gastroscopy or reassessment of known gastric lesions. The RCE protocolcomprised an initial robotic-guided gastric examination followed by passive transitthrough the small bowel. Results A total of 85 patients were included (52% female) witha median age 49 years (IQR 40-64). The most common indications were suspected orestablished inflammatory bowel disease (57%) and iron deficiency anemia (31%).Gastric preparation was rated at least fair in 98% of cases, with good preparation in38%. Median gastric transit time was 74 minutes (IQR 35-106). Relevant gastric findingswere identified in 39 cases (46%), namely polyps (18%) and angiectasias (8%, includingone with active bleeding), in addition to signs of chronic gastritis. Thirteen patientsunderwent subsequent endoscopy, resulting in seven therapeutical procedures. Smallbowel findings were present in 60 patients (71%), including P3 (active bleeding) in 3%and P2 lesions (angiectasias, ulcers, tumors, varices) in 39%. One clinically significantadverse event occurred: small-bowel capsule retention in a patient with multifocalneuroendocrine tumor and ileostomy. Conclusions Robotic capsule endoscopy is afeasible and effective tool for dual-region gastrointestinal evaluation. It enables high-quality gastric visualization, facilitates early detection of clinically actionable lesions, andmaintains the diagnostic yield expected from standard small bowel CE. These findingssupport the integration of RCE into diagnostic pathways for patients requiringsimultaneous gastric and small bowel assessment. Publication History Article published online: 05 June 2026 © 2026. European Society of Gastrointestinal Endoscopy. All rights reserved. Georg Thieme Verlag KG Oswald-Hesse-Straße 50, 70469 Stuttgart, Germany"
A2,Robotic endoscopic search / navigation,机器人内镜搜索 / 导航,2026,YTD through 2026-08-06,Robotic wireless video capsule endoscopy for gastrointestinal tract,,,OpenAlex,W7162724391,https://openalex.org/W7162724391,2026-01-01,report,DR-NTU (Nanyang Technological University),Previously screened title-explicit set,963,"Wireless Video Capsule Endoscopy (WCE) is an important non-invasive tool used for diagnosing gastrointestinal (GI) disorders. The procedure, however, causes thousands of images that require manual review. This project is the development of an intelligent robotic capsule endoscopy prototype camera design for early abnormality detection using AI. The system uses ESP32-S3 N16R8 microcontroller with an OV5640 camera module. YOLOv8-cls classification model was used to train on the Kvasir V2 dataset which includes eight clinical classes such as polyps, esophagitis and ulcers. A custom Graphical User Interface (GUI) was created to facilitate live monitoring. The digital image processing includes Gamma correction and contrast enhancement to reduce the effect of glaring from the LED. Results indicate that the system achieves a classification accuracy of 80% to 90% while maintain a frame rate of 8 – 10 FPS with an inference latency of about 100ms in real-time. This research shows that by integrating deep learning models with a low-cost microcontroller it can be used to improve and enhance real-time medical diagnostics. The proposed prototype is an example for future autonomous. Smart endoscopy capsules can assist clinicians and improve data transmission in early detection of GI tract disorder."
A2,Robotic endoscopic search / navigation,机器人内镜搜索 / 导航,2026,YTD through 2026-08-06,Robotic-Assisted Bronchoscopy and Pulmonary Nodules Due to Atypical Infections in Coccidioidomycosis Endemic Area,10.1016/j.chpulm.2026.100263,,OpenAlex,W7160309428,https://doi.org/10.1016/j.chpulm.2026.100263,2026-05-01,article,CHEST Pulmonary,Previously screened title-explicit set,964,
A2,Robotic endoscopic search / navigation,机器人内镜搜索 / 导航,2026,YTD through 2026-08-06,"Small nodules, big implications: rethinking diagnostic value in robotic-assisted bronchoscopy",10.1136/thorax-2025-224665,,OpenAlex,W7128008869,https://doi.org/10.1136/thorax-2025-224665,2026-02-05,article,Thorax,Previously screened title-explicit set,969,
A2,Robotic endoscopic search / navigation,机器人内镜搜索 / 导航,2026,YTD through 2026-08-06,The match 2 study: Robotic assisted bronchoscopy with integrated imaging with assessment of digital tomosynthesis (DT) and augmented fluoroscopy (AF): Three-Dimensional accuracy as confirmed by cone beam computed tomography (CBCT),10.1016/j.rmed.2026.108693,,OpenAlex,W7126085720; W4417283314,https://doi.org/10.1016/j.rmed.2026.108693,2026-01-29,article,Respiratory Medicine,Previously screened title-explicit set,974,
A2,Robotic endoscopic search / navigation,机器人内镜搜索 / 导航,2026,YTD through 2026-08-06,White bread as the final preexamination meal improves gastric cleanliness and visualization during magnetic capsule endoscopy,10.1097/md.0000000000048077,41861223.0,Europe PMC; OpenAlex,W7139938650; MED:41861223,https://doi.org/10.1097/md.0000000000048077,2026-03-20,article,Medicine,Previously screened title-explicit set,979,"Suboptimal gastric preparation remains a critical factor limiting visualization efficacy in magnetically controlled capsule endoscopy (MCE). Notably, preliminary observations indicate that patients consuming white bread as their final pre-MCE diet showed improved gastric mucosal visibility. This study therefore seeks to evaluate the association between the final pre-procedural diet and gastric preparation quality in MCE examinations. A total of 230 patients scheduled for MCE were enrolled in this non-randomized controlled cohort study, with 115 patients received white bread as their pre-MCE diet the day preceding the examination, while patients in control group (n = 115) who consumed steamed or boiled rice was 1: 1 matched by age group and helicobacter pylori status. Gastric cleanliness and mucosal visualization quality were assessed by a panel of 3 independent endoscopists. Secondary outcome measures included comparative analysis of procedural duration and diagnostic yield for atrophic gastritis and polyps. The total score of gastric cleanliness in the white bread group was significantly higher than that in the control group, 22.45 versus15.85 (mean difference 6.63, 95% CI 6.05-7.16, P <.001). The total score of mucosal visualization in the white bread group was significantly better than that in the control group, 22.03 versus 13.44, (mean difference 8.59, 95% CI 7.94-9.24, P <.001). The control group had 6% of patients with inadequate cleanliness versus 0% in the white bread group, P = .021. The total examination duration of the white bread group was significantly shorter than that of the control group, 16.48min versus 27.76min (mean difference 11.28, 95% CI 9.75-15.33, P <.001). Consumption of white bread as pre-MCE diet the day preceding the examination was associated with significantly improved gastric cleanliness, as compared with steamed or boiled rice. Further research is needed on more standardized dietary protocols."
A3,Robotic OCT / ophthalmic scanning,机器人 OCT / 眼科扫描,2021,full year,Autofocusing and Autoaligning Robotic Optical Coherence Tomography,,,OpenAlex,W3180649980,https://openalex.org/W3180649980,2021-06-21,article,Investigative Ophthalmology & Visual Science,Previously screened title-explicit set,983,
A3,Robotic OCT / ophthalmic scanning,机器人 OCT / 眼科扫描,2022,full year,Whole Brain Micro-Vascular Imaging Using Robot Assisted Optical Coherence Tomography Angiography,10.1109/jstqe.2022.3229659,,OpenAlex,W4312294187,https://doi.org/10.1109/jstqe.2022.3229659,2022-12-16,article,IEEE Journal of Selected Topics in Quantum Electronics,Previously screened title-explicit set,985,"Optical coherence tomography angiography (OCTA) can provide depth resolved image of microvasculature but fail to acquire both high resolution and large field imaging of an irregular sample. The robotic arm can easily scan along the sample surface to ensure that the sample at the same depth is all in the same focal plane, so OCTA can be obtained without the effect of unevenly distributed resolution and fall off as occurred in conventional imaging with linear scanning of irregular sample. So, we integrated a 120 kHz OCT with a robotic arm and proposed a novel calibration method for robotic arm with a repeatability positioning accuracy of ∼60μm. A correlation mapping (CM) masked eigen decomposition OCTA was proposed with CM > 0.6 for binarization to improve the vascular visualization and CM > 0.99 for extraction of big vessels to enhance stitching efficacy. With the aid of robotic arm, micro-vascular OCTA of whole mouse brain was achieved for the first time, to our knowledge, over a volume size of 10 mm × 8.1 mm × 1 mm with a resolution of ∼4μm(axial) x ∼6μm(lateral). We believe robot assisted OCTA system will have great potential in biomedical application like intraoperative navigation and other fields."
A3,Robotic OCT / ophthalmic scanning,机器人 OCT / 眼科扫描,2023,full year,Robotic Optical Coherence Tomography of Human Subjects with Posture-Invariant Head and Eye Alignment in Six Degrees of Freedom.,10.1109/ismr57123.2023.10130250,39092148.0,Europe PMC,MED:39092148,https://doi.org/10.1109/ismr57123.2023.10130250,2023-04-01,,... International Symposium on Medical Robotics. International Symposium on Medical Robotics,Previously screened title-explicit set,986,"Ophthalmic optical coherence tomography (OCT) has achieved remarkable clinical success but remains sequestered in ophthalmology specialty offices. Recently introduced robotic OCT systems seek to expand patient access but fall short of their full potential due to significant imaging workspace and motion planning restrictions. Here, we present a next-generation robotic OCT system capable of imaging in any head orientation or posture that is mechanically reachable. This system overcomes prior restrictions by eliminating fixed-base tracking components, extending robot reach, and planning alignment in six degrees of freedom. With this robotic system, we show repeatable subject imaging independent of posture (standing, seated, reclined, and supine) under widely varying head orientations for multiple human subjects. For each subject, we obtained a consistent view of the retina, including the fovea, retinal vasculature, and edge of the optic nerve head. We believe this robotic approach can extend OCT as an eye disease screening, diagnosis, and monitoring tool to previously unreached patient populations."
A3,Robotic OCT / ophthalmic scanning,机器人 OCT / 眼科扫描,2024,full year,Active Motion Cancellation for Robotic Optical Coherence Tomography of Moving Eyes: A Nystagmus Phantom Study.,10.1109/ismr63436.2024.10585590,40308375.0,Europe PMC,MED:40308375,https://doi.org/10.1109/ismr63436.2024.10585590,2024-06-01,,... International Symposium on Medical Robotics. International Symposium on Medical Robotics,Previously screened title-explicit set,987,"Optical coherence tomography (OCT) is a preferred imaging technology in ophthalmology for diagnosis and management of eye disease. Standard-of-care clinical OCT systems require patients to sit upright, brace their head against the instrument, and fix their gaze into its sensing aperture. These limitations exclude those with involuntary head and eye movements, such as those present in Parkinson's disease and nystagmus, respectively, from undergoing OCT imaging. To overcome these restrictions, we combine our robotic OCT paradigm, which allows flexible patient positioning during imaging, with active cancellation of periodic motion to reduce image artifact during acquisition. We accomplish this by measuring eye motion with on-board pupil cameras, fitting the movement profile in real-time, and augmenting OCT scan waveforms using the predicted eye position. We evaluate this predictive imaging scheme with eye phantoms to precisely simulate motions typical of head and eye movement disorders and compare it to real-time scan aiming. Using registration shift in captured OCT images to quantify residual motion artifact, we demonstrate motion reduction by up to 98.5 % for typical nystagmus frequencies and an average 3.4 × reduction in residual motion compared to scan aiming alone. This approach may provide access to accurate OCT imaging for those with involuntary eye and head movement."
A3,Robotic OCT / ophthalmic scanning,机器人 OCT / 眼科扫描,2024,full year,Donor kidney assessment by robotic optical coherence tomography,10.1038/s44222-024-00254-6,,OpenAlex,W4403032682,https://doi.org/10.1038/s44222-024-00254-6,2024-10-01,article,Nature Reviews Bioengineering,Previously screened title-explicit set,988,
A3,Robotic OCT / ophthalmic scanning,机器人 OCT / 眼科扫描,2024,full year,First-in-human spinal cord tumor imaging with fast adaptive focus tracking robotic-OCT,10.48550/arxiv.2410.21809,,OpenAlex; arXiv,W4404342108; 2410.21809v2,https://doi.org/10.48550/arxiv.2410.21809,2024-10-29,preprint,arXiv (Cornell University),Previously screened title-explicit set,989,"Current surgical procedures for spinal cord tumors lack in vivo high-resolution, high-speed multifunctional imaging systems, posing challenges for precise tumor resection and intraoperative decision-making. This study introduces the Fast Adaptive Focus Tracking Robotic Optical Coherence Tomography (FACT-ROCT) system,designed to overcome these obstacles by providing real-time, artifact-free multifunctional imaging of spinal cord tumors during surgery. By integrating cross-scanning, adaptive focus tracking and robotics, the system addresses motion artifacts and resolution degradation from tissue movement, achieving wide-area, high-resolution imaging. We conducted intraoperative imaging on 21 patients, including 13 with spinal gliomas and 8 with other tumors. This study marks the first demonstration of OCT in situ imaging of human spinal cord tumors, providing micrometer-scale in vivo structural images and demonstrating FACT-ROCT's potential to differentiate various tumor types in real-time. Analysis of the attenuation coefficients of spinal gliomas revealed increased heterogeneity with higher malignancy grades. So, we proposed the standard deviation of the attenuation coefficient as a physical marker, achieving over 90% accuracy in distinguishing high- from low-grade gliomas intraoperatively at a threshold. FACT-ROCT even enabled extensive in vivo microvascular imaging of spinal cord tumors, covering 70 mm * 13 mm * 10 mm within 2 minutes. Quantitative vascular tortuosity comparisons confirmed greater tortuosity in higher-grade tumors. The ability to perform extensive vascular imaging and real-time tumor grading during surgery provides critical information for surgical strategy, such as minimizing intraoperative bleeding and optimizing tumor resection while preserving functional tissue."
A3,Robotic OCT / ophthalmic scanning,机器人 OCT / 眼科扫描,2024,full year,Freeform robotic optical coherence tomography beyond the optical field-of-view limit,10.1101/2024.05.21.595073,,Europe PMC; OpenAlex,PPR:PPR856751; W4398258337,https://doi.org/10.1101/2024.05.21.595073,2024-05-23,preprint,bioRxiv (Cold Spring Harbor Laboratory),Previously screened title-explicit set,990,"Imaging complex, non-planar anatomies with optical coherence tomography (OCT) is limited by the optical field of view (FOV) in a single volumetric acquisition. Combining linear mechanical translation with OCT extends the FOV but suffers from inflexibility in imaging non-planar anatomies. We report the freeform robotic OCT to fill this gap. To address challenges in volumetric reconstruction associated with the robotic movement accuracy being two orders of magnitudes worse than OCT imaging resolution, we developed a volumetric registration algorithm based on simultaneous localization and mapping (SLAM) to overcome this limitation. We imaged the entire aqueous humor outflow pathway, whose imaging has the potential to customize glaucoma surgeries but is typically constrained by the FOV, circumferentially in mice as a test. We acquired volumetric OCT data at different robotic poses and reconstructed the entire anterior segment of the eye. The reconstructed volumes showed heterogeneous Schlemm's canal (SC) morphology in the reconstructed anterior segment and revealed a segmental nature in the circumferential distribution of collector channels (CC) with spatial features as small as a few micrometers."
A3,Robotic OCT / ophthalmic scanning,机器人 OCT / 眼科扫描,2024,full year,Large area kidney imaging for pre-transplant evaluation using real-time robotic optical coherence tomography,10.1038/s44172-024-00264-7,39223332.0,Europe PMC; OpenAlex,W4402148399; W4387669273; PPR:PPR742738; MED:39223332,https://doi.org/10.1038/s44172-024-00264-7,2024-09-02,article,Communications Engineering,Previously screened title-explicit set,991,"<title>Abstract</title>  <p>Optical coherence tomography (OCT) is a high-resolution imaging modality that can be used to image microstructures of human kidneys. These images can be analyzed to evaluate the viability of the organ for transplantation. However, current OCT devices suffer from insufficient field-of-view, leading to biased examination outcomes when only small portions of the kidney can be assessed. Here we present a robotic OCT system where an OCT probe is integrated with a robotic manipulator, enabling wider area spatially-resolved imaging. With the proposed system, it becomes possible to comprehensively scan the kidney surface and provide large area parameterization of the microstructures. We verified the probe tracking accuracy with a phantom as 0.0762 ± 0.0727 mm and demonstrated its clinical feasibility by scanning <italic>ex vivo</italic> kidneys. The parametric map exhibits fine vasculatures beneath the kidney surface. Quantitative analysis on the proximal convoluted tubule from the <italic>ex vivo</italic> human kidney yields highly clinical-relevant information.</p>"
A3,Robotic OCT / ophthalmic scanning,机器人 OCT / 眼科扫描,2024,full year,Large area robotically assisted optical coherence tomography (LARA-OCT),10.1364/boe.525524,,OpenAlex,W4397002329,https://doi.org/10.1364/boe.525524,2024-05-17,article,Biomedical Optics Express,Previously screened title-explicit set,992,"We demonstrate large-area robotically assisted optical coherence tomography (LARA-OCT), utilizing a seven-degree-of-freedom robotic arm in conjunction with a 3.3 MHz swept-source OCT to raster scan samples of arbitrary shape. By combining multiple fields of view (FOV), LARA-OCT can probe a much larger area than conventional OCT. Also, nonplanar and curved surfaces like skin on arms and legs can be probed. The lenses in the LARA-OCT scanner with their normal FOV can have fewer aberrations and less complex optics compared to a single wide field design. This may be especially critical for high resolution scans. We directly use our fast MHz-OCT for tracking and stitching, making additional machine vision systems like cameras, positioning, tracking or navigation devices obsolete. This also eliminates the need for complex coordinate system registration between OCT and the machine vision system. We implemented a real time probe-to-surface control that maintains the probe alignment orthogonal to the sample by only using surface information from the OCT images. We present OCT data sets with volume sizes of 140 × 170 × 20 mm 3 , captured in 2.5 minutes."
A3,Robotic OCT / ophthalmic scanning,机器人 OCT / 眼科扫描,2025,full year,Intraoperative Fast Adaptive Focus Tracking Robotic OCT Enables Real‐Time Tumor Grading and Large‐Area Microvascular Imaging in Human Spinal Cord Surgery,10.1002/advs.202503566,40278646.0,Europe PMC; OpenAlex,W4413062668; W4409801766; MED:40278646,https://doi.org/10.1002/advs.202503566,2025-04-25,article,Advanced Science,Previously screened title-explicit set,993,"Current surgical procedures for spinal cord tumors lack in vivo high-resolution multifunctional imaging systems, hindering precise tumor resection. This study introduces the fast adaptive focus tracking robotic optical coherence tomography (FACT-ROCT) system, which provides real-time, artifact-free imaging during surgery, addressing motion artifacts and resolution degradation. Imaging occurs in 22 patients, including 13 with gliomas (WHO grade I-IV). This represents the first in situ OCT imaging of human spinal cord tumors, enabling the differentiation of tumor types in real-time. The standard deviation of the attenuation coefficient serves as a physical marker, achieving 90.2%  ±  2.7% accuracy in distinguishing high- from low-grade gliomas intraoperatively at a threshold of 0.75  ±  0.01 mm<sup>-1</sup>. FACT-ROCT also enables microvascular imaging, covering areas of 70 mm × 13 mm × 10 mm within 2 min and revealing greater vascular tortuosity in higher-grade tumors. This extensive imaging capability provides critical information that guides surgical strategies, enhancing surgical outcomes. Overall, FACT-ROCT represents a significant advancement in intraoperative imaging, offering high-resolution, high-speed, and comprehensive insights into spinal cord tumor structure and vasculature."
A3,Robotic OCT / ophthalmic scanning,机器人 OCT / 眼科扫描,2025,full year,Mobile Robotic Optical Coherence Tomography System for Ophthalmic Imaging in Clinical Environments.,10.1109/ismr67322.2025.11025963,40747362.0,Europe PMC,MED:40747362,https://doi.org/10.1109/ismr67322.2025.11025963,2025-05-01,,... International Symposium on Medical Robotics. International Symposium on Medical Robotics,Previously screened title-explicit set,994,"Optical coherence tomography (OCT) is an indispensable imaging modality for the diagnosis and management of many common eye diseases. We previously presented a fixed-base robotic OCT system to enable automated imaging and alleviate the necessity for restricted patient posture required by traditional clinical OCT. To adapt our system to diverse clinic environments, we introduce a mobile robotic OCT system designed for imaging patients in diverse clinical configurations. Our system includes a robot arm, a vertical motorized lift, and a wheeled cart housing essential components for the entire system, and is equipped with real-time motion planning algorithms for head movement tracking and obstacle avoidance during imaging sessions. We validate the system's workspace through robot kinematics and clinical simulation, evaluate dynamic tracking accuracy in real world experiments, and demonstrate obstacle avoidance capability in both simulation and real world. These features will allow us to perform OCT imaging in real clinical settings in the near future."
A3,Robotic OCT / ophthalmic scanning,机器人 OCT / 眼科扫描,2025,full year,Robotic Optical Coherence Tomography With Expanded Three-Dimensional Field-of-View Using Point-Cloud-Based Volumetric Montaging,10.1109/tmi.2025.3580383,40526559.0,Europe PMC; OpenAlex,MED:40526559; W4411359083,https://doi.org/10.1109/tmi.2025.3580383,2025-06-17,article,IEEE Transactions on Medical Imaging,Previously screened title-explicit set,995,"Imaging complex, non-planar anatomies with optical coherence tomography (OCT) is limited by the optical field of view (FOV) in a single volumetric acquisition. Combining linear mechanical translation with OCT extends the FOV but suffers from inflexibility in imaging non-planar anatomies. We report the robotic OCT to fill this gap. To address challenges in volumetric reconstruction associated with the robotic movement accuracy being two orders of magnitudes worse than OCT imaging resolution, we developed a volumetric montaging algorithm. To test the robotic OCT, we imaged the entire circumferential aqueous humor outflow pathway, whose imaging has the potential to customize glaucoma surgeries but is typically constrained by the FOV in mice in vivo. We acquired volumetric OCT data at different robotic poses and reconstructed the entire anterior segment of the eye. From the segmented Schlemm's canal volume, we showed its circumferentially heterogeneous morphology; we also revealed a segmental nature in the circumferential distribution of collector channels with spatial features as small as a few micrometers."
A3,Robotic OCT / ophthalmic scanning,机器人 OCT / 眼科扫描,2026,YTD through 2026-08-06,6D Robotic OCT Scanning of Curved Tissue Surfaces,10.48550/arxiv.2603.22012,,OpenAlex; arXiv,2603.22012v1; W7140168582; W7140345776,https://openalex.org/W7140345776,2026-03-23,preprint,arXiv (Cornell University),Previously screened title-explicit set,997,"Optical coherence tomography (OCT) is a non-invasive volumetric imaging modality with high spatial and temporal resolution. For imaging larger tissue structures, OCT probes need to be moved to scan the respective area. For handheld scanning, stitching of the acquired OCT volumes requires overlap to register the images. For robotic scanning and stitching, a typical approach is to restrict the motion to translations, as this avoids a full hand-eye calibration, which is complicated by the small field of view of most OCT probes. However, stitching by registration or by translational scanning are limited when curved tissue surfaces need to be scanned. We propose a marker for full six-dimensional hand-eye calibration of a robot mounted OCT probe. We show that the calibration results in highly repeatable estimates of the transformation. Moreover, we evaluate robotic scanning of two phantom surfaces to demonstrate that the proposed calibration allows for consistent scanning of large, curved tissue surfaces. As the proposed approach is not relying on image registration, it does not suffer from a potential accumulation of errors along a scan path. We also illustrate the improvement compared to conventional 3D-translational robotic scanning."
A4,Robotic dermoscopy / skin scanning,机器人皮肤镜 / 皮肤扫描,2024,full year,"Prospective multicenter comparative study of dermoscopic images of a standard dermatoscope and an Autonomous TBP/Dermoscopic Imaging device (DeviskanR) (""Deviskan QS""-Quality Study)",10.1016/j.ejcskn.2024.100102,,OpenAlex,W4399146016,https://doi.org/10.1016/j.ejcskn.2024.100102,2024-01-01,article,EJC Skin Cancer,Previously screened title-explicit set,999,"Background: An autonomous medical device (Deviskan) has been recently developed. The device consists of a dedicated cabin with a robot for standard image acquisition that incorporates a photographic equipment for total body cross-polarised photography, a dedicated software to identify and segment pigmented lesions and a high-resolution camera for dermoscopic photography of individual lesions. In this study we compared the quality of the images using the innovative device and the traditional manual digital dermoscopic documentation."
A5,Robotic auscultation,机器人听诊,2022,full year,Automated Heart and Lung Auscultation in Robotic Physical Examinations,10.1109/lra.2022.3149576,,OpenAlex; arXiv,W4210919284; 2201.09511v1; W4285661753,https://doi.org/10.1109/lra.2022.3149576,2022-01-24,article,IEEE Robotics and Automation Letters,Previously screened title-explicit set,1000,"This letter presents the first implementation of autonomous robotic auscultation of heart and lung sounds. To select auscultation locations that generate high-quality sounds, a Bayesian Optimization (BO) formulation leverages visual anatomical cues to predict where high-quality sounds might be located, while using auditory feedback to adapt to patient-specific anatomical qualities. Sound quality is estimated online using machine learning models trained on a database of heart and lung stethoscope recordings. Experiments on 4 human subjects show that our system autonomously captures heart and lung sounds of similar quality compared to tele-operation by a human trained in clinical auscultation. Surprisingly, one of the subjects exhibited a previously unknown cardiac pathology that was first identified using our robot, which demonstrates the potential utility of autonomous robotic auscultation for health screening."
A5,Robotic auscultation,机器人听诊,2023,full year,Development of a Collaborative Robotic Platform for Autonomous Auscultation,10.3390/app13031604,,OpenAlex,W4318473649,https://doi.org/10.3390/app13031604,2023-01-27,article,Applied Sciences,Previously screened title-explicit set,1001,"Listening to internal body sounds, or auscultation, is one of the most popular diagnostic techniques in medicine. In addition to being simple, non-invasive, and low-cost, the information it offers, in real time, is essential for clinical decision-making. This process, usually done by a doctor in the presence of the patient, currently presents three challenges: procedure duration, participants’ safety, and the patient’s privacy. In this article we tackle these by proposing a new autonomous robotic auscultation system. With the patient prepared for the examination, a 3D computer vision sub-system is able to identify the auscultation points and translate them into spatial coordinates. The robotic arm is then responsible for taking the stethoscope surface into contact with the patient’s skin surface at the various auscultation points. The proposed solution was evaluated to perform a simulated pulmonary auscultation in six patients (with distinct height, weight, and skin color). The obtained results showed that the vision subsystem was able to correctly identify 100% of the auscultation points, with uncontrolled lighting conditions, and the positioning subsystem was able to accurately position the gripper on the corresponding positions on the human body. Patients reported no discomfort during auscultation using the described automated procedure."
A5,Robotic auscultation,机器人听诊,2023,full year,Suppression of Clothing-Induced Acoustic Attenuation in Robotic Auscultation,10.3390/s23042260,36850859.0,Europe PMC; OpenAlex,MED:36850859; W4321232439,https://doi.org/10.3390/s23042260,2023-02-17,article,Sensors,Previously screened title-explicit set,1002,"For patients who are often embarrassed and uncomfortable when exposing their breasts and having them touched by physicians of different genders during auscultation, we are developing a robotic system that performs auscultation over clothing. As the technical issue, the sound obtained through the clothing is often attenuated. This study aims to investigate clothing-induced acoustic attenuation and develop a suppression method for it. Because the attenuation is due to the loss of energy as sound propagates through a medium with viscosity, we hypothesized that the attenuation is improved by compressing clothing and shortening the sound propagation distance. Then, the amplitude spectrum of the heart sound was obtained over clothes of different thicknesses and materials in a phantom study and human trial at varying contact forces with a developed passive-actuated end-effector. Our results demonstrate the feasibility of the attenuation suppression method by applying an optimum contact force, which varied according to the clothing condition. In the phantom experiments, the attenuation rate was improved maximumly by 48% when applying the optimal contact force (1 N). In human trials, the attenuation rate was under the acceptable attenuation (40%) when applying the optimal contact force in all combinations in each subject. The proposed method promises the potential of robotic auscultation toward eliminating gender bias."
A5,Robotic auscultation,机器人听诊,2025,full year,Method of synthesizing and enhancing multiple auscultatory sounds for safe and efficient robotic auscultation.,10.1109/embc58623.2025.11254011,41336433.0,Europe PMC,MED:41336433,https://doi.org/10.1109/embc58623.2025.11254011,2025-07-01,,Annual International Conference of the IEEE Engineering in Medicine and Biology Society. IEEE Engineering in Medicine and Biology Society. Annual International Conference,Previously screened title-explicit set,1004,"Traditional auscultation requires direct skin contact to ensure optimal diagnostic accuracy. However, this often necessitates that patients remove clothing, which may lead to discomfort or embarrassment - especially in situations involving physicians and patients of different genders. For efficient, safe and gender-free auscultation, we are developing a robotic multi-acoustic sensor array system capable of acquiring auscultatory sounds in the chest and back. Since multiple acoustic sensors are placed for each auscultation position, it is necessary to post-process the acoustic data acquired by each auscultation sensor to generate diagnostic available auscultatory sounds. This study proposes a method to synthesize heart sounds from multiple sensors to enhance clarity. Noise reduction was applied, followed by delay compensation to align heart sound peaks. Weighted synthesis based on peak amplitudes improved the signal-to-noise ratio (SNR). Experiments with six subjects showed SNR improvement in all cases, with three subjects achieving over a 3 dB increase. These results confirm the effectiveness of this method in enhancing auscultation sound quality.Clinical Relevance- This method improves robotic auscultation by enhancing heart sound clarity and reducing noise. It enables non-contact, efficient diagnosis, potentially improving telemedicine, automated screenings, and accessibility for patients with mobility or privacy concerns."
A7,Robotic optical / spectral / thermal scanning,机器人光学 / 光谱 / 热成像扫描,2013,full year,Detection of Sentinel Nodes for Endometrial Cancer With Robotic Assisted Fluorescence Imaging: Cervical Versus Hysteroscopic Injection,10.1097/igc.0b013e3182a616f6,24177256.0,Europe PMC; OpenAlex,MED:24177256; W2090471589,https://doi.org/10.1097/igc.0b013e3182a616f6,2013-09-14,article,International Journal of Gynecological Cancer,Previously screened title-explicit set,1006,<h4>Objective</h4>Sentinel lymph node (SLN) mapping with indocyanine green (ICG) detected by robotic near infrared (NIR) imaging is a feasible technique. The optimal site of injection (cervical or endometrial) for endometrial cancer has yet to be determined. We prospectively evaluated SLN mapping after cervical and endometrial injections of ICG to compare the detection rates and patterns of nodal distribution.<h4>Methods</h4>Twenty-nine subjects with endometrial cancer undergoing robotic hysterectomy with lymphadenectomy by a single surgeon received SLN mapping with robotic fluorescence imaging. Seventeen patients received cervical injections of 1 mg of ICG and 12 patients received hysteroscopic endometrial injections of 0.5-mg ICG. Detection rates between the 2 groups were compared using Fisher exact tests. Continuous variables such as operating room times and body mass index were compared using t tests.<h4>Results</h4>The SLN detection rate was 82% (14/17) for cervical and 33% (4/12) for hysteroscopic injection (P = 0.027). Sentinel lymph nodes were seen bilaterally in 57% (8/14) of the cervical injection group and 50% (2/4) of the hysteroscopic group. Para-aortic SLNs were seen in 71% (10/14) of patients who mapped after cervical injection and 75% (3/4) patients who mapped after hysteroscopic injection. There was 1 false-negative SLN in the cervical injection group.<h4>Conclusions</h4>Cervical ICG injection achieves a higher SLN detection rate and a similar anatomic nodal distribution as hysteroscopic endometrial injection for SLN mapping in patients with endometrial cancer.
A7,Robotic optical / spectral / thermal scanning,机器人光学 / 光谱 / 热成像扫描,2014,full year,The sensitivity of sentinel lymph nodes identified with robotic fluorescence imaging for detecting metastatic endometrial cancer: Interim results from the FIRES trial,10.1016/j.ygyno.2014.03.075,,OpenAlex,W2026343158,https://doi.org/10.1016/j.ygyno.2014.03.075,2014-06-01,article,Gynecologic Oncology,Previously screened title-explicit set,1007,
A7,Robotic optical / spectral / thermal scanning,机器人光学 / 光谱 / 热成像扫描,2015,full year,False positive identification of sentinel lymph nodes with robotic fluorescence imaging and ICG in endometrial and cervical cancers,10.1016/j.ygyno.2015.01.501,,OpenAlex,W3193635336,https://doi.org/10.1016/j.ygyno.2015.01.501,2015-04-01,article,Gynecologic Oncology,Previously screened title-explicit set,1008,
A7,Robotic optical / spectral / thermal scanning,机器人光学 / 光谱 / 热成像扫描,2016,full year,Bilateral SLN mapping for cervical cancer with ICG and robotic fluorescence imaging is associated with greater accuracy in detecting metastatic disease,10.1016/j.ygyno.2016.04.080,,OpenAlex,W2470075567,https://doi.org/10.1016/j.ygyno.2016.04.080,2016-06-01,article,Gynecologic Oncology,Previously screened title-explicit set,1009,
A7,Robotic optical / spectral / thermal scanning,机器人光学 / 光谱 / 热成像扫描,2023,full year,Lung tissue-sparing resection of pulmonary sequestration by robot-assisted surgery combined by intraoperative fluorescence imaging: a case series,10.1055/s-0043-1771129,,OpenAlex,W4388208282,https://doi.org/10.1055/s-0043-1771129,2023-08-01,article,Zentralblatt für Chirurgie - Zeitschrift für Allgemeine Viszeral- Thorax- und Gefäßchirurgie,Previously screened title-explicit set,1013,"Background Pulmonary sequestration (PS) is a rare congenital malformation of the lung. It can lead to severe symptoms like infections or hemoptysis. Surgery is the treatment of choice in symptomatic patients. So far there are only few reports describing the use of robotic-assisted thoracoscopic surgery (RATS) in combination with intraoperative indocyanine green (ICG) fluorescence imaging for minimal-invasive resection of PS. Material and Methods 4 patients with PS were treated by RATS combined with intraoperative ICG imaging in the period between 2018-22. A full endoscopic robotic 4-arm approach using a Da Vinci X-System was performed in all patients. After dissection of aberrant vessels ICG fluorescent imaging was used to precisely identify the nonfunctional lung tissue and to define the extent of resection. Results Patients (3 female and 1 male) were in the age between 29 and 55y. There was 1 extralobar and 3 intralobar sequestrations. 1 patient presented with hemoptysis and 2 suffered from recurrent pulmonary infections. Mean operative console time was 60±16 min. Aberrant lung tissue was completely removed by wedge resections in all cases and no anatomic lung resection was required. There was no conversation to thoracotomy and no intra- or postoperative complication. Chest tubes could be removed after 2-3 days and the length of hospital stay was between 3-6 days. All patients were well without any pulmonary symptoms on follow-up evaluation. Conclusion RATS is a feasible and safe minimal-invasive surgical approach for therapy of PS. Intraoperative ICG imaging enables precise identification of abnormal tissue and allows maximal preservation of healthy lung tissue. Publication History Article published online: 21 August 2023 © 2023. Thieme. All rights reserved. Georg Thieme Verlag Rüdigerstraße 14, 70469 Stuttgart, Germany"
A8,Robotic X-ray / CT / nuclear-image acquisition,机器人 X-ray / CT / 核医学成像采集,2005,full year,A robotic C-arm fluoroscope,10.1002/rcs.34,17518397.0,Europe PMC; OpenAlex,MED:17518397; W2148281994,https://doi.org/10.1002/rcs.34,2005-09-01,article,International Journal of Medical Robotics and Computer Assisted Surgery,Manual title/abstract adjudication,181,"Fluoroscopic C-arms are common devices for acquiring images during surgery. Manual positioning is time consuming and requires considerable experience. Trained users must often take several images to find the best viewing direction. If a second image must be taken from the same position, e.g. for postoperative control, the C-arm must be moved to the exact same position. Without guidance, this is often difficult to accomplish. We developed the idea to completely ""robotize"" a standard C-arm, i.e. to equip all joints with motors and encoders. A software environment provides for intelligent control. To archive this goal a complete kinematic analysis of the fluoroscope was necessary. On the basis of this analysis a number of clinical applications have been developed: (1) simplified positioning via cartesian control; (2) automatic acquisition of panoramic images; (3) 3D CT with arbitrary viewing angles; (4) 4D intraoperative CT with/without respiration triggering; (5) automated anatomy-oriented positioning. The goal of this research is thus three-fold: minimise radiation exposure of the OR staff, reduce positioning time and offer enhanced imaging capability."
A8,Robotic X-ray / CT / nuclear-image acquisition,机器人 X-ray / CT / 核医学成像采集,2006,full year,A robotic radiographic imaging platform for observation of dynamic skeletal motion and tomography,10.1016/s0021-9290(06)84824-4,,OpenAlex,W2062782049,https://doi.org/10.1016/s0021-9290(06)84824-4,2006-01-01,article,Journal of Biomechanics,Manual title/abstract adjudication,199,
A8,Robotic X-ray / CT / nuclear-image acquisition,机器人 X-ray / CT / 核医学成像采集,2011,full year,Volume-of-Interest Imaging of the Inner Ear in a Human Temporal Bone Specimen Using a Robot- Driven C-Arm Flat Panel Detector CT System,10.3174/ajnr.a2577,,OpenAlex,W2041234533,https://doi.org/10.3174/ajnr.a2577,2011-08-11,article,American Journal of Neuroradiology,Manual title/abstract adjudication,312,"VOI imaging can provide higher image quality at a reduced dose for a subregion. In this study with a robot-driven C-arm FDCT system, the goals were proof of feasibility for inner ear imaging, higher flexibility during data acquisition, and easier processing during reconstruction. First a low-dose OV scan was acquired allowing an orientation and enabling the selection of the VOI. The C-arm was then moved by the robotic system without a need for patient movement and the VOI was scanned with adapted parameters. Uncompromised artifact-free image quality was achieved by the 2-scan approach and the dose was reduced by 80%-90% in comparison with conventional MSCT and FPCT scans."
A8,Robotic X-ray / CT / nuclear-image acquisition,机器人 X-ray / CT / 核医学成像采集,2012,full year,Development of an automatic and mobile X-ray robot: An innovative approach to medical imaging through mechatronics,10.1016/j.jfranklin.2011.11.010,,OpenAlex,W1978211855,https://doi.org/10.1016/j.jfranklin.2011.11.010,2012-01-20,article,Journal of the Franklin Institute,Manual title/abstract adjudication,327,
A8,Robotic X-ray / CT / nuclear-image acquisition,机器人 X-ray / CT / 核医学成像采集,2012,full year,Functional and Molecular Imaging of the Axilla as the Patient Is in Position for Radiation Therapy Using a Robotic Multi-pinhole SPECT System,10.1016/j.ijrobp.2012.07.643,,OpenAlex,W2001154773,https://doi.org/10.1016/j.ijrobp.2012.07.643,2012-10-25,article,International Journal of Radiation Oncology*Biology*Physics,Manual title/abstract adjudication,329,
A8,Robotic X-ray / CT / nuclear-image acquisition,机器人 X-ray / CT / 核医学成像采集,2012,full year,TH-E-BRA-01: A Line-Source Method for Aligning Onboard-Robotic-Pinhole and Other SPECT-Pinhole Systems,10.1118/1.4736362,,OpenAlex,W2042088503,https://doi.org/10.1118/1.4736362,2012-06-01,article,Medical Physics,Manual title/abstract adjudication,340,"Purpose: To achieve on-board molecular imaging in the radiation therapy room, we are developing a robotic multi-pinhole SPECT system. Alignment of the SPECT system to LINAC/CBCT coordinates is essential for target localization and image reconstruction. Pinhole alignment methods typically use point sources, which can be challenging to make and to localize. We propose a method that utilizes line sources and as few as one pinhole projection. This method is generally applicable to SPECT pinhole imaging. Methods: Line source positions are taken as known by CBCT or some other transmission imaging procedure. A model is developed relating line source positions and their pinhole-SPECT projections to pinhole-SPECT alignment parameters. Based on this model and a radon-transform detection of projected lines, alignment parameters (three detector rotations, three detector translations, and in some cases three pinhole translations) are estimated. To evaluate the method, line-source projections are computer-simulated, with blur and noise included, for three and five lines, and for several pinhole-SPECT rotations/translations. Alignment parameters are obtained and compared to true values. Results: For six parameters (3 translations, 3 rotations), errors were 0.3±0.6mm, 0.3±0.4mm, 1.1±2.2mm, 0.2±0.1deg, 0.3±0.6deg, 0.5±0.5deg using three line sources and 0.2±0.3mm, 0.5±1.2mm, 0.9±1.6mm, 0.1±0.2deg, 0.4±0.7deg, 0.2±0.4deg using five line sources. For nine parameters and five line sources, errors were 6.2±10.5mm, 8.4±16.7mm, 29.2±44.0mm, 1.9±2.8deg, 0.7±0.9deg, 0.7±1.6deg, 3.7±4.5mm, 4.8±3.3mm, 16.7±25.1mm. Replacing the line-source projection positions determined by the radon transform with true values, these nine parameters were estimated with no error using five line sources. Conclusions: Estimation of alignment parameters can be achieved using one pinhole projection of line-sources. Alignment errors are largely associated with limited accuracy of the radon transform in determining positions of line-source projections. For robotic multi-pinhole SPECT, this method shows promise to estimate relative and absolute alignment of each pinhole within the multi-pinhole system. This work is supported by NIH grant R21-CA156390-01A1."
A8,Robotic X-ray / CT / nuclear-image acquisition,机器人 X-ray / CT / 核医学成像采集,2012,full year,TU‐A‐BRA‐01: A Robotic Multi‐Pinhole SPECT System for Onboard and Other Region‐Of‐Interest Imaging,10.1118/1.4735869,,OpenAlex,W2086392587,https://doi.org/10.1118/1.4735869,2012-06-01,article,Medical Physics,Manual title/abstract adjudication,342,"Purpose: Radiation therapy beam guidance and modulation at treatment time could be substantially supported by onboard molecular and functional imaging capability. Currently there is very little range of technology available for this. Herein we propose and investigate a robotic multi‐pinhole SPECT system for this purpose. Methods: A 49‐pinhole system is designed with 7 pods and 7 pinholes per pod. Pod geometry is such that the full target region‐of‐interest (ROI) is within the FOV of all 7 pinholes for all pod distances exceeding a minimum distance from the ROI. Motion of the pods relative to one another can involve just 1 or 2 degrees of freedom per pod. Motion of the entire, composite 49‐pinhole system is provided by a robot. This design enables all 49 pinholes to view the full ROI throughout detector trajectories that can achieve sampling objectives, e.g. on line integrals measured, while also providing good resolution and sensitivity via close proximity to the ROI. The design is evaluated through computer simulation studies in which 7 and 10 mm diameter structures of 6‐to‐1 radiotracer uptake are added to the XCAT phantom. Results are compared to imaging with a compact parallel‐hole collimated detector, which is utilized as a reference for conventional SPECT imaging configurations. Results: For the 7 cm‐diameter target region of interest, the 49‐pinhole system shows markedly improved imaging as compared to the reference, parallel‐hole collimated detector. Most 7 mm and 10 mm diameter structures are readily visualized with 4 minute scans. Conclusions: In only a few minutes of scan time, the designed multi‐pinhole SPECT system can provide molecular and functional information about the target region as patients are in position for radiation therapy. This work is supported by NIH grant R21‐CA156390‐01A1."
A8,Robotic X-ray / CT / nuclear-image acquisition,机器人 X-ray / CT / 核医学成像采集,2013,full year,Onboard functional and molecular imaging: A design investigation for robotic multipinhole SPECT,10.1118/1.4845195,24387490.0,Europe PMC; OpenAlex,MED:24387490; W2085875385,https://doi.org/10.1118/1.4845195,2013-12-23,article,Medical Physics,Manual title/abstract adjudication,372,"<h4>Purpose</h4>Onboard imaging-currently performed primarily by x-ray transmission modalities-is essential in modern radiation therapy. As radiation therapy moves toward personalized medicine, molecular imaging, which views individual gene expression, may also be important onboard. Nuclear medicine methods, such as single photon emission computed tomography (SPECT), are premier modalities for molecular imaging. The purpose of this study is to investigate a robotic multipinhole approach to onboard SPECT.<h4>Methods</h4>Computer-aided design (CAD) studies were performed to assess the feasibility of maneuvering a robotic SPECT system about a patient in position for radiation therapy. In order to obtain fast, high-quality SPECT images, a 49-pinhole SPECT camera was designed which provides high sensitivity to photons emitted from an imaging region of interest. This multipinhole system was investigated by computer-simulation studies. Seventeen hot spots 10 and 7 mm in diameter were placed in the breast region of a supine female phantom. Hot spot activity concentration was six times that of background. For the 49-pinhole camera and a reference, more conventional, broad field-of-view (FOV) SPECT system, projection data were computer simulated for 4-min scans and SPECT images were reconstructed. Hot-spot localization was evaluated using a nonprewhitening forced-choice numerical observer.<h4>Results</h4>The CAD simulation studies found that robots could maneuver SPECT cameras about patients in position for radiation therapy. In the imaging studies, most hot spots were apparent in the 49-pinhole images. Average localization errors for 10-mm- and 7-mm-diameter hot spots were 0.4 and 1.7 mm, respectively, for the 49-pinhole system, and 3.1 and 5.7 mm, respectively, for the reference broad-FOV system.<h4>Conclusions</h4>A robot could maneuver a multipinhole SPECT system about a patient in position for radiation therapy. The system could provide onboard functional and molecular imaging with 4-min scan times."
A8,Robotic X-ray / CT / nuclear-image acquisition,机器人 X-ray / CT / 核医学成像采集,2013,full year,SU-D-500-06: On-Board Robotic Multi-Pinhole SPECT System for Prone Breast Imaging,10.1118/1.4814023,,OpenAlex,W2046182764,https://doi.org/10.1118/1.4814023,2013-06-01,article,Medical Physics,Manual title/abstract adjudication,379,"Purpose: To investigate a novel Single Photon Emission Computed Tomography (SPECT) system for on-board molecular and functional imaging in partial breast radiation therapy of prone patients. Methods: Computer-simulation studies were performed for on-board robotic 49-pinhole and reference conventional clinical parallel-hole collimated SPECT systems. A female XCAT phantom was simulated in prone position with nine tumors of 10mm diameter in the left breast. The simulations included two commercial prone breast boards, 24 and 7 cm thick. Four-minute trajectories of the 49-pinhole and parallel-hole systems were designed to image a 7cm-diameter target region encompassing the tumors. Noisy Poisson-distributed projection data were drawn from these simulated projections, and SPECT images were reconstructed by OSEM with up to 10 iterations. Images were evaluated by visual inspection, profiles, and root mean squared error (RMSE). Results were correlated with trajectory radii of rotation. Commercial CAD programs were utilized to evaluate the feasibility of robot and detector trajectories about the patient, treatment table, prone breast board and LINAC gantry. Results: With 4-minute scans of the proposed 49-pinhole SPECT system, using the thinner prone breast board, almost all of the 9 tumors were well visualized above background. Few if any of the tumors were apparent in the parallel-hole images. With the thinner board, lowest RMSE values, across all iterations, were 0.206 for 49-pinhole and 0.251 for parallel-hole. For the thicker board, these RMSE results were 0.234 and 0.260 respectively. These results correspond to smaller radii of rotation with the thinner board. CAD simulations indicate feasibility in terms of geometrical considerations. Conclusion: The proposed on-board robotic multi-pinhole SPECT approach shows promising results for targeted molecular and functional imaging of the breast as patients are in prone position for radiation therapy, especially with breast boards that allow closer detector proximity. PHS/NIH/NCI grant R21-CA156390-01A1"
A8,Robotic X-ray / CT / nuclear-image acquisition,机器人 X-ray / CT / 核医学成像采集,2013,full year,TH-A-WAB-04: Respiratory Sorted Imaging Using Region-Of-Interest Robotic Multi-Pinhole SPECT System,10.1118/1.4815698,,OpenAlex,W2001709366,https://doi.org/10.1118/1.4815698,2013-06-01,article,Medical Physics,Manual title/abstract adjudication,382,"Purpose: Single Photon Emission Computed Tomography (SPECT) may provide important information on tumors in the thorax and abdomen. Respiratory sorted imaging using conventional full cross-section methods is generally degraded by noise. The purpose is to investigate noise reduction by region-of-interest (ROI) SPECT. Methods: The 4D XCAT phantom was computer simulated with a 10mm diameter tumor added in the right lung. Respiratory motion was simulated for 6 and 10 phases, accomplished by simulating 30 frames in one 5sec respiratory cycle. A non-sorted phantom was generated by summing the 30 phantoms to mimic motion blur. A static phantom with no respiratory motion was simulated using one of the 30 phantoms. The maximum tumor motion was 2cm Sup/Inf and 1.2cm AP. Projections were computer simulated for 4-minute scans with a reference conventional parallel-hole collimated SPECT and a 49-pinhole SPECT that was optimized to image a 7cm diameter region-of-interest(ROI) encompassing the tumor and its motion. Noisy projections were then generated with random Poisson noise. The SPECT images were reconstructed by OSEM with up to 7 iterations. Images were evaluated as a function of phase by visual inspection and root mean squared error (RMSE). Results: The tumor was visualized well above background in most phases for the 49-pinhole SPECT scan. Visual quality was not as good for the parallel-hole scan. The 49-pinhole SPECT resulted in smaller RMSEs than the broader cross-section parallel-hole detector. RMSE values were around 0.11 for the 49-pinhole SPECT scan and 0.18 for the parallel-hole SPECT scan. The RMSEs for 10 respiratory phases were similar to that of 6 phases. Conclusion: The higher sensitivity and resolution of ROI imaging can alleviate noise effects of respiratory sorted imaging, provided the motion range is within the ROI. The specific ROI SPECT system could enable this gated imaging on-board radiation therapy machines. PHS/NIH/NCI grant R21-CA156390-01A1"
A8,Robotic X-ray / CT / nuclear-image acquisition,机器人 X-ray / CT / 核医学成像采集,2013,full year,WE‐G‐500‐09: Robotic Multi‐Pinhole Scenarios for SPECT Molecular and Functional Imaging Onboard and in Other Applications,10.1118/1.4815642,,OpenAlex,W1987369557,https://doi.org/10.1118/1.4815642,2013-06-01,article,Medical Physics,Manual title/abstract adjudication,389,"Purpose: Single Photon Emission Computed Tomography (SPECT) is one of the two predominant modes of nuclear emission tomography, the other being Positron Emission Tomography (PET). An important recent advance has been region‐of‐interest (ROI) SPECT for cardiac imaging. For SPECT imaging onboard radiation therapy machines, we have proposed a robotic, multi‐pinhole SPECT approach. Robotic maneuvering facilitates navigation of the SPECT system about patient, patient table, and gantry, and it also enables more flexible positioning of the pinholes. Even more pinhole‐positioning flexibility can be provided by enabling more degrees of freedom (DOFs) in the motion of pinholes relative to one another. This will likely increase imaging performance, but also system cost. The purpose of this study is to investigate imaging performance as a function of DOFs in relative pinhole motion. This has bearing for molecular and functional imaging onboard radiation therapy machines, and also for other applications of SPECT ROI imaging. Methods: A 49‐pinhole system which we have previously presented is considered for imaging ROIs smaller than, equal in size to, and larger than the ROI for which the system was optimized. This system has one internal DOF which enables relative motion among the seven 7‐pinhole pods that comprise the system. Also considered is a second system in which 7 additional DOFs enable relative motion of the pinholes within each pod. Imaging performance of these two 49‐pinhole systems is compared over a range of ROI sizes. Results: The additional DOFs can improve proximity to smaller ROIs and thereby improve SPECT sensitivity and resolution for those ROIs. Conclusion: SPECT ROI imaging can be advanced by a multi‐pinhole approach that enables greater relative motion of pinholes. This work was supported by PHS/NIH/NCI grant 5R21CA156390."
A8,Robotic X-ray / CT / nuclear-image acquisition,机器人 X-ray / CT / 核医学成像采集,2014,full year,A hardware investigation of robotic SPECT for functional and molecular imaging onboard radiation therapy systems,10.1118/1.4898121,25370663.0,Europe PMC; OpenAlex,MED:25370663; W2087186879,https://doi.org/10.1118/1.4898121,2014-10-22,article,Medical Physics,Manual title/abstract adjudication,393,"<h4>Purpose</h4>To construct a robotic SPECT system and to demonstrate its capability to image a thorax phantom on a radiation therapy flat-top couch, as a step toward onboard functional and molecular imaging in radiation therapy.<h4>Methods</h4>A robotic SPECT imaging system was constructed utilizing a gamma camera detector (Digirad 2020tc) and a robot (KUKA KR150 L110 robot). An imaging study was performed with a phantom (PET CT Phantom(TM)), which includes five spheres of 10, 13, 17, 22, and 28 mm diameters. The phantom was placed on a flat-top couch. SPECT projections were acquired either with a parallel-hole collimator or a single-pinhole collimator, both without background in the phantom and with background at 1/10th the sphere activity concentration. The imaging trajectories of parallel-hole and pinhole collimated detectors spanned 180° and 228°, respectively. The pinhole detector viewed an off-centered spherical common volume which encompassed the 28 and 22 mm spheres. The common volume for parallel-hole system was centered at the phantom which encompassed all five spheres in the phantom. The maneuverability of the robotic system was tested by navigating the detector to trace the phantom and flat-top table while avoiding collision and maintaining the closest possible proximity to the common volume. The robot base and tool coordinates were used for image reconstruction.<h4>Results</h4>The robotic SPECT system was able to maneuver parallel-hole and pinhole collimated SPECT detectors in close proximity to the phantom, minimizing impact of the flat-top couch on detector radius of rotation. Without background, all five spheres were visible in the reconstructed parallel-hole image, while four spheres, all except the smallest one, were visible in the reconstructed pinhole image. With background, three spheres of 17, 22, and 28 mm diameters were readily observed with the parallel-hole imaging, and the targeted spheres (22 and 28 mm diameters) were readily observed in the pinhole region-of-interest imaging.<h4>Conclusions</h4>Onboard SPECT could be achieved by a robot maneuvering a SPECT detector about patients in position for radiation therapy on a flat-top couch. The robot inherent coordinate frames could be an effective means to estimate detector pose for use in SPECT image reconstruction."
A8,Robotic X-ray / CT / nuclear-image acquisition,机器人 X-ray / CT / 核医学成像采集,2014,full year,MO‐G‐17A‐02: Computer Simulation Studies for On‐Board Functional and Molecular Imaging of the Prostate Using a Robotic Multi‐Pinhole SPECT System,10.1118/1.4889204,,OpenAlex,W2030644841,https://doi.org/10.1118/1.4889204,2014-05-29,article,Medical Physics,Manual title/abstract adjudication,412,"Purpose: To investigate prostate imaging onboard radiation therapy machines using a novel robotic, 49‐pinhole Single Photon Emission Computed Tomography (SPECT) system. Methods: Computer‐simulation studies were performed for region‐of‐interest (ROI) imaging using a 49‐pinhole SPECT collimator and for broad cross‐section imaging using a parallel‐hole SPECT collimator. A male XCAT phantom was computersimulated in supine position with one 12mm‐diameter tumor added in the prostate. A treatment couch was added to the phantom. Four‐minute detector trajectories for imaging a 7cm‐diameter‐sphere ROI encompassing the tumor were investigated with different parameters, including pinhole focal length, pinhole diameter and trajectory starting angle. Pseudo‐random Poisson noise was included in the simulated projection data, and SPECT images were reconstructed by OSEM with 4 subsets and up to 10 iterations. Images were evaluated by visual inspection, profiles, and Root‐Mean‐ Square‐Error (RMSE). Results: The tumor was well visualized above background by the 49‐pinhole SPECT system with different pinhole parameters while it was not visible with parallel‐hole SPECT imaging. Minimum RMSEs were 0.30 for 49‐pinhole imaging and 0.41 for parallelhole imaging. For parallel‐hole imaging, the detector trajectory from rightto‐ left yielded slightly lower RMSEs than that from posterior to anterior. For 49‐pinhole imaging, near‐minimum RMSEs were maintained over a broader range of OSEM iterations with a 5mm pinhole diameter and 21cm focal length versus a 2mm diameter pinhole and 18cm focal length. The detector with 21cm pinhole focal length had the shortest rotation radius averaged over the trajectory. Conclusion: On‐board functional and molecular prostate imaging may be feasible in 4‐minute scan times by robotic SPECT. A 49‐pinhole SPECT system could improve such imaging as compared to broadcross‐section parallel‐hole collimated SPECT imaging. Multi‐pinhole imaging can be improved by considering pinhole focal length, pinhole diameter, and trajectory starting angle. The project is supported by the NIH grant 5R21‐CA156390."
A8,Robotic X-ray / CT / nuclear-image acquisition,机器人 X-ray / CT / 核医学成像采集,2014,full year,On-board Robotic Multi-pinhole SPECT System for Region-of-interest (ROI) Imaging,,,OpenAlex,W43475619,https://openalex.org/W43475619,2014-01-01,dissertation,DukeSpace (Duke University),Manual title/abstract adjudication,415,"&lt;p&gt;On-board image guidance, such as cone-beam CT (CBCT) and kV/MV 2D imaging, is essential in many radiation therapy procedures, such as intensity modulated radiotherapy (IMRT) and stereotactic body radiation therapy (SBRT). These imaging techniques provide predominantly anatomical information for treatment planning and target localization. Recently, studies have shown that treatment planning based on functional and molecular information about the tumor and surrounding tissue could potentially improve the effectiveness of radiation therapy. However, current on-board imaging systems are limited in their functional and molecular imaging capability. Single Photon Emission Computed Tomography (SPECT) is a candidate to achieve on-board functional and molecular imaging. Traditional SPECT systems typically take 20 minutes or more for a scan, which is too long for on-board imaging. A robotic multi-pinhole SPECT system was proposed in this dissertation to provide shorter imaging time by using a robotic arm to maneuver the multi-pinhole SPECT system around the patient in position for radiation therapy. &lt;/p&gt;&lt;p&gt;A 49-pinhole collimated SPECT detector and its shielding were designed and simulated in this work using the computer-aided design (CAD) software. The trajectories of robotic arm about the patient, treatment table and gantry in the radiation therapy room and several detector assemblies such as parallel holes, single pinhole and 49 pinholes collimated detector were investigated. The rail mounted system was designed to enable a full range of detector positions and orientations to various crucial treatment sites including head and torso, while avoiding collision with linear accelerator (LINAC), patient table and patient.&lt;/p&gt;&lt;p&gt;An alignment method was developed in this work to calibrate the on-board robotic SPECT to the LINAC coordinate frame and to the coordinate frames of other on-board imaging systems such as CBCT. This alignment method utilizes line sources and one pinhole projection of these line sources. The model consists of multiple alignment parameters which maps line sources in 3-dimensional (3D) space to their 2-dimensional (2D) projections on the SPECT detector. Computer-simulation studies and experimental evaluations were performed as a function of number of line sources, Radon transform accuracy, finite line-source width, intrinsic camera resolution, Poisson noise and acquisition geometry. In computer-simulation studies, when there was no error in determining angles (&amp;alpha;) and offsets (&amp;rho;) of the measured projections, the six alignment parameters (3 translational and 3 rotational) were estimated perfectly using three line sources. When angles (&amp;alpha;) and offsets (&amp;rho;) were provided by Radon transform, the estimation accuracy was reduced. The estimation error was associated with rounding errors of Radon transform, finite line-source width, Poisson noise, number of line sources, intrinsic camera resolution and detector acquisition geometry. The estimation accuracy was significantly improved by using 4 line sources rather than 3 and also by using thinner line-source projections (obtained by better intrinsic detector resolution). With 5 line sources, median errors were 0.2 mm for the detector translations, 0.7 mm for the detector radius of rotation, and less than 0.5° for detector rotation, tilt and twist. In experimental evaluations, average errors relative to a different, independent registration technique were about 1.8 mm for detector translations, 1.1 mm for the detector radius of rotation (ROR), 0.5° and 0.4° for detector rotation and tilt, respectively, and 1.2° for detector twist. &lt;/p&gt;&lt;p&gt;Simulation studies were performed to investigate the improvement of imaging sensitivity and accuracy of hot sphere localization for breast imaging of patients in prone position. A 3D XCAT phantom was simulated in the prone position with nine hot spheres of 10 mm diameter added in the left breast. A no-treatment-table case and two commercial prone breast boards, 7 and 24 cm thick, were simulated. Different pinhole focal lengths were assessed for root-mean-square-error (RMSE). The pinhole focal lengths resulting in the lowest RMSE values were 12 cm, 18 cm and 21 cm for no table, thin board, and thick board, respectively. In both no table and thin board cases, all 9 hot spheres were easily visualized above background with 4-minute scans utilizing the 49-pinhole SPECT system while seven of nine hot spheres were visible with the thick board. In comparison with parallel-hole system, our 49-pinhole system shows reduction in noise and bias under these simulation cases. These results correspond to smaller radii of rotation for no-table case and thinner prone board. Similarly, localization accuracy with the 49-pinhole system was significantly better than with the parallel-hole system for both the thin and thick prone boards. Median localization errors for the 49-pinhole system with the thin board were less than 3 mm for 5 of 9 hot spheres, and less than 6 mm for the other 4 hot spheres. Median localization errors of 49-pinhole system with the thick board were less than 4 mm for 5 of 9 hot spheres, and less than 8 mm for the other 4 hot spheres. &lt;/p&gt;&lt;p&gt;Besides prone breast imaging, respiratory-gated region-of-interest (ROI) imaging of lung tumor was also investigated. A simulation study was conducted on the potential of multi-pinhole, region-of-interest (ROI) SPECT to alleviate noise effects associated with respiratory-gated SPECT imaging of the thorax. Two 4D XCAT digital phantoms were constructed, with either a 10 mm or 20 mm diameter tumor added in the right lung. The maximum diaphragm motion was 2 cm (for 10 mm tumor) or 4 cm (for 20 mm tumor) in superior-inferior direction and 1.2 cm in anterior-posterior direction. Projections were simulated with a 4-minute acquisition time (40 seconds per each of 6 gates) using either the ROI SPECT system (49-pinhole) or reference single and dual conventional broad cross-section, parallel-hole collimated SPECT. The SPECT images were reconstructed using OSEM with up to 6 iterations. Images were evaluated as a function of gate by profiles, noise versus bias curves, and a numerical observer performing a forced-choice localization task. Even for the 20 mm tumor, the 49-pinhole imaging ROI was found sufficient to encompass fully usual clinical ranges of diaphragm motion. Averaged over the 6 gates, noise at iteration 6 of 49-pinhole ROI imaging (10.9 µCi/ml) was approximately comparable to noise at iteration 2 of the two dual and single parallel-hole, broad cross-section systems (12.4 µCi/ml and 13.8 µCi/ml, respectively). Corresponding biases were much lower for the 49-pinhole ROI system (3.8 µCi/ml), versus 6.2 µCi/ml and 6.5 µCi/ml for the dual and single parallel-hole systems, respectively. Median localization errors averaged over 6 gates, for the 10 mm and 20 mm tumors respectively, were 1.6 mm and 0.5 mm using the ROI imaging system and 6.6 mm and 2.3 mm using the dual parallel-hole, broad cross-section system. The results demonstrate substantially improved imaging via ROI methods. One important application may be gated imaging of patients in position for radiation therapy.&lt;/p&gt;&lt;p&gt;A robotic SPECT imaging system was constructed utilizing a gamma camera detector (Digirad 2020tc) and a robot (KUKA KR150-L110 robot). An imaging study was performed with a phantom (PET CT Phantom&lt;super&gt;TM&lt;/super&gt;), which includes 5 spheres of 10, 13, 17, 22 and 28 mm in diameter. The phantom was placed on a flat-top couch. SPECT projections were acquired with a parallel-hole collimator and a single-pinhole collimator both without background in the phantom, and with background at 1/10th the sphere activity concentration. The imaging trajectories of parallel-hole and pinhole collimated detectors spanned 180 degrees and 228 degrees respectively. The pinhole detector viewed a 14.7 cm-diameter common volume which encompassed the 28 mm and 22 mm spheres. The common volume for parallel-hole was a 20.8-cm-diameter cylinder which encompassed all five spheres in the phantom. The maneuverability of the robotic system was tested by navigating the detector to trace the flat-top table while avoiding collision with the table and maintaining the closest possible proximity to the common volume. For image reconstruction, detector trajectories were described by radius-of-rotation and detector rotation angle &amp;#952;. These reconstruction parameters were obtained from the robot base and tool coordinates. The robotic SPECT system was able to maneuver the parallel-hole and pinhole collimated SPECT detectors in close proximity to the phantom, minimizing impact of the flat-top couch on detector to center-of-rotation (COR) distance. In no background case, all five spheres were visible in the reconstructed parallel-hole and pinhole images. In with background case, three spheres of 17, 22 and 28 mm diameter were readily observed with the parallel-hole imaging, and the targeted spheres (22 and 28 mm diameter) were readily observed in the pinhole ROI imaging.&lt;/p&gt;&lt;p&gt;In conclusion, the proposed on-board robotic SPECT can be aligned to LINAC/CBCT with a single pinhole projection of the line-source phantom. Alignment parameters can be estimated using one pinhole projection of line sources. This alignment method may be important for multi-pinhole SPECT, where relative pinhole alignment may vary during rotation. For single pinhole and multi-pinhole SPECT imaging onboard radiation therapy machines, the method could provide alignment of SPECT coordinates with those of CBCT and the LINAC. In simulation studies of prone breast imaging and respiratory-gated lung imaging, the 49-pinhole detector showed better tumor contrast recovery and localization in a 4-minute scan compared to parallel-hole detector. On-board SPECT could be achieved"
A8,Robotic X-ray / CT / nuclear-image acquisition,机器人 X-ray / CT / 核医学成像采集,2014,full year,SU‐E‐I‐79: Effect of Number of Pinholes in Onboard Robotic Multi‐Pinhole SPECT System,10.1118/1.4888029,,OpenAlex,W2019744797,https://doi.org/10.1118/1.4888029,2014-05-29,article,Medical Physics,Manual title/abstract adjudication,422,"Purpose: To study the effect of number of pinholes for a novel Single Photon Emission Computed Tomography (SPECT) system for onboard molecular and functional imaging. Methods: Comparison studies were performed using simulation for the 49‐pinhole SPECT system and a series of reductions in number of pinholes. Trajectories about the breast of a supine patient were considered. Minimum distances, radii of rotation (RORs), were determined by requirements to fully view the region of interest (ROI) and to avoid collision between the detector and the patient. Reductions in RORs translate into improvements in sensitivity. Starting from the 49‐pinhole system, pinholes were removed pod by pod. The furthest two end pods in the Sup‐Inf direction were removed first for their higher likelihood of alleviating the collision avoidance criteria. After iterating through different combinations of pinhole pods, and selecting three combinations, the corresponding RORs were used to analytically calculate sensitivities. Results: Based on the Methods procedure, 3 combination of pods removal were identified: 1) Superior peripheral pod 2) Inferior peripheral pod 3) both pods. RORs were reduced at only one multi‐pinhole stop. Analytic calculation showed that sensitivities were reduced from 0.032 for the 49‐pinhole system to 0.028 for 42‐pinhole and to 0.023 for 39‐pinhole system respectively. The sensitivity per pinhole detector was approximately the same for all three cases. Conclusion: For the trajectories considered, only minimal improvements in RORs were identified by removing pinhole pods. Consequently, sensitivities decreased in proportion to the number of pinholes. Studies of other anatomical sites are needed to determine if in some cases sensitivity per pinhole can be improved by removing some pinholes. PHS/NIH/NCI grant R21‐CA156390‐01A1"
A8,Robotic X-ray / CT / nuclear-image acquisition,机器人 X-ray / CT / 核医学成像采集,2014,full year,TH-C-17A-06: A Hardware Implementation and Evaluation of Robotic SPECT: Toward Molecular Imaging Onboard Radiation Therapy Machines,10.1118/1.4889617,,OpenAlex,W2019156058,https://doi.org/10.1118/1.4889617,2014-05-29,article,Medical Physics,Manual title/abstract adjudication,424,"Purpose: To construct a robotic SPECT system and demonstrate its capability to image a thorax phantom on a radiation therapy flat-top couch. The system has potential for on-board functional and molecular imaging in radiation therapy. Methods: A robotic SPECT imaging system was developed utilizing a Digirad 2020tc detector and a KUKA KR150-L110 robot. An imaging study was performed with the PET CT Phantom, which includes 5 spheres: 10, 13, 17, 22 and 28 mm in diameter. Sphere-tobackground concentration ratio was 6:1 of Tc99m. The phantom was placed on a flat-top couch. SPECT projections were acquired with a parallel-hole collimator and a single pinhole collimator. The robotic system navigated the detector tracing the flat-top table to maintain the closest possible proximity to the phantom. For image reconstruction, detector trajectories were described by six parameters: radius-of-rotation, x and z detector shifts, and detector rotation θ, tilt ϕ and twist γ. These six parameters were obtained from the robotic system by calibrating the robot base and tool coordinates. Results: The robotic SPECT system was able to maneuver parallel-hole and pinhole collimated SPECT detectors in close proximity to the phantom, minimizing impact of the flat-top couch on detector-to-COR (center-ofrotation) distance. In acquisitions with background at 1/6th sphere activity concentration, photopeak contamination was heavy, yet the 17, 22, and 28 mm diameter spheres were readily observed with the parallel hole imaging, and the single, targeted sphere (28 mm diameter) was readily observed in the pinhole region-of-interest (ROI) imaging. Conclusion: Onboard SPECT could be achieved by a robot maneuvering a SPECT detector about patients in position for radiation therapy on a flat-top couch. The robot inherent coordinate frame could be an effective means to estimate detector pose for use in SPECT image reconstruction. PHS/NIH/NCI grant R21-CA156390-01A1"
A8,Robotic X-ray / CT / nuclear-image acquisition,机器人 X-ray / CT / 核医学成像采集,2015,full year,First Robotic SPECT for Minimally Invasive Sentinel Lymph Node Mapping,10.1109/tmi.2015.2498125,26561283.0,Europe PMC; OpenAlex,MED:26561283; W2292323408,https://doi.org/10.1109/tmi.2015.2498125,2015-11-05,article,IEEE Transactions on Medical Imaging,Manual title/abstract adjudication,439,In this paper we present the usage of a drop-in gamma probe for intra-operative Single-Photon Emission Computed Tomography (SPECT) imaging in the scope of minimally invasive robot-assisted interventions. The probe is designed to be inserted and reside inside the abdominal cavity during the intervention. It is grasped during the procedure using a robotic laparoscopic gripper enabling full six degrees of freedom handling by the surgeon. We demonstrate the first deployment of the tracked probe for intra-operative in-patient robotic SPECT enabling augmented-reality image guidance. The hybrid mechanical- and image-based in-patient probe tracking is shown to have an accuracy of 0.2 mm. The overall system performance is evaluated and tested with a phantom for gynecological sentinel lymph node interventions and compared to ground-truth data yielding a mean reconstruction accuracy of 0.67 mm.
A8,Robotic X-ray / CT / nuclear-image acquisition,机器人 X-ray / CT / 核医学成像采集,2015,full year,Image quality and effective dose of a robotic flat panel 3D C‐arm vs computed tomography,10.1002/rcs.1718,,OpenAlex,W2214037075,https://doi.org/10.1002/rcs.1718,2015-12-18,article,International Journal of Medical Robotics and Computer Assisted Surgery,Manual title/abstract adjudication,443,"BACKGROUND: The aim of this study was to determine the effective dose and corresponding image quality of different imaging protocols of a robotic 3D flat panel C-arm in comparison to computed tomography (CT). METHODS: Dose measurements were performed using a Rando-Alderson Phantom. The phantom was exposed to different scanning protocols of the 3D C-arm and the CT. Pedicle screws were inserted in a fresh swine cadaver. Images were obtained using the same scanning protocols. RESULTS: At the thoracolumbar junction, the effective dose was comparable for 3D high-dose protocols, with (4.4 mSv) and without (4.3 mSv) collimation and routine CT (5 mSv), as well as a dose-reduction CT (4.0 mSv). A relevant reduction was achieved with the 3D low-dose protocol (1.0 mSv). Focusing on Th6, a similar reduction with the 3D low-dose protocol was achieved. The image quality of the 3D protocols using titanium screws was rated as 'good' by all viewers, with excellent correlation. CONCLUSIONS: Modern intra-operative 3D-C-arms produce images of CT-like quality with low-dose radiation. Copyright © 2015 John Wiley & Sons, Ltd."
A8,Robotic X-ray / CT / nuclear-image acquisition,机器人 X-ray / CT / 核医学成像采集,2015,full year,Intraoperative 3D Imaging in Spine Surgery: Evaluation of Image Quality of a Robotic Flat Panel 3D C-Arm and Development of a Standard Operating Procedure,10.1055/s-0035-1554301,,OpenAlex,W2572763924,https://doi.org/10.1055/s-0035-1554301,2015-05-01,article,Global Spine Journal,Manual title/abstract adjudication,444,"Introduction Intraoperative 3D imaging in spine surgery is used for navigation and immediate intraoperative control. 1 Major limitation is the image quality, and postoperative computed tomography (CT) remains the standard. 2 Another concern is the exposure to radiation. Objective Aim of this study was to determine the effective dose of different imaging protocols of a robotic 3D flat panel C-arm in comparison to CT and to compare the image quality of these devices as well as to develop a standard operating procedure for this new technology. Materials and Methods Dose measurements were performed with a Rando-Alderson-Phantom equipped with thermoluminescense dosimeters (TLD). The phantom was exposed to different scanning protocols of the 3D C-arm (Artis zeego, Siemens, Erlangen, Germany) (high definition [3Dhd], high definition with collimation [3Dhdc], low dose protocol with collimation [3Dldc]) and CT (routine [CTr]) and low-dose protocol (CTl). For each technique, images were obtained of the thoracic spine (focus: Th6) and the thoracolumbar junction (focus: L1). Pedicle screws (titan vs. stainless steel) were inserted in a fresh swine cadaver (Th 5–7, Th 12–L2). Images were obtained with the same scanning protocols. Image quality (Likert scale) as well as the intra- and interobserver reliability regarding the screw accuracy were determined by two viewers blinded to acquisition technique and screw material. Results At the thoracolumbar junction, the effective dose was comparable for 3Dhd (4.4 mSv), 3Dhdc (4.3 mSv), and CTr (5 mSv) and CTl (4.0 mSv). A relevant reduction was achieved with the 3D low dose protocol (1.0 mSv). Focusing on Th6, a similar reduction with the 3Dldc protocol was achieved (3Dhd: 1.1 mSv, 3Dhdc: 0.8 mSv, CTr: 2.3 mSv, CTl 1.8 mSv vs. 3Dldc: 0.2 mSv). The image quality of the CT protocols were rated as “good” (Likert 4/5) by all viewers independent of the screw material. The intra- and interobserver reliability was excellent for all protocols (Spearman nonparametric correlation; r &gt; 0.9, p &lt; 0.001). The image quality of the 3D protocols using titan screws was rated as “good” by all viewers with excellent correlation ( r &gt; 0.9, p &lt; 0.001). At the thoracic spine, image quality of steel screws was rated “average” (borderline clinical use due to artifacts; Likert 3/5; r &gt; 0.9, p &lt; 0.001). Conclusion Modern intraoperative 3D C-arms produce images of CT-like quality, allowing immediate control of implants. Even with low-dose protocols a sufficient assessment of screw position is possible. Beside the image protocol, the quality depends on the screw material. Titan screws produce significant less artifacts and should be preferred with intraoperative 3D imaging. In normal weight patients low dose protocols should be applied. References Wich M, Spranger N, Ekkernkamp A. Intraoperative imaging with the ISO C(3D) [in German]. Chirurg 2004;75(10):982–987 Kotsianos D, Rock C, Euler E, et al. 3-D imaging with a mobile surgical image enhancement equipment (ISO-C-3D). Initial examples of fracture diagnosis of peripheral joints in comparison with spiral CT and conventional radiography [in German]. Unfallchirurg 2001;104(9):834–838"
A8,Robotic X-ray / CT / nuclear-image acquisition,机器人 X-ray / CT / 核医学成像采集,2015,full year,Self-Calibration of Cone-Beam CT Geometry Using 3D-2D Image Registration: Development and Application to Task-Based Imaging with a Robotic C-Arm.,10.1117/12.2082538,26388661.0,Europe PMC,MED:26388661,https://doi.org/10.1117/12.2082538,2015-02-01,,Proceedings of SPIE--the International Society for Optical Engineering,Manual title/abstract adjudication,456,"<h4>Purpose</h4>Robotic C-arm systems are capable of general noncircular orbits whose trajectories can be driven by the particular imaging task. However obtaining accurate calibrations for reconstruction in such geometries can be a challenging problem. This work proposes a method to perform a unique geometric calibration of an arbitrary C-arm orbit by registering 2D projections to a previously acquired 3D image to determine the transformation parameters representing the system geometry.<h4>Methods</h4>Experiments involved a cone-beam CT (CBCT) bench system, a robotic C-arm, and three phantoms. A robust 3D-2D registration process was used to compute the 9 degree of freedom (DOF) transformation between each projection and an existing 3D image by maximizing normalized gradient information with a digitally reconstructed radiograph (DRR) of the 3D volume. The quality of the resulting ""self-calibration"" was evaluated in terms of the agreement with an established calibration method using a BB phantom as well as image quality in the resulting CBCT reconstruction.<h4>Results</h4>The self-calibration yielded CBCT images without significant difference in spatial resolution from the standard (""true"") calibration methods (p-value >0.05 for all three phantoms), and the differences between CBCT images reconstructed using the ""self"" and ""true"" calibration methods were on the order of 10<sup>-3</sup> mm<sup>-1</sup>. Maximum error in magnification was 3.2%, and back-projection ray placement was within 0.5 mm.<h4>Conclusion</h4>The proposed geometric ""self"" calibration provides a means for 3D imaging on general non-circular orbits in CBCT systems for which a geometric calibration is either not available or not reproducible. The method forms the basis of advanced ""task-based"" 3D imaging methods now in development for robotic C-arms."
A8,Robotic X-ray / CT / nuclear-image acquisition,机器人 X-ray / CT / 核医学成像采集,2016,full year,Multimodal US–gamma imaging using collaborative robotics for cancer staging biopsies,10.1007/s11548-016-1464-6,,OpenAlex,W2513600924,https://doi.org/10.1007/s11548-016-1464-6,2016-08-09,article,International Journal of Computer Assisted Radiology and Surgery,Manual title/abstract adjudication,492,
A8,Robotic X-ray / CT / nuclear-image acquisition,机器人 X-ray / CT / 核医学成像采集,2016,full year,TU-FG-BRB-11: Design and Evaluation of a Robotic C-Arm CBCT System for Image-Guided Proton Therapy,10.1118/1.4957551,28048604.0,Europe PMC; OpenAlex,MED:28048604; W2473619546,https://doi.org/10.1118/1.4957551,2016-06-01,article,Medical Physics,Manual title/abstract adjudication,507,"Purpose: To describe the design and performance of a ceiling-mounted robotic C-arm CBCT system for image-guided proton therapy. Methods: Uniquely different from traditional C-arm CBCT used in interventional radiology, the imaging system was designed to provide volumetric image guidance for patients treated on a 190-degree proton gantry system and a 6 degree-of-freedom (DOF) robotic patient positioner. The mounting of robotic arms to the ceiling rails, rather than gantry or nozzle, provides the flexibility in imaging locations (isocenter, iso+27cm in X, iso+100cm in Y) in the room and easier upgrade as technology advances. A kV X-ray tube and a 43×43cm flat panel imager were mounted to a rotating C-ring (87cm diameter), which is coupled to the C-arm concentrically. Both C-arm and the robotic arm remain stationary during imaging to maintain high position accuracy. Source-to-axis distance and source-to-imager distance are 100 and 150cm, respectively. A 14:1 focused anti-scatter grid and a bowtie filer are used for image acquisition. A unique automatic collimator device of 4 independent blades for adjusting field of view and reducing patient dose has also been developed. Results: Sub-millimeter position accuracy and repeatability of the robotic C-arm were measured with a laser tracker. High quality CBCT images for positioning can be acquired with a weighted CTDI of 3.6mGy (head in 200° full fan mode: 100kV, 20mA, 20ms, 10fps)-8.7 mGy (pelvis in 360° half fan mode: 125kV, 42mA, 20ms, 10fps). Image guidance accuracy achieved <1mm (3D vector) with automatic 3D-3D registration for anthropomorphic head and pelvis phantoms. Since November 2015, 22 proton therapy patients have undergone daily CBCT imaging for 6 DOF positioning. Conclusion: Decoupled from gantry and nozzle, this CBCT system provides a unique solution for volumetric image guidance with half/partial proton gantry systems. We demonstrated that daily CBCT can be integrated into proton therapy for pre-treatment position verification."
A8,Robotic X-ray / CT / nuclear-image acquisition,机器人 X-ray / CT / 核医学成像采集,2017,full year,A robotic C-arm cone beam CT system for image-guided proton therapy: design and performance,10.1259/bjr.20170266,28830239.0,Europe PMC; OpenAlex,MED:28830239; W2747507124,https://doi.org/10.1259/bjr.20170266,2017-08-23,article,British Journal of Radiology,Manual title/abstract adjudication,519,"<h4>Objective</h4>A ceiling-mounted robotic C-arm cone beam CT (CBCT) system was developed for use with a 190° proton gantry system and a 6-degree-of-freedom robotic patient positioner. We report on the mechanical design, system accuracy, image quality, image guidance accuracy, imaging dose, workflow, safety and collision-avoidance.<h4>Methods</h4>The robotic CBCT system couples a rotating C-ring to the C-arm concentrically with a kV X-ray tube and a flat-panel imager mounted to the C-ring. CBCT images are acquired with flex correction and maximally 360° rotation for a 53 cm field of view. The system was designed for clinical use with three imaging locations. Anthropomorphic phantoms were imaged to evaluate the image guidance accuracy.<h4>Results</h4>The position accuracy and repeatability of the robotic C-arm was high (<0.5 mm), as measured with a high-accuracy laser tracker. The isocentric accuracy of the C-ring rotation was within 0.7 mm. The coincidence of CBCT imaging and radiation isocentre was better than 1 mm. The average image guidance accuracy was within 1 mm and 1° for the anthropomorphic phantoms tested. Daily volumetric imaging for proton patient positioning was specified for routine clinical practice.<h4>Conclusion</h4>Our novel gantry-independent robotic CBCT system provides high-accuracy volumetric image guidance for proton therapy. Advances in knowledge: Ceiling-mounted robotic CBCT provides a viable option than CT on-rails for partial gantry and fixed-beam proton systems with the added advantage of acquiring images at the treatment isocentre."
A8,Robotic X-ray / CT / nuclear-image acquisition,机器人 X-ray / CT / 核医学成像采集,2017,full year,Imaging-guided thoracoscopic resection of a ground-glass opacity lesion in a hybrid operating room equipped with a robotic C-arm CT system,10.21037/jtd.2017.04.48,28616298.0,Europe PMC; OpenAlex,MED:28616298; W2615754230,https://doi.org/10.21037/jtd.2017.04.48,2017-05-01,article,Journal of Thoracic Disease,Manual title/abstract adjudication,527,"The intraoperative identification of small pulmonary nodules through video-assisted thoracoscopic surgery remains challenging. Although preoperative CT-guided nodule localization is commonly used to detect tumors during video-assisted thoracoscopic surgery (VATS), this approach carries inherent risks. We report the case of a patient with stage I lung cancer presenting as an area of ground-glass opacity (GGO) in the right upper pulmonary lobe. He successfully underwent a single-stage, CT-guided localization and removal of the pulmonary nodule within a hybrid operating room (OR) equipped with a robotic C-arm."
A8,Robotic X-ray / CT / nuclear-image acquisition,机器人 X-ray / CT / 核医学成像采集,2017,full year,Robotic freehand SPECT Imaging,,,OpenAlex,W2803075811,https://openalex.org/W2803075811,2017-01-01,article,,Manual title/abstract adjudication,541,"Freehand SPECT was born as a solution to bring mobile tomographic imaging into the operating room. However, it had some limitations due to its freehand nature. This work proposes the replacement of the operator by a robotic arm, which, together with a better detector, serves as a platform to improve reconstruction quality. It is therefore possible to evaluate different acquisition and reconstruction methods. The combination with a C-Arm CT creates the first intraoperative SPECT-CT prototype."
A8,Robotic X-ray / CT / nuclear-image acquisition,机器人 X-ray / CT / 核医学成像采集,2017,full year,Spine Navigation Based on 3-Dimensional Robotic Fluoroscopy for Accurate Percutaneous Pedicle Screw Placement: A Prospective Study of 66 Consecutive Cases,10.1016/j.wneu.2017.08.149,28870824.0,Europe PMC; OpenAlex,MED:28870824; W2751077176,https://doi.org/10.1016/j.wneu.2017.08.149,2017-09-02,article,World Neurosurgery,Manual title/abstract adjudication,544,"<h4>Background</h4>Minimally invasive spine surgery is associated with obstructed visibility of anatomic landmarks and increased radiation exposure, leading to higher incidence of pedicle screw mispositioning. To address these drawbacks, intraoperative 3-dimensional fluoroscopy (io3DF) and navigation are being increasingly used. We aimed to present our dedicated multifunctional hybrid operating room (HyOR) setup and evaluate the accuracy and safety of io3DF image-guided spinal navigation in transforaminal lumbar interbody fusion with percutaneous pedicle screw (PPS) placement.<h4>Methods</h4>The HyOR includes a fixed 3D multiaxis robotic fluoroscopy arm that moves automatically to the preprogrammed position when needed. An initial io3DF assessment is performed to collect intraoperative images, which are automatically transferred into the navigation system. These data are used to calibrate the PPSs and insert them under computer-assisted navigation. A second io3DF is performed for verifying PPS position.<h4>Results</h4>Between January 2014 and December 2016, 66 consecutive patients (age, 58.6 ± 14.1 years) were treated for refractory lumbar degenerative pain. Seventy-three spinal levels were treated, and 276 screws were placed, with 4.2 ± 0.76 screws per patient. There was no measurable radiation to the HyOR staff, whereas the mean radiation dose per patient was 378.3 μGym<sup>2</sup>. The overall accuracy rate of PPS placement was 99.6%. There were no significant procedure-related complications.<h4>Conclusions</h4>Spine navigation based on io3DF images enabled us to avoid radiation exposure to the operating room team while delivering minimal but sufficient radiation doses to our patients. This approach achieved an accuracy rate of 99.6% for PPS placement in the safe zone, without significant complications."
A8,Robotic X-ray / CT / nuclear-image acquisition,机器人 X-ray / CT / 核医学成像采集,2017,full year,Task-Driven Orbit Design and Implementation on a Robotic C-Arm System for Cone-Beam CT.,10.1117/12.2255646,28989219.0,Europe PMC,MED:28989219,https://doi.org/10.1117/12.2255646,2017-03-01,,Proceedings of SPIE--the International Society for Optical Engineering,Manual title/abstract adjudication,546,"<h4>Purpose</h4>This work applies task-driven optimization to the design of non-circular orbits that maximize imaging performance for a particular imaging task. First implementation of task-driven imaging on a clinical robotic C-arm system is demonstrated, and a framework for orbit calculation is described and evaluated.<h4>Methods</h4>We implemented a task-driven imaging framework to optimize orbit parameters that maximize detectability index <i>d</i>'. This framework utilizes a specified Fourier domain task function and an analytical model for system spatial resolution and noise. Two experiments were conducted to test the framework. First, a simple task was considered consisting of frequencies lying entirely on the <i>f</i><sub>z</sub>-axis (e.g., discrimination of structures oriented parallel to the central axial plane), and a ""circle + arc"" orbit was incorporated into the framework as a means to improve sampling of these frequencies, and thereby increase task-based detectability. The orbit was implemented on a robotic C-arm (Artis Zeego, Siemens Healthcare). A second task considered visualization of a cochlear implant simulated within a head phantom, with spatial frequency response emphasizing high-frequency content in the (<i>f<sub>y</sub></i> , <i>f<sub>z</sub></i> ) plane of the cochlea. An optimal orbit was computed using the task-driven framework, and the resulting image was compared to that for a circular orbit.<h4>Results</h4>For the <i>f<sub>z</sub></i> -axis task, the circle + arc orbit was shown to increase <i>d</i>' by a factor of 1.20, with an improvement of 0.71 mm in a 3D edge-spread measurement for edges located far from the central plane and a decrease in streak artifacts compared to a circular orbit. For the cochlear implant task, the resulting orbit favored complementary views of high tilt angles in a 360° orbit, and <i>d</i>' was increased by a factor of 1.83.<h4>Conclusions</h4>This work shows that a prospective definition of imaging task can be used to optimize source-detector orbit and improve imaging performance. The method was implemented for execution of non-circular, task-driven orbits on a clinical robotic C-arm system. The framework is sufficiently general to include both acquisition parameters (e.g., orbit, kV, and mA selection) and reconstruction parameters (e.g., a spatially varying regularizer)."
A8,Robotic X-ray / CT / nuclear-image acquisition,机器人 X-ray / CT / 核医学成像采集,2018,full year,Accurate and Efficient Calibration of a Robotic C-Arm System Based on X-Ray Observations,,,OpenAlex,W2895001808,https://openalex.org/W2895001808,2018-01-01,dissertation,mediaTUM – the media and publications repository of the Technical University Munich (Technical University Munich),Manual title/abstract adjudication,564,"C-arm X-ray systems are commonly used imaging modalities in medical interventions. With state-of-the-art C-arms, it is possible to perform 2D/3D-overlays which support the physician during a procedure. For achieving the required accuracy, a spatial calibration of the system is needed. This work evaluates how accurately the C-arm pose can be measured by X-ray images of a calibration body and introduces a new calibration approach based on an absolute accurate robot calibration with X-ray images."
A8,Robotic X-ray / CT / nuclear-image acquisition,机器人 X-ray / CT / 核医学成像采集,2018,full year,Curved periacetabular osteotomy using intraoperative real-time 3-dimensional computed tomography with a robotic C-arm system,10.1097/md.0000000000013519,30508981.0,Europe PMC; OpenAlex,MED:30508981; W2903235825,https://doi.org/10.1097/md.0000000000013519,2018-11-01,article,Medicine,Manual title/abstract adjudication,577,"<h4>Rationale</h4>Curved periacetabular osteotomy (CPO) is a procedure with excellent surgical outcome that has been proposed for patients with development dysplasia of the hip (DDH). However, the surgical outcomes depend on the surgeon's experience and proficiency.<h4>Patient concerns</h4>A 38-year-old female indicated she was experiencing left hip pain while walking.<h4>Diagnoses</h4>The patient was diagnosed with early-stage hip osteoarthritis due to DDH.<h4>Interventions</h4>The patient underwent CPO while a 3-dimensional flat-panel C-arm (Artis zeego; Sciemens Healthcare, Forchheim, Germany) was used to confirm the real-time 3-dimensional computed tomography (CT) images during surgery. It was possible to confirm the accurate osteotomy curve using CT images twice during surgery: at the time of the ischial osteotomy and the quadrilateral surface osteotomy.<h4>Outcomes</h4>An ideal C-shaped osteotomy line was created as shown on the postoperative CT images. In addition, neither posterior column fracture nor intra-articular osteotomy was confirmed.<h4>Lessons</h4>The CPO using Artis zeego resulted is a satisfactory outcome, and this is the 1st report in the world to discuss the benefits of Artis zeego in pelvic osteotomy."
A8,Robotic X-ray / CT / nuclear-image acquisition,机器人 X-ray / CT / 核医学成像采集,2018,full year,Model-Based Calibration of a Robotic C-Arm System Using X-Ray Imaging,10.1142/s2424905x18410027,,OpenAlex,W2792371487,https://doi.org/10.1142/s2424905x18410027,2018-03-26,article,Journal of Medical Robotics Research,Manual title/abstract adjudication,591,"In interventional radiology or surgery, C-arm systems are typical imaging modalities. Apart from 2D X-ray images, C-arm systems are able to perform 2D/3D overlays. For this application, a previously recorded 3D volume is projected on a 2D X-ray image for providing additional information to the clinician. The required accuracy for this application is 1.5[Formula: see text]mm. Such a spatial accuracy is only achievable with C-arms, if a calibration is performed. State-of-the-art approaches interpolate between values of lookup tables of a sampled Cartesian volume. However, due to the non-linear system behavior in Cartesian space, a trade-off between the calibration effort and the calibrated volume is necessary. This leads to the calibration of the most relevant subvolume and high calibration times. We discuss a new model-based calibration approach for C-arm systems which potentially leads to a smaller calibration effort and simultaneously to an increased calibrated volume. In this work, we demonstrate that it is possible to calibrate a robotic C-arm system using X-ray images and that a static model of the system is required to achieve the desired accuracy for 2D/3D overlays, if re-orientations of the system are performed."
A8,Robotic X-ray / CT / nuclear-image acquisition,机器人 X-ray / CT / 核医学成像采集,2018,full year,Robotic in Vivo Fluoroscopic Arthoplasty Evaulations With Normal Patient Movements,,,OpenAlex,W2798220041,https://openalex.org/W2798220041,2018-02-21,article,Orthopaedic Proceedings,Manual title/abstract adjudication,608,"A Tracking Fluoroscope System (TFS), the first of its kind, has been developed and the design of this new technology has been previously presented. The TFS is a unique mobile robot that can acquire real-time x-ray records of hip, knee, or ankle joint motion while a subject walks/maneuvers naturally within a laboratory floor area. By virtue of its mechanizations, test protocols can involve many types maneuvers such as chair rises, stair climbing/descending, ramp crossing, walking, etc. Because the subjects are performing such actions naturally, the resulting fluoroscope images reflect the full functionality of their musculoskeletal anatomy. The goal of this follow-up study is to conduct a comparative analysis with traditional stationary fluoroscopy units to determine if this new technology does offer clinical and research advantages.Technical trials with human subjects and active fluoroscope operation were designed to evaluate and refine the TFS engineering and operational features. These trials have been ..."
A8,Robotic X-ray / CT / nuclear-image acquisition,机器人 X-ray / CT / 核医学成像采集,2019,full year,3D cone-beam CT of the ankle using a novel twin robotic X-ray system: Assessment of image quality and radiation dose,10.1016/j.ejrad.2019.108659,31520930.0,Europe PMC; OpenAlex,MED:31520930; W2971722299,https://doi.org/10.1016/j.ejrad.2019.108659,2019-09-07,article,European Journal of Radiology,Manual title/abstract adjudication,617,"<h4>Purpose</h4>To evaluate image quality (IQ) and radiation dose in cone-beam computed tomography (CBCT) of the ankle using a novel twin robotic X-ray system.<h4>Method</h4>We examined 16 cadaveric ankles with standard-dose (FD) and low-dose (LD) protocols using the new system's CBCT mode. For comparison, we performed multi-slice CT imaging (MSCT) with a clinical protocol. Three radiologists assessed IQ, noise and artifacts in bone and soft tissue on a five-point Likert scale (1= poor IQ; strong noise or artifacts; 5= excellent IQ; minimal noise or artifacts). Volume CT dose indices (CTDI<sub>vol</sub>) were calculated for radiation dose comparison between CBCT and MSCT.<h4>Results</h4>Overall IQ was described as very good or excellent by reader 1/2/3 in 62.5/87.5/56.3% of LD, 87.5/87.5/81.3% of FD and 100/87.5/87.5% of MSCT studies. Readers agreed that IQ was better in MSCT than LD (R1/R2/R3; p ≤ 0.008), two also found advantages of MSCT over FD (R1/R3; p ≤ 0.034). Soft tissue noise and artifacts were stronger in FD (all p ≤ 0.002) and LD (all p ≤ 0.001). In bone, artifacts and noise were also more severe in LD (all p < 0.001) and FD (all p ≤ 0.003). CTDI<sub>vol</sub> for clinical MSCT scans without dose modulation (15.0 ± 0.0 mGy) were higher than for FD (5.3 ± 1.0 mGy) and LD studies (2.9 ± 0.6 mGy; both p < 0.001).<h4>Conclusions</h4>Despite MSCT providing better overall IQ than the twin robotic X-ray system's CBCT mode, both cone-beam protocols offer very good IQ in most studies and are suitable for clinical ankle imaging. Standard-dose and especially low-dose CBCT studies deliver up to five times less radiation dose than MSCT imaging."
A8,Robotic X-ray / CT / nuclear-image acquisition,机器人 X-ray / CT / 核医学成像采集,2019,full year,Treating cerebrovascular diseases in hybrid operating room equipped with a robotic angiographic fluoroscopy system: level of necessity and 5-year experiences,10.1007/s00701-018-3769-4,,OpenAlex,W2907256020,https://doi.org/10.1007/s00701-018-3769-4,2019-01-04,article,Acta Neurochirurgica,Manual title/abstract adjudication,678,
A8,Robotic X-ray / CT / nuclear-image acquisition,机器人 X-ray / CT / 核医学成像采集,2019,full year,Twin Robotic X-Ray System for 3D Cone-Beam CT of the Wrist: An Evaluation of Image Quality and Radiation Dose,10.2214/ajr.19.21911,31799871.0,Europe PMC; OpenAlex,MED:31799871; W2994117453,https://doi.org/10.2214/ajr.19.21911,2019-12-04,article,American Journal of Roentgenology,Manual title/abstract adjudication,679,"<b>OBJECTIVE.</b> The purpose of this study was to assess image quality and radiation dose of a novel twin robotic x-ray system's 3D cone-beam CT (CBCT) function for the depiction of cadaveric wrists. <b>MATERIALS AND METHODS.</b> Sixteen cadaveric wrists were scanned using dedicated low-dose and standard-dose CBCT protocols as well as clinical MDCT for comparison. Three readers assessed overall image quality, noise, and artifacts in bone and soft tissue on 5-point Likert scales. For radiation dose analysis, volume CT dose indexes (CTDI<sub>vol</sub>) were compared. <b>RESULTS.</b> Overall image quality of most studies was very good or excellent in MDCT (for readers 1, 2, and 3: 100%, 100%, and 88%, respectively), standard-dose CBCT (100%, 100%, and 94%), and low dose CBCT (100%, 94%, and 88%) with two readers favoring standard-dose CBCT over MDCT image quality (readers 1 and 2; <i>p</i> ≤ 0.046). In soft tissue, standard-dose (readers 1, 2, and 3; <i>p</i> ≤ 0.021) and low-dose (all <i>p</i> ≤ 0.001) CBCT images had more noise than MDCT in all cases. Standard-dose (all <i>p</i> ≤ 0.003) and low-dose (all <i>p</i> < 0.001) CBCT images also displayed more artifacts. In osseous tissue, one reader observed more noise (<i>p</i> < 0.001) and artifacts (<i>p</i> = 0.020) for low-dose CBCT than for MDCT, whereas no difference was found between standard-dose CBCT and MDCT. Mean CTDI<sub>vol</sub> was significantly lower for standard-dose (5.2 ± 0.6 mGy; <i>p</i> < 0.001) and low-dose CBCT (1.8 ± 0.2 mGy; <i>p</i> < 0.001) than for clinical MDCT without automatic dose modulation (15.0 ± 0.0 mGy). <b>CONCLUSION.</b> The tested CBCT function delivers suitable image quality for clinical wrist imaging at significantly lower radiation levels than conventional MDCT. In combination with comfortable positioning options and the ability to perform additional radiographic and fluoroscopic examinations, the twin robotic x-ray system may hold the potential to be a one-stop shop device for trauma-associated wrist imaging."
A8,Robotic X-ray / CT / nuclear-image acquisition,机器人 X-ray / CT / 核医学成像采集,2020,full year,3D cone-beam CT with a twin robotic x-ray system in elbow imaging: comparison of image quality to high-resolution multidetector CT,10.1186/s41747-020-00177-y,32895778.0,Europe PMC; OpenAlex,MED:32895778; W3084318288,https://doi.org/10.1186/s41747-020-00177-y,2020-09-08,article,European Radiology Experimental,Manual title/abstract adjudication,685,"<h4>Background</h4>Elbow imaging is challenging with conventional multidetector computed tomography (MDCT), while cone-beam CT (CBCT) provides superior options. We compared intra-individually CBCT versus MDCT image quality in cadaveric elbows.<h4>Methods</h4>A twin robotic x-ray system with new CBCT mode and a high-resolution clinical MDCT were compared in 16 cadaveric elbows. Both systems were operated with a dedicated low-dose (LD) protocol (equivalent volume CT dose index [CTDI<sub>vol(16 cm)</sub>] = 3.3 mGy) and a regular clinical scan dose (RD) protocol (CTDI<sub>vol(16 cm)</sub> = 13.8 mGy). Image quality was evaluated by two radiologists (R1 and R2) on a seven-point Likert scale, and estimation of signal intensity in cancellous bone was conducted. Wilcoxon signed-rank tests and intraclass correlation coefficient (ICC) statistics were used.<h4>Results</h4>The CBCT prototype provided superior subjective image quality compared to MDCT scans (for RD, p ≤ 0.004; for LD, p ≤ 0.001). Image quality was rated very good or excellent in 100% of the cases by both readers for RD CBCT, 100% (R1) and 93.8% (R2) for LD CBCT, 62.6% and 43.8% for RD MDCT, and 0.0% and 0.0% for LD MDCT. Single-measure ICC was 0.95 (95% confidence interval 0.91-0.97; p < 0.001). Software-based assessment supported subjective findings with less ""undecided"" pixels in CBCT than dose-equivalent MDCT (p < 0.001). No significant difference was found between LD CBCT and RD MDCT.<h4>Conclusions</h4>In cadaveric elbow studies, the tested cone-beam CT prototype delivered superior image quality compared to high-end multidetector CT and showed a potential for considerable dose reduction."
A8,Robotic X-ray / CT / nuclear-image acquisition,机器人 X-ray / CT / 核医学成像采集,2020,full year,Evaluation of Ultra-High-Resolution Cone-Beam CT Prototype of Twin Robotic Radiography System for Cadaveric Wrist Imaging,10.1016/j.acra.2020.06.018,32654956.0,Europe PMC; OpenAlex,MED:32654956; W3040848064,https://doi.org/10.1016/j.acra.2020.06.018,2020-07-10,article,Academic Radiology,Manual title/abstract adjudication,715,"<h4>Rationale and objectives</h4>Cone-beam CT (CBCT) applications possess potential for dose reduction in musculoskeletal imaging. This study evaluates the ultra-high-resolution CBCT prototype of a twin robotic X-ray system in wrist examinations compared to high-resolution multidetector CT (MDCT).<h4>Materials and methods</h4>Sixteen wrists of body donors were examined with the CBCT scan mode and a 384 slice MDCT system. Radiation-equivalent low-dose (CTDI<sub>vol(16cm)</sub>  = 3.3 mGy) and full-dose protocols (CTDI<sub>vol(16cm)</sub>  = 13.8 mGy) were used for both systems. Two observers assessed image quality on a seven-point Likert scale. In addition, software-assisted quantification of signal intensity fractions in cancellous bone was performed. Fewer pixels with intermediate signal intensity were considered to indicate superior depiction of bone microarchitecture.<h4>Results</h4>Subjective image quality in CBCT was superior to dose equivalent MDCT with p ≤ 0.03 for full-dose and p < 0.001 for low-dose scans, respectively. Median Likert values were 7/7 (reader 1 / reader 2) in full-dose CBCT, 6/6 in full-dose MDCT, 5/6 in low-dose CBCT and 3/3 in low-dose MDCT. Intraclass correlation coefficient was 0.936 (95% confidence interval, 0.897-0.961; p < 0.001), indicating excellent reliability. Objective analysis displayed smaller fractions of ""indecisive"" pixels with intermediate signal intensity for full-dose CBCT (0.57 [interquartile range 0.13]) compared to full-dose MDCT (0.68 [0.21]), low-dose CBCT (0.72 [0.19]), and low-dose MDCT (0.80 [0.15]) studies. No significant difference was observed between low-dose CBCT and full-dose MDCT.<h4>Conclusion</h4>The new CBCT prototype provides superior image quality for trabecula and bone marrow in cadaveric wrist studies and enables dose reduction up to 75% compared to high-resolution MDCT."
A8,Robotic X-ray / CT / nuclear-image acquisition,机器人 X-ray / CT / 核医学成像采集,2020,full year,In vivo 3D tomography of the lumbar spine using a twin robotic X-ray system: quantitative and qualitative evaluation of the lumbar neural foramina in supine and upright position,10.1007/s00330-020-07355-x,33119812.0,Europe PMC; OpenAlex,MED:33119812; W3095945384,https://doi.org/10.1007/s00330-020-07355-x,2020-10-29,article,European Radiology,Manual title/abstract adjudication,723,"<h4>Objectives</h4>Supine lumbar spine examinations underestimate body weight effects on neuroforaminal size. Therefore, our purpose was to evaluate size changes of the lumbar neuroforamina using supine and upright 3D tomography and to initially assess image quality compared with computed tomography (CT).<h4>Methods</h4>The lumbar spines were prospectively scanned in 48 patients in upright (3D tomographic twin robotic X-ray) and supine (30 with 3D tomography, 18 with CT) position. Cross-sectional area (CSA), cranio-caudal (CC), and ventro-dorsal (VD) diameters of foramina were measured by two readers and additionally graded in relation to the intervertebral disc height. Visibility of bone/soft tissue structures and image quality were assessed independently on a 5-point Likert scale for the 18 patients scanned with both modalities. Descriptive statistics, Wilcoxon's signed-rank test (p < 0.05), and interreader reliability were calculated.<h4>Results</h4>Neuroforaminal size significantly decreased at all levels for both readers from the supine (normal intervertebral disc height; CSA 1.25 ± 0.32 cm<sup>2</sup>; CC 1.84 ± 0.24 cm<sup>2</sup>; VD 0.88 ± 0.16 cm<sup>2</sup>) to upright position (CSA 1.12 ± 0.34 cm<sup>2</sup>; CC 1.78 ± 0.24 cm<sup>2</sup>; VD 0.83 ± 0.16 cm<sup>2</sup>; each p < 0.001). Decrease in intervertebral disc height correlated with decrease in foraminal size (supine: CSA 0.88 ± 0.34 cm<sup>2</sup>; CC 1.39 ± 0.33 cm<sup>2</sup>; VD 0.87 ± 0.26 cm<sup>2</sup>; upright: CSA 0.83 ± 0.37 cm<sup>2</sup>, p = 0.010; CC 1.32 ± 0.33 cm<sup>2</sup>, p = 0.015; VD 0.80 ± 0.21 cm<sup>2</sup>, p = 0.021). Interreader reliability for area was fair to excellent (0.51-0.89) with a wide range for cranio-caudal (0.32-0.74) and ventro-dorsal (0.03-0.70) distances. Image quality was superior for CT compared with that for 3D tomography (p < 0.001; κ, CT = 0.66-0.92/3D tomography = 0.51-1.00).<h4>Conclusions</h4>The size of the lumbar foramina is smaller in the upright weight-bearing position compared with that in the supine position. Image quality, especially nerve root delineation, is inferior using 3D tomography compared to CT.<h4>Key points</h4>• Weight-bearing examination demonstrates a decrease of the neuroforaminal size. • Patients with higher decrease in intervertebral disc showed a narrower foraminal size. • Image quality is superior with CT compared to 3D tomographic twin robotic X-ray at the lumbar spine."
A8,Robotic X-ray / CT / nuclear-image acquisition,机器人 X-ray / CT / 核医学成像采集,2020,full year,Metal-Tolerant Noncircular Orbit Design and Implementation on Robotic C-Arm Systems.,,33163987.0,Europe PMC,MED:33163987,https://europepmc.org/article/MED/33163987,2020-08-01,,Conference proceedings. International Conference on Image Formation in X-Ray Computed Tomography,Manual title/abstract adjudication,731,"Metal artifacts are a major confounding factor for image quality in CT, especially in image-guided surgery scenarios where surgical tools and implants frequently occur in the field-of-view. Traditional metal artifact correction methods typically use algorithmic solutions to interpolate over the highly attenuated projection measurements where metal is present but cannot recover the missing information obstructed by the metal. In this work, we treat metal artifacts as a missing data problem and employ noncircular orbits to maximize data completeness in the presence of metal. We first implement a local data completeness metric based on Tuy's condition as the percentage of great circles sampled by a particular orbit and accounted for the presence of metal by discounting any rays that pass through metal. We then compute the metric over many locations and many possible metal locations to reflect data completeness for arbitrary metal placements within a volume of interest. We used this metric to evaluate the effectiveness of sinusoidal orbits of different magnitudes and frequencies in metal artifact reduction. We also evaluated noncircular orbits in two imaging systems for phantoms with different metal objects and metal arrangements. Among a circular, tilted circular, and a sinusoidal orbit of two cycles per rotation, the latter is shown to most effectively remove metal artifacts. The noncircular orbit not only reduce the extent of streaks, but allows better visualization of spatial frequencies that cannot be recovered by metal artifact correction algorithms. These results illustrate the potential of relatively simple noncircular orbits to be robust against metal implants which ordinarily present significant challenges in interventional imaging."
A8,Robotic X-ray / CT / nuclear-image acquisition,机器人 X-ray / CT / 核医学成像采集,2020,full year,The experience of surgery and endovascular procedure of cerebrovascular disease in the hybrid operating room; Multi-axis robotic C-arm DSA system.,10.7461/jcen.2020.e2020.10.001,33334088.0,Europe PMC,MED:33334088,https://doi.org/10.7461/jcen.2020.e2020.10.001,2020-12-18,,Journal of cerebrovascular and endovascular neurosurgery,Manual title/abstract adjudication,759,"<h4>Objective</h4>To report on combined surgical and/or endovascular procedures for cerebrovascular disease in a hybrid operating room (OR).<h4>Methods</h4>Between October 2016 and June 2020, 1832 neurosurgical procedures were performed in a hybrid OR. Our institution's hybrid OR consists of a multi-axis robotic C-arm monoplane digital subtraction angiography (DSA) system with an operating table, 3D-rotational DSA, cone-beam computed tomography (dyna CT), and real-time navigation software. Procedures were categorized into six categories according to purpose (1) simple diagnosis and follow-up, (2) simple endovascular procedure, (3) combination of surgery and endovascular procedures, (4) rescue surgery after endovascular procedures, (5) frameless stereotactic procedure, and (6) other surgeries requiring C-arm.<h4>Results</h4>Of 1832 neurosurgical procedures in the hybrid OR, 1430 were simple diagnosis and follow-up cases, 330 simple endovascular procedures, 8 combination of surgery and endovascular procedures, 15 rescue after endovascular procedure, 40 frameless stereotactic procedures, and 9 other surgeries. Eight cases of combination of surgery and endovascular procedures, safely performed without wasting time on patient transfer, were performed in seven bypass end endovascular procedures and one case of bow-hunter syndrome in complex cerebrovascular disease. After embolization, craniotomy (or craniectomy) and intracerebral hemorrhage removal were performed in eight patients in-situ. Of the 40 frameless stereotactic procedure, 37 were extraventricular drainage before/after coil embolization in subarachnoid hemorrhage patients. They all mounted conduits in their planned locations.<h4>Conclusions</h4>A hybrid OR for combined endovascular and surgical procedures represents a safe and useful strategy for cerebrovascular disease. In hybrid ORs various neurosurgical procedures can be safely and conveniently performed. Hybrid OR will pioneer a new era in neurosurgical procedures."
A8,Robotic X-ray / CT / nuclear-image acquisition,机器人 X-ray / CT / 核医学成像采集,2020,full year,Twin robotic x-ray system in small bone and joint trauma: impact of cone-beam computed tomography on treatment decisions,10.1007/s00330-020-07563-5,33280057.0,Europe PMC; OpenAlex,MED:33280057; W3112312424,https://doi.org/10.1007/s00330-020-07563-5,2020-12-05,article,European Radiology,Manual title/abstract adjudication,763,"<h4>Objectives</h4>Trauma evaluation of extremities can be challenging in conventional radiography. A multi-use x-ray system with cone-beam CT (CBCT) option facilitates ancillary 3-D imaging without repositioning. We assessed the clinical value of CBCT scans by analyzing the influence of additional findings on therapy.<h4>Methods</h4>Ninety-two patients underwent radiography and subsequent CBCT imaging with the twin robotic scanner (76 wrist/hand/finger and 16 ankle/foot/toe trauma scans). Reports by on-call radiologists before and after CBCT were compared regarding fracture detection, joint affliction, comminuted injuries, and diagnostic confidence. An orthopedic surgeon recommended therapy based on reported findings. Surgical reports (N = 52) and clinical follow-up (N = 85) were used as reference standard.<h4>Results</h4>CBCT detected more fractures (83/64 of 85), joint involvements (69/53 of 71), and multi-fragment situations (68/50 of 70) than radiography (all p < 0.001). Six fractures suspected in radiographs were ruled out by CBCT. Treatment changes based on additional information from CBCT were recommended in 29 patients (31.5%). While agreement between advised therapy before CBCT and actual treatment was moderate (κ = 0.41 [95% confidence interval 0.35-0.47]; p < 0.001), agreement after CBCT was almost perfect (κ = 0.88 [0.83-0.93]; p < 0.001). Diagnostic confidence increased considerably for CBCT studies (p < 0.001). Median effective dose for CBCT was 4.3 μSv [3.3-5.3 μSv] compared to 0.2 μSv [0.1-0.2 μSv] for radiography.<h4>Conclusions</h4>CBCT provides advantages for the evaluation of acute small bone and joint trauma by detecting and excluding extremity fractures and fracture-related findings more reliably than radiographs. Additional findings induced therapy change in one third of patients, suggesting substantial clinical impact.<h4>Key points</h4>• With cone-beam CT, extremity fractures and fracture-related findings can be detected and ruled out more reliably than with conventional radiography. • Additional diagnostic information provided by cone-beam CT scans has substantial impact on therapy in small bone and joint trauma. • For distal extremity injury assessment, one-stop-shop imaging without repositioning is feasible with the twin robotic x-ray system."
A8,Robotic X-ray / CT / nuclear-image acquisition,机器人 X-ray / CT / 核医学成像采集,2020,full year,Twin-Robotic X-ray System am Handgelenk: Bildqualitätsvergleich des neuen Cone-Beam CT Prototyps mit einem Dual-Source CT-Scanner der 3. Generation,10.1055/s-0040-1703283,,OpenAlex,W3024038009,https://doi.org/10.1055/s-0040-1703283,2020-04-01,article,RöFo - Fortschritte auf dem Gebiet der Röntgenstrahlen und der bildgebenden Verfahren,Manual title/abstract adjudication,764,"Zielsetzung Vergleich der Bildqualität des Kegelstrahl-CT-Prototyps (CBCT) eines multifunktionalen Röntgensystems mit einem Dual-Source CT-Scanner der 3. Generation (DSCT) für Aufnahmen des Handgelenks. Material und Methoden 16 Handgelenke von Körperspendern wurden auf beiden Systemen jeweils mit einem Standarddosis-(SD)- und Niedrigdosis-(LD)-Protokoll untersucht (CTDIvol[16cm] = 13,8 mGy für SD- und 3,3 mGy für LD-Aufnahmen). Zwei Radiologen bewerteten die Bildqualität auf einer siebenstufigen Likert-Skala (1 - sehr schlecht, 7 - exzellent). Die Interrater-Reliabilität wurde mit dem Intraklassen-Korrelationskoeffizienten (ICC) überprüft. Für die objektive Bildanalyse wurde zunächst der Signalintensitätsbereich für alle Bildanteile berechnet, die Knochen enthielten. Wir nahmen an, dass Pixel innerhalb des oberen Quartils (75-100% der Grauwerte) Kortex und Trabekel darstellen, während Pixel im unteren Quartil (0-25%) das Knochenmark repräsentieren. Die Pixelfraktion mit intermediärer Signalintensität hat kein eindeutiges anatomisches Korrelat und entsteht durch Kantenunschärfen zwischen Trabekel und Mark. Aus diesem Grund kann eine geringe Pixelzahl mit mittlerem Signal als Hinweis auf eine bessere Bildqualität gewertet werden. Ergebnisse Die subjektive Bildqualität der CBCT-Scans war den dosisäquivalenten DSCT-Aufnahmen signifikant überlegen (p≤0,030). In der Observerauswertung lag der Median der Likertskala mit dem Standarddosisprotokoll bei 7/7 Punkten (Observer 1/Observer 2) für CBCT vs. 6/6 für DSCT. Mit dem Niedrigdosisprotokoll betrug er 5/6 für CBCT vs. 3/3 für DSCT. Es bestand eine sehr gute Reliabilität zwischen den Observern (ICC 0,936). Passend dazu ergab die objektive Bildanalyse für Kegelstrahlaufnehmen eine niedrigere Pixelanzahl mit intermediärer Signalintensität als für dosisgleiche DSCT-Bilder (p<0.001). Schlußfolgerungen Der getestete Cone-Beam CT-Prototyp bietet bessere Bildqualität bei Standard- und Niedrigdosisaufnahmen des Handgelenks verglichen mit einem Dual-Source CT-Scanner der dritten Generation."
A8,Robotic X-ray / CT / nuclear-image acquisition,机器人 X-ray / CT / 核医学成像采集,2021,full year,Dose reduction potential in cone-beam CT imaging of upper extremity joints with a twin robotic x-ray system,10.1038/s41598-021-99748-1,34635787.0,Europe PMC; OpenAlex,MED:34635787; W3206889331,https://doi.org/10.1038/s41598-021-99748-1,2021-10-11,article,Scientific Reports,Manual title/abstract adjudication,801,"Cone-beam computed tomography is a powerful tool for 3D imaging of the appendicular skeleton, facilitating detailed visualization of bone microarchitecture. This study evaluated various combinations of acquisition and reconstruction parameters for the cone-beam CT mode of a twin robotic x-ray system in cadaveric wrist and elbow scans, aiming to define the best possible trade-off between image quality and radiation dose. Images were acquired with different combinations of tube voltage and tube current-time product, resulting in five scan protocols with varying volume CT dose indices: full-dose (FD; 17.4 mGy), low-dose (LD; 4.5 mGy), ultra-low-dose (ULD; 1.15 mGy), modulated low-dose (mLD; 0.6 mGy) and modulated ultra-low-dose (mULD; 0.29 mGy). Each set of projection data was reconstructed with three convolution kernels (very sharp [Ur77], sharp [Br69], intermediate [Br62]). Five radiologists subjectively assessed the image quality of cortical bone, cancellous bone and soft tissue using seven-point scales. Irrespective of the reconstruction kernel, overall image quality of every FD, LD and ULD scan was deemed suitable for diagnostic use in contrast to mLD (very sharp/sharp/intermediate: 60/55/70%) and mULD (0/3/5%). Superior depiction of cortical and cancellous bone was achieved in FD<sub>Ur77</sub> and LD<sub>Ur77</sub> examinations (p < 0.001) with LD<sub>Ur77</sub> scans also providing favorable bone visualization compared to FD<sub>Br69</sub> and FD<sub>Br62</sub> (p < 0.001). Fleiss' kappa was 0.618 (0.594-0.641; p < 0.001), indicating substantial interrater reliability. In this study, we demonstrate that considerable dose reduction can be realized while maintaining diagnostic image quality in upper extremity joint scans with the cone-beam CT mode of a twin robotic x-ray system. Application of sharper convolution kernels for image reconstruction facilitates superior display of bone microarchitecture."
A8,Robotic X-ray / CT / nuclear-image acquisition,机器人 X-ray / CT / 核医学成像采集,2021,full year,Knowledge-based self-calibration method of calibration phantom by and for accurate robot-based CT imaging systems,10.1016/j.knosys.2021.107343,,OpenAlex,W3184053746,https://doi.org/10.1016/j.knosys.2021.107343,2021-07-28,article,Knowledge-Based Systems,Manual title/abstract adjudication,819,
A8,Robotic X-ray / CT / nuclear-image acquisition,机器人 X-ray / CT / 核医学成像采集,2021,full year,Optimized Intraoperative Imaging for Stereotactic Planning with a Multiaxial Robotic C-arm System: Technical Note and Case Series,10.1055/s-0041-1731754,34781408.0,Europe PMC; OpenAlex,MED:34781408; W3212400064,https://doi.org/10.1055/s-0041-1731754,2021-11-15,article,Journal of Neurological Surgery Part A Central European Neurosurgery,Manual title/abstract adjudication,827,"<h4>Background</h4> The preoperative preparation of the planning dataset for frame-based stereotactic brain biopsy is often associated with logistical effort and burden on the patient. Intraoperative imaging modalities need to be investigated to overcome these limitations.<h4>Objective</h4> The objective of the study was to develop and apply a new method for the intraoperative acquisition of the planning dataset with the multiaxial robotic C-arm system Artis zeego.<h4>Methods</h4> An indication-customized dose-reduced protocol for Artis zeego was developed and implemented into the workflow. A sample of 14 patients who had undergone intraoperative imaging with Artis zeego was analyzed. A sample of 10 patients with conventional preoperative imaging by cranial computed tomography (CT) was used as a control group. Outcomes were compared with regard to target deviation, diagnostic value of the biopsies, complications, and procedure time.<h4>Results</h4> In all patients, a suitable intraoperative planning dataset could be acquired with Artis zeego. Total procedure time was shorter for the Artis zeego group (<i>p</i> = 0.01), whereas time in the operating room area was longer in the Artis zeego group (<i>p</i> = 0.04). Biopsy results were diagnostic in 12 patients (86%) in the Artis zeego group and in 8 patients (80%) in the control group. There were no significant differences in target size, trajectory length, or target deviation.<h4>Conclusion</h4> Intraoperative imaging for frame-based stereotactic brain biopsy with Artis zeego is an easy and feasible method. Accuracy is comparable to conventional CT, whereas radiation exposure could be additionally reduced. It allows a significant reduction of the total procedure length and improves the comfort for the patient and staff."
A8,Robotic X-ray / CT / nuclear-image acquisition,机器人 X-ray / CT / 核医学成像采集,2021,full year,Task-Specific Trajectory Optimisation for Twin-Robotic X-Ray Tomography,10.1109/tci.2021.3102824,,OpenAlex,W3193839801,https://doi.org/10.1109/tci.2021.3102824,2021-01-01,article,IEEE Transactions on Computational Imaging,Manual title/abstract adjudication,850,"With the advent of robotic C-arm computed tomography (CT) systems in medicine and twin-robotic CT systems in industry, new possibilities for the realisation of complex trajectories for CT scans are emerging. These trajectories will increase the range of CT applications, enable optimisation of image quality for many applications and open up new possibilities to reduce scan time and radiation dose. In this work, trajectory optimisation methods for optimising both, task-based data quality and data completeness, are presented by combining two different metrics. On the one hand, task-based data quality is optimised with a proven observer model. On the other hand, a Tuy-based metric is utilised to optimise data completeness. Both metrics capture mutually exclusive properties of the trajectory which are necessary, but alone are not sufficient for trajectory optimisation. Hence, existing task-driven trajectory optimisation approaches require additional input to decide on an overall optimal trajectory, e.g. in most cases constraints on the trajectory. Advantages and disadvantages of the presented methods are investigated. It is shown that by combining both metrics, trajectory optimisation for arbitrary geometries becomes possible. In application examples it is shown that this can be used for trajectory optimisation of challenging scanning tasks involving metal parts as well as for trajectory optimisation to reduce the number of projections while ensuring task-dependently high image quality. In total, the results of this work enable new applications for X-ray CT, especially for twin-robotic CT systems which are able to benefit from a high number of degrees of freedom."
A8,Robotic X-ray / CT / nuclear-image acquisition,机器人 X-ray / CT / 核医学成像采集,2021,full year,The effect of tin prefiltration on extremity cone-beam CT imaging with a twin robotic X-ray system,10.1016/j.radi.2021.10.009,34716089.0,Europe PMC; OpenAlex,MED:34716089; W3208640436,https://doi.org/10.1016/j.radi.2021.10.009,2021-10-27,article,Radiography,Manual title/abstract adjudication,854,"<h4>Introduction</h4>While tin prefiltration is established in various CT applications, its value in extremity cone-beam CT relative to optimized spectra has not been thoroughly assessed thus far. This study aims to investigate the effect of tin filters in extremity cone-beam CT with a twin-robotic X-ray system.<h4>Methods</h4>Wrist, elbow and ankle joints of two cadaveric specimens were examined in a laboratory setup with different combinations of prefiltration (copper, tin), tube voltage and current-time product. Image quality was assessed subjectively by five radiologists with Fleiss' kappa being computed to measure interrater agreement. To provide a semiquantitative criterion for image quality, contrast-to-noise ratios (CNR) were compared for standardized regions of interest. Volume CT dose indices were calculated for a 16 cm polymethylmethacrylate phantom.<h4>Results</h4>Radiation dose ranged from 17.4 mGy in the clinical standard protocol without tin filter to as low as 0.7 mGy with tin prefiltration. Image quality ratings and CNR for tin-filtered scans with 100 kV were lower than for 80 kV studies with copper prefiltration despite higher dose (11.2 and 5.6 vs. 4.5 mGy; p < 0.001). No difference was ascertained between 100 kV scans with tin filtration and 60 kV copper-filtered scans with 75% dose reduction (subjective: p = 0.101; CNR: p = 0.706). Fleiss' kappa of 0.597 (95% confidence interval 0.567-0.626; p < 0.001) indicated moderate interrater agreement.<h4>Conclusion</h4>Considerable dose reduction is feasible with tin prefiltration, however, the twin-robotic X-ray system's low-dose potential for extremity 3D imaging is maximized with a dedicated low-kilovolt scan protocol in situations without extensive beam-hardening artifacts.<h4>Implications for practice</h4>Low-kilovolt imaging with copper prefiltration provides a superior trade-off between dose reduction and image quality compared to tin-filtered cone-beam CT scan protocols with higher tube voltage."
A8,Robotic X-ray / CT / nuclear-image acquisition,机器人 X-ray / CT / 核医学成像采集,2021,full year,Visualization of extracranial-intracranial bypass in moyamoya patients using intraoperative three-dimensional digital subtraction angiography with intravenous contrast injection and robotic C-arm: patient series,10.3171/case2057,36131586.0,Europe PMC; OpenAlex,MED:36131586; W3127950482,https://doi.org/10.3171/case2057,2021-01-25,article,Journal of Neurosurgery Case Lessons,Manual title/abstract adjudication,869,"<h4>Background</h4>The authors describe a noninvasive intraoperative imaging strategy of three-dimensional (3D) digital subtraction angiography (DSA) with intravenous (IV) contrast injection, using indocyanine green (ICG) as a test bolus, during extracranial-intracranial (EC-IC) bypass surgery for moyamoya disease.<h4>Observations</h4>Four patients underwent EC-IC bypass surgery in a hybrid operating room. During the surgery, bypass patency was verified using ICG videoangiography and Doppler ultrasonography. After skin closure, the patients under anesthesia underwent IV 3D-DSA with a robotic C-arm in which the scan delay time for the 3D-DSA scan was estimated from the arrival time of ICG during the ICG videoangiography. One day after the surgery, the patients underwent magnetic resonance angiography (MRA). The IV 3D-DSA images were retrospectively compared with those obtained with other modalities. Good bypass patency was confirmed on IV 3D-DSA, ICG videoangiography, Doppler ultrasonography, and postoperative MRA in all cases. The delay time determined using ICG videoangiography as a test bolus resulted in IV 3D-DSA with adequate image quality, allowing assessment of the spatial relationships between the vessels and anastomoses from all directions.<h4>Lessons</h4>To evaluate bypass patency and anatomical relationships immediately after EC-IC bypass surgery, IV 3D-DSA may be a useful modality. ICG videoangiography can be used to determine the scan delay time."
A8,Robotic X-ray / CT / nuclear-image acquisition,机器人 X-ray / CT / 核医学成像采集,2022,full year,Dosisreduktionspotenzial bei der Cone-Beam-CT-Bildgebung von Gelenken der oberen Extremität mit einem Twin Robotic X-ray System,10.1055/s-0042-1749926,,OpenAlex,W4312692102,https://doi.org/10.1055/s-0042-1749926,2022-08-01,article,RöFo - Fortschritte auf dem Gebiet der Röntgenstrahlen und der bildgebenden Verfahren,Manual title/abstract adjudication,920,"Zielsetzung In dieser Studie wurden für den Cone-Beam-CT-(CBCT)-Modus eines multifunktionalen Roboter-Röntgensystems verschiedene Kombinationen von Aufnahme- und Rekonstruktionsparametern verglichen, um den bestmöglichen Kompromiss zwischen Bildqualität und Strahlendosis zu ermitteln. Material und Methoden Die Hand- und Ellenbogengelenke von Körperspendern wurden mit fünf Variationen von Röhrenspannung und Röhrenstrom-Zeit-Produkt untersucht: Volldosis (17,4 mGy), Niedrigdosis (4,5 mGy), Ultra-Niedrigdosis (1,15 mGy), modulierte Niedrigdosis (0,6 mGy) und modulierte Ultra-Niedrigdosis (0,29 mGy). Jeder Projektionsdatensatz wurde anschließend mit drei Faltungskernen (sehr scharf, scharf, intermediär) rekonstruiert. Fünf Radiologen bewerteten subjektiv die Bildqualität von Kortikalis, Spongiosa und Weichteilgewebe anhand einer Sieben-Punkte-Skala. Ergebnisse Unabhängig vom Rekonstruktionskern wurde die Gesamtbildqualität aller Volldosis-, Niedrigdosis- und Ultra-Niedrigdosis-Scans im Gegensatz zur Mehrzahl der modulierten Niedrigdosis- und modulierten Ultra-Niedrigdosis-Untersuchungen als „diagnostisch“ angesehen. Die beste Darstellung von kortikalem und spongiösem Knochen wurde mit sehr scharf rekonstruierten Volldosis- und Niedrigdosis-Untersuchungen realisiert (p<0,001), wobei derartige Niedrigdosis-Scans im Vergleich zu scharf und intermediär rekonstruierten Volldosis-Untersuchungen ebenfalls eine vorteilhafte Knochendarstellung boten (p<0,001). Fleiss' Kappa betrug 0,618 (0,594-0,641; p<0,001), was auf eine hohe Interrater-Reliabilität hinweist. Schlußfolgerungen Mit speziellen Ultra-Niedrigdosis-Scanprotokollen ist eine Dosisreduktion von mehr als 90 % im Vergleich zum etablierten klinischen Standard für bestimmte CBCT-Untersuchungen möglich, wobei die diagnostische Bildqualität erhalten bleibt. Die Anwendung von sehr scharfen Faltungskernen für die Bildrekonstruktion ermöglicht eine bessere Darstellung der Mikroarchitektur des Knochens und maximiert somit das Dosisreduktionspotenzial. Publication History Article published online: 29 August 2022 © 2022. Thieme. All rights reserved. Georg Thieme Verlag Rüdigerstraße 14, 70469 Stuttgart, Germany"
A8,Robotic X-ray / CT / nuclear-image acquisition,机器人 X-ray / CT / 核医学成像采集,2022,full year,MP44-19 PCNL USING ZEEGO ROBOTIC HYBRID SYSTEM HAS LOWER EFFECTIVE RADIATION DOSE THAN PCNL USING STANDARD FLUOROSCOPY,10.1097/ju.0000000000002610.19,,OpenAlex,W4225258207,https://doi.org/10.1097/ju.0000000000002610.19,2022-04-07,article,The Journal of Urology,Manual title/abstract adjudication,941,"You have accessJournal of UrologyCME1 May 2022MP44-19 PCNL USING ZEEGO ROBOTIC HYBRID SYSTEM HAS LOWER EFFECTIVE RADIATION DOSE THAN PCNL USING STANDARD FLUOROSCOPY Mark Sawyer, Xavier Glover, and Eric Ballon-Landa Mark SawyerMark Sawyer More articles by this author , Xavier GloverXavier Glover More articles by this author , and Eric Ballon-LandaEric Ballon-Landa More articles by this author View All Author Informationhttps://doi.org/10.1097/JU.0000000000002610.19AboutPDF ToolsAdd to favoritesDownload CitationsTrack CitationsPermissionsReprints ShareFacebookLinked InTwitterEmail Abstract INTRODUCTION AND OBJECTIVE: Several groups have reported using a hybrid room for percutaneous nephrolithotomy (PCNL). We report the results of a series of elective PCNL cases performed in our facility’s hybrid room employing a robotic biplane fluoroscopy system (Artis Zeego, Siemens), with regard to effective radiation dose (ERD). Our null hypothesis was that PCNL using the Hybrid system (H-PCNL) would have the same ERD for standard fluoroscopy (excluding advanced imaging techniques), as traditional PCNL (T-PCNL). METHODS: All PCNL cases performed at our VA facility between 2014 to present were reviewed. Mean ERD was calculated by converting dose area product (DAP) using a published conversion factor of 0.25 mSv/Gy*cm2 (Compagnone). Our practice has transitioned to H-PCNL using ultrasound-guided percutaneous access (with only secondary use of fluoroscopy). Therefore, the comparison group was defined as cases with percutaneous access by Interventional Radiology (IR) prior to T-PCNL (n=15). Mean ERDs were compared using a two-way t-test. RESULTS: Eight H-PCNL cases (seven patients), each involving a new percutaneous access by the urologist, were performed at our facility since March 2021. 29 first-stage T-PCNL cases were performed since 2014 by the same surgeons. The mean intraoperative ERD for H-PCNL cases was 0.69 mSv (median 0.54), compared to 3.03 mSv (median 2.0) for T-PCNL with prior IR access (p=0.001). As anticipated, mean ERD was higher at 3.70 mSv (median 3.0) for T-PCNL with concurrent urologist access (n=14). Hybrid room imaging quality was considerably better with a much larger field of view. Mean stone size was 4.2 cm (median 2.9) in the H-PCNL group vs. 3.4 cm (median 3.2) with T-PCNL. BMI (28.51 vs. 26.34), age (70.5 vs. 64), and ASA-4 status (29% vs 6.7%) were higher with H-PCNL. 7/8 (87.5%) of H-PCNL cases were supine, while 14/15 (93.3%) of T-PCNL cases were prone. CONCLUSIONS: ERD of standard fluoroscopy was 77% lower with H-PCNL cases than T-PCNL, despite patients in the traditional group having similar stone size and lower BMI. Apart from the benefits of advanced imaging capabilities of a hybrid room system (e.g. intraoperative 3D imaging), lower radiation doses to patients and clinicians is a compelling reason to transition to H-PCNL to improve safety. Source of Funding: None © 2022 by American Urological Association Education and Research, Inc.FiguresReferencesRelatedDetails Volume 207Issue Supplement 5May 2022Page: e760 Advertisement Copyright & Permissions© 2022 by American Urological Association Education and Research, Inc.MetricsAuthor Information Mark Sawyer More articles by this author Xavier Glover More articles by this author Eric Ballon-Landa More articles by this author Expand All Advertisement PDF downloadLoading ..."
A8,Robotic X-ray / CT / nuclear-image acquisition,机器人 X-ray / CT / 核医学成像采集,2022,full year,Metal artifact reduction in ultra-high-resolution cone-beam CT imaging with a twin robotic X-ray system,10.1038/s41598-022-19978-9,36114270.0,Europe PMC; OpenAlex,MED:36114270; W4296163352,https://doi.org/10.1038/s41598-022-19978-9,2022-09-16,article,Scientific Reports,Manual title/abstract adjudication,944,"Cone-beam computed tomography (CBCT) has been shown to be a powerful tool for 3D imaging of the appendicular skeleton, allowing for detailed visualization of bone microarchitecture. This study was designed to compare artifacts in the presence of osteosynthetic implants between CBCT and multidetector computed tomography (MDCT) in cadaveric wrist scans. A total of 32 scan protocols with varying tube potential and current were employed: both conventional CBCT and MDCT studies were included with tube voltage ranging from 60 to 140 kVp as well as additional MDCT protocols with dedicated spectral shaping via tin prefiltration. Irrespective of scanner type, all examinations were conducted in ultra-high-resolution (UHR) scan mode. For reconstruction of UHR-CBCT scans an additional iterative metal artifact reduction algorithm was employed, an image correction tool which cannot be used in combination with UHR-MDCT. To compare applied radiation doses between both scanners, the volume computed tomography dose index for a 16 cm phantom (CTDI<sub>vol</sub>) was evaluated. Images were assessed regarding subjective and objective image quality. Without automatic tube current modulation or tube potential control, radiation doses ranged between 1.3 mGy (with 70 kVp and 50.0 effective mAs) and 75.2 mGy (with 140 kVp and 383.0 effective mAs) in UHR-MDCT. Using the pulsed image acquisition method of the CBCT scanner, CTDI<sub>vol</sub> ranged between 2.3 mGy (with 60 kVp and 0.6 mean mAs per pulse) and 61.0 mGy (with 133 kVp and 2.5 mean mAs per pulse). In essence, all UHR-CBCT protocols employing a tube potential of 80 kVp or more were found to provide superior overall image quality and artifact reduction compared to UHR-MDCT (all p < .050). Interrater reliability of seven radiologists regarding image quality was substantial for tissue assessment and moderate for artifact assessment with Fleiss kappa of 0.652 (95% confidence interval 0.618-0.686; p < 0.001) and 0.570 (95% confidence interval 0.535-0.606; p < 0.001), respectively. Our results demonstrate that the UHR-CBCT scan mode of a twin robotic X-ray system facilitates excellent visualization of the appendicular skeleton in the presence of metal implants. Achievable image quality and artifact reduction are superior to dose-comparable UHR-MDCT and even MDCT protocols employing spectral shaping with tin prefiltration do not achieve the same level of artifact reduction in adjacent soft tissue."
A8,Robotic X-ray / CT / nuclear-image acquisition,机器人 X-ray / CT / 核医学成像采集,2022,full year,Mixed reality interfaces for achieving desired views with robotic X-ray systems,10.1080/21681163.2022.2154272,37555199.0,Europe PMC; OpenAlex,MED:37555199; W37555199; W4311853409,https://doi.org/10.1080/21681163.2022.2154272,2022-12-07,article,Computer Methods in Biomechanics and Biomedical Engineering Imaging & Visualization,Manual title/abstract adjudication,946,"Robotic X-ray C-arm imaging systems can precisely achieve any position and orientation relative to the patient. Informing the system, however, what pose exactly corresponds to a desired view is challenging. Currently these systems are operated by the surgeon using joysticks, but this interaction paradigm is not necessarily effective because users may be unable to efficiently actuate more than a single axis of the system simultaneously. Moreover, novel robotic imaging systems, such as the Brainlab Loop-X, allow for independent source and detector movements, adding even more complexity. To address this challenge, we consider complementary interfaces for the surgeon to command robotic X-ray systems effectively. Specifically, we consider three interaction paradigms: (1) the use of a pointer to specify the principal ray of the desired view relative to the anatomy, (2) the same pointer, but combined with a mixed reality environment to synchronously render digitally reconstructed radiographs from the tool's pose, and (3) the same mixed reality environment but with a virtual X-ray source instead of the pointer. Initial human-in-the-loop evaluation with an attending trauma surgeon indicates that mixed reality interfaces for robotic X-ray system control are promising and may contribute to substantially reducing the number of X-ray images acquired solely during ""fluoro hunting"" for the desired view or standard plane."
A8,Robotic X-ray / CT / nuclear-image acquisition,机器人 X-ray / CT / 核医学成像采集,2022,full year,Non-circular CBCT orbit design and realization on a clinical robotic C-arm for metal artifact reduction.,10.1117/12.2612448,35599746.0,Europe PMC,MED:35599746,https://doi.org/10.1117/12.2612448,2022-02-01,,Proceedings of SPIE--the International Society for Optical Engineering,Manual title/abstract adjudication,949,"Metal artifacts have been a difficult challenge for cone-beam CT (CBCT), especially for intraoperative imaging. Metal surgical tools and implants are often present in the field of view and can attenuate X-rays so heavily that they essentially create a missing-data problem. Recently, an increasing number of intra-operative imaging systems such as robotic C-arms are capable of non-circular orbits for data acquisition. Such trajectories can potentially improve sampling and the degree of data completeness to solve the metal-induced missing-data problem, thereby reducing or eliminating the associated image artifacts. In this work, we extend our prior theoretical and experimental work and implement non-circular orbits for metal artifact reduction on a clinical robotic C-arm (Siemens Artis zeego). To maximize the potential for clinical translation, we restrict our implementation to standard built-in motion and data collection functions, also available on other zeego systems, and work within the physical constraints and limitations on positioning and motion. Customized software tools for data extraction, processing, calibration, and reconstruction are used. We demonstrate example non-circular orbits and the resulting image quality using a phantom containing pedicle screws for spine fixation. As compared with a standard circular CBCT orbit, these non-circular orbits exhibit significantly reduced metal artifacts. These results suggest a high potential for image quality improvements for intraoperative CBCT imaging when metal tools or implants are present in the field-of-view."
A8,Robotic X-ray / CT / nuclear-image acquisition,机器人 X-ray / CT / 核医学成像采集,2022,full year,PD55-12 ULTRA-LOW DOSE INTRAOPERATIVE CT CONFIRMS STONE-FREE STATUS DURING PCNL USING ROBOTIC FLUOROSCOPY PLATFORM: A PROSPECTIVE QUALITY IMPROVEMENT STUDY,10.1097/ju.0000000000002635.12,,OpenAlex,W4225258298,https://doi.org/10.1097/ju.0000000000002635.12,2022-04-07,article,The Journal of Urology,Manual title/abstract adjudication,952,"You have accessJournal of UrologyCME1 May 2022PD55-12 ULTRA-LOW DOSE INTRAOPERATIVE CT CONFIRMS STONE-FREE STATUS DURING PCNL USING ROBOTIC FLUOROSCOPY PLATFORM: A PROSPECTIVE QUALITY IMPROVEMENT STUDY Xavier Glover, Eric Ballon-Landa, and Mark Sawyer Xavier GloverXavier Glover More articles by this author , Eric Ballon-LandaEric Ballon-Landa More articles by this author , and Mark SawyerMark Sawyer More articles by this author View All Author Informationhttps://doi.org/10.1097/JU.0000000000002635.12AboutPDF ToolsAdd to favoritesDownload CitationsTrack CitationsPermissionsReprints ShareFacebookLinked InTwitterEmail Abstract INTRODUCTION AND OBJECTIVE: Stone-free status after percutaneous nephrolithotomy (PCNL) is a marker of treatment quality. Two groups described use of a robotic biplane fluoroscopy system (Artis Zeego, Siemens) for intraoperative CT during PCNL. A series of 20 prone PCNLs was reported with median CT effective radiation dose (ERD) of 6.7 mSv. We report initial results of an IRB approved QI study intended to reduce both need for further surgery and total radiation exposure. METHODS: Patients with kidney stones appropriate for PCNL are by default scheduled into a hybrid room containing an Artis Zeego system. Supine PCNL is performed with access obtained by the urologist primarily using ultrasound guidance. CT imaging is obtained at the completion of stone treatment. To limit radiation, a low-resolution protocol with renal collimation is utilized. If residual calculi are identified, they are treated immediately, if possible. CT imaging can be repeated to verify complete treatment. RESULTS: From 8/21-10/21, four patients with kidney stones ≥ 2cm had complete treatment verified with intraoperative CT. One patient was stone free after initial scan. Two had additional stone treatment performed after an initial scan found residual stone. One patient underwent imaging twice after an initial non-diagnostic scana. A fifth patient with unusually complex stone disease had an intraoperative CT despite incomplete treatment to avoid a higher dose postoperative scan b. In all cases, excellent 3D imaging was achieved with a median ERD for CTs of 1.0 mSv. One patient’s combined ERD from standard fluoroscopy and two CTs was only 2.25 mSv (Table 1). CONCLUSIONS: We report the first experience for intraoperative ultra-low dose CT imaging during PCNL. Extremely low doses reasonably allow additional CT scans during an initial procedure, if further treatment is indicated. Our facility is first in the world to establish intraoperative CT as a standard care for elective PCNL to reduce radiation for patients. Source of Funding: None © 2022 by American Urological Association Education and Research, Inc.FiguresReferencesRelatedDetails Volume 207Issue Supplement 5May 2022Page: e952 Advertisement Copyright & Permissions© 2022 by American Urological Association Education and Research, Inc.MetricsAuthor Information Xavier Glover More articles by this author Eric Ballon-Landa More articles by this author Mark Sawyer More articles by this author Expand All Advertisement PDF DownloadLoading ..."
A8,Robotic X-ray / CT / nuclear-image acquisition,机器人 X-ray / CT / 核医学成像采集,2022,full year,Reference free method for robot CT imaging geometry estimation,10.1016/j.precisioneng.2022.07.005,,OpenAlex,W4285736312,https://doi.org/10.1016/j.precisioneng.2022.07.005,2022-07-18,article,Precision Engineering,Manual title/abstract adjudication,959,
A8,Robotic X-ray / CT / nuclear-image acquisition,机器人 X-ray / CT / 核医学成像采集,2022,full year,Static coded aperture in robotic X-ray tomography systems,10.1364/oe.449505,35299524.0,Europe PMC; OpenAlex,MED:35299524; W4213332940,https://doi.org/10.1364/oe.449505,2022-02-14,article,Optics Express,Manual title/abstract adjudication,972,"Coded aperture X-ray computed tomography is a computational imaging technique capable of reconstructing inner structures of an object from a reduced set of X-ray projection measurements. Coded apertures are placed in front of the X-ray sources from different views and thus significantly reduce the radiation dose. This paper introduces coded aperture X-ray computed tomography for robotic X-ray systems which offer positioning flexibility. While single coded-aperture 3D tomography was recently introduced for standard trajectory CT scanning, it is shown that significant gains in imaging performance can be attained by simple modifications in the CT scanning trajectories enabled by emerging dual robotic CT systems. In particular, the subject is fixed on a plane and the CT system uniformly rotates around the r -axis which is misaligned with the coordinate axes. A single stationary coded aperture is placed on front of the robotic X-ray source above the plane and the corresponding X-ray projections are measured by a two-dimensional detector on the second arm of the robotic system. The compressive measurements with misalignment enable the reconstruction of high-resolution three-dimensional volumetric images from the low-resolution coded projections on the detector at a sub-sampling rate. An efficient algorithm is proposed to generate the rotation matrix with two basic sub-matrices and thus the forward model is formulated. The stationary coded aperture is designed based on the Pearson product-moment correlation coefficient analysis and the direct binary search algorithm is used to obtain the optimized coded aperture. Simulations using simulated datasets show significant gains in reconstruction performance compared to conventional coded aperture CT systems."
A8,Robotic X-ray / CT / nuclear-image acquisition,机器人 X-ray / CT / 核医学成像采集,2022,full year,Trabecular bone microstructure analysis on data from a novel twin robotic X-ray device,10.1177/02841851221134973,36373570.0,Europe PMC; OpenAlex,MED:36373570; W4308952017,https://doi.org/10.1177/02841851221134973,2022-11-13,article,Acta Radiologica,Manual title/abstract adjudication,982,"<h4>Background</h4>Bone strength is related to both mineral density (BMD) and the bone microstructure. However, only the assessment of BMD is available in clinical routine care today.<h4>Purpose</h4>To analyze and study the correlation of trabecular bone microstructure from the imaging data of a prototype Multitom Rax system, using micro-computed tomography (CT) data as the reference method (Skyscan 1176).<h4>Material and methods</h4>Imaging data from 14 bone samples from the human radius were analyzed regarding six bone structure parameters, i.e. trabecular nodes, separation, spacing, and thickness as well as bone volume (BV/TV) and structural model index (SMI).<h4>Results</h4>All six structure parameters showed strong correlations to micro-CT with Spearman correlation coefficients in the range of 0.83-0.93. BV/TV and SMI had a correlation >0.90. Two of the parameters, namely, separation and number, had mean values in the same range as micro-CT. The other four were either over- or underestimated.<h4>Conclusion</h4>The strong correlation between micro-CT and the clinical imaging system, indicates the possibility for analyzing bone microstructure with potential to add value in fracture assessment using the studied device in a clinical workflow."
A8,Robotic X-ray / CT / nuclear-image acquisition,机器人 X-ray / CT / 核医学成像采集,2022,full year,Twin Robotic Gantry-Free Cone-Beam CT in Acute Elbow Trauma,10.1148/radiol.221200,36346312.0,Europe PMC; OpenAlex,MED:36346312; W4308510696,https://doi.org/10.1148/radiol.221200,2022-11-08,article,Radiology,Manual title/abstract adjudication,983,"Background Posttraumatic CT imaging of the elbow can be challenging when patient mobility is limited. Gantry-free cone-beam CT (CBCT) with a twin robotic radiography system offers greater degrees of positioning freedom for three-dimensional elbow scans over gantry-based multidetector CT (MDCT), but studies analyzing their clinical value remain lacking. Purpose To investigate the diagnostic performance of gantry-free CBCT versus two-dimensional radiography in adults and children with acute elbow trauma. Materials and Methods In a retrospective study, consecutive patients with elbow trauma and positioning difficulty in a gantry-based MDCT who underwent three-dimensional elbow imaging with a gantry-free CBCT after radiography were enrolled between January 2021 and April 2022 at a tertiary care university hospital. Imaging data sets were independently analyzed for fracture presence, articular involvement, and multi-fragment injuries by three radiologists. Diagnostic performance was calculated individually with surgical reports serving as the reference standard. Differences between radiography and CBCT were compared with the McNemar test. Diagnostic confidence was estimated subjectively by each reader, and results were compared with the Wilcoxon signed-rank test. Results Elbow examinations of 23 adults and children (mean age ± SD, 49 years ± 23; seven women) were included with individual assessment of humerus, radius, and ulna (69 bones; 36 fractured). Multi-fragmentary fracture patterns and involvement of articular surfaces were ascertained in 28 and 30 bones, respectively. CBCT allowed for similar or higher sensitivity compared with radiography in the assessment of fractures (range for three readers, 94%-100% vs 72%-81%; respectively, <i>P</i> ≤ .06-.008), articular surface involvement (90%-97% vs 73%-87%; <i>P</i> ≤ .25), and multi-fragmentary patterns (96%-96% vs 68%-75%; <i>P</i> ≤ .03). Readers' diagnostic confidence improved considerably with access to CBCT data sets versus radiographs (all <i>P</i> ≤ .001). For CBCT, the median dose-length product was 70.9 mGy · cm, and the volume CT dose index was 4.4 mGy. Conclusion In acute elbow injuries, gantry-free cone-beam CT enabled improved detection of fractures, articular involvement, and multi-fragmentary patterns compared with two-dimensional radiography. Published under a CC BY 4.0 license <i>Online supplemental material is available for this article.</i>"
A8,Robotic X-ray / CT / nuclear-image acquisition,机器人 X-ray / CT / 核医学成像采集,2022,full year,"Workflow and performance of intraoperative CT, cone-beam CT, and robotic cone-beam CT for spinal navigation in 503 consecutive patients",10.3171/2021.10.focus21467,34973677.0,Europe PMC; OpenAlex,MED:34973677; W4205799536,https://doi.org/10.3171/2021.10.focus21467,2022-01-01,article,Neurosurgical FOCUS,Manual title/abstract adjudication,994,"<h4>Objective</h4>A direct comparison of intraoperative CT (iCT), cone-beam CT (CBCT), and robotic cone-beam CT (rCBCT) has been necessary to identify the ideal imaging solution for each individual user's need. Herein, the authors sought to analyze workflow, handling, and performance of iCT, CBCT, and rCBCT imaging for navigated pedicle screw instrumentation across the entire spine performed within the same surgical environment by the same group of surgeons.<h4>Methods</h4>Between 2014 and 2018, 503 consecutive patients received 2673 navigated pedicle screws using iCT (n = 1219), CBCT (n = 646), or rCBCT (n = 808) imaging during the first 24 months after the acquisition of each modality. Clinical and demographic data, workflow, handling, and screw assessment and accuracy were analyzed.<h4>Results</h4>Intraoperative CT showed image quality and workflow advantages for cervicothoracic cases, obese patients, and long-segment instrumentation, whereas CBCT and rCBCT offered independent handling, around-the-clock availability, and the option of performing 2D fluoroscopy. All modalities permitted reliable intraoperative screw assessment. Navigated screw revision was possible with each modality and yielded final accuracy rates > 92% in all groups (iCT 96.2% vs CBCT 92.3%, p < 0.001) without a difference in the accuracy of cervical pedicle screw placement or the rate of secondary screw revision surgeries.<h4>Conclusions</h4>Continuous training and an individual setup of iCT, CBCT, and rCBCT has been shown to permit safe and precise navigated posterior instrumentation across the entire spine with reliable screw assessment and the option of immediate revision. The perceived higher image quality and larger scan area of iCT should be weighed against the around-the-clock availability of CBCT and rCBCT technology with the option of single-handed robotic image acquisition."
A8,Robotic X-ray / CT / nuclear-image acquisition,机器人 X-ray / CT / 核医学成像采集,2023,full year,An autonomous X-ray image acquisition and interpretation system for assisting percutaneous pelvic fracture fixation,10.1007/s11548-023-02941-y,37213057.0,Europe PMC; OpenAlex,MED:37213057; W4377221373,https://doi.org/10.1007/s11548-023-02941-y,2023-05-22,article,International Journal of Computer Assisted Radiology and Surgery,Manual title/abstract adjudication,1008,"<h4>Purpose</h4>Percutaneous fracture fixation involves multiple X-ray acquisitions to determine adequate tool trajectories in bony anatomy. In order to reduce time spent adjusting the X-ray imager's gantry, avoid excess acquisitions, and anticipate inadequate trajectories before penetrating bone, we propose an autonomous system for intra-operative feedback that combines robotic X-ray imaging and machine learning for automated image acquisition and interpretation, respectively.<h4>Methods</h4>Our approach reconstructs an appropriate trajectory in a two-image sequence, where the optimal second viewpoint is determined based on analysis of the first image. A deep neural network is responsible for detecting the tool and corridor, here a K-wire and the superior pubic ramus, respectively, in these radiographs. The reconstructed corridor and K-wire pose are compared to determine likelihood of cortical breach, and both are visualized for the clinician in a mixed reality environment that is spatially registered to the patient and delivered by an optical see-through head-mounted display.<h4>Results</h4>We assess the upper bounds on system performance through in silico evaluation across 11 CTs with fractures present, in which the corridor and K-wire are adequately reconstructed. In post hoc analysis of radiographs across 3 cadaveric specimens, our system determines the appropriate trajectory to within 2.8 ± 1.3 mm and 2.7 ± 1.8[Formula: see text].<h4>Conclusion</h4>An expert user study with an anthropomorphic phantom demonstrates how our autonomous, integrated system requires fewer images and lower movement to guide and confirm adequate placement compared to current clinical practice. Code and data are available."
A8,Robotic X-ray / CT / nuclear-image acquisition,机器人 X-ray / CT / 核医学成像采集,2023,full year,Low Radiation Protocol for Intraoperative Robotic C-Arm Can Enhance Adolescent Idiopathic Scoliosis Deformity Correction Accuracy and Safety,10.1177/21925682221147867,36695112.0,Europe PMC; OpenAlex,MED:36695112; W4317932455,https://doi.org/10.1177/21925682221147867,2023-01-25,article,Global Spine Journal,Manual title/abstract adjudication,1065,"<h4>Study design</h4>Retrospective case-series study.<h4>Objectives</h4>To assess (1) low cone beam CT (CBCT) mediated intraoperative navigation to limit radiation exposure without compromising surgical accuracy, and (2) the potential of intraoperative C-arm CBCT navigation to augment pedicle screw (PS) placement accuracy in AIS surgery compared to pre-surgery CT-based planning.<h4>Methods</h4>The first part involved a prospective phantom study, comparing radiation doses for conventional CT, and standard (6sDCT) and a low dose (5sDCT) Artis Zeego<sup>®</sup>-imaging. Next, 5sDCT- and 6sDCT-navigation were compared on PS accuracy and radiation exposure during AIS correction. The final part compared surgical AIS deformity correction through intraoperative 5sDCT navigation to a matched cohort treated using conventional pre-surgery CT-scans for navigation. Outcome parameters included operation time, skin dose (SD), dose area product (DAP), intraoperative blood loss, postoperative complications, and PS deviation rates.<h4>Results</h4>The phantom study demonstrated a reduction in radiation for the 5sDCT protocol. Moreover, 5sDCT-imaged patients (n = 15) showed a significantly lower SD (-27.41%) and DAP (-30.92%), without compromising PS accuracy compared with 6sDCT-settings (n = 15). Finally, AIS correction through intraoperative CBCT C-arm navigation (n = 27) significantly reduced screw deviation rates (6.83% versus 10.75%, <i>P</i> = .016) without increasing operation times, compared with conventional CT (n = 37).<h4>Conclusions</h4>Intraoperative navigation using a CBCT C-arm system improved the accuracy of PS insertion and reduced surgery time. Moreover, it reduced radiation exposure compared with conventional CT, which was further curtailed by adapting the low-dose 5sDCT protocol. In short, our study highlights the benefits of intraoperative CBCT navigation for PS placement in AIS surgery."
A8,Robotic X-ray / CT / nuclear-image acquisition,机器人 X-ray / CT / 核医学成像采集,2023,full year,Use of robotic C-arm cone-beam computed tomography in surgical stabilization of rib fractures.,10.1016/j.injury.2023.111087,37858443.0,Europe PMC,MED:37858443,https://doi.org/10.1016/j.injury.2023.111087,2023-10-05,,Injury,Manual title/abstract adjudication,1134,"<h4>Introduction</h4>The effectiveness of using intraoperative robotic C-arm cone-beam computerized tomography (CT) to locate rib fractures during surgery was compared to using pre-operative CT.<h4>Methods</h4>Patients diagnosed with multiple rib fracture and treated surgically in the hospital between January 2019 and September 2020 were included. The study included two groups of patients. One group had their rib fractures identified using pre-operative CT, while the other group had their fractures localized using intraoperative cone-beam CT during surgery. The operative time, blood loss, number of incisions, length of incision, duration of chest drains, visual analogue scale (VAS) score, and duration of post-operation stays were measured.<h4>Results</h4>A total of 12 patients received intraoperative cone-beam CT, while the remaining 18 patients only received pre-operative CT. Statistical analysis showed that the group treated with cone-beam CT had lower blood loss (p = 0.012), shorter incisions (p = 0.005), and better post-operation VAS scores (p = 0.027). There were also non-significant trends towards fewer incisions, shorter operation times, and shorter duration of chest drains in the group treated with cone-beam CT.<h4>Conclusions</h4>Intraoperative localization of rib fracture sites with cone-beam CT is an effective method for rib fracture stabilization."
A8,Robotic X-ray / CT / nuclear-image acquisition,机器人 X-ray / CT / 核医学成像采集,2024,full year,Analytical Inverse Kinematics for a Prismatic-Revolute Hybrid Joints Radiography Robot Mounted on the Ambulance,10.1109/tmech.2024.3442782,,OpenAlex,W4401880356,https://doi.org/10.1109/tmech.2024.3442782,2024-08-26,article,IEEE/ASME Transactions on Mechatronics,Manual title/abstract adjudication,1159,"Installing digital subtraction angiography (DSA) equipment in an ambulance can provide crucial image guidance for the emergency medical service of cardiovascular diseases. However, the commonly used C-arm is too large to be directly installed in a narrow ambulance. This article presents a compact redundant prismatic-revolute hybrid joints radiography robot that can be installed inside an ambulance to provide DSA imaging. An analytical solution, along with a self-motion algorithm based on the continuous quantum particle swarm algorithm, is proposed to achieve accurate motion control and real-time joint avoidance for the radiography robot. The experimental results indicate that the maximum error of the radiography robot is 0.42 mm, which meets the requirements for DSA image collection. During the in vivo experiment, DSA images provided by the radiography robot guided the successful placement of a stent in the internal thoracic artery of a beagle. This verifies the feasibility of the proposed analytical solution in ensuring accurate motion control of the radiography robot."
A8,Robotic X-ray / CT / nuclear-image acquisition,机器人 X-ray / CT / 核医学成像采集,2024,full year,Integration of a lightweight and table-mounted robotic alignment tool with automated patient-to-image registration using robotic cone-beam CT for intracranial biopsies and stereotactic electroencephalography,10.3171/2024.9.focus24525,39616638.0,Europe PMC; OpenAlex,MED:39616638; W4404899189,https://doi.org/10.3171/2024.9.focus24525,2024-12-01,article,Neurosurgical FOCUS,Manual title/abstract adjudication,1217,"<h4>Objective</h4>Robotics in neurosurgery is becoming increasingly prevalent. The integration of intraoperative imaging for patient registration into workflows of newer robotic systems enhances precision and has further driven their widespread adoption. In this study, the authors report on a lightweight, table-mounted robotic system integrating robotic cone-beam CT (CB-CT) for automated patient registration in cranial biopsies and stereotactic electroencephalography (sEEG).<h4>Methods</h4>This prospective cohort study included patients who underwent stereotactic biopsy or sEEG with the Cirq system from January 2023 to August 2024. For patient-to-image registration, an external registration matrix was secured near the patient's head before conducting CB-CT with robotic Artis Pheno. CT was then fused with preoperative planning MRI and used as the navigation dataset. Demographic and clinical data were evaluated, and entry and target errors, as well as vector deviation of sEEG electrodes, were assessed and compared with those of patients who underwent biopsies and sEEG with the frameless VarioGuide system.<h4>Results</h4>In 26 Cirq-assisted surgical procedures, robotic CB-CT was used for image registration in 20 cases. Of these, 15 were biopsies (mean ± SD 7 ± 1 specimens) and 5 were sEEG with 31 depth electrodes, compared to 29 VarioGuide biopsies and 3 VarioGuide sEEG cases with 25 electrodes. The mean age was 56 ± 19 years, with a male/female ratio of 1.9:1. Lesion size averaged 19 ± 17 cm3 on T1-weighted imaging and 61 ± 53 cm3 on T2-weighted imaging for Cirq and 14 ± 14 cm3 and 68 ± 47 cm3 for VarioGuide. The mean surgical times were 117 ± 34 minutes for biopsy and 269 ± 54 minutes for sEEG in the Cirq group, with skin-to-skin times of 40 ± 23 minutes for biopsy and 208 ± 74 minutes for sEEG; in comparison, surgical times of 78 ± 21 minutes for biopsy and 218 ± 33 minutes for sEEG were reported with VarioGuide, with skin-to-skin times of 34 ± 13 and 158 ± 27 minutes. No complications occurred. The mean dosage area product was 983 ± 351 µGym2 for biopsies and 1772 ± 968 µGym2 for sEEG. Cirq-assisted sEEG electrodes had mean entry and target errors of 1.4 ± 1.2 mm and 2.6 ± 1.6 mm, compared to 5.3 ± 3.3 mm and 6.5 ± 2.8 mm with VarioGuide. Mean vector deviation was 1.6 ± 0.9 mm with Cirq versus 4.9 ± 2.9 mm with VarioGuide.<h4>Conclusions</h4>The integration of a lightweight, table-mounted robotic alignment tool with intraoperative CB-CT for automated patient-to-image registration enables high precision and a seamless workflow. This combination is safe, has a manageable learning curve, and holds potential to replace traditional frame-based and frameless procedures. Its efficiency and accuracy are likely to contribute to the increasing adoption of robotics in neurosurgery."
A8,Robotic X-ray / CT / nuclear-image acquisition,机器人 X-ray / CT / 核医学成像采集,2024,full year,Intelligent control of robotic X-ray devices using a language-promptable digital twin,10.1007/s11548-025-03351-y,40205315.0,Europe PMC; OpenAlex; arXiv,2412.08020v1; MED:40205315; W4405301036; W4409306157,https://doi.org/10.1007/s11548-025-03351-y,2024-12-11,article,International Journal of Computer Assisted Radiology and Surgery,Manual title/abstract adjudication,1218,"<h4>Purpose</h4>Natural language offers a convenient, flexible interface for controlling robotic C-arm X-ray systems, making advanced functionality and controls easily accessible.Please confirm if the author names are presented accurately and in the correct sequence (given name, middle name/initial, family name). Author 1 Given name: [Benjamin D.] Last name [Killeen]. Also, kindly confirm the details in the metadata are correct. However, enabling language interfaces requires specialized artificial intelligence (AI) models that interpret X-ray images to create a semantic representation for language-based reasoning. The fixed outputs of such AI models fundamentally limits the functionality of language controls that users may access. Incorporating flexible and language-aligned AI models that can be prompted through language control facilitates more flexible interfaces for a much wider variety of tasks and procedures.<h4>Methods</h4>Using a language-aligned foundation model for X-ray image segmentation, our system continually updates a patient digital twin based on sparse reconstructions of desired anatomical structures. This allows for multiple autonomous capabilities, including visualization, patient-specific viewfinding, and automatic collimation from novel viewpoints, enabling complex language control commands like ""Focus in on the lower lumbar vertebrae.""<h4>Results</h4>In a cadaver study, multiple users were able to visualize, localize, and collimate around structures across the torso region using only verbal commands to control a robotic X-ray system, with 84% end-to-end success. In post hoc analysis of randomly oriented images, our patient digital twin was able to localize 35 commonly requested structures from a given image to within 51.68±30.84  mm, which enables localization and isolation of the object from arbitrary orientations.<h4>Conclusion</h4>Overall, we show how intelligent robotic X-ray systems can incorporate physicians' expressed intent directly. Existing foundation models for intra-operative X-ray image analysis exhibit certain failure modes. Nevertheless, our results suggest that as these models become more capable, they can facilitate highly flexible, intelligent robotic C-arms."
A8,Robotic X-ray / CT / nuclear-image acquisition,机器人 X-ray / CT / 核医学成像采集,2024,full year,Investigating 4D respiratory cone-beam CT imaging for thoracic interventions on robotic C-arm systems: a deformable phantom study,10.1007/s13246-024-01491-0,39446304.0,Europe PMC; OpenAlex,MED:39446304; W4403737322,https://doi.org/10.1007/s13246-024-01491-0,2024-10-24,article,Physical and Engineering Sciences in Medicine,Manual title/abstract adjudication,1220,"Increasingly, interventional thoracic workflows utilize cone-beam CT (CBCT) to improve navigational and diagnostic yield. Here, we investigate the feasibility of implementing free-breathing 4D respiratory CBCT for motion mitigated imaging in patients unable to perform a breath-hold or without suspending mechanical ventilation during thoracic interventions. Circular 4D respiratory CBCT imaging trajectories were implemented on a clinical robotic CBCT system using additional real-time control hardware. The circular trajectories consisted of 1 × 360° circle at 0° tilt with fixed gantry velocities of 2°/s, 10°/s, and 20°/s. The imaging target was an in-house developed anthropomorphic breathing thorax phantom with deformable lungs and 3D-printed imaging targets. The phantom was programmed to reproduce 3 patient-measured breathing traces. Following image acquisition, projections were retrospectively binned into ten respiratory phases and reconstructed using filtered back projection, model-based, and iterative motion compensated algorithms. A conventional circular acquisition on the system of the free-breathing phantom was used as comparator. Edge Response Width (ERW) of the imaging target boundaries and Contrast-to-Noise Ratio (CNR) were used for image quality quantification. All acquisitions across all traces considered displayed visual evidence of motion blurring, and this was reflected in the quantitative measurements. Additionally, all the 4D respiratory acquisitions displayed a lower contrast compared to the conventional acquisitions for all three traces considered. Overall, the current implementation of 4D respiratory CBCT explored in this study with various gantry velocities combined with motion compensated algorithms improved image sharpness for the slower gantry rotations considered (2°/s and 10°/s) compared to conventional acquisitions over a variety of patient traces."
A8,Robotic X-ray / CT / nuclear-image acquisition,机器人 X-ray / CT / 核医学成像采集,2024,full year,Radiation Exposure and Safety Considerations in Interventional Radiology: Comparison of a Twin Robotic X-ray System to a Conventional Angiography System,10.3390/jcm13102732,38792273.0,Europe PMC; OpenAlex,MED:38792273; W4396706352,https://doi.org/10.3390/jcm13102732,2024-05-07,article,Journal of Clinical Medicine,Manual title/abstract adjudication,1245,"<b>Background/Objectives:</b> To evaluate radiation exposure in standard interventional radiology procedures using a twin robotic X-ray system compared to a state-of-the-art conventional angiography system. <b>Methods:</b> Standard interventional radiology procedures (port implantation, SIRT, and pelvic angiography) were simulated using an anthropomorphic Alderson RANDO phantom (Alderson Research Laboratories Inc. Stamford, CT, USA) on an above-the-table twin robotic X-ray scanner (Multitom Rax, Siemens Healthineers, Forchheim, Germany) and a conventional below-the-table angiography system (Artis Zeego, Siemens Healthineers, Forchheim, Germany). The phantom's radiation exposure (representing the potential patient on the procedure table) was measured with thermoluminescent dosimeters. Height-dependent dose curves were generated for examiners and radiation technologists in representative positions using a RaySafe X2 system (RaySafe, Billdal, Sweden). <b>Results:</b> For all scenarios, the device-specific dose distribution differs depending on the imaging chain, with specific advantages and disadvantages. Radiation exposure for the patient is significantly increased when using the Multitom Rax for pelvic angiography compared to the Artis Zeego, which is evident in the dose progression through the phantom's body as well as in the organ-related radiation exposure. In line with these findings, there is an increased radiation exposure for the performing proceduralist, especially at eye level, which can be significantly minimized by using protective equipment (<i>p</i> < 0.001). <b>Conclusions:</b> In this study, the state-of-the-art conventional below-the-table angiography system is associated with lower radiation dose exposures for both the patient and the interventional radiology physician compared to an above-the-table twin robotic X-ray system for pelvic angiographies. However, in other clinical scenarios (port implantation or SIRT), both devices are suitable options with acceptable radiation exposure."
A8,Robotic X-ray / CT / nuclear-image acquisition,机器人 X-ray / CT / 核医学成像采集,2024,full year,Take a shot! Natural language control of intelligent robotic X-ray systems in surgery,10.1007/s11548-024-03120-3,38619790.0,Europe PMC; OpenAlex,MED:38619790; W4394797649,https://doi.org/10.1007/s11548-024-03120-3,2024-04-15,article,International Journal of Computer Assisted Radiology and Surgery,Manual title/abstract adjudication,1275,"<h4>Purpose</h4>The expanding capabilities of surgical systems bring with them increasing complexity in the interfaces that humans use to control them. Robotic C-arm X-ray imaging systems, for instance, often require manipulation of independent axes via joysticks, while higher-level control options hide inside device-specific menus. The complexity of these interfaces hinder ""ready-to-hand"" use of high-level functions. Natural language offers a flexible, familiar interface for surgeons to express their desired outcome rather than remembering the steps necessary to achieve it, enabling direct access to task-aware, patient-specific C-arm functionality.<h4>Methods</h4>We present an English language voice interface for controlling a robotic X-ray imaging system with task-aware functions for pelvic trauma surgery. Our fully integrated system uses a large language model (LLM) to convert natural spoken commands into machine-readable instructions, enabling low-level commands like ""Tilt back a bit,"" to increase the angular tilt or patient-specific directions like, ""Go to the obturator oblique view of the right ramus,"" based on automated image analysis.<h4>Results</h4>We evaluate our system with 212 prompts provided by an attending physician, in which the system performed satisfactory actions 97% of the time. To test the fully integrated system, we conduct a real-time study in which an attending physician placed orthopedic hardware along desired trajectories through an anthropomorphic phantom, interacting solely with an X-ray system via voice.<h4>Conclusion</h4>Voice interfaces offer a convenient, flexible way for surgeons to manipulate C-arms based on desired outcomes rather than device-specific processes. As LLMs grow increasingly capable, so too will their applications in supporting higher-level interactions with surgical assistance systems."
A8,Robotic X-ray / CT / nuclear-image acquisition,机器人 X-ray / CT / 核医学成像采集,2024,full year,Tomosynthesis of the Appendicular Skeleton on a Twin Robotic X-ray System: A Cadaveric Fracture Study,10.1016/j.acra.2024.02.020,38448327.0,Europe PMC; OpenAlex,MED:38448327; W4392447934,https://doi.org/10.1016/j.acra.2024.02.020,2024-03-05,article,Academic Radiology,Manual title/abstract adjudication,1288,"<h4>Rationale and objectives</h4>Aiming to offset image quality limitations in radiographs due to superimposition, this study investigates the diagnostic potential of appendicular skeleton tomosynthesis.<h4>Materials and methods</h4>Eight cadaveric extremities (four hands and feet) were examined employing the prototypical tomosynthesis mode of a twin robotic X-ray scanner. 12 protocols with varying sweep angles (10, 20 vs. 40°), frame rates (13 vs. 26 fps), and tube voltages (60 vs. 80 kV) were compared to radiographs. Four radiologists separately evaluated cortical and trabecular bone visualization and fracture patterns. Interreader reliability was assessed based on the intraclass correlation coefficient (ICC).<h4>Results</h4>Radiation dose in radiography was 0.59 ± 0.20 dGy * cm<sup>2</sup> versus 0.11 ± 0.00 to 2.46 ± 0.17 dGy * cm<sup>2</sup> for tomosynthesis. Cortical bone display was inferior for radiographs compared to 40° and 20° tomosynthesis. Best results were ascertained for the 80 kV/40°/26 fps protocol. Trabecular bone depiction was also superior in tomosynthesis (p ≤ 0.009) and best with the 80 kV/10°/26 fps setting. Interreader reliability was moderate for cortical bone display (ICC 0.521, 95% confidence interval 0.356-0.641) and good for trabecular bone (0.759, 0.697-0.810). Diagnostic accuracy for articular involvement and multifragment situations was higher in tomosynthesis (93.8-100%/92.2-100%) vs. radiography (85.9%/82.8%.). Diagnostic confidence was also better in tomosynthesis (p ≤ 0.003).<h4>Conclusion</h4>Compared to radiography, tomosynthesis allows for superior assessability of cortical and trabecular bone and fracture morphology, especially at high framerates. Operating on a multipurpose X-ray system, tomosynthesis of the appendicular skeleton can be performed without additional scanner hardware."
A8,Robotic X-ray / CT / nuclear-image acquisition,机器人 X-ray / CT / 核医学成像采集,2025,full year,An Autonomous Fluoroscopic Imaging System for Catheter Insertions by Bilateral Control Scheme: A Numerical Simulation Study,10.3390/machines13060498,,OpenAlex,W4411091849,https://doi.org/10.3390/machines13060498,2025-06-06,article,Machines,Manual title/abstract adjudication,1329,"This study presents a bilateral control architecture that links fluoroscopic image feedback directly to the kinematics of a tendon-driven, three-joint robotic catheter and a 3-DoF motorised C-arm, intending to preserve optimal imaging geometry during autonomous catheter insertion and thereby mitigating radiation exposure. Forward and inverse kinematics for both manipulators were derived via screw theory and geometric analysis, while a calibrated projection model generated synthetic X-ray images whose catheter bending angles were extracted through intensity thresholding, segmentation, skeletonisation, and least-squares circle fitting. The estimated angle fed a one-dimensional extremum-seeking routine that rotated the C-arm about its third axis until the apparent bending angle peaked, signalling an orthogonal view of the catheter’s bending plane. Implemented in a physics-based simulator, the framework achieved inverse-kinematic errors below 0.20% for target angles between 20° and 90°, with accuracy decreasing to 3.00% at 10°. The image-based angle estimator maintained a root-mean-square error ≤3% across most of the same range, rising to 6.4% at 10°. The C-arm search consistently located the optimal perspective, and the combined controller steered the catheter tip along a predefined aortic path without collision. These results demonstrate sub-degree angular accuracy under idealised, noise-free conditions and validate real-time coupling of image guidance to dual-manipulator motion; forthcoming work will introduce realistic image noise, refined catheter mechanics, and hardware-in-the-loop testing to confirm radiation-dose and workflow benefits."
A8,Robotic X-ray / CT / nuclear-image acquisition,机器人 X-ray / CT / 核医学成像采集,2025,full year,Geometric Calibration of a 12-Axis Robotic X-Ray System for Large Animal Diagnostic Imaging,10.3390/app152212089,,OpenAlex,W4416198916,https://doi.org/10.3390/app152212089,2025-11-14,article,Applied Sciences,Manual title/abstract adjudication,1420,"Large animals pose unique challenges when collecting diagnostic radiographic images due to the size and power constraints of current human-focused devices. A slit-scan radiographic system mounted on a purpose-built robotic manipulator can provide a solution to these imaging challenges. Accurate robotic motion over large spatial volumes is required for the gamut of large animal imaging tasks. Thus, we calibrate the robot mechanism parameters using motion capture measures and demonstrate that this system is able to achieve diagnostic quality X-ray imaging capabilities."
A8,Robotic X-ray / CT / nuclear-image acquisition,机器人 X-ray / CT / 核医学成像采集,2025,full year,Patient Shielding in Ultra-High-Resolution Cone-Beam CT of the Upper Extremity with a Twin Robotic X-Ray System,10.3390/diagnostics15050596,40075843.0,Europe PMC; OpenAlex,MED:40075843; W4408053071,https://doi.org/10.3390/diagnostics15050596,2025-02-28,article,Diagnostics,Manual title/abstract adjudication,1447,"<b>Background/Objectives</b><b>:</b> Gantry-free cone-beam CT (CBCT) allows for ultra-high-resolution (UHR) upper extremity imaging in a comfortable tableside position. The aim of this study was to assess the organ-specific radiation burden and the effect of dedicated lead shielding in the UHR-CBCT of the wrist and elbow. <b>Methods:</b> A modified Alderson-Rando phantom was scanned with the tableside UHR-CBCT mode of a twin robotic X-ray system employing identical scan parameters for wrist and elbow imaging. An ion chamber was used in conjunction with an electrometer to obtain representative organ dose measurements for the eye lens, thyroid gland, breast tissue, and abdomen. All measurements were performed with and without lead shielding. <b>Results:</b> Irrespective of the examined upper extremity joint, the highest absorbed dose among the assessed organs was determined for the eye lens (wrist imaging: 0.10 ± 0.01 mGy, elbow imaging: 0.12 ± 0.01 mGy). The most effective organ dose reduction by means of shielding in wrist CBCT was achieved for the thyroid gland (-17%). In elbow CBCT, the abdomen (-48%) and the ipsilateral breast (-39%) benefited particularly from shield protection. <b>Conclusions:</b> Although shielding was more effective in elbow than wrist scans, the overall impact in terms of absolute dose reduction was marginal."
A8,Robotic X-ray / CT / nuclear-image acquisition,机器人 X-ray / CT / 核医学成像采集,2026,YTD through 2026-08-06,A synergistic framework for geometric calibration and reconstruction in dual‐arm robotic cone‐beam computed tomography,10.1002/mp.70558,,OpenAlex,W7167941060,https://doi.org/10.1002/mp.70558,2026-07-01,article,Medical Physics,Manual title/abstract adjudication,1552,"BACKGROUND: Dual-arm robotic cone-beam computed tomography (CBCT) systems are susceptible to geometric instability due to their decoupled kinematics, which can limit their practical application. PURPOSE: This study aims to develop and evaluate a synergistic framework for improving geometric calibration and reconstruction consistency in flexible dual-arm robotic CBCT platforms. METHODS: We introduce the Synergistic Calibration and Reconstruction (SyCaR) framework. It uses a two-stage geometric calibration strategy that combines real-time external metrology for projection-wise pose estimation with an optional reference-free projection-consistency refinement for residual geometric correction. For reconstruction, we developed a Pose-Driven Feldkamp-Davis-Kress (PD-FDK) algorithm that operates directly on per-projection pose data to account for detector misalignments and non-ideal source-detector trajectory deviations. RESULTS: Physical phantom experiments showed that encoder geometry produced severe streaking artifacts and structural inconsistency, whereas motion-capture geometry restored clearer phantom structures. In the numerical study, PD-FDK achieved the best PSNR and RMSE among the evaluated analytical methods, improving from 28.99 dB and 0.036 with standard FDK to 32.72 dB and 0.023. Across numerical and physical experiments, PD-FDK reduced geometry-related artifacts and showed consistent performance among FDK type methods under the tested conditions. CONCLUSIONS: The proposed SyCaR framework provides a feasible computational approach for mitigating geometric instability in dual-arm robotic CBCT. The combination of geometric calibration and PD-FDK reconstruction improved reconstruction consistency and reduced geometry-related artifacts under the evaluated numerical and physical settings, while retaining the computational efficiency of analytical reconstruction. This work supports the further development of flexible dual-arm robotic CBCT for biomedical imaging applications, although broader validation with more diverse trajectories, objects, and acquisition conditions remains necessary."
A8,Robotic X-ray / CT / nuclear-image acquisition,机器人 X-ray / CT / 核医学成像采集,2026,YTD through 2026-08-06,Autonomous Skeletal Landmark Localization towards Agentic C-Arm Control,10.1007/s11548-026-03632-0,,arXiv,2604.18740v1,http://arxiv.org/abs/2604.18740v1,2026-04-20,preprint,arXiv [cs.CV],Manual title/abstract adjudication,1574,"Purpose: Automated C-arm positioning ensures timely treatment in patients requiring emergent interventions. When a conventional Deep Learning (DL) approach for C-arm control fails, clinicians must revert to manual operation, resulting in additional delays. Consequently, an agentic C-arm control framework based on multimodal large language models (MLLMs) is highly desirable, as it can incorporate clinician feedback and use reasoning to make adjustments toward more accurate positioning. Skeletal landmark localization is essential for C-arm control, and we investigate adapting MLLMs for autonomous landmark localization. Methods: We used an annotated synthetic X-ray dataset and a real X-ray dataset. Each X-ray in both datasets is paired with several skeletal landmarks. We fine-tuned two MLLMs and tasked them with retrieving the closest landmarks from each X-ray. Quantitative evaluations of landmark localization were performed and compared against a leading DL approach. We further conducted qualitative experiments demonstrating: (1) how an MLLM can correct an initially incorrect prediction through reasoning, and (2) how the MLLM can sequentially navigate the C-arm toward a target location. Results: On both datasets, fine-tuned MLLMs demonstrate competitive performance across all localization tasks when compared with the DL approach. In the qualitative experiments, the MLLMs provide evidence of reasoning and spatial awareness. Conclusion: This study shows that fine-tuned MLLMs achieve accurate skeletal landmark localization and hold promise for agentic autonomous C-arm control. Our code is available athttps://github.com/marszzibros/C-arm-localization-LLMs.git"
A8,Robotic X-ray / CT / nuclear-image acquisition,机器人 X-ray / CT / 核医学成像采集,2026,YTD through 2026-08-06,Integration of a mobile robotic cone beam CT scanner in pediatric neurosurgery,10.1007/s00381-026-07238-4,41936705.0,Europe PMC; OpenAlex,MED:41936705; W7150143573,https://doi.org/10.1007/s00381-026-07238-4,2026-04-05,article,Child s Nervous System,Manual title/abstract adjudication,1662,
A8,Robotic X-ray / CT / nuclear-image acquisition,机器人 X-ray / CT / 核医学成像采集,2026,YTD through 2026-08-06,Neuroendovascular procedures in the hybrid operating room using a monoplane robotic C-arm – feasibility study,10.1016/j.clineuro.2026.109397,41865613.0,Europe PMC; OpenAlex,MED:41865613; W7139949889,https://doi.org/10.1016/j.clineuro.2026.109397,2026-03-20,article,Clinical Neurology and Neurosurgery,Manual title/abstract adjudication,1684,"Robot-assisted, monoplane C-arm angiography systems designed for hybrid operating rooms represent an alternative approach to neuroendovascular procedures. Conversely, non-computer-assisted monoplane systems or conventional biplane systems in angiography suites are widely established. This study aims to evaluate the effectiveness, safety and efficiency of a robotic C-arm angiography system in performing neuroendovascular interventions, including cerebrovascular digital subtraction angiography (DSA), embolization of the middle meningeal artery (MMA) in subdural hematoma, and mechanical thrombectomy for vessel occlusion. All patients undergoing DSA, MMA embolization, or mechanical thrombectomy between July 2020 and December 2024 were retrospectively included. Procedures were performed using a monoplane robotic C-arm system (ARTIS pheno, Siemens Healthineers, Munich, Germany) in a hybrid operating room. Clinical data, procedural details, and imaging outcomes were analyzed. Radiation exposure was assessed by fluoroscopy time, air kerma, and dose-area product (DAP). A total of 49 procedures were analyzed, including 28 DSAs, 6 MMA embolizations, and 15 mechanical thrombectomies. DSA and MMA embolization (EMMA grade ≥2) achieved 100% procedural success, while mechanical thrombectomies achieved successful reperfusion (mTICI ≥2b) in 93.3% of cases. Median procedure durations were 34.0 (IQR 18.0–45.0) minutes for DSA, 70.0 (IQR 28.0–126.0) minutes for MMA embolization, and 84.0 (IQR 67.0–106.0) minutes for mechanical thrombectomy. Median fluoroscopy times were 5.2 (IQR 2.9–11.5) minutes (DSA), 21.3 (IQR 8.8–36.5) minutes (MMA embolization), and 21.2 (IQR 18.5–42.9) minutes (mechanical thrombectomy). Median DAPs were 7262.5 (IQR 3867.8–11570.8) µGy·m² (DSA), 16135.5 (IQR 8244.2–18216.2) µGy·m² (MMA embolization), and 9875.2 (IQR 6524.3–18455.5) µGy·m² (mechanical thrombectomy). Additional 3D-angiography or cone-beam CT (CBCT) was associated with higher radiation exposure. Basic neuroendovascular procedures can be safely and efficiently performed using a monoplane robotic C-arm in a hybrid operating room, achieving procedural success and radiation exposure levels comparable to conventional biplane systems. • Neuroendovascular procedures were safely performed using a monoplane robotic C-arm in a hybrid operating room • Diagnostic angiography, MMA embolization, and mechanical thrombectomy achieved high technical success rates • Procedural times and radiation exposure were comparable to values reported for biplane angiography systems • Monoplane workflows enabled emergency interventions and combined surgical–endovascular procedures when biplane systems were unavailable • Hybrid operating rooms allow optimized use of angiographic resources according to clinical urgency and procedural complexity"
A8,Robotic X-ray / CT / nuclear-image acquisition,机器人 X-ray / CT / 核医学成像采集,2026,YTD through 2026-08-06,Real-time three-dimensional robotic C-arm navigation for ventriculoperitoneal shunt placement: a single-center retrospective study,10.1016/j.jocn.2026.111868,41655357.0,Europe PMC; OpenAlex,MED:41655357; W7128357286,https://doi.org/10.1016/j.jocn.2026.111868,2026-02-07,article,Journal of Clinical Neuroscience,Manual title/abstract adjudication,1699,"<h4>Objective</h4>To evaluate the accuracy, safety, and clinical outcomes of ventriculoperitoneal (VP) shunt placement using real-time three-dimensional (3D) robotic C-arm navigation in adults with hydrocephalus.<h4>Methods</h4>A retrospective review was conducted on 82 patients who underwent VP shunt placement in a hybrid operating room between September 2018 and December 2022. All procedures utilized intraoperative 3D robotic C-arm navigation for ventricular catheter placement. Data included demographics, operative details, postoperative imaging, and complications. Catheter tip position was graded, and patients were followed for at least three years.<h4>Results</h4>First-pass ventricular access was achieved in all cases. Optimal tip positioning (Grade 1) was observed in 79% of patients, Grade 2 in 20%, and Grade 3 in 1%. The mean operative time was 76.6 ± 20.6 min. Postoperative complications occurred in 7% of patients, primarily related to distal catheter issues; no cerebrospinal fluid-side revisions were required during follow-up.<h4>Conclusion</h4>Real-time 3D robotic C-arm navigation enables precise ventricular catheter placement with high first-pass success, and low complication rates. This technique may reduce mechanical shunt failure and warrants prospective comparative studies to confirm its benefits and cost-effectiveness."
A8,Robotic X-ray / CT / nuclear-image acquisition,机器人 X-ray / CT / 核医学成像采集,2026,YTD through 2026-08-06,Redefining robotic image-guidance – tomographic visualization of lesions during prostate cancer surgery via gantry-free robotic SPECT,10.1007/s00259-026-07987-z,42384203.0,Europe PMC; OpenAlex,MED:42384203; W7166881615,https://doi.org/10.1007/s00259-026-07987-z,2026-07-01,article,European Journal of Nuclear Medicine and Molecular Imaging,Manual title/abstract adjudication,1700,"<h4>Purpose</h4>The introduction of the drop-in gamma probe has advanced intraoperative molecular imaging during prostate cancer surgery. We have been able to convert the sensor's numeric readout to tomographic images, so-called robotic-SPECT (<sub>Robo</sub>SPECT) and investigate how this is impacted by radiopharmaceutical avidities and drop-in scan metrics.<h4>Methods</h4>The gamma sensor readout was registered with its 3D position and orientation, allowing a custom reconstruction algorithm to generate <sub>Robo</sub>SPECT images. Evaluations occurred in 21 patients; 10 sentinel node procedures (SN; primary prostate cancer) and 11 PSMA-radioguided surgery (recurrent prostate cancer). <sub>Robo</sub>SPECT findings were related to respective pre- and intra-operative controls, including preoperative PSMA-PET/CT and/or SPECT/CT images and fluorescence detection (SN only).<h4>Results</h4><sub>Robo</sub>SPECT proved to be safe and applicable in a range of conditions. In the SN-group, 26 SN-SPECT/CT lesions were successfully identified with SN-<sub>Robo</sub>SPECT (100%); 3 were tumor positive (sensitivity 100%). Only 73% of SNs were surgically visible with fluorescence imaging. For the PSMA guided group, the 14 lesions identified on PSMA-PET/CT were all visualized with PSMA-<sub>Robo</sub>SPECT (100%); 18 specimens were tumor positive (sensitivity 78% for both PSMA-PET/CT and PSMA-<sub>Robo</sub>SPECT). Preoperative PSMA-SPECT/CT only identified 4 PSMA-lesions (29%). No false positives were seen for <sub>robo</sub>SPECT and all final resection margins were clean. At 6-months 0% of the SN-patients and 20% of PSMA-patients showed biochemical recurrence.<h4>Conclusion</h4><sub>Robo</sub>SPECT provides 3D context that extends the utility of drop-in gamma tracing and assists the alignment between pre- and intra-operative target perception. Here SN-<sub>Robo</sub>SPECT clearly outperformed fluorescence SN imaging and PSMA-<sub>Robo</sub>SPECT outperformed preoperative PSMA-SPECT/CT imaging."
A9,Robotic microscopy / confocal endomicroscopy,机器人显微 / 共聚焦内显微扫描,2012,full year,Evaluation of a Completely Robotized Neurosurgical Operating Microscope,10.1227/neu.0b013e31827235f8,23254808.0,Europe PMC; OpenAlex,MED:23254808; W2062744308,https://doi.org/10.1227/neu.0b013e31827235f8,2012-12-20,article,Neurosurgery,Manual title/abstract adjudication,1782,"<h4>Background</h4>Operating microscopes are essential for most neurosurgical procedures. Modern robot-assisted controls offer new possibilities, combining the advantages of conventional and automated systems.<h4>Objective</h4>We evaluated the prototype of a completely robotized operating microscope with an integrated optical coherence tomography module.<h4>Methods</h4>A standard operating microscope was fitted with motors and control instruments, with the manual control mode and balance preserved. In the robot mode, the microscope was steered by a remote control that could be fixed to a surgical instrument. External encoders and accelerometers tracked microscope movements. The microscope was additionally fitted with an optical coherence tomography-scanning module.<h4>Results</h4>The robotized microscope was tested on model systems. It could be freely positioned, without forcing the surgeon to take the hands from the instruments or avert the eyes from the oculars. Positioning error was about 1 mm, and vibration faded in 1 second. Tracking of microscope movements, combined with an autofocus function, allowed determination of the focus position within the 3-dimensional space. This constituted a second loop of navigation independent from conventional infrared reflector-based techniques. In the robot mode, automated optical coherence tomography scanning of large surface areas was feasible.<h4>Conclusion</h4>The prototype of a robotized optical coherence tomography-integrated operating microscope combines the advantages of a conventional manually controlled operating microscope with a remote-controlled positioning aid and a self-navigating microscope system that performs automated positioning tasks such as surface scans. This demonstrates that, in the future, operating microscopes may be used to acquire intraoperative spatial data, volume changes, and structural data of brain or brain tumor tissue."
A9,Robotic microscopy / confocal endomicroscopy,机器人显微 / 共聚焦内显微扫描,2012,full year,Robot-assisted transvaginal peritoneoscopy using confocal endomicroscopy: a feasibility study in a porcine model,10.1007/s00464-012-2228-1,22534738.0,Europe PMC; OpenAlex,MED:22534738; W2005275267,https://doi.org/10.1007/s00464-012-2228-1,2012-04-25,article,Surgical Endoscopy,Manual title/abstract adjudication,1784,"<h4>Background</h4>Optical biopsy methods such as probe-based confocal laser endomicroscopy (pCLE) provide useful intraoperative real-time information, especially during minimally invasive surgery with flexible endoscopic or robotic platforms. By translating the probe at constant pressure across the target tissue, undistorted ""mosaics"" can be produced. However, this poses ergonomic challenges with a conventional flexible endoscope.<h4>Methods</h4>A 100 μm confocal depth pCLE probe was integrated into a previously described seven degrees-of-freedom articulated endoscopic robot. After estimating the average workspace created by a female pneumoperitoneum, the accessibility of the peritoneal cavity by the device for robot-assisted pCLE peritoneoscopy was calculated. To demonstrate its in vivo feasibility, the robot was inserted transvaginally in a pig, under laparoscopic vision. Optical biopsy was performed of several targets within the peritoneal cavity.<h4>Results</h4>The workspace analysis calculated that 88 % of the surface of an estimated average female pneumoperitoneum could be contacted by the probe using the robot transvaginally. In vivo, the robot was manoeuvred to provide views of all abdominal and pelvic organs. At each target there was robotic acquisition of still pCLE images, and slowly translating images for the construction of increased field-of-view mosaics up to 2 mm in length. Optical biopsies took 1-2 min per target, and at 3.5 μm lateral resolution, the mosaic images showed characteristic features of anterior abdominal wall, liver, and spleen.<h4>Conclusion</h4>In the porcine model, the robotically actuated method of performing peritoneoscopy and pCLE mosaicked optical biopsy is safe and provides a consistent means of acquiring near-histological grade images of submesothelial tissue. Clinical translation is likely to provide sufficient accessibility of the peritoneal cavity."
A9,Robotic microscopy / confocal endomicroscopy,机器人显微 / 共聚焦内显微扫描,2013,full year,Robotic Autopositioning of the Operating Microscope,10.1227/neu.0000000000000276,24335818.0,Europe PMC; OpenAlex,MED:24335818; W2315952338,https://doi.org/10.1227/neu.0000000000000276,2013-12-13,article,Operative Neurosurgery,Manual title/abstract adjudication,1789,"<h4>Background</h4>Use of the operating microscope has become pervasive since its introduction to the neurosurgical world. Neuronavigation fused with the operating microscope has allowed accurate correlation of the focal point of the microscope and its location on the downloaded imaging study. However, the robotic ability of the Pentero microscope has not been utilized to orient the angle of the microscope or to change its focal length to hone in on a predefined target.<h4>Objective</h4>To report a novel technology that allows automatic positioning of the operating microscope onto a set target and utilization of a planned trajectory, either determined with the StealthStation S7 by using preoperative imaging or intraoperatively with the microscope.<h4>Methods</h4>By utilizing the current motorized capabilities of the Zeiss OPMI Pentero microscope, a robotic autopositioning feature was developed in collaboration with Surgical Technologies, Medtronic, Inc. (StealthStation S7). The system is currently being tested at the Barrow Neurological Institute.<h4>Results</h4>Three options were developed for automatically positioning the microscope: AutoLock Current Point, Align Parallel to Plan, and Point to Plan Target. These options allow the microscope to pivot around the lesion, hover in a set plane parallel to the determined trajectory, or rotate and point to a set target point, respectively.<h4>Conclusion</h4>Integration of automatic microscope positioning into the operative workflow has potential to increase operative efficacy and safety. This technology is best suited for precise trajectories and entry points into deep-seated lesions."
A9,Robotic microscopy / confocal endomicroscopy,机器人显微 / 共聚焦内显微扫描,2013,full year,Robotisation de la réalisation de mosaïques d'images endomicroscopiques,,,OpenAlex,W400284550,https://openalex.org/W400284550,2013-06-20,dissertation,HAL (Le Centre pour la Communication Scientifique Directe),Manual title/abstract adjudication,1790,"Probe-based Confocal Laser Endomicroscopy (pCLE) is an imaging modality that requires placing a probe in contact with a tissue and provides real-time images of micrometer resolution. Many studies confirmed the clinical relevance of replacing physical biopsies by optical biopsies. In abdominal surgery, this technology could replace extemporaneous biopsies. The benefits are shorter operating time and less invasiveness. Classically, the clinicians analyze the cells themselves but also the relative organization of cellular structures to track possible cancer cells. However, it is not possible, for minimal invasiveness reasons, to have a small confocal probe that gives images of large regions with a micrometer resolution. As a result, the images field of view is too narrow to be used for clinical diagnosis by a pathologist. A solution is to sweep the probe on the tissue surface to collect a series of images that can be registered and stitched together using a mosaicking algorithm. Previous studies focus on the imaging part (ie the mosaicking algorithm). Little attention has been paid so far to the probe motion itself : most of the times the probe was moved manually using the fiberscope handles, for applications to gastroenterology, which gives poor control over the probe trajectory. Moreover, organs move due to breathing and peristaltis, and soft tissues deform under frictional contact of the probe. Our work focuses on the development of robotized minimally invasive instruments for performing optical biopsies on the organs of the abdominal cavity. First, a method for estimating the speed in the endomicroscopic images is described and evaluated (chapter 2). This method is then used to describe and model the soft tissue deformations under the probe frictional contact (chapter 3). A simple model using a single parameter is proposed, which allows to study further the tissue response when contacted by the moving probe. Ultimately, the spiral trajectory is found to be a good candidate for 1-dof scan of a surface. Also based on the speed estimation from chapter 2, a visual servo control scheme is proposed (chapter 4). It allows to control precisely the probe trajectory while rejecting the tissue deformations considered as a disturbance. A speed control loop is also proposed for precisely controlling the speed along a constrained spiral trajectory. Finally, these developments are applied to dedicated minimally invasive instruments. A general structure is proposed for the instruments, combining macroactuation for general navigation in the abdominal cavity, a system for physiological motion compensation, and micro-actuation for probe sweeping. Two micro-actuators are proposed : hydraulic actuation using micro-balloons and mechanic transmission for a constrained spiral trajectory. Ex vivo and in vivo experiments are successfully carried out to assess the robustness of the actuation scheme and control algorithms."
A9,Robotic microscopy / confocal endomicroscopy,机器人显微 / 共聚焦内显微扫描,2014,full year,MP58-03 INTRAOPERATIVE OPTICAL BIOPSY DURING ROBOTIC-ASSISTED RADICAL PROSTATECTOMY USING CONFOCAL LASER ENDOMICROSCOPY: INITIAL FEASIBILITY STUDY,10.1016/j.juro.2014.02.1819,,OpenAlex,W2096334416,https://doi.org/10.1016/j.juro.2014.02.1819,2014-03-28,article,The Journal of Urology,Manual title/abstract adjudication,1791,"You have accessJournal of UrologyProstate Cancer: Localized VI1 Apr 2014MP58-03 INTRAOPERATIVE OPTICAL BIOPSY DURING ROBOTIC-ASSISTED RADICAL PROSTATECTOMY USING CONFOCAL LASER ENDOMICROSCOPY: INITIAL FEASIBILITY STUDY Aristeo Lopez, Daniel Bui, Jen-Jane Liu, Kathleen Mach, Theodore Harris, Robert Rouse, John Leppert, and Joseph Liao Aristeo LopezAristeo Lopez More articles by this author , Daniel BuiDaniel Bui More articles by this author , Jen-Jane LiuJen-Jane Liu More articles by this author , Kathleen MachKathleen Mach More articles by this author , Theodore HarrisTheodore Harris More articles by this author , Robert RouseRobert Rouse More articles by this author , John LeppertJohn Leppert More articles by this author , and Joseph LiaoJoseph Liao More articles by this author View All Author Informationhttps://doi.org/10.1016/j.juro.2014.02.1819AboutPDF ToolsAdd to favoritesDownload CitationsTrack CitationsPermissionsReprints ShareFacebookTwitterLinked InEmail INTRODUCTION AND OBJECTIVES Of significant technical challenge to radical prostatectomy is the prostate’s deep pelvic location and close proximity to the urinary sphincter and neurovascular bundles. Advancements in intraoperative image guidance may improve functional and oncologic outcomes of RARP. Confocal laser endomicroscopy (CLE) is an emerging technology that provides dynamic in vivo imaging of tissue with micron-scale resolution with images comparable to standard histology. In this study, we report the initial feasibility of intraoperative optical biopsy using CLE during RARP. METHODS With IRB approval, ten patients scheduled for RARP were recruited. Probe-based CLE was performed with the Cellvizio® system (Mauna Kea Technologies) using either a 0.85-mm or 2.6-mm probe inserted through the standard laparoscopic port. Intravenous fluorescein (10%) was used as the optical contrast agent. Standard robotic instruments were used to grasp and direct the probe for image acquisition. TilePro™ functionality (Intuitive Surgical) was used to integrate 3D-view of the operative field with confocal imaging. RESULTS Intraoperative microscopy was performed in 10 patients. CLE was safely performed in all the patients with no intraoperative complications related to CLE. Intraoperative anatomic landmarks that were imaged and characterized include prostatic capsule, NVB, bladder neck, urinary sphincter, and other periprostatic structures. The NVB was imaged in situ within the lateral prostatic fascia and after the nerve-sparing procedure. Successful nerve sparing is characterized by presence of moving red blood cells within the capillaries and intact linear structures consistent with nerve fibers. CONCLUSIONS We report the initial feasibility and safety of intraoperative optical biopsy during RARP. Image guidance and tissue interrogation using CLE may improve functional and oncologic outcomes related to RARP. © 2014FiguresReferencesRelatedDetails Volume 191Issue 4SApril 2014Page: e659 Advertisement Copyright & Permissions© 2014MetricsAuthor Information Aristeo Lopez More articles by this author Daniel Bui More articles by this author Jen-Jane Liu More articles by this author Kathleen Mach More articles by this author Theodore Harris More articles by this author Robert Rouse More articles by this author John Leppert More articles by this author Joseph Liao More articles by this author Expand All Advertisement Advertisement PDF downloadLoading ..."
A9,Robotic microscopy / confocal endomicroscopy,机器人显微 / 共聚焦内显微扫描,2015,full year,Force adaptive robotically assisted endomicroscopy for intraoperative tumour identification,10.1007/s11548-015-1179-0,25900339.0,Europe PMC; OpenAlex,MED:25900339; W2074977015,https://doi.org/10.1007/s11548-015-1179-0,2015-04-21,article,International Journal of Computer Assisted Radiology and Surgery,Manual title/abstract adjudication,1796,"<h4>Purpose</h4>For effective tumour margin definition for cancer surgery, there is an increasing demand for the development of real-time intraoperative tissue biopsy techniques. Recent advances in miniaturized biophotonics probes have permitted the development of endomicroscopy techniques that are clinically attractive. With these approaches, cellular-level imaging can be achieved through millimetre-scale flexible probes and be performed in real-time, in vivo and in situ. Due to the limited field of view and flexibility of these probes, however, large area tissue coverage for acquiring histology-like images over complex three-dimensional surfaces is challenging. This is particularly the case because current surgical robots, such as the Da Vinci ®, lack haptic feedback, making it difficult to maintain optimum tissue contact when these probes are deployed in vivo.<h4>Methods</h4>This paper proposes a simple force-controlled pick-up probe that can be integrated with the Da Vinci instruments for intraoperative endomicroscopy imaging. The device uses a new low-friction air bearing with adaptive axial force control to maintain constant contact between the tissue and the imaging probe, facilitating microscopy scans over complex surfaces. Detailed ex vivo user experiments have been conducted to demonstrate the effectiveness of the technique.<h4>Results</h4>The adaptive probe mount could achieve consistent low-magnitude probe-sample contact forces compared with a rigid mount. In the user study, the adaptive probe combined with a high frame rate endomicroscopy system allowed larger mosaics to be generated over curved surfaces.<h4>Conclusions</h4>The device can improve the performance of large area mosaicking over complex 3D surfaces with improved handling and intraoperative control."
A9,Robotic microscopy / confocal endomicroscopy,机器人显微 / 共聚焦内显微扫描,2015,full year,Intraoperative Optical Biopsy during Robotic Assisted Radical Prostatectomy Using Confocal Endomicroscopy,10.1016/j.juro.2015.10.182,26626214.0,Europe PMC; OpenAlex,MED:26626214; W2223375827,https://doi.org/10.1016/j.juro.2015.10.182,2015-11-26,article,The Journal of Urology,Manual title/abstract adjudication,1798,"<h4>Purpose</h4>Intraoperative optical biopsy technologies may aid in the identification of important anatomical landmarks and improve surgical outcomes of robotic assisted radical prostatectomy. We evaluate the feasibility of confocal laser endomicroscopy during robotic assisted radical prostatectomy.<h4>Materials and methods</h4>A total of 21 patients with biopsy proven prostate cancer scheduled for robotic assisted radical prostatectomy were recruited. After intravenous administration of fluorescein 15 patients underwent in vivo intraoperative confocal laser endomicroscopy of prostatic and periprostatic structures using a 2.6 or 0.85 mm imaging probe. Standard robotic instruments were used to grasp and maneuver the confocal laser endomicroscopy probes for image acquisition. Confocal laser endomicroscopy imaging was performed ex vivo on fresh prostate specimens from 20 patients. Confocal video sequences acquired in vivo and ex vivo were reviewed and analyzed, with additional image processing using a mosaicing algorithm. Processed confocal images were compared with standard hematoxylin and eosin analysis of imaged regions.<h4>Results</h4>Confocal laser endomicroscopy was successfully integrated with robotic surgery, including co-registration of confocal video sequences with white light and probe handling with standard robotic instrumentation. Intraoperative confocal laser endomicroscopy imaging of the neurovascular bundle before and after nerve sparing dissection revealed characteristic features including dynamic vascular flow and intact axon fibers. Ex vivo confocal imaging of the prostatic parenchyma demonstrated normal prostate glands, stroma and prostatic carcinoma.<h4>Conclusions</h4>We report the initial feasibility of optical biopsy of prostatic and periprostatic tissue during robotic assisted radical prostatectomy. Image guidance and tissue interrogation using confocal laser endomicroscopy offer a new intraoperative imaging method that has the potential to improve the functional and oncologic outcomes of prostate cancer surgery."
A9,Robotic microscopy / confocal endomicroscopy,机器人显微 / 共聚焦内显微扫描,2016,full year,"A Prospective Cohort Evaluation of a Robotic, Auto-Navigating Operating Microscope",10.7759/cureus.662,27493844.0,Europe PMC; OpenAlex,MED:27493844; W2465067227,https://doi.org/10.7759/cureus.662,2016-06-30,article,Cureus,Manual title/abstract adjudication,1802,"The unique challenges inherent to microneurosurgery demand that we stay on the forefront of new surgical technologies. Many believe the next major technological advance in neurosurgery will be the widespread application of image-guided robotics in the operating room. We evaluated a novel technology for image-guided robotic auto-navigation of the operating microscope in a prospectively enrolled cohort of patients. Twenty patients were prospectively enrolled for analysis. Data were collected on the extent of resection, operative time, estimated blood loss, time taken to set up the new software, and complications encountered. Software accuracy, reliability, and usefulness in the case were subjectively evaluated. The most commonly  treated pathologies were cavernous malformation (n = 5), arteriovenous malformation (n = 4), and meningioma (n = 4). The time to set up the new software interface before the start of the operation was <60 seconds in all cases. Subjective evaluation in each case revealed the robotic interface to be accurate, reliable, and useful. The new technology was significantly more useful in deeper lesions. The addition of image-guided robotic auto-positioning features to the operating microscope has a great potential to advance the field of neurosurgery. This study is the first prospective evaluation of such a technology in a patient cohort. The results suggest that the newest robotic auto-positioning technology has the potential to improve the neurosurgeon's efficiency and efficacy, thereby positively impacting patient safety and surgical outcomes, especially in cases involving deep-seated lesions."
A9,Robotic microscopy / confocal endomicroscopy,机器人显微 / 共聚焦内显微扫描,2016,full year,Autonomous Scanning for Endomicroscopic Mosaicing and 3D Fusion,10.1109/icra.2017.7989412,,arXiv,1604.04137v3,http://arxiv.org/abs/1604.04137v3,2016-04-14,preprint,arXiv [cs.RO],Manual title/abstract adjudication,1803,"Robotic-assisted Minimally Invasive Surgery (RMIS) can benefit from the automation of common, repetitive or well-defined but ergonomically difficult tasks. One such task is the scanning of a pick-up endomicroscopy probe over a complex, undulating tissue surface in order to enhance the effective field-of-view through video mosaicing. In this paper, the da Vinci surgical robot, through the dVRK framework, is used for autonomous scanning and 2D mosaicing over a user-defined region of interest. To achieve the level of precision required for high quality large-area mosaic generation, which relies on sufficient overlap between consecutive image frames, visual servoing is performed using a tracking marker attached to the probe. The resulting sub-millimetre accuracy of the probe motion allows for the generation of large endomicroscopy mo- saics with minimal intervention from the surgeon. It also allows the probe to be maintained in an orientation perpendicular to the local tissue surface, providing optimal imaging results. Images are streamed from the endomicroscope and overlaid live onto the surgeons view, while 2D mosaics are generated in real-time, and fused into a 3D stereo reconstruction of the surgical scene, thus providing intuitive visualisation and fusion of the multi-scale images. The system therefore offers significant potential to enhance surgical procedures, by providing the operator with cellular-scale information over a larger area than could typically be achieved by manual scanning."
A9,Robotic microscopy / confocal endomicroscopy,机器人显微 / 共聚焦内显微扫描,2016,full year,Robotics for surgical microscopy,10.25560/46198,,Europe PMC; OpenAlex,ETH:718424; W2757436716,https://doi.org/10.25560/46198,2016-09-01,dissertation,Spiral (Imperial College London),Manual title/abstract adjudication,1806,"Advances in surgery have had a significant impact on cancer treatment and management. Recurrence, however, is still a major issue, and is often associated with incomplete tumour removal. Thus far, histopathological examination is still the “gold standard” for assessing tumour resection completeness. However, it is operator-dependent and too slow for intraoperative use. Recently developed endomicroscopy techniques enable the acquisition of high resolution images at a cellular level in situ, in vivo, thus significantly extending the information content available intraoperatively. The miniaturised imaging probes incorporate flexible fibre bundles and allow the ease of integration with surgical instruments. However, manual control of these probes is challenging, particularly in terms of maintaining consistent tissue contact and performing large area surveillance of complex, deformable, 3D structures. This thesis explores the use of surgical robots and robotically-assisted probe manipulation to provide stable, precise, consistent and dexterous manipulation of endomicroscopy probes for surgical applications. Following a discussion of image enhancement techniques, a first approach towards robotically-assisted probe manipulation using existing surgical robotic platforms is demonstrated in the form of multi-purpose, pick-up probes. They also incorporate novel force adaptive mechanisms for consistent tissue contact. The development of bespoke, mechatronically-enhanced robotic devices is then presented. Firstly, a handheld robotic scanning device is proposed for breast conserving surgery, allowing accurate, high speed scanning over wide deformable tissue areas. An energy delivery fibre is integrated into the scanning mechanism for image-guided ablation or intraoperative marking of tumour margins. Secondly, a dexterous 5-degree-of-freedom robotic instrument is proposed for use in endoluminal microsurgeries. The instrument offers increased flexibility and by using a master-slave control scheme, we demonstrate how efficient, large area scanning over curved endoluminal surfaces can be performed. Finally, the fusion of ultrasound imaging with endomicroscopy is investigated through the development of a robotically-actuated articulated instrument for multi-modality image fusion."
A9,Robotic microscopy / confocal endomicroscopy,机器人显微 / 共聚焦内显微扫描,2017,full year,Flexible Robotic Scanning Device for Intraoperative Endomicroscopy in MIS,10.1109/tmech.2017.2700008,,OpenAlex,W2611395991,https://doi.org/10.1109/tmech.2017.2700008,2017-05-02,article,IEEE/ASME Transactions on Mechatronics,Manual title/abstract adjudication,1812,"Optical biopsy methods such as probe-based confocal endomicroscopy can provide intraoperative real-time assessment of tumour margins, including during minimally invasive surgery with flexible endoscopes or robotic platforms. Mosaics can be produced by translating the probe across the target, but it remains difficult to scan over a large field of view with a flexible endomicroscope. In this paper, we have developed a novel flexible scanning device for intraoperative endomicroscopy in minimally invasive surgery (MIS). A Schott leached imaging bundle was integrated into the device and enables the approach, via a flexible path, to deep and narrow spaces in the human body that otherwise would not accessible. The proposed device uses a gear-based flexible concentric tube scanning mechanism to facilitate large field-of-view mosaicing. Experimental results show that the device is able to scan different surface trajectories (e.g., a spiral pattern over a hemi-spherical surface). Results from lens tissue paper and porcine liver tissue are demonstrated, illustrating a viable scanning approach for endomicroscopy in MIS."
A9,Robotic microscopy / confocal endomicroscopy,机器人显微 / 共聚焦内显微扫描,2017,full year,Microsurgical Clipping of an Anterior Communicating Artery Aneurysm Using a Novel Robotic Visualization Tool in Lieu of the Binocular Operating Microscope: Operative Video,10.1093/ons/opx081,29253287.0,Europe PMC; OpenAlex,MED:29253287; W2606225215,https://doi.org/10.1093/ons/opx081,2017-04-17,article,Operative Neurosurgery,Manual title/abstract adjudication,1815,"<h4>Introduction</h4>The binocular operating microscope has been the visualization instrument of choice for microsurgical clipping of intracranial aneurysms for many decades.<h4>Objective</h4>To discuss recent technological advances that have provided novel visualization tools, which may prove to be superior to the binocular operating microscope in many regards.<h4>Methods</h4>We present an operative video and our operative experience with the BrightMatterTM Servo System (Synaptive Medical, Toronto, Ontario, Canada) during the microsurgical clipping of an anterior communicating artery aneurysm. To the best of our knowledge, the use of this device for the microsurgical clipping of an intracranial aneurysm has never been described in the literature.<h4>Results</h4>The BrightMatterTM Servo System (Synaptive Medical) is a surgical exoscope which avoids many of the ergonomic constraints of the binocular operating microscope, but is associated with a steep learning curve. The BrightMatterTM Servo System (Synaptive Medical) is a maneuverable surgical exoscope that is positioned with a directional aiming device and a surgeon-controlled foot pedal. While utilizing this device comes with a steep learning curve typical of any new technology, the BrightMatterTM Servo System (Synaptive Medical) has several advantages over the conventional surgical microscope, which include a relatively unobstructed surgical field, provision of high-definition images, and visualization of difficult angles/trajectories.<h4>Conclusion</h4>This device can easily be utilized as a visualization tool for a variety of cranial and spinal procedures in lieu of the binocular operating microscope. We anticipate that this technology will soon become an integral part of the neurosurgeon's armamentarium."
A9,Robotic microscopy / confocal endomicroscopy,机器人显微 / 共聚焦内显微扫描,2018,full year,In Vivo Inspection of the Olfactory Epithelium: Feasibility of Robotized Optical Biopsy,10.1007/s10439-018-2076-9,,OpenAlex,W2809407660,https://doi.org/10.1007/s10439-018-2076-9,2018-06-19,article,Annals of Biomedical Engineering,Manual title/abstract adjudication,1820,
A9,Robotic microscopy / confocal endomicroscopy,机器人显微 / 共聚焦内显微扫描,2018,full year,Modular Robotic Scanning Device for Real-Time Gastric Endomicroscopy,10.1007/s10439-018-02156-2,30362081.0,Europe PMC; OpenAlex,MED:30362081; W2898343227,https://doi.org/10.1007/s10439-018-02156-2,2018-10-22,article,Annals of Biomedical Engineering,Manual title/abstract adjudication,1826,"Optical biopsy methods, such as probe-based endomicroscopy, can be used for the identification of early mucosal dysplasia in various gastrointestinal conditions and have potential applications in the screening of early-stage gastric cancer in vivo. However, it is difficult to scan a large area of the gastric mucosa for mosaicing during standard endoscopy. This paper proposes a novel 'snap-on' robotic scanning device that can integrate distally with a commercial endoscope. A customized low-cost endomicroscopy system is used for obtaining micro imaging. The developed device could scan a large area of gastric tissue during standard endoscopy. The device achieves positioning accuracy that is less than 0.23 mm. Experimental results showed that the device could achieve large area mosaicing (15.8-18.6 mm<sup>2</sup>) and demonstrated the potential clinical value of the device for real-time gastric tissue identification and margin assessment. This approach presents an important alternative to current histology techniques for gastrointestinal tract diagnosis."
A9,Robotic microscopy / confocal endomicroscopy,机器人显微 / 共聚焦内显微扫描,2018,full year,Online Robust Endomicroscopy Video Mosaicking Using Robot Prior,10.1109/lra.2018.2863372,,OpenAlex,W2887951237,https://doi.org/10.1109/lra.2018.2863372,2018-08-06,article,IEEE Robotics and Automation Letters,Manual title/abstract adjudication,1827,"This letter discusses the development of a mosaicking algorithm for building large- and high-resolution confocal images. Due to the nature of optics and vision systems in general, there is still a dilemma between choosing a wide field-of-view and high resolution. The most accepted solution is to opt for a high-resolution optics and expand the FOV algorithmically thanks to mosaicking approaches. The study reported in this letter consists of online and real-time construction of large mosaics using individual confocal images with a micrometer resolution. These individual images are provided by a confocal laser endomicroscopy system which can grab in vivo real-time images through a minimally invasive access. The acquisition of the confocal images is achieved by moving the imaging probe on the studied sample surface with a constant contact between the probe and the sample. The mosaicking algorithm proposed in this letter deals with the combination of both the robot inputs and the image registrations. The proposed method has demonstrated very promising performances in terms of accuracy and robustness with regard to image noise (poor image quality or loss of contact between the probe and the sample) as well as misregistration issues. Experiments carried out with a highly accurate robotic system and a ground truth obtained by conventional optical microscopy demonstrate the robustness of the proposed approach."
A9,Robotic microscopy / confocal endomicroscopy,机器人显微 / 共聚焦内显微扫描,2018,full year,Robotic Scanning Device for Intraoperative Thyroid Gland Endomicroscopy,10.1007/s10439-018-1978-x,29340932.0,Europe PMC; OpenAlex,MED:29340932; W2783303820,https://doi.org/10.1007/s10439-018-1978-x,2018-01-16,article,Annals of Biomedical Engineering,Manual title/abstract adjudication,1829,"Probe-based confocal laser endomicroscopy has a high potential to be a promising tool that can provide intraoperative high-resolution in vivo morphological imaging at cellular and subcellular levels for thyroidectomy, and allow real-time assessment of tumor margins. However, the typical images acquired with this technique cover a very small area limited by the field of view of the probe, accompanied by tissue deformation and inconsistent probe-tissue contact when operated manually. In this paper, a novel compact robotic device for large area scanning has been developed. The device can scan a large surface in a spiral trajectory by rotating the tip frame along the spiral groove of the base frame. The fiber Bragg grating sensor with a passive linear structure is used to detect and maintain a stable probe-tissue contact force during scanning. An active linear actuation is also integrated for adjusting the probe-tissue contact level prior to each scan. Results demonstrate that the scanning device ensures a suitable probe-tissue contact force and compensates for simulated hand tremor. Mosaicing results of lens tissue paper and porcine belly tissue with both bench and hand-held experiments show the effectiveness and usability of the device, demonstrating the potential clinical value of the system."
A9,Robotic microscopy / confocal endomicroscopy,机器人显微 / 共聚焦内显微扫描,2019,full year,A Miniature Robotic-Assisted Tool for Large Area Endomicroscopy Scanning,10.1115/1.4045647,,OpenAlex,W2995487618,https://doi.org/10.1115/1.4045647,2019-12-09,article,Journal of Mechanisms and Robotics,Manual title/abstract adjudication,1833,"Abstract Recent developments in probe-based optical imaging tools such as confocal endomicroscopy have been demonstrated to be powerful techniques that can provide high-resolution in vivo morphological images at cellular and subcellular levels. Such tools may aid in real-time assessment of cancerous tissue and can also be used for intraoperative surgical guidance. However, it is a challenge to scan over a large area due to the small field-of-view and the difficulties associated with manually manipulating the probe. In this paper, a hand-held miniature scanning device for controlled, large area imaging is proposed. The device can scan target surfaces automatically. A passive linear mechanism is used to maintain good probe–tissue contacts. The results demonstrated that large area mosaics up to 31.4 mm2 can be obtained. The experimental results for ex vivo human thyroid gland tissue have shown the potential of the device for improving the prospects of intraoperative tissue identification and margin assessment."
A9,Robotic microscopy / confocal endomicroscopy,机器人显微 / 共聚焦内显微扫描,2019,full year,A Novel Semi-Autonomous Control Framework for Retina Confocal Endomicroscopy Scanning.,10.1109/iros40897.2019.8967751,33643680.0,Europe PMC,MED:33643680,https://doi.org/10.1109/iros40897.2019.8967751,2019-11-01,,Proceedings of the ... IEEE/RSJ International Conference on Intelligent Robots and Systems. IEEE/RSJ International Conference on Intelligent Robots and Systems,Manual title/abstract adjudication,1834,"In this paper, a novel semi-autonomous control framework is presented for enabling probe-based confocal laser endomicroscopy (pCLE) scan of the retinal tissue. With pCLE, retinal layers such as nerve fiber layer (NFL) and retinal ganglion cell (RGC) can be scanned and characterized in real-time for an improved diagnosis and surgical outcome prediction. However, the limited field of view of the pCLE system and the micron-scale optimal focus distance of the probe, which are in the order of physiological hand tremor, act as barriers to successful manual scan of retinal tissue. Therefore, a novel sensorless framework is proposed for real-time semi-autonomous endomicroscopy scanning during retinal surgery. The framework consists of the Steady-Hand Eye Robot (SHER) integrated with a pCLE system, where the motion of the probe is controlled semi-autonomously. Through a hybrid motion control strategy, the system autonomously controls the confocal probe to optimize the sharpness and quality of the pCLE images, while providing the surgeon with the ability to scan the tissue in a tremor-free manner. Effectiveness of the proposed architecture is validated through experimental evaluations as well as a user study involving 9 participants. It is shown through statistical analyses that the proposed framework can reduce the work load experienced by the users in a statistically-significant manner, while also enhancing their performance in retaining pCLE images with optimized quality."
A9,Robotic microscopy / confocal endomicroscopy,机器人显微 / 共聚焦内显微扫描,2019,full year,En-face optical coherence tomography/fluorescence endomicroscopy for minimally invasive imaging using a robotic scanner,10.1117/1.jbo.24.6.066006,31222989.0,Europe PMC; OpenAlex,MED:31222989; W2952641037,https://doi.org/10.1117/1.jbo.24.6.066006,2019-06-20,article,Journal of Biomedical Optics,Manual title/abstract adjudication,1836,"We report a compact rigid instrument capable of delivering en-face optical coherence tomography (OCT) images alongside (epi)-fluorescence endomicroscopy (FEM) images by means of a robotic scanning device. Two working imaging channels are included: one for a one-dimensional scanning, forward-viewing OCT probe and another for a fiber bundle used for the FEM system. The robotic scanning system provides the second axis of scanning for the OCT channel while allowing the field of view (FoV) of the FEM channel to be increased by mosaicking. The OCT channel has resolutions of 25  /  60  μm (axial/lateral) and can provide en-face images with an FoV of 1.6  ×  2.7  mm2. The FEM channel has a lateral resolution of better than 8  μm and can generate an FoV of 0.53  ×  3.25  mm2 through mosaicking. The reproducibility of the scanning was determined using phantoms to be better than the lateral resolution of the OCT channel. Combined OCT and FEM imaging were validated with ex-vivo ovine and porcine tissues, with the instrument mounted on an arm to ensure constant contact of the probe with the tissue. The OCT imaging system alone was validated for in-vivo human dermal imaging with the handheld instrument. In both cases, the instrument was capable of resolving fine features such as the sweat glands in human dermal tissue and the alveoli in porcine lung tissue."
A9,Robotic microscopy / confocal endomicroscopy,机器人显微 / 共聚焦内显微扫描,2019,full year,Hybrid Robot-Assisted Frameworks for Endomicroscopy Scanning in Retinal Surgeries,10.1109/tmrb.2020.2988312,32699833.0,Europe PMC; OpenAlex; arXiv,1909.06852v2; MED:32699833; W2973090448,https://doi.org/10.1109/tmrb.2020.2988312,2019-09-15,article,IEEE Transactions on Medical Robotics and Bionics,Manual title/abstract adjudication,1837,"High-resolution real-time intraocular imaging of retina at the cellular level is very challenging due to the vulnerable and confined space within the eyeball as well as the limited availability of appropriate modalities. A probe-based confocal laser endomicroscopy (pCLE) system, can be a potential imaging modality for improved diagnosis. The ability to visualize the retina at the cellular level could provide information that may predict surgical outcomes. The adoption of intraocular pCLE scanning is currently limited due to the narrow field of view and the micron-scale range of focus. In the absence of motion compensation, physiological tremors of the surgeons' hand and patient movements also contribute to the deterioration of the image quality. Therefore, an image-based hybrid control strategy is proposed to mitigate the above challenges. The proposed hybrid control strategy enables a shared control of the pCLE probe between surgeons and robots to scan the retina precisely, with the absence of hand tremors and with the advantages of an image-based auto-focus algorithm that optimizes the quality of pCLE images. The hybrid control strategy is deployed on two frameworks - cooperative and teleoperated. Better image quality, smoother motion, and reduced workload are all achieved in a statistically significant manner with the hybrid control frameworks."
A9,Robotic microscopy / confocal endomicroscopy,机器人显微 / 共聚焦内显微扫描,2022,full year,Robotic Navigational Bronchoscopy Combined with Needle-Based Confocal Laser Endomicroscopy: Case Report of a Novel Approach to Diagnose Small Lung Nodules,10.1159/000522515,35350030.0,Europe PMC; OpenAlex,MED:35350030; W4220965264,https://doi.org/10.1159/000522515,2022-01-01,article,Respiration,Manual title/abstract adjudication,1865,"Lung cancer is the most commonly diagnosed cancer and the leading cause of cancer-related death. Advancements in navigational bronchoscopy have shown encouraging results but the diagnostic yield of small lung nodules by bronchoscopic techniques is still below that of transthoracic needle aspiration. The development of robotic bronchoscopy has demonstrated a significantly improved navigational success but the diagnostic yield is regularly limited by near-miss of the target nodule. Needle-based confocal laser endomicroscopy is a novel imaging technique that allows for the real-time visualization of individual cells and structures with microscopic resolution at the tip of the needle. We present the first reported case of confocal laser endomicroscopy guided robotic bronchoscopy for the real-time diagnosis of a small, partially cystic lung nodule."
A9,Robotic microscopy / confocal endomicroscopy,机器人显微 / 共聚焦内显微扫描,2022,full year,Robotic bronchoscopic needle‐based confocal laser endomicroscopy to diagnose peripheral lung nodules,10.1111/resp.14438,36535801.0,Europe PMC; OpenAlex,MED:36535801; W4311924743,https://doi.org/10.1111/resp.14438,2022-12-19,article,Respirology,Manual title/abstract adjudication,1866,"<h4>Background and objective</h4>Robotic bronchoscopy has demonstrated high navigational success in small peripheral lung nodules but the diagnostic yield is discrepantly lower. Needle based confocal laser endomicroscopy (nCLE) enables real-time microscopic imaging at the needle tip. We aim to assess feasibility, safety and needle repositioning based on real-time nCLE-guidance during robotic bronchoscopy in small peripheral lung nodules.<h4>Methods</h4>Patients with suspected peripheral lung cancer underwent fluoroscopy and radial EBUS assisted robotic bronchoscopy. After radial EBUS nodule identification, nCLE-imaging of the target area was performed. nCLE-malignancy and airway/lung parenchyma criteria were used to identify the optimal sampling location. In case airway was visualized, repositioning of the biopsy needle was performed. After nCLE tool-in-nodule confirmation, needle passes and biopsies were performed at the same location.<h4>Measurements and main results</h4>Twenty patients were included (final diagnosis n = 17 (lung) cancer) with a median lung nodule size of 14.5 mm (range 8-28 mm). No complications occurred. In 19/20 patients, good quality nCLE-videos were obtained. In 9 patients (45%), real-time nCLE-imaging revealed inadequate positioning of the needle and repositioning was performed. After repositioning, nCLE-imaging provided tool-in-nodule-confirmation in 19/20 patients. Subsequent ROSE demonstrated representative material in 9/20 patients (45%) and overall diagnostic yield was 80% (16/20). Of the three patients with malignant nCLE-imaging but inadequate pathology, two were diagnosed with malignancy during follow-up.<h4>Conclusion</h4>Robotic bronchoscopic nCLE-imaging is feasible and safe. nCLE-imaging in small, difficult-to-access lung nodules provided additional real-time feedback on the correct needle positioning with the potential to optimize the sampling location and diagnostic yield."
A9,Robotic microscopy / confocal endomicroscopy,机器人显微 / 共聚焦内显微扫描,2022,full year,Visualization and Maneuverability Features of a Robotic Arm Three-Dimensional Exoscope and Operating Microscope for Clipping an Unruptured Intracranial Aneurysm: Video Comparison and Technical Evaluation.,10.1227/ons.0000000000000060,34982902.0,Europe PMC,MED:34982902,https://doi.org/10.1227/ons.0000000000000060,2022-01-01,,"Operative neurosurgery (Hagerstown, Md.)",Manual title/abstract adjudication,1870,"<h4>Background</h4>In recent years, three-dimensional (3D) digital exoscope systems have been developed and reported to form an adequate alternative to the conventional operating microscope.<h4>Objective</h4>To illustrate essential and practical features in a surgical video comparing a robotic arm 3D digital exoscope and a conventional operating microscope to clip a middle cerebral artery aneurysm.<h4>Methods</h4>We used a mouth switch-controlled operating microscope (OPMI PENTERO 900; Carl Zeiss Meditec AG) and robotic arm-controlled 3D digital Aeos exoscope (Aesculap Inc). We assessed the following visualization and optical features: overall visualization quality, color and contrast quality, range and quality of magnification, and adjustment of focus. In addition, we assessed maneuverability for changing surgical site within and viewing angle of the surgical field.<h4>Results</h4>We found that both modalities are suitable for this surgery and offer distinct qualities. The microscope enables faster magnification adjustment and continuous mouth switch-controlled focus adjustments. The advantages of the exoscope include the adaptation of color and contrast settings, and the surgeon can keep both hands in the surgical field while the camera pivots around its working field.<h4>Conclusion</h4>The exoscope and operating microscope offer a similar high-quality visualization of, and smooth maneuvering within, the surgical field. The method of visualization and maneuvering is, however, very distinct. Therefore, a surgeon's acquaintance and experience with the specific features and how to optimally use them in surgery are of utmost importance. Further analyses of both systems are needed to evolve these tools."
A9,Robotic microscopy / confocal endomicroscopy,机器人显微 / 共聚焦内显微扫描,2023,full year,Real‐time visualization of lung malignancy with needle‐based confocal laser endomicroscopy during shape‐sensing robotic‐assisted bronchoscopy,10.1002/rcr2.1092,36751399.0,Europe PMC; OpenAlex,MED:36751399; W4319026552,https://doi.org/10.1002/rcr2.1092,2023-02-02,article,Respirology Case Reports,Manual title/abstract adjudication,1873,"Robotic-assisted bronchoscopy (RAB) improves endoscopic diagnostic yield of solitary pulmonary nodules (SPN). Needle-based confocal laser endomicroscopy (nCLE) is an emerging technology that allows high-resolution, in-vivo, real-time assessment of living tissues at a cellular and subcellular level. Their combined use has been scarcely reported. We used them simultaneously in three patients with SPNs. For each, the nodule was evaluated with nCLE and sampled for pathology, followed by mediastinal staging. Median age was 77 years (67% male). Median nodule minimum size was 1.8 cm and maximum was 2.1 cm. nCLE detected abnormal patterns suggestive of malignancy for all nodules and pathology confirmed primary lung adenocarcinomas in two patients and lung primary squamous cell carcinoma in the other. The combined use of RAB with nCLE may potentially enhance the differentiation of malignant cells in real-time and increase sample adequacy, accuracy, and diagnostic yield when biopsying a suspicious pulmonary lesion."
A9,Robotic microscopy / confocal endomicroscopy,机器人显微 / 共聚焦内显微扫描,2023,full year,Toward Robotics-Assisted Endomicroscopy in Percutaneous Needle-Based Interventions,10.1109/tmrb.2023.3337869,,OpenAlex,W4389169550,https://doi.org/10.1109/tmrb.2023.3337869,2023-11-30,article,IEEE Transactions on Medical Robotics and Bionics,Manual title/abstract adjudication,1878,"Endomicroscopy uses the properties of light to obtain microscopic images of tissue in real-time and provide insights into disease processes. To date, endomicroscopy has primarily been directed against surface/near-surface inflammatory and other conditions, as there is an absence of an integrated technology for directed and automated optical fibre delivery. In this paper, we propose a robotic platform that offers controlled optical imaging in percutaneous interventions. The platform incorporates a concentric tube robot (CTR) to steer a fluorescent imaging probe with cellular and bacterial imaging capability inside soft tissue. Moreover, we develop motion planning algorithms that accept pre-operatively defined regions of interest for imaging and calculate desired insertion configuration and trajectory for reaching the target. Finally, we refine our previous control algorithm to autonomously steer the robot on the pre-planned path toward the target region for endomicroscopic imaging. The platform is tested on phantom tissue with embedded targets. Results demonstrate the feasibility of controlled imaging of target regions at tissue surfaces equal to or bigger than 3 mm and reaching targets inside tissue at a maximum depth of 50 mm. Combining emerging endomicroscopic imaging modalities with continuum robots can enable future research in on-site diagnosis and treatment of infectious diseases."
A9,Robotic microscopy / confocal endomicroscopy,机器人显微 / 共聚焦内显微扫描,2024,full year,Distance Regression Enhanced With Temporal Information Fusion and Adversarial Training for Robot-Assisted Endomicroscopy,10.1109/tmi.2024.3405794,38801689.0,Europe PMC; OpenAlex,MED:38801689; W4399039679,https://doi.org/10.1109/tmi.2024.3405794,2024-05-27,article,IEEE Transactions on Medical Imaging,Manual title/abstract adjudication,1881,"Probe-based confocal laser endomicroscopy (pCLE) has a role in characterising tissue intraoperatively to guide tumour resection during surgery. To capture good quality pCLE data which is important for diagnosis, the probe-tissue contact needs to be maintained within a working range of micrometre scale. This can be achieved through micro-surgical robotic manipulation which requires the automatic estimation of the probe-tissue distance. In this paper, we propose a novel deep regression framework composed of the Deep Regression Generative Adversarial Network (DR-GAN) and a Sequence Attention (SA) module. The aim of DR-GAN is to train the network using an enhanced image-based supervision approach. It extents the standard generator by using a well-defined function for image generation, instead of a learnable decoder. Also, DR-GAN uses a novel learnable neural perceptual loss which combines for the first time spatial and frequency domain features. This effectively suppresses the adverse effects of noise in the pCLE data. To incorporate temporal information, we've designed the SA module which is a cross-attention module, enhanced with Radial Basis Function based encoding (SA-RBF). Furthermore, to train the regression framework, we designed a multi-step training mechanism. During inference, the trained network is used to generate data representations which are fused along time in the SA-RBF module to boost the regression stability. Our proposed network advances SOTA networks by addressing the challenge of excessive noise in the pCLE data and enhancing regression stability. It outperforms SOTA networks applied on the pCLE Regression dataset (PRD) in terms of accuracy, data quality and stability."
A9,Robotic microscopy / confocal endomicroscopy,机器人显微 / 共聚焦内显微扫描,2024,full year,FF-ViT: probe orientation regression for robot-assisted endomicroscopy tissue scanning,10.1007/s11548-024-03113-2,38598141.0,Europe PMC; OpenAlex,MED:38598141; W4394691934,https://doi.org/10.1007/s11548-024-03113-2,2024-04-10,article,International Journal of Computer Assisted Radiology and Surgery,Manual title/abstract adjudication,1882,"<h4>Purpose</h4>Probe-based confocal laser endomicroscopy (pCLE) enables visualization of cellular tissue morphology during surgical procedures. To capture high-quality pCLE images during tissue scanning, it is important to maintain close contact between the probe and the tissue, while also keeping the probe perpendicular to the tissue surface. Existing robotic pCLE tissue scanning systems, which rely on macroscopic vision, struggle to accurately place the probe at the optimal position on the tissue surface. As a result, the need arises for regression of longitudinal distance and orientation via endomicroscopic vision.<h4>Method</h4>This paper introduces a novel method for automatically regressing the orientation between a pCLE probe and the tissue surface during robotic scanning, utilizing the fast Fourier vision transformer (FF-ViT) to extract local frequency representations and use them for probe orientation regression. Additionally, the FF-ViT incorporates a blur mapping attention (BMA) module to refine latent representations, which is combined with the pyramid angle regressor (PAR) to precisely estimate probe orientation.<h4>Result</h4>A first of its kind dataset for pCLE probe-tissue orientation (pCLE-PTO) has been created. The performance evaluation demonstrates that our proposed network surpasses other top regression networks in accuracy, stability, and generalizability, while maintaining low computational complexity (1.8G FLOPs) and high inference speed (90 fps).<h4>Conclusion</h4>The performance evaluation study verifies the clinical value of the proposed framework and its potential to be integrated into surgical robotic platforms for intraoperative tissue scanning."
A9,Robotic microscopy / confocal endomicroscopy,机器人显微 / 共聚焦内显微扫描,2025,full year,Stable distance regression via spatial–frequency state space model for robot-assisted endomicroscopy,10.1007/s11548-025-03353-w,40220066.0,Europe PMC; OpenAlex,MED:40220066; W4409387321,https://doi.org/10.1007/s11548-025-03353-w,2025-04-12,article,International Journal of Computer Assisted Radiology and Surgery,Manual title/abstract adjudication,1893,"<h4>Purpose</h4>Probe-based confocal laser endomicroscopy (pCLE) is a noninvasive technique that enables the direct visualization of tissue at a microscopic level in real time. One of the main challenges in using pCLE is maintaining the probe within a working range of micrometer scale. As a result, the need arises for automatically regressing the probe-tissue distance to enable precise robotic tissue scanning.<h4>Methods</h4>In this paper, we propose the spatial frequency bidirectional structured state space model (SF-BiS4D) for pCLE probe-tissue distance regression. This model advances traditional state space models by processing image sequences bidirectionally and analyzing data in both the frequency and spatial domains. Additionally, we introduce a guided trajectory planning strategy that generates pseudo-distance labels, facilitating the training of sequential models to generate smooth and stable robotic scanning trajectories. To improve inference speed, we also implement a hierarchical guided fine-tuning (GF) approach that efficiently reduces the size of the BiS4D model while maintaining performance.<h4>Results</h4>The performance of our proposed model has been evaluated both qualitatively and quantitatively using the pCLE regression dataset (PRD). In comparison with existing state-of-the-art (SOTA) methods, our approach demonstrated superior performance in terms of accuracy and stability.<h4>Conclusion</h4>Our proposed deep learning-based framework effectively improves distance regression for microscopic visual servoing and demonstrates its potential for integration into surgical procedures requiring precise real-time intraoperative imaging."
A9,Robotic microscopy / confocal endomicroscopy,机器人显微 / 共聚焦内显微扫描,2026,YTD through 2026-08-06,C78-04 Needle-based Confocal Laser Endomicroscopy-assisted Lung Nodule Biopsy Using the ION Robotic Bronchoscopy Platform - A Case Report,10.1093/ajrccm/aamag162.3544,,OpenAlex,W7161568163,https://doi.org/10.1093/ajrccm/aamag162.3544,2026-05-01,article,American Journal of Respiratory and Critical Care Medicine,Manual title/abstract adjudication,1896,"Abstract Introduction Although the incidence of lung cancer is declining, it continues to be the leading cause of cancer-related death worldwide. It is well-established that the largest factor contributing to lung cancer-related mortality is disease stage at diagnosis.1,2 With advancements in diagnostic bronchoscopy, we are able to achieve yields &amp;gt;90% when combining shape-sensing robotic bronchoscopy (ssRAB), radial endobronchial ultrasound (rEBUS), and transbronchial lung cryobiopsy (TBLC).3,4 There are still however new devices being employed to further increase biopsy yields. Case We present a case of a 88 year old female who is a former 15-pack year smoker with asthma and bronchiectasis who was referred to the interventional pulmonary clinic for a lung nodule biopsy. She had an incidental 7mm right upper lobe (RUL) nodule seen on CT in 2022 which was read as mucoid impaction. Repeat CT in 2024 showed the RUL nodule grew to 1.4cm in diameter and was subsequently PET-avid. She was scheduled for diagnostic bronchoscopy. In March 2025 the patient underwent ssRAB using the ION robotic bronchoscopy platform. Shape-sensing navigation was initially used to approach the RUL nodule. Subsequently we used rEBUS to localize the nodule and a concentric signal was seen. At this time a cone beam CT was performed using a Siemens Ciospin C-arm which confirmed tool-in-lesion. We then administered 2.5mg of intravenous fluorescein, inserted a 18G Bronchus biopsy needle into the target lesion, and employed needle-based confocal laser endomicroscopy (nCLE) using the Cellvizio platform and their AQ-Flex 19N confocal miniprobe. The needle position was fine-tuned and dark clumps, a pattern consistent with malignancy, were seen on nCLE imaging (figure 1). TBLC was then performed with six passes of a 1.1mm cryoprobe obtaining six samples. Surgical pathology was positive for lung adenocarcinoma with acinar features and lymph node cytology from station 4R was positive giving her a diagnosis of stage IIb lung cancer. Discussion This appears to be the first published case in which the Cellvizio nCLE platform was employed on the ION robotic bronchoscopy system. Although this nCLE device has been used previously on the Monarch robotic bronchoscopy platform, our case demonstrates that using needle-based CLE is a safe and efficacious adjunct to use for nodule biopsy on the ION robot.5 While ssRAB, rEBUS, and cone beam CT help in reaching a nodule, nCLE can help increase diagnostic yield by providing real time imaging at a cellular level. This abstract is funded by: none"
