work_key,title,year,doi,primary_mechanism_code,primary_mechanism_en,primary_mechanism_cn,primary_task_code,primary_task_en,primary_task_cn,secondary_task_codes,all_title_rule_hits,classification_rule,public_visible,public_available_location_identified,best_public_url,record_url,sources,screening_level
doi:10.1002/aisy.202500841,Autonomous Robotic Colonoscopy: A Supervised Learning Approach for Enhanced Navigation and Collision Detection,2026,10.1002/aisy.202500841,1.1,Active observational sensing,主动观察式检测,A2,Flexible gastrointestinal endoscopic examination,胃肠柔性内镜检查,,A2,terminal evidence-action hierarchy: sample > response > observation; route-specific task precedence,1,1,https://doi.org/10.1002/aisy.202500841,https://doi.org/10.1002/aisy.202500841,Crossref; OpenAlex,comparable conservative automated title screen; full-text inclusion pending
doi:10.1002/rcs.1510,Modeling and dynamic analysis of the worm-like part of an innovative robot applicable in colonoscopy.,2013,10.1002/rcs.1510,1.1,Active observational sensing,主动观察式检测,A2,Flexible gastrointestinal endoscopic examination,胃肠柔性内镜检查,,A2,terminal evidence-action hierarchy: sample > response > observation; route-specific task precedence,1,0,,https://doi.org/10.1002/rcs.1510,Europe PMC,comparable conservative automated title screen; full-text inclusion pending
doi:10.1002/rcs.1691,"Design, testing and modelling of a novel robotic system for trans‐oesophageal ultrasound",2015,10.1002/rcs.1691,1.1,Active observational sensing,主动观察式检测,A1,Ultrasound examination and active scanning,超声检查与主动扫描,,A1,terminal evidence-action hierarchy: sample > response > observation; route-specific task precedence,1,1,https://kclpure.kcl.ac.uk/portal/en/publications/db7d8319-bf69-4e93-9c66-7425a285c7fd,https://doi.org/10.1002/rcs.1691,Crossref,comparable conservative automated title screen; full-text inclusion pending
doi:10.1002/rcs.2461,Towards fully automated robotic platform for remote auscultation,2022,10.1002/rcs.2461,1.1,Active observational sensing,主动观察式检测,A6,Active auscultation and acoustic examination,主动听诊与声学检查,,A6,terminal evidence-action hierarchy: sample > response > observation; route-specific task precedence,1,1,https://arxiv.org/pdf/2201.05272,https://doi.org/10.1002/rcs.2461,Crossref,comparable conservative automated title screen; full-text inclusion pending
doi:10.1002/rcs.2526,Phantom‐based assessment of motion and needle targeting accuracy of robotic devices for magnetic resonance imaging‐guided needle biopsy,2023,10.1002/rcs.2526,1.3,Sample-based interactive diagnosis,采样式交互诊断,S1,Percutaneous or core-needle biopsy,经皮或芯针活检,,S1,terminal evidence-action hierarchy: sample > response > observation; route-specific task precedence,1,1,https://onlinelibrary.wiley.com/doi/pdfdirect/10.1002/rcs.2526,https://doi.org/10.1002/rcs.2526,Crossref,comparable conservative automated title screen; full-text inclusion pending
doi:10.1002/rcs.70037,Increasing Reachability in Robotic Ultrasound Through Base Placement and Tool Design.,2025,10.1002/rcs.70037,1.1,Active observational sensing,主动观察式检测,A1,Ultrasound examination and active scanning,超声检查与主动扫描,,A1,terminal evidence-action hierarchy: sample > response > observation; route-specific task precedence,1,1,https://onlinelibrary.wiley.com/doi/pdfdirect/10.1002/rcs.70037,https://doi.org/10.1002/rcs.70037,Europe PMC; OpenAlex,comparable conservative automated title screen; full-text inclusion pending
doi:10.1002/rcs.70121,Low‐Complexity Robotic Device for Magnetic Resonance Imaging‐Guided Needle Biopsy,2025,10.1002/rcs.70121,1.3,Sample-based interactive diagnosis,采样式交互诊断,S1,Percutaneous or core-needle biopsy,经皮或芯针活检,,S1,terminal evidence-action hierarchy: sample > response > observation; route-specific task precedence,1,1,https://onlinelibrary.wiley.com/doi/pdfdirect/10.1002/rcs.70121,https://doi.org/10.1002/rcs.70121,Crossref,comparable conservative automated title screen; full-text inclusion pending
doi:10.1002/rcs.70194,Compliance Control of a Robotic Breast Ultrasound System Based on Variable Admittance Control,2026,10.1002/rcs.70194,1.1,Active observational sensing,主动观察式检测,A1,Ultrasound examination and active scanning,超声检查与主动扫描,,A1,terminal evidence-action hierarchy: sample > response > observation; route-specific task precedence,1,0,,https://doi.org/10.1002/rcs.70194,Crossref,comparable conservative automated title screen; full-text inclusion pending
doi:10.1002/rcs.70197,Adaptive Admittance Control for Robotic Ultrasound Examination Based on a Breast Biomechanical Model.,2026,10.1002/rcs.70197,1.1,Active observational sensing,主动观察式检测,A1,Ultrasound examination and active scanning,超声检查与主动扫描,,A1,terminal evidence-action hierarchy: sample > response > observation; route-specific task precedence,1,0,,https://doi.org/10.1002/rcs.70197,Europe PMC; OpenAlex,comparable conservative automated title screen; full-text inclusion pending
doi:10.1002/rcs.70198,Dual-Modal Safety Framework for Robotic-Assisted Bronchoscopy via Endoscopic Vision and Haptic Feedback.,2026,10.1002/rcs.70198,1.1,Active observational sensing,主动观察式检测,A4,Bronchoscopic observation and navigation,支气管镜观察与导航,,A4,terminal evidence-action hierarchy: sample > response > observation; route-specific task precedence,1,0,,https://doi.org/10.1002/rcs.70198,Europe PMC,comparable conservative automated title screen; full-text inclusion pending
doi:10.1007/978-3-031-76428-8_73,Comparison Between Force and Ultrasound Image-Based Controllers for Autonomous Robotic Ultrasound Acquisition in Different Tissue Types,2024,10.1007/978-3-031-76428-8_73,1.1,Active observational sensing,主动观察式检测,A1,Ultrasound examination and active scanning,超声检查与主动扫描,,A1,terminal evidence-action hierarchy: sample > response > observation; route-specific task precedence,1,1,https://ris.utwente.nl/ws/files/501424076/978-3-031-76428-8_73.pdf,https://doi.org/10.1007/978-3-031-76428-8_73,Crossref; OpenAlex,comparable conservative automated title screen; full-text inclusion pending
doi:10.1007/978-3-642-33418-4_67,Ultrasound and fluoroscopic images fusion by autonomous ultrasound probe detection.,2012,10.1007/978-3-642-33418-4_67,1.1,Active observational sensing,主动观察式检测,A1,Ultrasound examination and active scanning,超声检查与主动扫描,,A1,terminal evidence-action hierarchy: sample > response > observation; route-specific task precedence,1,1,https://link.springer.com/content/pdf/10.1007/978-3-642-33418-4_67.pdf,https://doi.org/10.1007/978-3-642-33418-4_67,Europe PMC; OpenAlex,comparable conservative automated title screen; full-text inclusion pending
doi:10.1007/s00132-025-04753-1,Palpation sensing for robotic-assisted surgery Palpationssensorik für die robotergestützte Chirurgie,2025,10.1007/s00132-025-04753-1,1.2,Response-based interactive diagnosis,响应式交互诊断,R1,Robotic palpation,机器人触诊,,R1,terminal evidence-action hierarchy: sample > response > observation; route-specific task precedence,1,1,https://link.springer.com/content/pdf/10.1007/s00132-025-04753-1.pdf,https://doi.org/10.1007/s00132-025-04753-1,Crossref,comparable conservative automated title screen; full-text inclusion pending
doi:10.1007/s00138-017-0905-8,Sparse-then-Dense Alignment based 3D Map Reconstruction Method for Endoscopic Capsule Robots,2017,10.1007/s00138-017-0905-8,1.1,Active observational sensing,主动观察式检测,A3,Active or magnetically controlled capsule endoscopy,主动或磁控胶囊内镜检查,,A3,terminal evidence-action hierarchy: sample > response > observation; route-specific task precedence,1,1,https://link.springer.com/content/pdf/10.1007%2Fs00138-017-0905-8.pdf,https://doi.org/10.1007/s00138-017-0905-8,arXiv,comparable conservative automated title screen; full-text inclusion pending
doi:10.1007/s00464-025-12415-8,Application of artificial intelligence for detection of Helicobacter pylori infection by magnetically controlled capsule endoscopy.,2026,10.1007/s00464-025-12415-8,1.1,Active observational sensing,主动观察式检测,A3,Active or magnetically controlled capsule endoscopy,主动或磁控胶囊内镜检查,,A3,terminal evidence-action hierarchy: sample > response > observation; route-specific task precedence,1,0,,https://doi.org/10.1007/s00464-025-12415-8,Europe PMC,comparable conservative automated title screen; full-text inclusion pending
doi:10.1007/s10396-026-01667-z,Feasibility and preliminary validation of an autonomous robotic ultrasound system for thyroid nodule screening: a pilot prospective study.,2026,10.1007/s10396-026-01667-z,1.1,Active observational sensing,主动观察式检测,A1,Ultrasound examination and active scanning,超声检查与主动扫描,,A1,terminal evidence-action hierarchy: sample > response > observation; route-specific task precedence,1,0,,https://doi.org/10.1007/s10396-026-01667-z,Europe PMC; OpenAlex,comparable conservative automated title screen; full-text inclusion pending
doi:10.1007/s10846-022-01615-2,A Visual Servo Controlled Robotic System for MRI-guided Breast Biopsy,2022,10.1007/s10846-022-01615-2,1.3,Sample-based interactive diagnosis,采样式交互诊断,S1,Percutaneous or core-needle biopsy,经皮或芯针活检,,S1,terminal evidence-action hierarchy: sample > response > observation; route-specific task precedence,1,0,,https://doi.org/10.1007/s10846-022-01615-2,Crossref,comparable conservative automated title screen; full-text inclusion pending
doi:10.1007/s11431-022-2232-5,Puncture site decision method for venipuncture robot based on near-infrared vision and multiobjective optimization.,2023,10.1007/s11431-022-2232-5,1.3,Sample-based interactive diagnosis,采样式交互诊断,S4,Venipuncture and phlebotomy,静脉穿刺与采血,,S4,terminal evidence-action hierarchy: sample > response > observation; route-specific task precedence,1,1,https://link.springer.com/content/pdf/10.1007/s11431-022-2232-5.pdf,https://doi.org/10.1007/s11431-022-2232-5,Europe PMC,comparable conservative automated title screen; full-text inclusion pending
doi:10.1007/s11432-018-9664-3,Automatic ultrasound scanning system based on robotic arm,2019,10.1007/s11432-018-9664-3,1.1,Active observational sensing,主动观察式检测,A1,Ultrasound examination and active scanning,超声检查与主动扫描,,A1,terminal evidence-action hierarchy: sample > response > observation; route-specific task precedence,1,0,,https://doi.org/10.1007/s11432-018-9664-3,Crossref,comparable conservative automated title screen; full-text inclusion pending
doi:10.1007/s11432-024-4288-3,Toward eFAST autonomous robotic ultrasound imaging: system integrations and experimental studies,2025,10.1007/s11432-024-4288-3,1.1,Active observational sensing,主动观察式检测,A1,Ultrasound examination and active scanning,超声检查与主动扫描,,A1,terminal evidence-action hierarchy: sample > response > observation; route-specific task precedence,1,0,,https://doi.org/10.1007/s11432-024-4288-3,Crossref; OpenAlex,comparable conservative automated title screen; full-text inclusion pending
doi:10.1007/s11548-017-1561-1,On the reproducibility of expert-operated and robotic ultrasound acquisitions.,2017,10.1007/s11548-017-1561-1,1.1,Active observational sensing,主动观察式检测,A1,Ultrasound examination and active scanning,超声检查与主动扫描,,A1,terminal evidence-action hierarchy: sample > response > observation; route-specific task precedence,1,0,,https://doi.org/10.1007/s11548-017-1561-1,Europe PMC,comparable conservative automated title screen; full-text inclusion pending
doi:10.1007/s11548-017-1566-9,Force-assisted ultrasound imaging system through dual force sensing and admittance robot control.,2017,10.1007/s11548-017-1566-9,1.1,Active observational sensing,主动观察式检测,A1,Ultrasound examination and active scanning,超声检查与主动扫描,,A1,terminal evidence-action hierarchy: sample > response > observation; route-specific task precedence,1,0,,https://doi.org/10.1007/s11548-017-1566-9,Europe PMC,comparable conservative automated title screen; full-text inclusion pending
doi:10.1007/s11548-018-1759-x,Robotic ultrasound-guided facet joint insertion.,2018,10.1007/s11548-018-1759-x,1.1,Active observational sensing,主动观察式检测,A1,Ultrasound examination and active scanning,超声检查与主动扫描,,A1,terminal evidence-action hierarchy: sample > response > observation; route-specific task precedence,1,0,,https://doi.org/10.1007/s11548-018-1759-x,Europe PMC,comparable conservative automated title screen; full-text inclusion pending
doi:10.1007/s11548-020-02130-1,Robotic fetal ultrasonography platform with a passive scan mechanism.,2020,10.1007/s11548-020-02130-1,1.1,Active observational sensing,主动观察式检测,A1,Ultrasound examination and active scanning,超声检查与主动扫描,,A1,terminal evidence-action hierarchy: sample > response > observation; route-specific task precedence,1,0,,https://doi.org/10.1007/s11548-020-02130-1,Europe PMC,comparable conservative automated title screen; full-text inclusion pending
doi:10.1007/s11548-021-02385-2,Automatic ultrasound scanning robotic system with optical waveguide-based force measurement,2021,10.1007/s11548-021-02385-2,1.1,Active observational sensing,主动观察式检测,A1,Ultrasound examination and active scanning,超声检查与主动扫描,,A1,terminal evidence-action hierarchy: sample > response > observation; route-specific task precedence,1,0,,https://doi.org/10.1007/s11548-021-02385-2,Crossref,comparable conservative automated title screen; full-text inclusion pending
doi:10.1007/s11548-021-02462-6,Force-guided autonomous robotic ultrasound scanning control method for soft uncertain environment.,2021,10.1007/s11548-021-02462-6,1.1,Active observational sensing,主动观察式检测,A1,Ultrasound examination and active scanning,超声检查与主动扫描,,A1,terminal evidence-action hierarchy: sample > response > observation; route-specific task precedence,1,0,,https://doi.org/10.1007/s11548-021-02462-6,Europe PMC; OpenAlex,comparable conservative automated title screen; full-text inclusion pending
doi:10.1007/s11548-022-02810-0,A multimodal user interface for touchless control of robotic ultrasound.,2023,10.1007/s11548-022-02810-0,1.1,Active observational sensing,主动观察式检测,A1,Ultrasound examination and active scanning,超声检查与主动扫描,,A1,terminal evidence-action hierarchy: sample > response > observation; route-specific task precedence,1,1,https://link.springer.com/content/pdf/10.1007/s11548-022-02810-0.pdf,https://doi.org/10.1007/s11548-022-02810-0,Europe PMC; OpenAlex,comparable conservative automated title screen; full-text inclusion pending
doi:10.1007/s11548-024-03152-9,Characterizing the accuracy of robotic bronchoscopy in localization & targeting of small pulmonary lesions.,2024,10.1007/s11548-024-03152-9,1.1,Active observational sensing,主动观察式检测,A4,Bronchoscopic observation and navigation,支气管镜观察与导航,,A4,terminal evidence-action hierarchy: sample > response > observation; route-specific task precedence,1,0,,https://doi.org/10.1007/s11548-024-03152-9,Europe PMC,comparable conservative automated title screen; full-text inclusion pending
doi:10.1007/s11548-024-03178-z,Autonomous control of an ultrasound probe for intra-operative ultrasonography using vision-based shape sensing of pneumatically attachable flexible rails,2024,10.1007/s11548-024-03178-z,1.1,Active observational sensing,主动观察式检测,A1,Ultrasound examination and active scanning,超声检查与主动扫描,,A1,terminal evidence-action hierarchy: sample > response > observation; route-specific task precedence,1,1,https://link.springer.com/content/pdf/10.1007/s11548-024-03178-z.pdf,https://doi.org/10.1007/s11548-024-03178-z,Crossref; Europe PMC; OpenAlex,comparable conservative automated title screen; full-text inclusion pending
doi:10.1007/s11548-024-03235-7,Automatic robotic doppler sonography of leg arteries.,2024,10.1007/s11548-024-03235-7,1.1,Active observational sensing,主动观察式检测,A1,Ultrasound examination and active scanning,超声检查与主动扫描,,A1,terminal evidence-action hierarchy: sample > response > observation; route-specific task precedence,1,1,https://link.springer.com/content/pdf/10.1007/s11548-024-03235-7.pdf,https://doi.org/10.1007/s11548-024-03235-7,Europe PMC; OpenAlex,comparable conservative automated title screen; full-text inclusion pending
doi:10.1007/s11548-025-03336-x,Robotic CBCT meets robotic ultrasound.,2025,10.1007/s11548-025-03336-x,1.1,Active observational sensing,主动观察式检测,A1,Ultrasound examination and active scanning,超声检查与主动扫描,,A1,terminal evidence-action hierarchy: sample > response > observation; route-specific task precedence,1,1,https://link.springer.com/content/pdf/10.1007/s11548-025-03336-x.pdf,https://doi.org/10.1007/s11548-025-03336-x,Europe PMC; OpenAlex,comparable conservative automated title screen; full-text inclusion pending
doi:10.1007/s11548-025-03347-8,Robot-assisted ultrasound probe calibration for image-guided interventions.,2025,10.1007/s11548-025-03347-8,1.1,Active observational sensing,主动观察式检测,A1,Ultrasound examination and active scanning,超声检查与主动扫描,,A1,terminal evidence-action hierarchy: sample > response > observation; route-specific task precedence,1,1,https://www.ncbi.nlm.nih.gov/pmc/articles/12323678,https://doi.org/10.1007/s11548-025-03347-8,Europe PMC; OpenAlex,comparable conservative automated title screen; full-text inclusion pending
doi:10.1007/s11548-025-03445-7,Transformer-based robotic ultrasound 3D tracking for capsule robot in GI tract.,2025,10.1007/s11548-025-03445-7,1.1,Active observational sensing,主动观察式检测,A1,Ultrasound examination and active scanning,超声检查与主动扫描,,A1,terminal evidence-action hierarchy: sample > response > observation; route-specific task precedence,1,0,,https://doi.org/10.1007/s11548-025-03445-7,Europe PMC; OpenAlex,comparable conservative automated title screen; full-text inclusion pending
doi:10.1007/s11548-025-03563-2,Personalized scan path planning for robotic ultrasound in head and neck lesions.,2025,10.1007/s11548-025-03563-2,1.1,Active observational sensing,主动观察式检测,A1,Ultrasound examination and active scanning,超声检查与主动扫描,,A1,terminal evidence-action hierarchy: sample > response > observation; route-specific task precedence,1,0,,https://doi.org/10.1007/s11548-025-03563-2,Europe PMC; OpenAlex,comparable conservative automated title screen; full-text inclusion pending
doi:10.1007/s11548-026-03591-6,Enhanced distance perception in automated robotic endoscopy through scale-aware monocular depth estimation.,2026,10.1007/s11548-026-03591-6,1.1,Active observational sensing,主动观察式检测,A2,Flexible gastrointestinal endoscopic examination,胃肠柔性内镜检查,,A2,terminal evidence-action hierarchy: sample > response > observation; route-specific task precedence,1,1,https://link.springer.com/content/pdf/10.1007/s11548-026-03591-6.pdf,https://doi.org/10.1007/s11548-026-03591-6,Europe PMC; OpenAlex,comparable conservative automated title screen; full-text inclusion pending
doi:10.1007/s11548-026-03763-4,"Robotic ultrasound scanning platform with autonomous control, multimodal human-machine interface and real-time image analysis.",2026,10.1007/s11548-026-03763-4,1.1,Active observational sensing,主动观察式检测,A1,Ultrasound examination and active scanning,超声检查与主动扫描,,A1,terminal evidence-action hierarchy: sample > response > observation; route-specific task precedence,1,1,https://link.springer.com/content/pdf/10.1007/s11548-026-03763-4.pdf,https://doi.org/10.1007/s11548-026-03763-4,Europe PMC; OpenAlex,comparable conservative automated title screen; full-text inclusion pending
doi:10.1007/s11701-026-03509-z,"Technical challenges in autonomous robotic ultrasound examinations: perception, planning, and control",2026,10.1007/s11701-026-03509-z,1.1,Active observational sensing,主动观察式检测,A1,Ultrasound examination and active scanning,超声检查与主动扫描,,A1,terminal evidence-action hierarchy: sample > response > observation; route-specific task precedence,1,0,,https://doi.org/10.1007/s11701-026-03509-z,Crossref; OpenAlex,comparable conservative automated title screen; full-text inclusion pending
doi:10.1016/b978-0-323-99647-1.00009-5,Magnetic capsule endoscopy: concept and application of artificial intelligence,2023,10.1016/b978-0-323-99647-1.00009-5,1.1,Active observational sensing,主动观察式检测,A3,Active or magnetically controlled capsule endoscopy,主动或磁控胶囊内镜检查,,A3,terminal evidence-action hierarchy: sample > response > observation; route-specific task precedence,1,0,,https://doi.org/10.1016/b978-0-323-99647-1.00009-5,Crossref,comparable conservative automated title screen; full-text inclusion pending
doi:10.1016/j.annemergmed.2022.10.016,Robotic Optical Coherence Tomography Retinal Imaging for Emergency Department Patients: A Pilot Study for Emergency Physicians' Diagnostic Performance.,2023,10.1016/j.annemergmed.2022.10.016,1.1,Active observational sensing,主动观察式检测,A5,Optical coherence tomography acquisition,光学相干断层成像采集,,A5,terminal evidence-action hierarchy: sample > response > observation; route-specific task precedence,1,1,https://pmc.ncbi.nlm.nih.gov/articles/PMC10038849/pdf/nihms-1847038.pdf,https://doi.org/10.1016/j.annemergmed.2022.10.016,Europe PMC,comparable conservative automated title screen; full-text inclusion pending
doi:10.1016/j.brs.2023.01.593,Closed-loop robotic TMS motor mapping using an online-optimized sampling scheme,2023,10.1016/j.brs.2023.01.593,1.2,Response-based interactive diagnosis,响应式交互诊断,R6,Stimulation-response mapping,刺激—响应映射,,R6,terminal evidence-action hierarchy: sample > response > observation; route-specific task precedence,1,1,http://www.brainstimjrnl.com/article/S1935861X23005958/pdf,https://doi.org/10.1016/j.brs.2023.01.593,Crossref; OpenAlex,comparable conservative automated title screen; full-text inclusion pending
doi:10.1016/j.chest.2020.08.2047,Robotic Bronchoscopy for Peripheral Pulmonary Lesions: A Multicenter Pilot and Feasibility Study (BENEFIT).,2021,10.1016/j.chest.2020.08.2047,1.1,Active observational sensing,主动观察式检测,A4,Bronchoscopic observation and navigation,支气管镜观察与导航,,A4,terminal evidence-action hierarchy: sample > response > observation; route-specific task precedence,1,1,http://journal.chestnet.org/article/S0012369220342331/pdf,https://doi.org/10.1016/j.chest.2020.08.2047,Europe PMC; OpenAlex,comparable conservative automated title screen; full-text inclusion pending
doi:10.1016/j.chpulm.2025.100229,Investigating Partial Registration for Optimizing Robotic-Assisted Bronchoscopy Evaluations of Peripheral Lung Nodules (I-PROBE).,2026,10.1016/j.chpulm.2025.100229,1.1,Active observational sensing,主动观察式检测,A4,Bronchoscopic observation and navigation,支气管镜观察与导航,,A4,terminal evidence-action hierarchy: sample > response > observation; route-specific task precedence,1,1,https://doi.org/10.1016/j.chpulm.2025.100229,https://doi.org/10.1016/j.chpulm.2025.100229,Europe PMC,comparable conservative automated title screen; full-text inclusion pending
doi:10.1016/j.compbiomed.2025.110191,Point cloud-guided ultrasound robotic scanning path planning for the kidney based on anatomical positioning,2025,10.1016/j.compbiomed.2025.110191,1.1,Active observational sensing,主动观察式检测,A1,Ultrasound examination and active scanning,超声检查与主动扫描,,A1,terminal evidence-action hierarchy: sample > response > observation; route-specific task precedence,1,0,,https://doi.org/10.1016/j.compbiomed.2025.110191,Crossref,comparable conservative automated title screen; full-text inclusion pending
doi:10.1016/j.eswa.2025.128841,Safe navigation for robotic digestive endoscopy via human intervention-based reinforcement learning,2025,10.1016/j.eswa.2025.128841,1.1,Active observational sensing,主动观察式检测,A2,Flexible gastrointestinal endoscopic examination,胃肠柔性内镜检查,,A2,terminal evidence-action hierarchy: sample > response > observation; route-specific task precedence,1,0,,https://doi.org/10.1016/j.eswa.2025.128841,Crossref,comparable conservative automated title screen; full-text inclusion pending
doi:10.1016/j.gie.2015.03.1451,Su1554 Colonoscopy With Robotic Steering and Automated Lumen Centralization Compared With Conventional Colonoscopy: Results of a Randomized In Vitro Pilot Study,2015,10.1016/j.gie.2015.03.1451,1.1,Active observational sensing,主动观察式检测,A2,Flexible gastrointestinal endoscopic examination,胃肠柔性内镜检查,,A2,terminal evidence-action hierarchy: sample > response > observation; route-specific task precedence,1,1,http://www.giejournal.org/article/S0016510715016740/pdf,https://doi.org/10.1016/j.gie.2015.03.1451,Crossref,comparable conservative automated title screen; full-text inclusion pending
doi:10.1016/j.gie.2020.05.027,Use of artificial intelligence for detection of gastric lesions by magnetically controlled capsule endoscopy.,2021,10.1016/j.gie.2020.05.027,1.1,Active observational sensing,主动观察式检测,A3,Active or magnetically controlled capsule endoscopy,主动或磁控胶囊内镜检查,,A3,terminal evidence-action hierarchy: sample > response > observation; route-specific task precedence,1,0,,https://doi.org/10.1016/j.gie.2020.05.027,Europe PMC,comparable conservative automated title screen; full-text inclusion pending
doi:10.1016/j.jneumeth.2018.08.007,Robotic TMS mapping of motor cortex in the developing brain.,2018,10.1016/j.jneumeth.2018.08.007,1.2,Response-based interactive diagnosis,响应式交互诊断,R6,Stimulation-response mapping,刺激—响应映射,,R6,terminal evidence-action hierarchy: sample > response > observation; route-specific task precedence,1,0,,https://doi.org/10.1016/j.jneumeth.2018.08.007,Europe PMC,comparable conservative automated title screen; full-text inclusion pending
doi:10.1016/j.jneumeth.2022.109689,3D-mapping of TMS effects with automatic robotic placement improved reliability and the risk of spurious correlation,2022,10.1016/j.jneumeth.2022.109689,1.2,Response-based interactive diagnosis,响应式交互诊断,R6,Stimulation-response mapping,刺激—响应映射,,R6,terminal evidence-action hierarchy: sample > response > observation; route-specific task precedence,1,0,,https://doi.org/10.1016/j.jneumeth.2022.109689,Crossref,comparable conservative automated title screen; full-text inclusion pending
doi:10.1016/j.knee.2012.10.010,Robotic knee laxity testing: reliability and normative data.,2013,10.1016/j.knee.2012.10.010,1.2,Response-based interactive diagnosis,响应式交互诊断,R3,Joint laxity and provocation examination,关节松弛度与激发检查,,R3,terminal evidence-action hierarchy: sample > response > observation; route-specific task precedence,1,0,,https://doi.org/10.1016/j.knee.2012.10.010,Europe PMC,comparable conservative automated title screen; full-text inclusion pending
doi:10.1016/j.robot.2023.104444,A lumen-adapted navigation scheme with spatial awareness from monocular vision for autonomous robotic endoscopy,2023,10.1016/j.robot.2023.104444,1.1,Active observational sensing,主动观察式检测,A2,Flexible gastrointestinal endoscopic examination,胃肠柔性内镜检查,,A2,terminal evidence-action hierarchy: sample > response > observation; route-specific task precedence,1,0,,https://doi.org/10.1016/j.robot.2023.104444,Crossref; OpenAlex,comparable conservative automated title screen; full-text inclusion pending
doi:10.1016/j.ultrasmedbio.2009.08.014,Three-dimensional ultrasound guidance of autonomous robotic breast biopsy: feasibility study.,2010,10.1016/j.ultrasmedbio.2009.08.014,1.3,Sample-based interactive diagnosis,采样式交互诊断,S1,Percutaneous or core-needle biopsy,经皮或芯针活检,,S1,terminal evidence-action hierarchy: sample > response > observation; route-specific task precedence,1,0,,https://doi.org/10.1016/j.ultrasmedbio.2009.08.014,Europe PMC; OpenAlex,comparable conservative automated title screen; full-text inclusion pending
doi:10.1016/j.ultrasmedbio.2019.10.015,Deep Learning-Based Femoral Cartilage Automatic Segmentation in Ultrasound Imaging for Guidance in Robotic Knee Arthroscopy,2020,10.1016/j.ultrasmedbio.2019.10.015,1.1,Active observational sensing,主动观察式检测,A1,Ultrasound examination and active scanning,超声检查与主动扫描,,A1,terminal evidence-action hierarchy: sample > response > observation; route-specific task precedence,1,1,http://www.umbjournal.org/article/S0301562919315522/pdf,https://doi.org/10.1016/j.ultrasmedbio.2019.10.015,Crossref,comparable conservative automated title screen; full-text inclusion pending
doi:10.1016/j.xjtc.2024.05.011,Assessing the accuracy of a multisection robotic bronchoscope prototype in localization and targeting of small pulmonary lesions.,2024,10.1016/j.xjtc.2024.05.011,1.1,Active observational sensing,主动观察式检测,A4,Bronchoscopic observation and navigation,支气管镜观察与导航,,A4,terminal evidence-action hierarchy: sample > response > observation; route-specific task precedence,1,1,http://www.jtcvstechniques.org/article/S2666250724002323/pdf,https://doi.org/10.1016/j.xjtc.2024.05.011,Europe PMC; OpenAlex,comparable conservative automated title screen; full-text inclusion pending
doi:10.1016/s0016-5085(24)03224-4,Mo2032 COMPARISON OF GASTRIC SURFACE VISIBILITY IN MAGNETIC CAPSULE ENDOSCOPY USING ROBOTICALLY CONTROLLED AUTOMATION AND ARTEFICIAL INTELLIGENCE VS EXPERT MANUAL CONTROL,2024,10.1016/s0016-5085(24)03224-4,1.1,Active observational sensing,主动观察式检测,A3,Active or magnetically controlled capsule endoscopy,主动或磁控胶囊内镜检查,,A3,terminal evidence-action hierarchy: sample > response > observation; route-specific task precedence,1,0,,https://doi.org/10.1016/s0016-5085(24)03224-4,Crossref,comparable conservative automated title screen; full-text inclusion pending
doi:10.1016/s0016-5107(26)00889-8,Su1368 AUTONOMOUS ROBOTIC COLONOSCOPE INSERTION VIA DEEP LEARNING LUMEN DETECTION AND BEHAVIOR MIMICRY,2026,10.1016/s0016-5107(26)00889-8,1.1,Active observational sensing,主动观察式检测,A2,Flexible gastrointestinal endoscopic examination,胃肠柔性内镜检查,,A2,terminal evidence-action hierarchy: sample > response > observation; route-specific task precedence,1,0,,https://doi.org/10.1016/s0016-5107(26)00889-8,Crossref,comparable conservative automated title screen; full-text inclusion pending
doi:10.1016/s2468-1253(21)00274-0,"Fully automated magnetically controlled capsule endoscopy for examination of the stomach and small bowel: a prospective, feasibility, two-centre study.",2021,10.1016/s2468-1253(21)00274-0,1.1,Active observational sensing,主动观察式检测,A3,Active or magnetically controlled capsule endoscopy,主动或磁控胶囊内镜检查,,A3,terminal evidence-action hierarchy: sample > response > observation; route-specific task precedence,1,0,,https://doi.org/10.1016/s2468-1253(21)00274-0,Europe PMC,comparable conservative automated title screen; full-text inclusion pending
doi:10.1017/s0263574724000407,A trocar puncture robot for assisting venipuncture blood collection,2024,10.1017/s0263574724000407,1.3,Sample-based interactive diagnosis,采样式交互诊断,S4,Venipuncture and phlebotomy,静脉穿刺与采血,,S4,terminal evidence-action hierarchy: sample > response > observation; route-specific task precedence,1,0,,https://doi.org/10.1017/s0263574724000407,Crossref,comparable conservative automated title screen; full-text inclusion pending
doi:10.1038/s41467-024-48421-y,A fully autonomous robotic ultrasound system for thyroid scanning,2024,10.1038/s41467-024-48421-y,1.1,Active observational sensing,主动观察式检测,A1,Ultrasound examination and active scanning,超声检查与主动扫描,,A1,terminal evidence-action hierarchy: sample > response > observation; route-specific task precedence,1,1,https://www.nature.com/articles/s41467-024-48421-y.pdf,https://doi.org/10.1038/s41467-024-48421-y,Crossref; Europe PMC; OpenAlex,comparable conservative automated title screen; full-text inclusion pending
doi:10.1038/s41467-024-49019-0,Robotic wireless capsule endoscopy: recent advances and upcoming technologies,2024,10.1038/s41467-024-49019-0,1.1,Active observational sensing,主动观察式检测,A3,Active or magnetically controlled capsule endoscopy,主动或磁控胶囊内镜检查,,A3,terminal evidence-action hierarchy: sample > response > observation; route-specific task precedence,1,1,https://www.nature.com/articles/s41467-024-49019-0.pdf,https://doi.org/10.1038/s41467-024-49019-0,Crossref,comparable conservative automated title screen; full-text inclusion pending
doi:10.1038/s41467-025-62865-w,Towards expert-level autonomous carotid ultrasonography with large-scale learning-based robotic system.,2025,10.1038/s41467-025-62865-w,1.1,Active observational sensing,主动观察式检测,A1,Ultrasound examination and active scanning,超声检查与主动扫描,,A1,terminal evidence-action hierarchy: sample > response > observation; route-specific task precedence,1,1,https://www.nature.com/articles/s41467-025-62865-w.pdf,https://doi.org/10.1038/s41467-025-62865-w,Europe PMC,comparable conservative automated title screen; full-text inclusion pending
doi:10.1038/s41551-021-00753-6,Contactless optical coherence tomography of the eyes of freestanding individuals with a robotic scanner.,2021,10.1038/s41551-021-00753-6,1.1,Active observational sensing,主动观察式检测,A5,Optical coherence tomography acquisition,光学相干断层成像采集,,A5,terminal evidence-action hierarchy: sample > response > observation; route-specific task precedence,1,1,https://www.ncbi.nlm.nih.gov/pmc/articles/9272353,https://doi.org/10.1038/s41551-021-00753-6,Europe PMC,comparable conservative automated title screen; full-text inclusion pending
doi:10.1038/s41597-025-06047-9,"A large, paired dataset of robotic and handheld lumbar spine ultrasound with ground-truth CT benchmarking.",2025,10.1038/s41597-025-06047-9,1.1,Active observational sensing,主动观察式检测,A1,Ultrasound examination and active scanning,超声检查与主动扫描,,A1,terminal evidence-action hierarchy: sample > response > observation; route-specific task precedence,1,1,https://www.nature.com/articles/s41597-025-06047-9.pdf,https://doi.org/10.1038/s41597-025-06047-9,Europe PMC,comparable conservative automated title screen; full-text inclusion pending
doi:10.1038/s41598-024-55480-0,Design and testing of ultrasound probe adapters for a robotic imaging platform,2024,10.1038/s41598-024-55480-0,1.1,Active observational sensing,主动观察式检测,A1,Ultrasound examination and active scanning,超声检查与主动扫描,,A1,terminal evidence-action hierarchy: sample > response > observation; route-specific task precedence,1,1,https://www.nature.com/articles/s41598-024-55480-0.pdf,https://doi.org/10.1038/s41598-024-55480-0,Crossref,comparable conservative automated title screen; full-text inclusion pending
doi:10.1038/s41598-025-31892-4,Fully automated robotic ultrasound gallbladder imaging with subcostal scanning,2025,10.1038/s41598-025-31892-4,1.1,Active observational sensing,主动观察式检测,A1,Ultrasound examination and active scanning,超声检查与主动扫描,,A1,terminal evidence-action hierarchy: sample > response > observation; route-specific task precedence,1,1,https://www.nature.com/articles/s41598-025-31892-4_reference.pdf,https://doi.org/10.1038/s41598-025-31892-4,Crossref; Europe PMC; OpenAlex,comparable conservative automated title screen; full-text inclusion pending
doi:10.1038/s41598-026-37702-9,Autonomous path planning for intercostal robotic ultrasound imaging using reinforcement learning,2026,10.1038/s41598-026-37702-9,1.1,Active observational sensing,主动观察式检测,A1,Ultrasound examination and active scanning,超声检查与主动扫描,,A1,terminal evidence-action hierarchy: sample > response > observation; route-specific task precedence,1,1,https://www.nature.com/articles/s41598-026-37702-9.pdf,https://doi.org/10.1038/s41598-026-37702-9,Crossref; Europe PMC; OpenAlex,comparable conservative automated title screen; full-text inclusion pending
doi:10.1038/s44172-024-00264-7,Large area kidney imaging for pre-transplant evaluation using real-time robotic optical coherence tomography.,2024,10.1038/s44172-024-00264-7,1.1,Active observational sensing,主动观察式检测,A5,Optical coherence tomography acquisition,光学相干断层成像采集,,A5,terminal evidence-action hierarchy: sample > response > observation; route-specific task precedence,1,1,https://www.nature.com/articles/s44172-024-00264-7.pdf,https://doi.org/10.1038/s44172-024-00264-7,Europe PMC; OpenAlex,comparable conservative automated title screen; full-text inclusion pending
doi:10.1049/ell2.13121,Design and development of robotic system for precise vascular access and autonomous venipuncture,2024,10.1049/ell2.13121,1.3,Sample-based interactive diagnosis,采样式交互诊断,S4,Venipuncture and phlebotomy,静脉穿刺与采血,,S4,terminal evidence-action hierarchy: sample > response > observation; route-specific task precedence,1,1,https://onlinelibrary.wiley.com/doi/pdfdirect/10.1049/ell2.13121,https://doi.org/10.1049/ell2.13121,Crossref; OpenAlex,comparable conservative automated title screen; full-text inclusion pending
doi:10.1055/a-0774-4554,Assessment of technical parameters and skills training to inform a simulation-based training program for semi-automated robotic colonoscopy.,2019,10.1055/a-0774-4554,1.1,Active observational sensing,主动观察式检测,A2,Flexible gastrointestinal endoscopic examination,胃肠柔性内镜检查,,A2,terminal evidence-action hierarchy: sample > response > observation; route-specific task precedence,1,1,http://www.thieme-connect.de/products/ejournals/pdf/10.1055/a-0774-4554.pdf,https://doi.org/10.1055/a-0774-4554,Europe PMC; OpenAlex,comparable conservative automated title screen; full-text inclusion pending
doi:10.1055/a-1724-6958,Real-time identification of gastric lesions and anatomical landmarks by artificial intelligence during magnetically controlled capsule endoscopy.,2022,10.1055/a-1724-6958,1.1,Active observational sensing,主动观察式检测,A3,Active or magnetically controlled capsule endoscopy,主动或磁控胶囊内镜检查,,A3,terminal evidence-action hierarchy: sample > response > observation; route-specific task precedence,1,1,http://www.thieme-connect.de/products/ejournals/pdf/10.1055/a-1724-6958.pdf,https://doi.org/10.1055/a-1724-6958,Europe PMC,comparable conservative automated title screen; full-text inclusion pending
doi:10.1055/s-0034-1392550,Colonoscopy with robotic steering and automated lumen centralization: a feasibility study in a colon model,2015,10.1055/s-0034-1392550,1.1,Active observational sensing,主动观察式检测,A2,Flexible gastrointestinal endoscopic examination,胃肠柔性内镜检查,,A2,terminal evidence-action hierarchy: sample > response > observation; route-specific task precedence,1,1,http://www.thieme-connect.de/products/ejournals/pdf/10.1055/s-0034-1392550.pdf,https://doi.org/10.1055/s-0034-1392550,Crossref,comparable conservative automated title screen; full-text inclusion pending
doi:10.1080/01691864.2024.2315058,Autonomous scanning motion generation adapted to individual differences in abdominal shape for robotic fetal ultrasound,2024,10.1080/01691864.2024.2315058,1.1,Active observational sensing,主动观察式检测,A1,Ultrasound examination and active scanning,超声检查与主动扫描,,A1,terminal evidence-action hierarchy: sample > response > observation; route-specific task precedence,1,0,,https://doi.org/10.1080/01691864.2024.2315058,Crossref,comparable conservative automated title screen; full-text inclusion pending
doi:10.1080/03091902.2016.1275853,"Design and preliminary evaluation of a self-steering, pneumatically driven colonoscopy robot.",2017,10.1080/03091902.2016.1275853,1.1,Active observational sensing,主动观察式检测,A2,Flexible gastrointestinal endoscopic examination,胃肠柔性内镜检查,,A2,terminal evidence-action hierarchy: sample > response > observation; route-specific task precedence,1,0,,https://doi.org/10.1080/03091902.2016.1275853,Europe PMC; OpenAlex,comparable conservative automated title screen; full-text inclusion pending
doi:10.1080/13645706.2022.2032181,Robot-assisted magnetic capsule endoscopy; navigating colorectal inclinations.,2022,10.1080/13645706.2022.2032181,1.1,Active observational sensing,主动观察式检测,A3,Active or magnetically controlled capsule endoscopy,主动或磁控胶囊内镜检查,,A3,terminal evidence-action hierarchy: sample > response > observation; route-specific task precedence,1,1,https://www.tandfonline.com/doi/pdf/10.1080/13645706.2022.2032181?needAccess=true,https://doi.org/10.1080/13645706.2022.2032181,Europe PMC; OpenAlex,comparable conservative automated title screen; full-text inclusion pending
doi:10.1088/1361-6560/abf277,Towards automated ultrasound imaging-robotic image acquisition in liver and prostate for long-term motion monitoring.,2021,10.1088/1361-6560/abf277,1.1,Active observational sensing,主动观察式检测,A1,Ultrasound examination and active scanning,超声检查与主动扫描,,A1,terminal evidence-action hierarchy: sample > response > observation; route-specific task precedence,1,1,https://iopscience.iop.org/article/10.1088/1361-6560/abf277/pdf,https://doi.org/10.1088/1361-6560/abf277,Europe PMC; OpenAlex,comparable conservative automated title screen; full-text inclusion pending
doi:10.1089/end.2012.0528,Comparison of robotic and laparoscopic ultrasound probes for robotic partial nephrectomy.,2013,10.1089/end.2012.0528,1.1,Active observational sensing,主动观察式检测,A1,Ultrasound examination and active scanning,超声检查与主动扫描,,A1,terminal evidence-action hierarchy: sample > response > observation; route-specific task precedence,1,0,,https://doi.org/10.1089/end.2012.0528,Europe PMC; OpenAlex,comparable conservative automated title screen; full-text inclusion pending
doi:10.1093/clinchem/hvag029,"Performance, Safety, and Patient Experience of an Autonomous Robotic Phlebotomy Device: A Multicenter Trial.",2026,10.1093/clinchem/hvag029,1.3,Sample-based interactive diagnosis,采样式交互诊断,S4,Venipuncture and phlebotomy,静脉穿刺与采血,,S4,terminal evidence-action hierarchy: sample > response > observation; route-specific task precedence,1,1,https://doi.org/10.1093/clinchem/hvag029,https://doi.org/10.1093/clinchem/hvag029,Europe PMC; OpenAlex,comparable conservative automated title screen; full-text inclusion pending
doi:10.1097/01.ccm.0001186612.35676.db,1154: INITIAL TESTING OF THE NOVEL RAPIDSCAN AUTONOMOUS 30-SECOND ULTRASOUND IMAGING DEVICE,2026,10.1097/01.ccm.0001186612.35676.db,1.1,Active observational sensing,主动观察式检测,A1,Ultrasound examination and active scanning,超声检查与主动扫描,,A1,terminal evidence-action hierarchy: sample > response > observation; route-specific task precedence,1,0,,https://doi.org/10.1097/01.ccm.0001186612.35676.db,Crossref,comparable conservative automated title screen; full-text inclusion pending
doi:10.1097/lbr.0000000000001050,Proceduralist-Directed Rapid On-Site Pathologic Evaluation (ROPE) Using Dynamic Cell Imaging: A Pilot Study of Peripheral Pulmonary Lesion Sampling Through Robotic Bronchoscopy.,2026,10.1097/lbr.0000000000001050,1.3,Sample-based interactive diagnosis,采样式交互诊断,S2,Endoscopic or bronchoscopic biopsy,内镜或支气管镜活检,,S2,terminal evidence-action hierarchy: sample > response > observation; route-specific task precedence,1,1,https://doi.org/10.1097/lbr.0000000000001050,https://doi.org/10.1097/lbr.0000000000001050,Europe PMC,comparable conservative automated title screen; full-text inclusion pending
doi:10.1109/access.2021.3077037,RobUSt–An Autonomous Robotic Ultrasound System for Medical Imaging,2021,10.1109/access.2021.3077037,1.1,Active observational sensing,主动观察式检测,A1,Ultrasound examination and active scanning,超声检查与主动扫描,,A1,terminal evidence-action hierarchy: sample > response > observation; route-specific task precedence,1,1,https://ieeexplore.ieee.org/ielx7/6287639/9312710/09420731.pdf,https://doi.org/10.1109/access.2021.3077037,Crossref; OpenAlex,comparable conservative automated title screen; full-text inclusion pending
doi:10.1109/access.2026.3672161,Robotic Automation of Nasopharyngeal Swab Collection With Non-Contact Posture Adaptation,2026,10.1109/access.2026.3672161,1.3,Sample-based interactive diagnosis,采样式交互诊断,S5,Swab and cavity-specimen collection,拭子与腔道标本采集,,S5,terminal evidence-action hierarchy: sample > response > observation; route-specific task precedence,1,1,https://doi.org/10.1109/access.2026.3672161,https://doi.org/10.1109/access.2026.3672161,Crossref,comparable conservative automated title screen; full-text inclusion pending
doi:10.1109/biorob.2016.7523646,Autonomous robotic palpation of soft tissue using the modulation of applied force,2016,10.1109/biorob.2016.7523646,1.2,Response-based interactive diagnosis,响应式交互诊断,R1,Robotic palpation,机器人触诊,,R1,terminal evidence-action hierarchy: sample > response > observation; route-specific task precedence,1,1,https://kclpure.kcl.ac.uk/ws/files/55807955/Konstantinova_BioRob2016.pdf,https://doi.org/10.1109/biorob.2016.7523646,Crossref; OpenAlex,comparable conservative automated title screen; full-text inclusion pending
doi:10.1109/case56687.2023.10260479,RUSOpt: Robotic UltraSound Probe Normalization with Bayesian Optimization for In-plane and Out-plane Scanning,2023,10.1109/case56687.2023.10260479,1.1,Active observational sensing,主动观察式检测,A1,Ultrasound examination and active scanning,超声检查与主动扫描,,A1,terminal evidence-action hierarchy: sample > response > observation; route-specific task precedence,1,1,https://arxiv.org/pdf/2310.03406,https://doi.org/10.1109/case56687.2023.10260479,OpenAlex; arXiv,comparable conservative automated title screen; full-text inclusion pending
doi:10.1109/case58245.2025.11163944,An Autonomous Robotic System for Aorta Ultrasound Screening with Deep Learning Segmentation,2025,10.1109/case58245.2025.11163944,1.1,Active observational sensing,主动观察式检测,A1,Ultrasound examination and active scanning,超声检查与主动扫描,,A1,terminal evidence-action hierarchy: sample > response > observation; route-specific task precedence,1,0,,https://doi.org/10.1109/case58245.2025.11163944,Crossref,comparable conservative automated title screen; full-text inclusion pending
doi:10.1109/embc46164.2021.9630059,Development of a tendon driven robotic probe for prostate palpation.,2021,10.1109/embc46164.2021.9630059,1.2,Response-based interactive diagnosis,响应式交互诊断,R1,Robotic palpation,机器人触诊,,R1,terminal evidence-action hierarchy: sample > response > observation; route-specific task precedence,1,1,https://ieeexplore.ieee.org/ielx7/9629355/9629471/09630059.pdf,https://doi.org/10.1109/embc46164.2021.9630059,Europe PMC; OpenAlex,comparable conservative automated title screen; full-text inclusion pending
doi:10.1109/embc58623.2025.11254011,Method of synthesizing and enhancing multiple auscultatory sounds for safe and efficient robotic auscultation.,2025,10.1109/embc58623.2025.11254011,1.1,Active observational sensing,主动观察式检测,A6,Active auscultation and acoustic examination,主动听诊与声学检查,,A6,terminal evidence-action hierarchy: sample > response > observation; route-specific task precedence,1,0,,https://doi.org/10.1109/embc58623.2025.11254011,Europe PMC; OpenAlex,comparable conservative automated title screen; full-text inclusion pending
doi:10.1109/glbc.2017.7928899,Automated hand support system for robotic ultrasound hand scanner,2017,10.1109/glbc.2017.7928899,1.1,Active observational sensing,主动观察式检测,A1,Ultrasound examination and active scanning,超声检查与主动扫描,,A1,terminal evidence-action hierarchy: sample > response > observation; route-specific task precedence,1,0,,https://doi.org/10.1109/glbc.2017.7928899,Crossref; OpenAlex,comparable conservative automated title screen; full-text inclusion pending
doi:10.1109/icaace69793.2026.11509110,LSTM-Based Imitation Learning for Autonomous Ultrasound Scanning in Robot-Assisted Biopsy,2026,10.1109/icaace69793.2026.11509110,1.3,Sample-based interactive diagnosis,采样式交互诊断,S1,Percutaneous or core-needle biopsy,经皮或芯针活检,,S1,terminal evidence-action hierarchy: sample > response > observation; route-specific task precedence,1,0,,https://doi.org/10.1109/icaace69793.2026.11509110,Crossref; OpenAlex,comparable conservative automated title screen; full-text inclusion pending
doi:10.1109/icar53236.2021.9659396,Autonomy in robotic prostate biopsy through AI-assisted fusion,2021,10.1109/icar53236.2021.9659396,1.3,Sample-based interactive diagnosis,采样式交互诊断,S1,Percutaneous or core-needle biopsy,经皮或芯针活检,,S1,terminal evidence-action hierarchy: sample > response > observation; route-specific task precedence,1,0,,https://doi.org/10.1109/icar53236.2021.9659396,Crossref,comparable conservative automated title screen; full-text inclusion pending
doi:10.1109/icat2i69744.2025.11472683,Design and Implementation of a Robotic Arm for Automated Swab Collection in PCR Testing,2025,10.1109/icat2i69744.2025.11472683,1.3,Sample-based interactive diagnosis,采样式交互诊断,S5,Swab and cavity-specimen collection,拭子与腔道标本采集,,S5,terminal evidence-action hierarchy: sample > response > observation; route-specific task precedence,1,0,,https://doi.org/10.1109/icat2i69744.2025.11472683,Crossref; OpenAlex,comparable conservative automated title screen; full-text inclusion pending
doi:10.1109/icosr57188.2022.00039,Automatic ultrasound scanning for the Carotid Artery by robotic system,2022,10.1109/icosr57188.2022.00039,1.1,Active observational sensing,主动观察式检测,A1,Ultrasound examination and active scanning,超声检查与主动扫描,,A1,terminal evidence-action hierarchy: sample > response > observation; route-specific task precedence,1,0,,https://doi.org/10.1109/icosr57188.2022.00039,Crossref,comparable conservative automated title screen; full-text inclusion pending
doi:10.1109/icra.2013.6631198,Autonomous robotic palpation: Machine learning techniques to identify hard inclusions in soft tissues,2013,10.1109/icra.2013.6631198,1.2,Response-based interactive diagnosis,响应式交互诊断,R1,Robotic palpation,机器人触诊,,R1,terminal evidence-action hierarchy: sample > response > observation; route-specific task precedence,1,0,,https://doi.org/10.1109/icra.2013.6631198,Crossref; OpenAlex,comparable conservative automated title screen; full-text inclusion pending
doi:10.1109/icra.2016.7487201,Robotic ultrasound trajectory planning for volume of interest coverage,2016,10.1109/icra.2016.7487201,1.1,Active observational sensing,主动观察式检测,A1,Ultrasound examination and active scanning,超声检查与主动扫描,,A1,terminal evidence-action hierarchy: sample > response > observation; route-specific task precedence,1,0,,https://doi.org/10.1109/icra.2016.7487201,Crossref; OpenAlex,comparable conservative automated title screen; full-text inclusion pending
doi:10.1109/icra.2017.7989729,Towards a soft robotic skin for autonomous tissue palpation,2017,10.1109/icra.2017.7989729,1.2,Response-based interactive diagnosis,响应式交互诊断,R1,Robotic palpation,机器人触诊,,R1,terminal evidence-action hierarchy: sample > response > observation; route-specific task precedence,1,0,,https://doi.org/10.1109/icra.2017.7989729,Crossref,comparable conservative automated title screen; full-text inclusion pending
doi:10.1109/icra40945.2020.9196736,Automated robotic breast ultrasound acquisition using ultrasound feedback,2020,10.1109/icra40945.2020.9196736,1.1,Active observational sensing,主动观察式检测,A1,Ultrasound examination and active scanning,超声检查与主动扫描,,A1,terminal evidence-action hierarchy: sample > response > observation; route-specific task precedence,1,1,https://ris.utwente.nl/ws/files/247785100/Welleweerd2020automatic.pdf,https://doi.org/10.1109/icra40945.2020.9196736,Crossref,comparable conservative automated title screen; full-text inclusion pending
doi:10.1109/icra46639.2022.9811982,Automatic Biopsy Tool Presence and Episode Recognition in Robotic Bronchoscopy Using a Multi-Task Vision Transformer Network,2022,10.1109/icra46639.2022.9811982,1.3,Sample-based interactive diagnosis,采样式交互诊断,S2,Endoscopic or bronchoscopic biopsy,内镜或支气管镜活检,,S2,terminal evidence-action hierarchy: sample > response > observation; route-specific task precedence,1,0,,https://doi.org/10.1109/icra46639.2022.9811982,Crossref,comparable conservative automated title screen; full-text inclusion pending
doi:10.1109/icra48506.2021.9560865,Out-of-Plane Corrections for Autonomous Robotic Breast Ultrasound Acquisitions,2021,10.1109/icra48506.2021.9560865,1.1,Active observational sensing,主动观察式检测,A1,Ultrasound examination and active scanning,超声检查与主动扫描,,A1,terminal evidence-action hierarchy: sample > response > observation; route-specific task precedence,1,1,https://research.utwente.nl/en/publications/5fff52d6-dbda-4aca-8b3e-b5244cd6d844,https://doi.org/10.1109/icra48506.2021.9560865,Crossref,comparable conservative automated title screen; full-text inclusion pending
doi:10.1109/icra48506.2021.9561295,Autonomous Navigation of an Ultrasound Probe Towards Standard Scan Planes with Deep Reinforcement Learning,2021,10.1109/icra48506.2021.9561295,1.1,Active observational sensing,主动观察式检测,A1,Ultrasound examination and active scanning,超声检查与主动扫描,,A1,terminal evidence-action hierarchy: sample > response > observation; route-specific task precedence,1,1,https://arxiv.org/pdf/2103.00718,https://doi.org/10.1109/icra48506.2021.9561295,OpenAlex; arXiv,comparable conservative automated title screen; full-text inclusion pending
doi:10.1109/icra48506.2021.9561833,Reciprocally Rotating Magnetic Actuation and Automatic Trajectory Following for Wireless Capsule Endoscopy,2021,10.1109/icra48506.2021.9561833,1.1,Active observational sensing,主动观察式检测,A3,Active or magnetically controlled capsule endoscopy,主动或磁控胶囊内镜检查,,A3,terminal evidence-action hierarchy: sample > response > observation; route-specific task precedence,1,0,,https://doi.org/10.1109/icra48506.2021.9561833,Crossref,comparable conservative automated title screen; full-text inclusion pending
doi:10.1109/icra48891.2023.10161377,Collaborative Robotic Biopsy with Trajectory Guidance and Needle Tip Force Feedback,2023,10.1109/icra48891.2023.10161377,1.3,Sample-based interactive diagnosis,采样式交互诊断,S1,Percutaneous or core-needle biopsy,经皮或芯针活检,,S1,terminal evidence-action hierarchy: sample > response > observation; route-specific task precedence,1,0,,https://doi.org/10.1109/icra48891.2023.10161377,Crossref; OpenAlex,comparable conservative automated title screen; full-text inclusion pending
doi:10.1109/icra48891.2023.10161542,Robotic Sonographer: Autonomous Robotic Ultrasound using Domain Expertise in Bayesian Optimization,2023,10.1109/icra48891.2023.10161542,1.1,Active observational sensing,主动观察式检测,A1,Ultrasound examination and active scanning,超声检查与主动扫描,,A1,terminal evidence-action hierarchy: sample > response > observation; route-specific task precedence,1,1,https://arxiv.org/pdf/2307.02442,https://doi.org/10.1109/icra48891.2023.10161542,OpenAlex; arXiv,comparable conservative automated title screen; full-text inclusion pending
doi:10.1109/icra55743.2025.11127435,Robust Robotic Breast Ultrasound Scanning and Real-Time Lesion Localization,2025,10.1109/icra55743.2025.11127435,1.1,Active observational sensing,主动观察式检测,A1,Ultrasound examination and active scanning,超声检查与主动扫描,,A1,terminal evidence-action hierarchy: sample > response > observation; route-specific task precedence,1,0,,https://doi.org/10.1109/icra55743.2025.11127435,Crossref,comparable conservative automated title screen; full-text inclusion pending
doi:10.1109/irc.2018.00083,Simulation Study of Autonomous Drive for Active Capsule Endoscopy,2018,10.1109/irc.2018.00083,1.1,Active observational sensing,主动观察式检测,A3,Active or magnetically controlled capsule endoscopy,主动或磁控胶囊内镜检查,,A3,terminal evidence-action hierarchy: sample > response > observation; route-specific task precedence,1,0,,https://doi.org/10.1109/irc.2018.00083,Crossref,comparable conservative automated title screen; full-text inclusion pending
doi:10.1109/iros.2013.6696818,Autonomous eFAST ultrasound scanning by a robotic manipulator using learning from demonstrations,2013,10.1109/iros.2013.6696818,1.1,Active observational sensing,主动观察式检测,A1,Ultrasound examination and active scanning,超声检查与主动扫描,,A1,terminal evidence-action hierarchy: sample > response > observation; route-specific task precedence,1,0,,https://doi.org/10.1109/iros.2013.6696818,Crossref,comparable conservative automated title screen; full-text inclusion pending
doi:10.1109/iros.2015.7353736,Real-time Needle Steering in Response to Rolling Vein Deformation by a 9-DOF Image-Guided Autonomous Venipuncture Robot.,2015,10.1109/iros.2015.7353736,1.3,Sample-based interactive diagnosis,采样式交互诊断,S4,Venipuncture and phlebotomy,静脉穿刺与采血,,S4,terminal evidence-action hierarchy: sample > response > observation; route-specific task precedence,1,0,,https://doi.org/10.1109/iros.2015.7353736,Europe PMC; OpenAlex,comparable conservative automated title screen; full-text inclusion pending
doi:10.1109/iros.2016.7759101,Automatic force-compliant robotic ultrasound screening of abdominal aortic aneurysms,2016,10.1109/iros.2016.7759101,1.1,Active observational sensing,主动观察式检测,A1,Ultrasound examination and active scanning,超声检查与主动扫描,,A1,terminal evidence-action hierarchy: sample > response > observation; route-specific task precedence,1,0,,https://doi.org/10.1109/iros.2016.7759101,Crossref; OpenAlex,comparable conservative automated title screen; full-text inclusion pending
doi:10.1109/iros.2016.7759102,System Design and Development of a Robotic Device for Automated Venipuncture and Diagnostic Blood Cell Analysis.,2016,10.1109/iros.2016.7759102,1.3,Sample-based interactive diagnosis,采样式交互诊断,S4,Venipuncture and phlebotomy,静脉穿刺与采血,,S4,terminal evidence-action hierarchy: sample > response > observation; route-specific task precedence,1,1,https://www.ncbi.nlm.nih.gov/pmc/articles/5321615,https://doi.org/10.1109/iros.2016.7759102,Europe PMC; OpenAlex,comparable conservative automated title screen; full-text inclusion pending
doi:10.1109/iros.2018.8594106,"Autonomous Localization, Navigation and Haustral Fold Detection for Robotic Endoscopy",2018,10.1109/iros.2018.8594106,1.1,Active observational sensing,主动观察式检测,A2,Flexible gastrointestinal endoscopic examination,胃肠柔性内镜检查,,A2,terminal evidence-action hierarchy: sample > response > observation; route-specific task precedence,1,0,,https://doi.org/10.1109/iros.2018.8594106,Crossref; OpenAlex,comparable conservative automated title screen; full-text inclusion pending
doi:10.1109/iros47612.2022.9981349,Visual Servo Control of COVID-19 Nasopharyngeal Swab Sampling Robot,2022,10.1109/iros47612.2022.9981349,1.3,Sample-based interactive diagnosis,采样式交互诊断,S5,Swab and cavity-specimen collection,拭子与腔道标本采集,,S5,terminal evidence-action hierarchy: sample > response > observation; route-specific task precedence,1,0,,https://doi.org/10.1109/iros47612.2022.9981349,Crossref,comparable conservative automated title screen; full-text inclusion pending
doi:10.1109/iros51168.2021.9635902,Autonomous Scanning Target Localization for Robotic Lung Ultrasound Imaging.,2021,10.1109/iros51168.2021.9635902,1.1,Active observational sensing,主动观察式检测,A1,Ultrasound examination and active scanning,超声检查与主动扫描,,A1,terminal evidence-action hierarchy: sample > response > observation; route-specific task precedence,1,1,https://www.ncbi.nlm.nih.gov/pmc/articles/9373068,https://doi.org/10.1109/iros51168.2021.9635902,Europe PMC; OpenAlex,comparable conservative automated title screen; full-text inclusion pending
doi:10.1109/iros60139.2025.11247389,Quality-Driven Adaptive Control Framework for Robotic Ultrasound Imaging of Vascular Anatomies,2025,10.1109/iros60139.2025.11247389,1.1,Active observational sensing,主动观察式检测,A1,Ultrasound examination and active scanning,超声检查与主动扫描,,A1,terminal evidence-action hierarchy: sample > response > observation; route-specific task precedence,1,1,https://hdl.handle.net/11311/1303493,https://doi.org/10.1109/iros60139.2025.11247389,Crossref; OpenAlex,comparable conservative automated title screen; full-text inclusion pending
doi:10.1109/ismr.2019.8710206,An Admittance-Controlled Robotic Assistant for Semi-Autonomous Breast Ultrasound Scanning,2019,10.1109/ismr.2019.8710206,1.1,Active observational sensing,主动观察式检测,A1,Ultrasound examination and active scanning,超声检查与主动扫描,,A1,terminal evidence-action hierarchy: sample > response > observation; route-specific task precedence,1,0,,https://doi.org/10.1109/ismr.2019.8710206,Crossref,comparable conservative automated title screen; full-text inclusion pending
doi:10.1109/ismr57123.2023.10130193,Deep Kernel and Image Quality Estimators for Optimizing Robotic Ultrasound Controller using Bayesian Optimization,2023,10.1109/ismr57123.2023.10130193,1.1,Active observational sensing,主动观察式检测,A1,Ultrasound examination and active scanning,超声检查与主动扫描,,A1,terminal evidence-action hierarchy: sample > response > observation; route-specific task precedence,1,1,https://arxiv.org/pdf/2310.07392,https://doi.org/10.1109/ismr57123.2023.10130193,OpenAlex; arXiv,comparable conservative automated title screen; full-text inclusion pending
doi:10.1109/ismr57123.2023.10130200,Automatic Contact Force-regulated End-effector Using Pneumatic Actuator for Safe Robotic Ultrasound Imaging,2023,10.1109/ismr57123.2023.10130200,1.1,Active observational sensing,主动观察式检测,A1,Ultrasound examination and active scanning,超声检查与主动扫描,,A1,terminal evidence-action hierarchy: sample > response > observation; route-specific task precedence,1,0,,https://doi.org/10.1109/ismr57123.2023.10130200,Crossref; OpenAlex,comparable conservative automated title screen; full-text inclusion pending
doi:10.1109/ismr57123.2023.10130250,Robotic Optical Coherence Tomography of Human Subjects with Posture-Invariant Head and Eye Alignment in Six Degrees of Freedom.,2023,10.1109/ismr57123.2023.10130250,1.1,Active observational sensing,主动观察式检测,A5,Optical coherence tomography acquisition,光学相干断层成像采集,,A5,terminal evidence-action hierarchy: sample > response > observation; route-specific task precedence,1,1,https://www.ncbi.nlm.nih.gov/pmc/articles/11293772,https://doi.org/10.1109/ismr57123.2023.10130250,Europe PMC; OpenAlex,comparable conservative automated title screen; full-text inclusion pending
doi:10.1109/ismr67322.2025.11025963,Mobile Robotic Optical Coherence Tomography System for Ophthalmic Imaging in Clinical Environments.,2025,10.1109/ismr67322.2025.11025963,1.1,Active observational sensing,主动观察式检测,A5,Optical coherence tomography acquisition,光学相干断层成像采集,,A5,terminal evidence-action hierarchy: sample > response > observation; route-specific task precedence,1,1,https://pmc.ncbi.nlm.nih.gov/articles/PMC12308690/,https://doi.org/10.1109/ismr67322.2025.11025963,Europe PMC; OpenAlex,comparable conservative automated title screen; full-text inclusion pending
doi:10.1109/ismr67322.2025.11025984,Deep Learning-Based Segmentation for Autonomous Robot-Assisted Tumor Localization using Ultrasound B-Mode and Strain Elastography Imaging,2025,10.1109/ismr67322.2025.11025984,1.2,Response-based interactive diagnosis,响应式交互诊断,R2,Elastography and stiffness mapping,弹性成像与刚度测绘,A1,A1;R2,terminal evidence-action hierarchy: sample > response > observation; route-specific task precedence,1,0,,https://doi.org/10.1109/ismr67322.2025.11025984,Crossref,comparable conservative automated title screen; full-text inclusion pending
doi:10.1109/jbhi.2024.3423791,MonoLoT: Self-Supervised Monocular Depth Estimation in Low-Texture Scenes for Automatic Robotic Endoscopy.,2024,10.1109/jbhi.2024.3423791,1.1,Active observational sensing,主动观察式检测,A2,Flexible gastrointestinal endoscopic examination,胃肠柔性内镜检查,,A2,terminal evidence-action hierarchy: sample > response > observation; route-specific task precedence,1,1,https://discovery.ucl.ac.uk/10194872/1/MonoLoT_Self-Supervised_Monocular_Depth_Estimation_in_Low-Texture_Scenes_for_Automatic_Robotic_Endoscopy.pdf,https://doi.org/10.1109/jbhi.2024.3423791,Europe PMC; OpenAlex,comparable conservative automated title screen; full-text inclusion pending
doi:10.1109/jsen.2025.11235502,In vivo validation of Wireless Power Transfer System for Magnetically Controlled Robotic Capsule Endoscopy,2025,10.1109/jsen.2025.11235502,1.1,Active observational sensing,主动观察式检测,A3,Active or magnetically controlled capsule endoscopy,主动或磁控胶囊内镜检查,,A3,terminal evidence-action hierarchy: sample > response > observation; route-specific task precedence,1,1,https://arxiv.org/pdf/2503.12850,https://doi.org/10.1109/jsen.2025.11235502,arXiv,comparable conservative automated title screen; full-text inclusion pending
doi:10.1109/lra.2020.3003868,Ultrasound-Guided Wireless Tubular Robotic Anchoring System.,2020,10.1109/lra.2020.3003868,1.1,Active observational sensing,主动观察式检测,A1,Ultrasound examination and active scanning,超声检查与主动扫描,,A1,terminal evidence-action hierarchy: sample > response > observation; route-specific task precedence,1,1,https://www.ncbi.nlm.nih.gov/pmc/articles/7610639,https://doi.org/10.1109/lra.2020.3003868,Europe PMC,comparable conservative automated title screen; full-text inclusion pending
doi:10.1109/lra.2021.3056033,Towards Standardized Acquisition with a Dual-probe Ultrasound Robot for Fetal Imaging.,2021,10.1109/lra.2021.3056033,1.1,Active observational sensing,主动观察式检测,A1,Ultrasound examination and active scanning,超声检查与主动扫描,,A1,terminal evidence-action hierarchy: sample > response > observation; route-specific task precedence,1,1,https://www.ncbi.nlm.nih.gov/pmc/articles/7610692,https://doi.org/10.1109/lra.2021.3056033,Europe PMC,comparable conservative automated title screen; full-text inclusion pending
doi:10.1109/lra.2021.3058870,Fast Localization and Segmentation of Tissue Abnormalities by Autonomous Robotic Palpation,2021,10.1109/lra.2021.3058870,1.2,Response-based interactive diagnosis,响应式交互诊断,R1,Robotic palpation,机器人触诊,,R1,terminal evidence-action hierarchy: sample > response > observation; route-specific task precedence,1,0,,https://doi.org/10.1109/lra.2021.3058870,Crossref; OpenAlex,comparable conservative automated title screen; full-text inclusion pending
doi:10.1109/lra.2022.3146542,RSV: Robotic Sonography for Thyroid Volumetry,2021,10.1109/lra.2022.3146542,1.1,Active observational sensing,主动观察式检测,A1,Ultrasound examination and active scanning,超声检查与主动扫描,,A1,terminal evidence-action hierarchy: sample > response > observation; route-specific task precedence,1,1,https://arxiv.org/pdf/2112.06761,https://doi.org/10.1109/lra.2022.3146542,OpenAlex; arXiv,comparable conservative automated title screen; full-text inclusion pending
doi:10.1109/lra.2022.3170209,Medical Ultrasound Image Quality Assessment for Autonomous Robotic Screening,2022,10.1109/lra.2022.3170209,1.1,Active observational sensing,主动观察式检测,A1,Ultrasound examination and active scanning,超声检查与主动扫描,,A1,terminal evidence-action hierarchy: sample > response > observation; route-specific task precedence,1,0,,https://doi.org/10.1109/lra.2022.3170209,Crossref; OpenAlex,comparable conservative automated title screen; full-text inclusion pending
doi:10.1109/lra.2022.3218183,A-SEE: Active-Sensing End-effector Enabled Probe Self-Normal-Positioning for Robotic Ultrasound Imaging Applications.,2022,10.1109/lra.2022.3218183,1.1,Active observational sensing,主动观察式检测,A1,Ultrasound examination and active scanning,超声检查与主动扫描,,A1,terminal evidence-action hierarchy: sample > response > observation; route-specific task precedence,1,1,https://pmc.ncbi.nlm.nih.gov/articles/PMC10266708/pdf/nihms-1850615.pdf,https://doi.org/10.1109/lra.2022.3218183,Europe PMC; OpenAlex,comparable conservative automated title screen; full-text inclusion pending
doi:10.1109/lra.2023.3237499,Autonomous Robotic System for Breast Biopsy With Deformation Compensation,2023,10.1109/lra.2023.3237499,1.3,Sample-based interactive diagnosis,采样式交互诊断,S1,Percutaneous or core-needle biopsy,经皮或芯针活检,,S1,terminal evidence-action hierarchy: sample > response > observation; route-specific task precedence,1,1,https://ieeexplore.ieee.org/ielx7/7083369/10024862/10018406.pdf,https://doi.org/10.1109/lra.2023.3237499,Crossref,comparable conservative automated title screen; full-text inclusion pending
doi:10.1109/lra.2025.3554104,"A Real-Time, Semi-Autonomous Navigation Platform for Soft Robotic Bronchoscopy.",2025,10.1109/lra.2025.3554104,1.1,Active observational sensing,主动观察式检测,A4,Bronchoscopic observation and navigation,支气管镜观察与导航,,A4,terminal evidence-action hierarchy: sample > response > observation; route-specific task precedence,1,1,https://pmc.ncbi.nlm.nih.gov/articles/PMC12442719/,https://doi.org/10.1109/lra.2025.3554104,Europe PMC; OpenAlex,comparable conservative automated title screen; full-text inclusion pending
doi:10.1109/lra.2025.3555865,Tissue-View Map for Robotic Carotid Artery Ultrasound Scanning Using Reinforcement Learning,2025,10.1109/lra.2025.3555865,1.1,Active observational sensing,主动观察式检测,A1,Ultrasound examination and active scanning,超声检查与主动扫描,,A1,terminal evidence-action hierarchy: sample > response > observation; route-specific task precedence,1,0,,https://doi.org/10.1109/lra.2025.3555865,Crossref; OpenAlex,comparable conservative automated title screen; full-text inclusion pending
doi:10.1109/lra.2025.3604746,Smooth Path Planning and Dynamic Contact Force Regulation for Robotic Ultrasound Scanning,2025,10.1109/lra.2025.3604746,1.1,Active observational sensing,主动观察式检测,A1,Ultrasound examination and active scanning,超声检查与主动扫描,,A1,terminal evidence-action hierarchy: sample > response > observation; route-specific task precedence,1,0,,https://doi.org/10.1109/lra.2025.3604746,Crossref; OpenAlex,comparable conservative automated title screen; full-text inclusion pending
doi:10.1109/lra.2026.3665067,Real-Time Coverage Path Planning for Bone-Aware Robotic Ultrasound Scanning,2026,10.1109/lra.2026.3665067,1.1,Active observational sensing,主动观察式检测,A1,Ultrasound examination and active scanning,超声检查与主动扫描,,A1,terminal evidence-action hierarchy: sample > response > observation; route-specific task precedence,1,0,,https://doi.org/10.1109/lra.2026.3665067,Crossref; OpenAlex,comparable conservative automated title screen; full-text inclusion pending
doi:10.1109/mra.2016.2580478,"Robotic Ultrasound: View Planning, Tracking, and Automatic Acquisition of Transesophageal Echocardiography",2016,10.1109/mra.2016.2580478,1.1,Active observational sensing,主动观察式检测,A1,Ultrasound examination and active scanning,超声检查与主动扫描,,A1,terminal evidence-action hierarchy: sample > response > observation; route-specific task precedence,1,1,https://kclpure.kcl.ac.uk/ws/files/108592195/Robotic_Ultrasound_View_Planning_Tracking_and_Automatic_Acquisition_of_Trans_esophageal_Echocardiography.pdf,https://doi.org/10.1109/mra.2016.2580478,Crossref; OpenAlex,comparable conservative automated title screen; full-text inclusion pending
doi:10.1109/ro-man60168.2024.10731427,"Trust, Safety and Efficacy of Autonomous Robotic Ultrasound Vascular Imaging Collection on Human Subjects",2024,10.1109/ro-man60168.2024.10731427,1.1,Active observational sensing,主动观察式检测,A1,Ultrasound examination and active scanning,超声检查与主动扫描,,A1,terminal evidence-action hierarchy: sample > response > observation; route-specific task precedence,1,0,,https://doi.org/10.1109/ro-man60168.2024.10731427,Crossref; OpenAlex,comparable conservative automated title screen; full-text inclusion pending
doi:10.1109/robio.2013.6739561,Development of robotic system for autonomous liver screening using ultrasound scanning device,2013,10.1109/robio.2013.6739561,1.1,Active observational sensing,主动观察式检测,A1,Ultrasound examination and active scanning,超声检查与主动扫描,,A1,terminal evidence-action hierarchy: sample > response > observation; route-specific task precedence,1,0,,https://doi.org/10.1109/robio.2013.6739561,Crossref,comparable conservative automated title screen; full-text inclusion pending
doi:10.1109/robio54168.2021.9739464,Learning Robotic Ultrasound Scanning Skills via Human Demonstrations and Guided Explorations,2021,10.1109/robio54168.2021.9739464,1.1,Active observational sensing,主动观察式检测,A1,Ultrasound examination and active scanning,超声检查与主动扫描,,A1,terminal evidence-action hierarchy: sample > response > observation; route-specific task precedence,1,1,https://arxiv.org/pdf/2111.01625,https://doi.org/10.1109/robio54168.2021.9739464,OpenAlex; arXiv,comparable conservative automated title screen; full-text inclusion pending
doi:10.1109/robio64047.2024.10907531,Autonomous In-Plane Normal Positioning in Robotic Ultrasound Scanning,2024,10.1109/robio64047.2024.10907531,1.1,Active observational sensing,主动观察式检测,A1,Ultrasound examination and active scanning,超声检查与主动扫描,,A1,terminal evidence-action hierarchy: sample > response > observation; route-specific task precedence,1,0,,https://doi.org/10.1109/robio64047.2024.10907531,Crossref; OpenAlex,comparable conservative automated title screen; full-text inclusion pending
doi:10.1109/tase.2020.2978881,Depth Estimation of Hard Inclusions in Soft Tissue by Autonomous Robotic Palpation Using Deep Recurrent Neural Network,2020,10.1109/tase.2020.2978881,1.2,Response-based interactive diagnosis,响应式交互诊断,R1,Robotic palpation,机器人触诊,,R1,terminal evidence-action hierarchy: sample > response > observation; route-specific task precedence,1,0,,https://doi.org/10.1109/tase.2020.2978881,Crossref; OpenAlex,comparable conservative automated title screen; full-text inclusion pending
doi:10.1109/tase.2022.3189339,A Flexible and Fully Autonomous Breast Ultrasound Scanning System,2022,10.1109/tase.2022.3189339,1.1,Active observational sensing,主动观察式检测,A1,Ultrasound examination and active scanning,超声检查与主动扫描,,A1,terminal evidence-action hierarchy: sample > response > observation; route-specific task precedence,1,0,,https://doi.org/10.1109/tase.2022.3189339,Crossref; OpenAlex,comparable conservative automated title screen; full-text inclusion pending
doi:10.1109/tase.2023.3282974,Task Space Compliant Control and Six-Dimensional Force Regulation Toward Automated Robotic Ultrasound Imaging,2023,10.1109/tase.2023.3282974,1.1,Active observational sensing,主动观察式检测,A1,Ultrasound examination and active scanning,超声检查与主动扫描,,A1,terminal evidence-action hierarchy: sample > response > observation; route-specific task precedence,1,0,,https://doi.org/10.1109/tase.2023.3282974,Crossref; OpenAlex,comparable conservative automated title screen; full-text inclusion pending
doi:10.1109/tase.2024.3411784,Class-Aware Cartilage Segmentation for Autonomous US-CT Registration in Robotic Intercostal Ultrasound Imaging,2025,10.1109/tase.2024.3411784,1.1,Active observational sensing,主动观察式检测,A1,Ultrasound examination and active scanning,超声检查与主动扫描,,A1,terminal evidence-action hierarchy: sample > response > observation; route-specific task precedence,1,0,,https://doi.org/10.1109/tase.2024.3411784,Crossref,comparable conservative automated title screen; full-text inclusion pending
doi:10.1109/tase.2026.3684122,Path Generation and Stable Interaction Control for Autonomous Robotic Breast Ultrasound Scanning,2026,10.1109/tase.2026.3684122,1.1,Active observational sensing,主动观察式检测,A1,Ultrasound examination and active scanning,超声检查与主动扫描,,A1,terminal evidence-action hierarchy: sample > response > observation; route-specific task precedence,1,0,,https://doi.org/10.1109/tase.2026.3684122,Crossref,comparable conservative automated title screen; full-text inclusion pending
doi:10.1109/tbme.2020.3043388,Enabling Autonomous Colonoscopy Intervention Using a Robotic Endoscope Platform.,2021,10.1109/tbme.2020.3043388,1.1,Active observational sensing,主动观察式检测,A2,Flexible gastrointestinal endoscopic examination,胃肠柔性内镜检查,,A2,terminal evidence-action hierarchy: sample > response > observation; route-specific task precedence,1,0,,https://doi.org/10.1109/tbme.2020.3043388,Europe PMC,comparable conservative automated title screen; full-text inclusion pending
doi:10.1109/tbme.2021.3054413,Autonomic Robotic Ultrasound Imaging System Based on Reinforcement Learning.,2021,10.1109/tbme.2021.3054413,1.1,Active observational sensing,主动观察式检测,A1,Ultrasound examination and active scanning,超声检查与主动扫描,,A1,terminal evidence-action hierarchy: sample > response > observation; route-specific task precedence,1,0,,https://doi.org/10.1109/tbme.2021.3054413,Europe PMC; OpenAlex,comparable conservative automated title screen; full-text inclusion pending
doi:10.1109/tbme.2023.3279114,Autonomous Robotic Ultrasound Vascular Imaging System With Decoupled Control Strategy for External-Vision-Free Environments.,2023,10.1109/tbme.2023.3279114,1.1,Active observational sensing,主动观察式检测,A1,Ultrasound examination and active scanning,超声检查与主动扫描,,A1,terminal evidence-action hierarchy: sample > response > observation; route-specific task precedence,1,0,,https://doi.org/10.1109/tbme.2023.3279114,Europe PMC; OpenAlex,comparable conservative automated title screen; full-text inclusion pending
doi:10.1109/tbme.2024.3357293,A Minimally Invasive Robotic Tissue Palpation Device.,2024,10.1109/tbme.2024.3357293,1.2,Response-based interactive diagnosis,响应式交互诊断,R1,Robotic palpation,机器人触诊,,R1,terminal evidence-action hierarchy: sample > response > observation; route-specific task precedence,1,1,https://pmc.ncbi.nlm.nih.gov/articles/PMC11178256/pdf/nihms-1995939.pdf,https://doi.org/10.1109/tbme.2024.3357293,Europe PMC; OpenAlex,comparable conservative automated title screen; full-text inclusion pending
doi:10.1109/tbme.2024.3401681,Hybrid Hydrogel-Magnet Actuated Capsule for Automatic Gut Microbiome Sampling,2024,10.1109/tbme.2024.3401681,1.3,Sample-based interactive diagnosis,采样式交互诊断,S3,Capsule-based tissue or fluid sampling,胶囊组织或体液采样,A3,A3;S3,terminal evidence-action hierarchy: sample > response > observation; route-specific task precedence,1,0,,https://doi.org/10.1109/tbme.2024.3401681,Crossref,comparable conservative automated title screen; full-text inclusion pending
doi:10.1109/tbme.2025.3634552,Quasi-static Elastography-driven Automated Robotic Ultrasound Screening and Localization.,2025,10.1109/tbme.2025.3634552,1.2,Response-based interactive diagnosis,响应式交互诊断,R2,Elastography and stiffness mapping,弹性成像与刚度测绘,A1,A1;R2,terminal evidence-action hierarchy: sample > response > observation; route-specific task precedence,1,0,,https://doi.org/10.1109/tbme.2025.3634552,Europe PMC; OpenAlex,comparable conservative automated title screen; full-text inclusion pending
doi:10.1109/tie.2016.2557306,"Adaptive Kinematic Control of a Robotic Venipuncture Device Based on Stereo Vision, Ultrasound, and Force Guidance.",2017,10.1109/tie.2016.2557306,1.3,Sample-based interactive diagnosis,采样式交互诊断,S4,Venipuncture and phlebotomy,静脉穿刺与采血,A1,A1;S4,terminal evidence-action hierarchy: sample > response > observation; route-specific task precedence,1,1,https://www.ncbi.nlm.nih.gov/pmc/articles/5240937,https://doi.org/10.1109/tie.2016.2557306,Europe PMC; OpenAlex,comparable conservative automated title screen; full-text inclusion pending
doi:10.1109/tie.2020.3036215,Automatic Force-Based Probe Positioning for Precise Robotic Ultrasound Acquisition,2020,10.1109/tie.2020.3036215,1.1,Active observational sensing,主动观察式检测,A1,Ultrasound examination and active scanning,超声检查与主动扫描,,A1,terminal evidence-action hierarchy: sample > response > observation; route-specific task precedence,1,0,,https://doi.org/10.1109/tie.2020.3036215,Crossref; OpenAlex,comparable conservative automated title screen; full-text inclusion pending
doi:10.1109/tie.2021.3095787,Autonomous Robotic Screening of Tubular Structures Based Only on Real-Time Ultrasound Imaging Feedback,2022,10.1109/tie.2021.3095787,1.1,Active observational sensing,主动观察式检测,A1,Ultrasound examination and active scanning,超声检查与主动扫描,,A1,terminal evidence-action hierarchy: sample > response > observation; route-specific task precedence,1,0,,https://doi.org/10.1109/tie.2021.3095787,Crossref,comparable conservative automated title screen; full-text inclusion pending
doi:10.1109/tie.2022.3220864,SAPM: Self-Adaptive Parallel Manipulator with Pose and Force Adjustment for Robotic Ultrasonography.,2023,10.1109/tie.2022.3220864,1.1,Active observational sensing,主动观察式检测,A1,Ultrasound examination and active scanning,超声检查与主动扫描,,A1,terminal evidence-action hierarchy: sample > response > observation; route-specific task precedence,1,1,https://pmc.ncbi.nlm.nih.gov/articles/PMC7614654/pdf/EMS174140.pdf,https://doi.org/10.1109/tie.2022.3220864,Europe PMC,comparable conservative automated title screen; full-text inclusion pending
doi:10.1109/tii.2018.2871864,Robotic Arm Based Automatic Ultrasound Scanning for Three-Dimensional Imaging,2018,10.1109/tii.2018.2871864,1.1,Active observational sensing,主动观察式检测,A1,Ultrasound examination and active scanning,超声检查与主动扫描,,A1,terminal evidence-action hierarchy: sample > response > observation; route-specific task precedence,1,1,http://ir.opt.ac.cn/handle/181661/31194,https://doi.org/10.1109/tii.2018.2871864,Crossref; OpenAlex,comparable conservative automated title screen; full-text inclusion pending
doi:10.1109/tim.2021.3085110,Automatic 3-D Imaging and Measurement of Human Spines With a Robotic Ultrasound System,2021,10.1109/tim.2021.3085110,1.1,Active observational sensing,主动观察式检测,A1,Ultrasound examination and active scanning,超声检查与主动扫描,,A1,terminal evidence-action hierarchy: sample > response > observation; route-specific task precedence,1,0,,https://doi.org/10.1109/tim.2021.3085110,Crossref; OpenAlex,comparable conservative automated title screen; full-text inclusion pending
doi:10.1109/tim.2022.3200360,Precise Repositioning of Robotic Ultrasound: Improving Registration-based Motion Compensation using Ultrasound Confidence Optimization,2022,10.1109/tim.2022.3200360,1.1,Active observational sensing,主动观察式检测,A1,Ultrasound examination and active scanning,超声检查与主动扫描,,A1,terminal evidence-action hierarchy: sample > response > observation; route-specific task precedence,1,1,https://arxiv.org/pdf/2208.05383,https://doi.org/10.1109/tim.2022.3200360,OpenAlex; arXiv,comparable conservative automated title screen; full-text inclusion pending
doi:10.1109/tim.2023.3239925,A Novel Ultrasound Robot with Force/torque Measurement and Control for Safe and Efficient Scanning.,2023,10.1109/tim.2023.3239925,1.1,Active observational sensing,主动观察式检测,A1,Ultrasound examination and active scanning,超声检查与主动扫描,,A1,terminal evidence-action hierarchy: sample > response > observation; route-specific task precedence,1,1,https://pmc.ncbi.nlm.nih.gov/articles/PMC7614653/pdf/EMS164661.pdf,https://doi.org/10.1109/tim.2023.3239925,Europe PMC,comparable conservative automated title screen; full-text inclusion pending
doi:10.1109/tim.2024.3353836,Robot-Assisted Autonomous Ultrasound Imaging for Carotid Artery,2024,10.1109/tim.2024.3353836,1.1,Active observational sensing,主动观察式检测,A1,Ultrasound examination and active scanning,超声检查与主动扫描,,A1,terminal evidence-action hierarchy: sample > response > observation; route-specific task precedence,1,0,,https://doi.org/10.1109/tim.2024.3353836,Crossref; OpenAlex,comparable conservative automated title screen; full-text inclusion pending
doi:10.1109/tim.2024.3400342,A Portable Robot-Assisted Device With Built-In Intelligence for Autonomous Ultrasound Acquisitions in Follow-Up Diagnosis,2024,10.1109/tim.2024.3400342,1.1,Active observational sensing,主动观察式检测,A1,Ultrasound examination and active scanning,超声检查与主动扫描,,A1,terminal evidence-action hierarchy: sample > response > observation; route-specific task precedence,1,0,,https://doi.org/10.1109/tim.2024.3400342,Crossref; OpenAlex,comparable conservative automated title screen; full-text inclusion pending
doi:10.1109/tim.2025.3561373,An Autonomous Liver Biopsy Robotic System Under Respiratory Motion,2025,10.1109/tim.2025.3561373,1.3,Sample-based interactive diagnosis,采样式交互诊断,S1,Percutaneous or core-needle biopsy,经皮或芯针活检,,S1,terminal evidence-action hierarchy: sample > response > observation; route-specific task precedence,1,0,,https://doi.org/10.1109/tim.2025.3561373,Crossref,comparable conservative automated title screen; full-text inclusion pending
doi:10.1109/tmech.2025.3572571,An Efficient Deep Reinforcement Learning Approach for Autonomous Ultrasound Scanning Robot Based on Multimodal Sensing and Distance ProbSparse Self-Attention,2025,10.1109/tmech.2025.3572571,1.1,Active observational sensing,主动观察式检测,A1,Ultrasound examination and active scanning,超声检查与主动扫描,,A1,terminal evidence-action hierarchy: sample > response > observation; route-specific task precedence,1,0,,https://doi.org/10.1109/tmech.2025.3572571,Crossref; OpenAlex,comparable conservative automated title screen; full-text inclusion pending
doi:10.1109/tmech.2026.3691370,A Stiffness-Adaptive Visuo-Tactile Robotic Palpation System for Surface Texture Profiling and Deep Lesion Localization,2026,10.1109/tmech.2026.3691370,1.2,Response-based interactive diagnosis,响应式交互诊断,R1,Robotic palpation,机器人触诊,,R1,terminal evidence-action hierarchy: sample > response > observation; route-specific task precedence,1,0,,https://doi.org/10.1109/tmech.2026.3691370,Crossref,comparable conservative automated title screen; full-text inclusion pending
doi:10.1109/tmi.2025.3571392,Online 4D Ultrasound-Guided Robotic Tracking Enables 3D Ultrasound Localization Microscopy With Large Tissue Displacements.,2025,10.1109/tmi.2025.3571392,1.1,Active observational sensing,主动观察式检测,A1,Ultrasound examination and active scanning,超声检查与主动扫描,,A1,terminal evidence-action hierarchy: sample > response > observation; route-specific task precedence,1,1,https://www.ncbi.nlm.nih.gov/pmc/articles/7617744,https://doi.org/10.1109/tmi.2025.3571392,Europe PMC,comparable conservative automated title screen; full-text inclusion pending
doi:10.1109/tmrb.2020.3047154,Robot-Assisted Semi-Autonomous Ultrasound Imaging With Tactile Sensing and Convolutional Neural-Networks,2020,10.1109/tmrb.2020.3047154,1.1,Active observational sensing,主动观察式检测,A1,Ultrasound examination and active scanning,超声检查与主动扫描,,A1,terminal evidence-action hierarchy: sample > response > observation; route-specific task precedence,1,0,,https://doi.org/10.1109/tmrb.2020.3047154,Crossref; OpenAlex,comparable conservative automated title screen; full-text inclusion pending
doi:10.1109/tmrb.2021.3127015,Image-Guided Navigation of a Robotic Ultrasound Probe for Autonomous Spinal Sonography Using a Shadow-aware Dual-Agent Framework,2021,10.1109/tmrb.2021.3127015,1.1,Active observational sensing,主动观察式检测,A1,Ultrasound examination and active scanning,超声检查与主动扫描,,A1,terminal evidence-action hierarchy: sample > response > observation; route-specific task precedence,1,1,https://arxiv.org/pdf/2111.02167,https://doi.org/10.1109/tmrb.2021.3127015,OpenAlex; arXiv,comparable conservative automated title screen; full-text inclusion pending
doi:10.1109/tmrb.2024.3349623,A Simultaneous Polyp and Lumen Detection Framework Toward Autonomous Robotic Colonoscopy,2024,10.1109/tmrb.2024.3349623,1.1,Active observational sensing,主动观察式检测,A2,Flexible gastrointestinal endoscopic examination,胃肠柔性内镜检查,,A2,terminal evidence-action hierarchy: sample > response > observation; route-specific task precedence,1,0,,https://doi.org/10.1109/tmrb.2024.3349623,Crossref; OpenAlex,comparable conservative automated title screen; full-text inclusion pending
doi:10.1109/tmrb.2024.3377360,The LINGCAI-II System: A Sampling Robotic System for Autonomous Oropharyngeal Swab Sampling,2024,10.1109/tmrb.2024.3377360,1.3,Sample-based interactive diagnosis,采样式交互诊断,S5,Swab and cavity-specimen collection,拭子与腔道标本采集,,S5,terminal evidence-action hierarchy: sample > response > observation; route-specific task precedence,1,0,,https://doi.org/10.1109/tmrb.2024.3377360,Crossref,comparable conservative automated title screen; full-text inclusion pending
doi:10.1109/tmrb.2024.3464109,Autonomous Robotic System for Carotid Artery Ultrasound Scanning With Visual Servo Navigation,2024,10.1109/tmrb.2024.3464109,1.1,Active observational sensing,主动观察式检测,A1,Ultrasound examination and active scanning,超声检查与主动扫描,,A1,terminal evidence-action hierarchy: sample > response > observation; route-specific task precedence,1,0,,https://doi.org/10.1109/tmrb.2024.3464109,Crossref,comparable conservative automated title screen; full-text inclusion pending
doi:10.1109/tmrb.2024.3464698,Coaching a Robotic Sonographer: Learning Robotic Ultrasound with Sparse Expert's Feedback,2024,10.1109/tmrb.2024.3464698,1.1,Active observational sensing,主动观察式检测,A1,Ultrasound examination and active scanning,超声检查与主动扫描,,A1,terminal evidence-action hierarchy: sample > response > observation; route-specific task precedence,1,1,https://arxiv.org/pdf/2409.02337,https://doi.org/10.1109/tmrb.2024.3464698,OpenAlex; arXiv,comparable conservative automated title screen; full-text inclusion pending
doi:10.1109/tmrb.2024.3472856,Imitation Learning for Robotic Assisted Ultrasound Examination of Deep Venous Thrombosis using Kernelized Movement Primitives,2024,10.1109/tmrb.2024.3472856,1.1,Active observational sensing,主动观察式检测,A1,Ultrasound examination and active scanning,超声检查与主动扫描,,A1,terminal evidence-action hierarchy: sample > response > observation; route-specific task precedence,1,1,https://doi.org/10.1109/tmrb.2024.3472856,https://doi.org/10.1109/tmrb.2024.3472856,Crossref; OpenAlex; arXiv,comparable conservative automated title screen; full-text inclusion pending
doi:10.1109/tmrb.2025.3550667,Robotic Eye-in-Hand Visual Servo Axially Aligning Nasopharyngeal Swabs With the Nasal Cavity,2025,10.1109/tmrb.2025.3550667,1.3,Sample-based interactive diagnosis,采样式交互诊断,S5,Swab and cavity-specimen collection,拭子与腔道标本采集,,S5,terminal evidence-action hierarchy: sample > response > observation; route-specific task precedence,1,0,,https://doi.org/10.1109/tmrb.2025.3550667,Crossref,comparable conservative automated title screen; full-text inclusion pending
doi:10.1109/tmrb.2025.3590471,Echo-Robot: Semi-Autonomous Cardiac Ultrasound Image Acquisition Using AI and Robotics,2025,10.1109/tmrb.2025.3590471,1.1,Active observational sensing,主动观察式检测,A1,Ultrasound examination and active scanning,超声检查与主动扫描,,A1,terminal evidence-action hierarchy: sample > response > observation; route-specific task precedence,1,0,,https://doi.org/10.1109/tmrb.2025.3590471,Crossref,comparable conservative automated title screen; full-text inclusion pending
doi:10.1109/tmrb.2026.3681001,Multimodal Cross-Attention Fusion of B-Mode Ultrasound and Strain Elastography for Tumor Segmentation in Robotics-Assisted Surgery.,2026,10.1109/tmrb.2026.3681001,1.2,Response-based interactive diagnosis,响应式交互诊断,R2,Elastography and stiffness mapping,弹性成像与刚度测绘,,R2,terminal evidence-action hierarchy: sample > response > observation; route-specific task precedence,1,1,https://pmc.ncbi.nlm.nih.gov/articles/PMC13256326/,https://doi.org/10.1109/tmrb.2026.3681001,Europe PMC; OpenAlex,comparable conservative automated title screen; full-text inclusion pending
doi:10.1109/tro.2015.2402531,Methods to Segment Hard Inclusions in Soft Tissue During Autonomous Robotic Palpation,2015,10.1109/tro.2015.2402531,1.2,Response-based interactive diagnosis,响应式交互诊断,R1,Robotic palpation,机器人触诊,,R1,terminal evidence-action hierarchy: sample > response > observation; route-specific task precedence,1,0,,https://doi.org/10.1109/tro.2015.2402531,Crossref; OpenAlex,comparable conservative automated title screen; full-text inclusion pending
doi:10.1109/tro.2015.2452776,The System Design and Evaluation of a 7-DOF Image-Guided Venipuncture Robot.,2015,10.1109/tro.2015.2452776,1.3,Sample-based interactive diagnosis,采样式交互诊断,S4,Venipuncture and phlebotomy,静脉穿刺与采血,,S4,terminal evidence-action hierarchy: sample > response > observation; route-specific task precedence,1,0,,https://doi.org/10.1109/tro.2015.2452776,Europe PMC; OpenAlex,comparable conservative automated title screen; full-text inclusion pending
doi:10.1109/tro.2016.2522433,Jacobian-Based Iterative Method for Magnetic Localization in Robotic Capsule Endoscopy.,2016,10.1109/tro.2016.2522433,1.1,Active observational sensing,主动观察式检测,A3,Active or magnetically controlled capsule endoscopy,主动或磁控胶囊内镜检查,,A3,terminal evidence-action hierarchy: sample > response > observation; route-specific task precedence,1,1,https://www.ncbi.nlm.nih.gov/pmc/articles/4826733,https://doi.org/10.1109/tro.2016.2522433,Europe PMC,comparable conservative automated title screen; full-text inclusion pending
doi:10.1109/tuffc.2015.2499084,A Robotic Ultrasound Scanner for Automatic Vessel Tracking and Three-Dimensional Reconstruction of B-Mode Images.,2016,10.1109/tuffc.2015.2499084,1.1,Active observational sensing,主动观察式检测,A1,Ultrasound examination and active scanning,超声检查与主动扫描,,A1,terminal evidence-action hierarchy: sample > response > observation; route-specific task precedence,1,0,,https://doi.org/10.1109/tuffc.2015.2499084,Europe PMC; OpenAlex,comparable conservative automated title screen; full-text inclusion pending
doi:10.1109/tuffc.2023.3263514,Visual Perception and Convolutional Neural Network-Based Robotic Autonomous Lung Ultrasound Scanning Localization System,2023,10.1109/tuffc.2023.3263514,1.1,Active observational sensing,主动观察式检测,A1,Ultrasound examination and active scanning,超声检查与主动扫描,,A1,terminal evidence-action hierarchy: sample > response > observation; route-specific task precedence,1,0,,https://doi.org/10.1109/tuffc.2023.3263514,Crossref,comparable conservative automated title screen; full-text inclusion pending
doi:10.1109/tvcg.2025.3549181,Enhancing Patient Acceptance of Robotic Ultrasound through Conversational Virtual Agent and Immersive Visualizations.,2025,10.1109/tvcg.2025.3549181,1.1,Active observational sensing,主动观察式检测,A1,Ultrasound examination and active scanning,超声检查与主动扫描,,A1,terminal evidence-action hierarchy: sample > response > observation; route-specific task precedence,1,1,https://doi.org/10.1109/tvcg.2025.3549181,https://doi.org/10.1109/tvcg.2025.3549181,Europe PMC; OpenAlex,comparable conservative automated title screen; full-text inclusion pending
doi:10.1109/wrcsara60131.2023.10261822,Towards Autonomous Robotic Ultrasound Scanning Using the Reinforcement Learning-Based Volumetric Data Navigation Method,2023,10.1109/wrcsara60131.2023.10261822,1.1,Active observational sensing,主动观察式检测,A1,Ultrasound examination and active scanning,超声检查与主动扫描,,A1,terminal evidence-action hierarchy: sample > response > observation; route-specific task precedence,1,0,,https://doi.org/10.1109/wrcsara60131.2023.10261822,Crossref; OpenAlex,comparable conservative automated title screen; full-text inclusion pending
doi:10.1109/wrcsara60131.2023.10261827,Towards Automated Ultrasound Scanning Using Vision-Based Navigation: From Physician Skill Learning to Robotic Reproduction,2023,10.1109/wrcsara60131.2023.10261827,1.1,Active observational sensing,主动观察式检测,A1,Ultrasound examination and active scanning,超声检查与主动扫描,,A1,terminal evidence-action hierarchy: sample > response > observation; route-specific task precedence,1,0,,https://doi.org/10.1109/wrcsara60131.2023.10261827,Crossref; OpenAlex,comparable conservative automated title screen; full-text inclusion pending
doi:10.1111/1751-2980.12718,Emerging next‐generation robotic colonoscopy systems towards painless colonoscopy,2019,10.1111/1751-2980.12718,1.1,Active observational sensing,主动观察式检测,A2,Flexible gastrointestinal endoscopic examination,胃肠柔性内镜检查,,A2,terminal evidence-action hierarchy: sample > response > observation; route-specific task precedence,1,1,https://onlinelibrary.wiley.com/doi/pdfdirect/10.1111/1751-2980.12718,https://doi.org/10.1111/1751-2980.12718,Crossref; OpenAlex,comparable conservative automated title screen; full-text inclusion pending
doi:10.1111/j.1442-2042.2012.03127.x,Robotic ultrasound probe for tumor identification in robotic partial nephrectomy: Initial series and outcomes.,2013,10.1111/j.1442-2042.2012.03127.x,1.1,Active observational sensing,主动观察式检测,A1,Ultrasound examination and active scanning,超声检查与主动扫描,,A1,terminal evidence-action hierarchy: sample > response > observation; route-specific task precedence,1,0,,https://doi.org/10.1111/j.1442-2042.2012.03127.x,Europe PMC; OpenAlex,comparable conservative automated title screen; full-text inclusion pending
doi:10.1115/1.2932434,A Robotic System for Real-Time Tumor Manipulation During Image Guided Breast Biopsy,2008,10.1115/1.2932434,1.3,Sample-based interactive diagnosis,采样式交互诊断,S1,Percutaneous or core-needle biopsy,经皮或芯针活检,,S1,terminal evidence-action hierarchy: sample > response > observation; route-specific task precedence,1,1,https://medicaldevices.asmedigitalcollection.asme.org/data/journals/jmdoa4/27991/027543_1.pdf,https://doi.org/10.1115/1.2932434,Crossref,comparable conservative automated title screen; full-text inclusion pending
doi:10.1115/1.4007100,A Robotic Biopsy Device for Capsule Endoscopy,2012,10.1115/1.4007100,1.3,Sample-based interactive diagnosis,采样式交互诊断,S3,Capsule-based tissue or fluid sampling,胶囊组织或体液采样,A3,A3;S3,terminal evidence-action hierarchy: sample > response > observation; route-specific task precedence,1,0,,https://doi.org/10.1115/1.4007100,Crossref; OpenAlex,comparable conservative automated title screen; full-text inclusion pending
doi:10.1115/1.4063470,Modeling and Simulation of Robotic Palpation to Detect Subsurface Soft Tissue Anomaly for Presurgical Assessment,2023,10.1115/1.4063470,1.2,Response-based interactive diagnosis,响应式交互诊断,R1,Robotic palpation,机器人触诊,,R1,terminal evidence-action hierarchy: sample > response > observation; route-specific task precedence,1,1,https://scholarworks.indianapolis.iu.edu/bitstreams/061be47f-8f14-4f3a-a847-112541608306/download,https://doi.org/10.1115/1.4063470,Crossref; OpenAlex,comparable conservative automated title screen; full-text inclusion pending
doi:10.1115/detc2015-47620,Robotic Assistive Device for Phlebotomy,2015,10.1115/detc2015-47620,1.3,Sample-based interactive diagnosis,采样式交互诊断,S4,Venipuncture and phlebotomy,静脉穿刺与采血,,S4,terminal evidence-action hierarchy: sample > response > observation; route-specific task precedence,1,0,,https://doi.org/10.1115/detc2015-47620,Crossref,comparable conservative automated title screen; full-text inclusion pending
doi:10.1115/dmd2017-3391,Towards Recovering a Lost Degree of Freedom in Magnet-Driven Robotic Capsule Endoscopy,2017,10.1115/dmd2017-3391,1.1,Active observational sensing,主动观察式检测,A3,Active or magnetically controlled capsule endoscopy,主动或磁控胶囊内镜检查,,A3,terminal evidence-action hierarchy: sample > response > observation; route-specific task precedence,1,1,https://asmedigitalcollection.asme.org/BIOMED/proceedings-pdf/DMD2017/40672/V001T08A011/4449581/v001t08a011-dmd2017-3391.pdf,https://doi.org/10.1115/dmd2017-3391,Crossref,comparable conservative automated title screen; full-text inclusion pending
doi:10.1117/12.2255271,Co-robotic ultrasound imaging: a cooperative force control approach,2017,10.1117/12.2255271,1.1,Active observational sensing,主动观察式检测,A1,Ultrasound examination and active scanning,超声检查与主动扫描,,A1,terminal evidence-action hierarchy: sample > response > observation; route-specific task precedence,1,0,,https://doi.org/10.1117/12.2255271,Crossref; OpenAlex,comparable conservative automated title screen; full-text inclusion pending
doi:10.1117/12.2551118,Feasibility of Robot-Assisted Ultrasound Imaging with Force Feedback for Assessment of Thyroid Diseases.,2020,10.1117/12.2551118,1.1,Active observational sensing,主动观察式检测,A1,Ultrasound examination and active scanning,超声检查与主动扫描,,A1,terminal evidence-action hierarchy: sample > response > observation; route-specific task precedence,1,1,https://www.ncbi.nlm.nih.gov/pmc/articles/7392820,https://doi.org/10.1117/12.2551118,Europe PMC; OpenAlex,comparable conservative automated title screen; full-text inclusion pending
doi:10.1117/12.2580180,Autonomous planning and guidance for convex-probe endobronchial ultrasound bronchoscopy,2021,10.1117/12.2580180,1.1,Active observational sensing,主动观察式检测,A4,Bronchoscopic observation and navigation,支气管镜观察与导航,A1,A1;A4,terminal evidence-action hierarchy: sample > response > observation; route-specific task precedence,1,0,,https://doi.org/10.1117/12.2580180,Crossref,comparable conservative automated title screen; full-text inclusion pending
doi:10.1117/12.2609063,"Autonomous robotic alignment enables remote, telehealth OCT, and OCTA retinal imaging",2022,10.1117/12.2609063,1.1,Active observational sensing,主动观察式检测,A5,Optical coherence tomography acquisition,光学相干断层成像采集,,A5,terminal evidence-action hierarchy: sample > response > observation; route-specific task precedence,1,0,,https://doi.org/10.1117/12.2609063,Crossref,comparable conservative automated title screen; full-text inclusion pending
doi:10.1121/10.0037700,Robotic optical coherence elastography system for in vivo 3-D structural imaging and elasticity mapping in skin,2025,10.1121/10.0037700,1.2,Response-based interactive diagnosis,响应式交互诊断,R2,Elastography and stiffness mapping,弹性成像与刚度测绘,A5,A5;R2,terminal evidence-action hierarchy: sample > response > observation; route-specific task precedence,1,0,,https://doi.org/10.1121/10.0037700,Crossref,comparable conservative automated title screen; full-text inclusion pending
doi:10.1136/rmdopen-2025-005805,Automated ultrasound system ARTHUR V.2.0 with AI analysis DIANA V.2.0 matches expert rheumatologist in hand joint assessment of rheumatoid arthritis patients.,2025,10.1136/rmdopen-2025-005805,1.1,Active observational sensing,主动观察式检测,A1,Ultrasound examination and active scanning,超声检查与主动扫描,,A1,terminal evidence-action hierarchy: sample > response > observation; route-specific task precedence,1,1,https://rmdopen.bmj.com/content/11/3/e005805.full.pdf,https://doi.org/10.1136/rmdopen-2025-005805,Europe PMC; OpenAlex,comparable conservative automated title screen; full-text inclusion pending
doi:10.1136/rmdopen-2025-006099,Diagnostic performance and reliability of robotic ultrasonography and artificial intelligence-driven synovitis assessment in rheumatoid arthritis: results from the Controlled ARTHUR Trial.,2025,10.1136/rmdopen-2025-006099,1.1,Active observational sensing,主动观察式检测,A1,Ultrasound examination and active scanning,超声检查与主动扫描,,A1,terminal evidence-action hierarchy: sample > response > observation; route-specific task precedence,1,1,https://rmdopen.bmj.com/content/11/4/e006099.full.pdf,https://doi.org/10.1136/rmdopen-2025-006099,Europe PMC,comparable conservative automated title screen; full-text inclusion pending
doi:10.1142/s2339547813500064,Portable robot for autonomous venipuncture using 3D near infrared image guidance.,2013,10.1142/s2339547813500064,1.3,Sample-based interactive diagnosis,采样式交互诊断,S4,Venipuncture and phlebotomy,静脉穿刺与采血,,S4,terminal evidence-action hierarchy: sample > response > observation; route-specific task precedence,1,0,,https://doi.org/10.1142/s2339547813500064,Europe PMC; OpenAlex,comparable conservative automated title screen; full-text inclusion pending
doi:10.1142/s2339547818500048,Automated end-to-end blood testing at the point-of-care: Integration of robotic phlebotomy with downstream sample processing.,2018,10.1142/s2339547818500048,1.3,Sample-based interactive diagnosis,采样式交互诊断,S4,Venipuncture and phlebotomy,静脉穿刺与采血,,S4,terminal evidence-action hierarchy: sample > response > observation; route-specific task precedence,1,0,,https://doi.org/10.1142/s2339547818500048,Europe PMC; OpenAlex,comparable conservative automated title screen; full-text inclusion pending
doi:10.1142/s2339547819500067,First-in-human evaluation of a hand-held automated venipuncture device for rapid venous blood draws.,2019,10.1142/s2339547819500067,1.3,Sample-based interactive diagnosis,采样式交互诊断,S4,Venipuncture and phlebotomy,静脉穿刺与采血,,S4,terminal evidence-action hierarchy: sample > response > observation; route-specific task precedence,1,1,https://www.ncbi.nlm.nih.gov/pmc/articles/7156113,https://doi.org/10.1142/s2339547819500067,Europe PMC; OpenAlex,comparable conservative automated title screen; full-text inclusion pending
doi:10.1142/s2424905x22410100,Development and Testing of a Durable and Novel Breast Phantom for Robotic Autonomous Ultrasound Systems,2022,10.1142/s2424905x22410100,1.1,Active observational sensing,主动观察式检测,A1,Ultrasound examination and active scanning,超声检查与主动扫描,,A1,terminal evidence-action hierarchy: sample > response > observation; route-specific task precedence,1,0,,https://doi.org/10.1142/s2424905x22410100,Crossref; OpenAlex,comparable conservative automated title screen; full-text inclusion pending
doi:10.1142/s2424905x26500121,Sensory Robotic Cover for Safe Human-Robot Interaction During Autonomous Emergency Ultrasound Triage,2026,10.1142/s2424905x26500121,1.1,Active observational sensing,主动观察式检测,A1,Ultrasound examination and active scanning,超声检查与主动扫描,,A1,terminal evidence-action hierarchy: sample > response > observation; route-specific task precedence,1,0,,https://doi.org/10.1142/s2424905x26500121,Crossref,comparable conservative automated title screen; full-text inclusion pending
doi:10.1164/ajrccm-conference.2022.205.1_meetingabstracts.a2097,Combination of ION Robotic Bronchoscopy with Body Vision C-Arm Based Tomography for Optimal Lesion Localization and Sampling,2022,10.1164/ajrccm-conference.2022.205.1_meetingabstracts.a2097,1.3,Sample-based interactive diagnosis,采样式交互诊断,S2,Endoscopic or bronchoscopic biopsy,内镜或支气管镜活检,,S2,terminal evidence-action hierarchy: sample > response > observation; route-specific task precedence,1,0,,https://doi.org/10.1164/ajrccm-conference.2022.205.1_meetingabstracts.a2097,Crossref,comparable conservative automated title screen; full-text inclusion pending
doi:10.1177/016173461003200205,Simulation of Autonomous Robotic Multiple-Core Biopsy by 3D Ultrasound Guidance,2010,10.1177/016173461003200205,1.3,Sample-based interactive diagnosis,采样式交互诊断,S1,Percutaneous or core-needle biopsy,经皮或芯针活检,,S1,terminal evidence-action hierarchy: sample > response > observation; route-specific task precedence,1,1,https://www.ncbi.nlm.nih.gov/pmc/articles/3018680,https://doi.org/10.1177/016173461003200205,Crossref,comparable conservative automated title screen; full-text inclusion pending
doi:10.1177/0278364918779132,Enhanced Real-Time Pose Estimation for Closed-Loop Robotic Manipulation of Magnetically Actuated Capsule Endoscopes.,2018,10.1177/0278364918779132,1.1,Active observational sensing,主动观察式检测,A3,Active or magnetically controlled capsule endoscopy,主动或磁控胶囊内镜检查,,A3,terminal evidence-action hierarchy: sample > response > observation; route-specific task precedence,1,1,http://hdl.handle.net/11311/1058738,https://doi.org/10.1177/0278364918779132,Europe PMC,comparable conservative automated title screen; full-text inclusion pending
doi:10.1177/11297298231210019,Robotic tomographic ultrasound and artificial intelligence for management of haemodialysis arteriovenous fistulae.,2025,10.1177/11297298231210019,1.1,Active observational sensing,主动观察式检测,A1,Ultrasound examination and active scanning,超声检查与主动扫描,,A1,terminal evidence-action hierarchy: sample > response > observation; route-specific task precedence,1,1,https://doi.org/10.1177/11297298231210019,https://doi.org/10.1177/11297298231210019,Europe PMC,comparable conservative automated title screen; full-text inclusion pending
doi:10.1183/23120541.00970-2025,An autonomous bronchoscopy robot controlled by artificial intelligence (BronchoBot) outperforms experienced bronchoscopists in a simulated setting.,2026,10.1183/23120541.00970-2025,1.1,Active observational sensing,主动观察式检测,A4,Bronchoscopic observation and navigation,支气管镜观察与导航,,A4,terminal evidence-action hierarchy: sample > response > observation; route-specific task precedence,1,1,https://doi.org/10.1183/23120541.00970-2025,https://doi.org/10.1183/23120541.00970-2025,Europe PMC,comparable conservative automated title screen; full-text inclusion pending
doi:10.1186/1475-925x-12-47,An optical tracker based robot registration and servoing method for ultrasound guided percutaneous renal access.,2013,10.1186/1475-925x-12-47,1.1,Active observational sensing,主动观察式检测,A1,Ultrasound examination and active scanning,超声检查与主动扫描,,A1,terminal evidence-action hierarchy: sample > response > observation; route-specific task precedence,1,1,https://biomedical-engineering-online.biomedcentral.com/counter/pdf/10.1186/1475-925X-12-47,https://doi.org/10.1186/1475-925x-12-47,Europe PMC; OpenAlex,comparable conservative automated title screen; full-text inclusion pending
doi:10.1186/s10033-024-01009-5,An Automatic Implementation of Oropharyngeal Swab Sampling for Diagnosing Respiratory Infectious Diseases via Soft Robotic End-Effectors,2024,10.1186/s10033-024-01009-5,1.3,Sample-based interactive diagnosis,采样式交互诊断,S5,Swab and cavity-specimen collection,拭子与腔道标本采集,,S5,terminal evidence-action hierarchy: sample > response > observation; route-specific task precedence,1,1,https://cjme.springeropen.com/counter/pdf/10.1186/s10033-024-01009-5,https://doi.org/10.1186/s10033-024-01009-5,Crossref,comparable conservative automated title screen; full-text inclusion pending
doi:10.1186/s12931-026-03713-3,Real-world comparison of shape-sensing robotic-assisted bronchoscopy and virtual bronchoscopic navigation for peripheral pulmonary lesions: a propensity score-matched study,2026,10.1186/s12931-026-03713-3,1.1,Active observational sensing,主动观察式检测,A4,Bronchoscopic observation and navigation,支气管镜观察与导航,,A4,terminal evidence-action hierarchy: sample > response > observation; route-specific task precedence,1,1,https://doi.org/10.1186/s12931-026-03713-3,https://doi.org/10.1186/s12931-026-03713-3,Crossref,comparable conservative automated title screen; full-text inclusion pending
doi:10.1186/s13244-025-02181-5,Force-controlled robotic ultrasound elastography enhances diagnostic consistency for thyroid nodules.,2026,10.1186/s13244-025-02181-5,1.2,Response-based interactive diagnosis,响应式交互诊断,R2,Elastography and stiffness mapping,弹性成像与刚度测绘,A1,A1;R2,terminal evidence-action hierarchy: sample > response > observation; route-specific task precedence,1,1,https://link.springer.com/content/pdf/10.1186/s13244-025-02181-5.pdf,https://doi.org/10.1186/s13244-025-02181-5,Europe PMC; OpenAlex,comparable conservative automated title screen; full-text inclusion pending
doi:10.1364/ol.574598,Depth-enabled fiber-bundle endoscopy for in situ intraluminal robotic navigation,2025,10.1364/ol.574598,1.1,Active observational sensing,主动观察式检测,A2,Flexible gastrointestinal endoscopic examination,胃肠柔性内镜检查,,A2,terminal evidence-action hierarchy: sample > response > observation; route-specific task precedence,1,0,,https://doi.org/10.1364/ol.574598,Crossref,comparable conservative automated title screen; full-text inclusion pending
doi:10.14309/ctg.0000000000001034,"Magnetically Controlled Capsule Endoscopy: Innovations, Standardized Practice, and Emerging Clinical Roles.",2026,10.14309/ctg.0000000000001034,1.1,Active observational sensing,主动观察式检测,A3,Active or magnetically controlled capsule endoscopy,主动或磁控胶囊内镜检查,,A3,terminal evidence-action hierarchy: sample > response > observation; route-specific task precedence,1,1,https://doi.org/10.14309/ctg.0000000000001034,https://doi.org/10.14309/ctg.0000000000001034,Europe PMC,comparable conservative automated title screen; full-text inclusion pending
doi:10.14569/ijacsa.2024.0150879,Real-Time Robotic Force Control for Automation of Ultrasound Scanning,2024,10.14569/ijacsa.2024.0150879,1.1,Active observational sensing,主动观察式检测,A1,Ultrasound examination and active scanning,超声检查与主动扫描,,A1,terminal evidence-action hierarchy: sample > response > observation; route-specific task precedence,1,1,https://thesai.org/Downloads/Volume15No8/Paper_79-Real_Time_Robotic_Force_Control_for_Automation_of_Ultrasound_Scanning.pdf,https://doi.org/10.14569/ijacsa.2024.0150879,Crossref; OpenAlex,comparable conservative automated title screen; full-text inclusion pending
doi:10.1515/cdbme-2017-0116,Robotic 4D ultrasound solution for real-time visualization and teleoperation,2017,10.1515/cdbme-2017-0116,1.1,Active observational sensing,主动观察式检测,A1,Ultrasound examination and active scanning,超声检查与主动扫描,,A1,terminal evidence-action hierarchy: sample > response > observation; route-specific task precedence,1,1,http://www.degruyter.com/downloadpdf/j/cdbme.2017.3.issue-2/cdbme-2017-0116/cdbme-2017-0116.xml,https://doi.org/10.1515/cdbme-2017-0116,Crossref,comparable conservative automated title screen; full-text inclusion pending
doi:10.1515/cdbme-2020-0020,Fluoroscopy-guided robotic biopsy intervention system,2020,10.1515/cdbme-2020-0020,1.3,Sample-based interactive diagnosis,采样式交互诊断,S1,Percutaneous or core-needle biopsy,经皮或芯针活检,,S1,terminal evidence-action hierarchy: sample > response > observation; route-specific task precedence,1,1,https://www.degruyter.com/document/doi/10.1515/cdbme-2020-0020/pdf,https://doi.org/10.1515/cdbme-2020-0020,Crossref; OpenAlex,comparable conservative automated title screen; full-text inclusion pending
doi:10.1515/cdbme-2020-0031,Needle placement accuracy in CT-guided robotic post mortem biopsy,2020,10.1515/cdbme-2020-0031,1.3,Sample-based interactive diagnosis,采样式交互诊断,S1,Percutaneous or core-needle biopsy,经皮或芯针活检,,S1,terminal evidence-action hierarchy: sample > response > observation; route-specific task precedence,1,1,https://www.degruyter.com/document/doi/10.1515/cdbme-2020-0031/pdf,https://doi.org/10.1515/cdbme-2020-0031,Crossref,comparable conservative automated title screen; full-text inclusion pending
doi:10.1515/cdbme-2020-0038,Target tracking accuracy and latency with different 4D ultrasound systems – a robotic phantom study,2020,10.1515/cdbme-2020-0038,1.1,Active observational sensing,主动观察式检测,A1,Ultrasound examination and active scanning,超声检查与主动扫描,,A1,terminal evidence-action hierarchy: sample > response > observation; route-specific task precedence,1,1,https://www.degruyter.com/document/doi/10.1515/cdbme-2020-0038/pdf,https://doi.org/10.1515/cdbme-2020-0038,Crossref,comparable conservative automated title screen; full-text inclusion pending
doi:10.1515/cdbme-2021-2199,Needle insertion planning for obstacle avoidance in robotic biopsy,2021,10.1515/cdbme-2021-2199,1.3,Sample-based interactive diagnosis,采样式交互诊断,S1,Percutaneous or core-needle biopsy,经皮或芯针活检,,S1,terminal evidence-action hierarchy: sample > response > observation; route-specific task precedence,1,1,https://www.degruyter.com/document/doi/10.1515/cdbme-2021-2199/pdf,https://doi.org/10.1515/cdbme-2021-2199,Crossref; OpenAlex,comparable conservative automated title screen; full-text inclusion pending
doi:10.1515/cdbme-2022-0021,Towards a real-time control of robotic ultrasound using haptic force feedback,2022,10.1515/cdbme-2022-0021,1.1,Active observational sensing,主动观察式检测,A1,Ultrasound examination and active scanning,超声检查与主动扫描,,A1,terminal evidence-action hierarchy: sample > response > observation; route-specific task precedence,1,1,https://www.degruyter.com/document/doi/10.1515/cdbme-2022-0021/pdf,https://doi.org/10.1515/cdbme-2022-0021,Crossref; OpenAlex,comparable conservative automated title screen; full-text inclusion pending
doi:10.1515/cdbme-2024-0103,Force feedback reduces test time and interaction forces in telemanipulated palpation using a robotic endoscope with series elastic actuated joints.,2024,10.1515/cdbme-2024-0103,1.2,Response-based interactive diagnosis,响应式交互诊断,R1,Robotic palpation,机器人触诊,A2,A2;R1,terminal evidence-action hierarchy: sample > response > observation; route-specific task precedence,1,1,https://www.degruyterbrill.com/document/doi/10.1515/cdbme-2024-0103/pdf,https://doi.org/10.1515/cdbme-2024-0103,Crossref,comparable conservative automated title screen; full-text inclusion pending
doi:10.1515/cdbme-2024-0123,Variational Autoencoder feature clustering for tissue classification in robotic palpation,2024,10.1515/cdbme-2024-0123,1.2,Response-based interactive diagnosis,响应式交互诊断,R1,Robotic palpation,机器人触诊,,R1,terminal evidence-action hierarchy: sample > response > observation; route-specific task precedence,1,1,https://www.degruyterbrill.com/document/doi/10.1515/cdbme-2024-0123/pdf,https://doi.org/10.1515/cdbme-2024-0123,Crossref; OpenAlex,comparable conservative automated title screen; full-text inclusion pending
doi:10.1515/cdbme-2025-0321,Initial Transducer Placement for Automated Robotic Ultrasound Examinations,2025,10.1515/cdbme-2025-0321,1.1,Active observational sensing,主动观察式检测,A1,Ultrasound examination and active scanning,超声检查与主动扫描,,A1,terminal evidence-action hierarchy: sample > response > observation; route-specific task precedence,1,1,https://www.degruyterbrill.com/document/doi/10.1515/cdbme-2025-0321/pdf,https://doi.org/10.1515/cdbme-2025-0321,Crossref; OpenAlex,comparable conservative automated title screen; full-text inclusion pending
doi:10.15607/rss.2016.xii.018,Closed Loop Control of a Tethered Magnetic Capsule Endoscope.,2016,10.15607/rss.2016.xii.018,1.1,Active observational sensing,主动观察式检测,A3,Active or magnetically controlled capsule endoscopy,主动或磁控胶囊内镜检查,,A3,terminal evidence-action hierarchy: sample > response > observation; route-specific task precedence,1,1,https://doi.org/10.15607/rss.2016.xii.018,https://doi.org/10.15607/rss.2016.xii.018,Europe PMC,comparable conservative automated title screen; full-text inclusion pending
doi:10.18196/jrc.v3i1.11659,A New Robotic Application for COVID-19 Specimen Collection Process,2021,10.18196/jrc.v3i1.11659,1.3,Sample-based interactive diagnosis,采样式交互诊断,S5,Swab and cavity-specimen collection,拭子与腔道标本采集,,S5,terminal evidence-action hierarchy: sample > response > observation; route-specific task precedence,1,1,https://journal.umy.ac.id/index.php/jrc/article/download/11659/6741,https://doi.org/10.18196/jrc.v3i1.11659,Crossref,comparable conservative automated title screen; full-text inclusion pending
doi:10.20944/preprints202504.1332.v1,PRONOBIS:A Robotic System for Automated Ultrasound-Based Prostate Reconstruction and Biopsy Planning,2025,10.20944/preprints202504.1332.v1,1.3,Sample-based interactive diagnosis,采样式交互诊断,S1,Percutaneous or core-needle biopsy,经皮或芯针活检,,S1,terminal evidence-action hierarchy: sample > response > observation; route-specific task precedence,1,1,https://www.preprints.org/frontend/manuscript/fd015df7c2b1958ca1eac1c3f464c859/download_pub,https://doi.org/10.20944/preprints202504.1332.v1,Crossref,comparable conservative automated title screen; full-text inclusion pending
doi:10.20944/preprints202508.1647.v1,Reinforcement Learning for Robot Assisted Live Ultrasound Examination,2025,10.20944/preprints202508.1647.v1,1.1,Active observational sensing,主动观察式检测,A1,Ultrasound examination and active scanning,超声检查与主动扫描,,A1,terminal evidence-action hierarchy: sample > response > observation; route-specific task precedence,1,1,https://www.preprints.org/frontend/manuscript/0bf5b73aaff80d0517a1f10a1cb410ac/download_pub,https://doi.org/10.20944/preprints202508.1647.v1,Europe PMC; OpenAlex,comparable conservative automated title screen; full-text inclusion pending
doi:10.20965/jrm.2023.p1281,Image Search Strategy via Visual Servoing for Robotic Kidney Ultrasound Imaging,2023,10.20965/jrm.2023.p1281,1.1,Active observational sensing,主动观察式检测,A1,Ultrasound examination and active scanning,超声检查与主动扫描,,A1,terminal evidence-action hierarchy: sample > response > observation; route-specific task precedence,1,1,http://dx.doi.org/10.20965/jrm.2023.p1281,https://doi.org/10.20965/jrm.2023.p1281,Crossref,comparable conservative automated title screen; full-text inclusion pending
doi:10.21037/jtd-2025-1966,Diagnostic accuracy of rapid on-site evaluation (ROSE) during robotic bronchoscopy.,2026,10.21037/jtd-2025-1966,1.1,Active observational sensing,主动观察式检测,A4,Bronchoscopic observation and navigation,支气管镜观察与导航,,A4,terminal evidence-action hierarchy: sample > response > observation; route-specific task precedence,1,1,https://doi.org/10.21037/jtd-2025-1966,https://doi.org/10.21037/jtd-2025-1966,Europe PMC; OpenAlex,comparable conservative automated title screen; full-text inclusion pending
doi:10.21203/rs.3.rs-2371365/v1,"Contactless, autonomous robotic alignment of optical coherence tomography for in vivo evaluation of diseased retinas",2023,10.21203/rs.3.rs-2371365/v1,1.1,Active observational sensing,主动观察式检测,A5,Optical coherence tomography acquisition,光学相干断层成像采集,,A5,terminal evidence-action hierarchy: sample > response > observation; route-specific task precedence,1,1,https://www.researchsquare.com/article/rs-2371365/latest.pdf,https://doi.org/10.21203/rs.3.rs-2371365/v1,Europe PMC,comparable conservative automated title screen; full-text inclusion pending
doi:10.21203/rs.3.rs-3314593/v1,Autonomous Swab Robot for Naso- and Oropharyngeal COVID-19 Screening,2023,10.21203/rs.3.rs-3314593/v1,1.3,Sample-based interactive diagnosis,采样式交互诊断,S5,Swab and cavity-specimen collection,拭子与腔道标本采集,,S5,terminal evidence-action hierarchy: sample > response > observation; route-specific task precedence,1,1,https://www.researchsquare.com/article/rs-3314593/latest.pdf,https://doi.org/10.21203/rs.3.rs-3314593/v1,Crossref,comparable conservative automated title screen; full-text inclusion pending
doi:10.21203/rs.3.rs-8414938/v1,A Dual‑Agent Learning Framework Enables Level 3+ Autonomous Robotic Bronchoscopy,2026,10.21203/rs.3.rs-8414938/v1,1.1,Active observational sensing,主动观察式检测,A4,Bronchoscopic observation and navigation,支气管镜观察与导航,,A4,terminal evidence-action hierarchy: sample > response > observation; route-specific task precedence,1,1,https://www.researchsquare.com/article/rs-8414938/latest.pdf,https://doi.org/10.21203/rs.3.rs-8414938/v1,Europe PMC,comparable conservative automated title screen; full-text inclusion pending
doi:10.21203/rs.3.rs-9278913/v1,An FBG Tactile Sensor Array and Self-SupervisedContrastive Learning Transformer for TumorDepth Estimation in Robotic Palpation,2026,10.21203/rs.3.rs-9278913/v1,1.2,Response-based interactive diagnosis,响应式交互诊断,R1,Robotic palpation,机器人触诊,,R1,terminal evidence-action hierarchy: sample > response > observation; route-specific task precedence,1,1,https://www.researchsquare.com/article/rs-9278913/latest.pdf,https://doi.org/10.21203/rs.3.rs-9278913/v1,Europe PMC,comparable conservative automated title screen; full-text inclusion pending
doi:10.2139/ssrn.4661100,Visual Perception-Guided Robotic Arm Automatic Ultrasound Scanning 3d Imaging System,2023,10.2139/ssrn.4661100,1.1,Active observational sensing,主动观察式检测,A1,Ultrasound examination and active scanning,超声检查与主动扫描,,A1,terminal evidence-action hierarchy: sample > response > observation; route-specific task precedence,1,1,https://doi.org/10.2139/ssrn.4661100,https://doi.org/10.2139/ssrn.4661100,Crossref,comparable conservative automated title screen; full-text inclusion pending
doi:10.2139/ssrn.6201886,"An Autonomous Robotic System for Operator-Free, Standardized Breast Ultrasound",2026,10.2139/ssrn.6201886,1.1,Active observational sensing,主动观察式检测,A1,Ultrasound examination and active scanning,超声检查与主动扫描,,A1,terminal evidence-action hierarchy: sample > response > observation; route-specific task precedence,1,1,https://doi.org/10.2139/ssrn.6201886,https://doi.org/10.2139/ssrn.6201886,Crossref; OpenAlex,comparable conservative automated title screen; full-text inclusion pending
doi:10.2214/ajr.18.19698,18 F-FDG PET/CT-Guided Real-Time Automated Robotic Arm–Assisted Needle Navigation for Percutaneous Biopsy of Hypermetabolic Bone Lesions: Diagnostic Performance and Clinical Impact,2019,10.2214/ajr.18.19698,1.3,Sample-based interactive diagnosis,采样式交互诊断,S1,Percutaneous or core-needle biopsy,经皮或芯针活检,,S1,terminal evidence-action hierarchy: sample > response > observation; route-specific task precedence,1,0,,https://doi.org/10.2214/ajr.18.19698,Crossref,comparable conservative automated title screen; full-text inclusion pending
doi:10.2316/j.2026.201-0598,DESIGN OF AN AUTONOMOUS CARDIAC SCANNING SYSTEM FOR ULTRASOUND ROBOTS. 125-137,2026,10.2316/j.2026.201-0598,1.1,Active observational sensing,主动观察式检测,A1,Ultrasound examination and active scanning,超声检查与主动扫描,,A1,terminal evidence-action hierarchy: sample > response > observation; route-specific task precedence,1,0,,https://doi.org/10.2316/j.2026.201-0598,Crossref,comparable conservative automated title screen; full-text inclusion pending
doi:10.23919/iccas55662.2022.10003798,Toward an automatic diagnostic scanning robotic system using ultrasound images,2022,10.23919/iccas55662.2022.10003798,1.1,Active observational sensing,主动观察式检测,A1,Ultrasound examination and active scanning,超声检查与主动扫描,,A1,terminal evidence-action hierarchy: sample > response > observation; route-specific task precedence,1,0,,https://doi.org/10.23919/iccas55662.2022.10003798,Crossref,comparable conservative automated title screen; full-text inclusion pending
doi:10.29007/dj33,Autonomous image-based ultrasound probe positioning via deep learning,2018,10.29007/dj33,1.1,Active observational sensing,主动观察式检测,A1,Ultrasound examination and active scanning,超声检查与主动扫描,,A1,terminal evidence-action hierarchy: sample > response > observation; route-specific task precedence,1,1,https://easychair.org/publications/preprint_open/XmZ9,https://doi.org/10.29007/dj33,Crossref; OpenAlex,comparable conservative automated title screen; full-text inclusion pending
doi:10.31256/hsmr2018.37,Autonomous image-based ultrasound probe positioning via deep learni,2018,10.31256/hsmr2018.37,1.1,Active observational sensing,主动观察式检测,A1,Ultrasound examination and active scanning,超声检查与主动扫描,,A1,terminal evidence-action hierarchy: sample > response > observation; route-specific task precedence,1,0,,https://doi.org/10.31256/hsmr2018.37,Crossref,comparable conservative automated title screen; full-text inclusion pending
doi:10.31256/hsmr2022.19,Towards Autonomous Robotic Ultrasound Scanning using Pneumatically Attachable Flexible Rails,2022,10.31256/hsmr2022.19,1.1,Active observational sensing,主动观察式检测,A1,Ultrasound examination and active scanning,超声检查与主动扫描,,A1,terminal evidence-action hierarchy: sample > response > observation; route-specific task precedence,1,0,,https://doi.org/10.31256/hsmr2022.19,Crossref; OpenAlex,comparable conservative automated title screen; full-text inclusion pending
doi:10.31256/hsmr2023.40,Learning Robotic Ultrasound through Coaching,2023,10.31256/hsmr2023.40,1.1,Active observational sensing,主动观察式检测,A1,Ultrasound examination and active scanning,超声检查与主动扫描,,A1,terminal evidence-action hierarchy: sample > response > observation; route-specific task precedence,1,1,https://doi.org/10.31256/hsmr2023.40,https://doi.org/10.31256/hsmr2023.40,Crossref; OpenAlex,comparable conservative automated title screen; full-text inclusion pending
doi:10.31256/hsmr2023.76,Breast surface reconstruction utilising autonomous robotic assisted ultrasound image acquisition,2023,10.31256/hsmr2023.76,1.1,Active observational sensing,主动观察式检测,A1,Ultrasound examination and active scanning,超声检查与主动扫描,,A1,terminal evidence-action hierarchy: sample > response > observation; route-specific task precedence,1,1,https://doi.org/10.31256/hsmr2023.76,https://doi.org/10.31256/hsmr2023.76,Crossref; OpenAlex,comparable conservative automated title screen; full-text inclusion pending
doi:10.31256/hsmr2024.49,Enhancing Capsule Endoscopy with Robotic Magnetic Manipulation and Wireless Power Transfer,2024,10.31256/hsmr2024.49,1.1,Active observational sensing,主动观察式检测,A3,Active or magnetically controlled capsule endoscopy,主动或磁控胶囊内镜检查,,A3,terminal evidence-action hierarchy: sample > response > observation; route-specific task precedence,1,0,,https://doi.org/10.31256/hsmr2024.49,Crossref,comparable conservative automated title screen; full-text inclusion pending
doi:10.31256/hsmr2024.60,UltraGelBot: Autonomous Gel Dispenser for Robotic Ultrasound,2024,10.31256/hsmr2024.60,1.1,Active observational sensing,主动观察式检测,A1,Ultrasound examination and active scanning,超声检查与主动扫描,,A1,terminal evidence-action hierarchy: sample > response > observation; route-specific task precedence,1,1,https://arxiv.org/pdf/2406.19678,https://doi.org/10.31256/hsmr2024.60,Crossref; OpenAlex,comparable conservative automated title screen; full-text inclusion pending
doi:10.31256/hsmr25.11,Soft Optical Shape-Sensing with Thin-Film Color Tuning for Autonomous Soft Robotic Bronchoscopy Navigation,2025,10.31256/hsmr25.11,1.1,Active observational sensing,主动观察式检测,A4,Bronchoscopic observation and navigation,支气管镜观察与导航,,A4,terminal evidence-action hierarchy: sample > response > observation; route-specific task precedence,1,0,,https://doi.org/10.31256/hsmr25.11,Crossref; OpenAlex,comparable conservative automated title screen; full-text inclusion pending
doi:10.3349/ymj.2017.58.1.139,"Development of a Robotic Colonoscopic Manipulation System, Using Haptic Feedback Algorithm.",2017,10.3349/ymj.2017.58.1.139,1.1,Active observational sensing,主动观察式检测,A2,Flexible gastrointestinal endoscopic examination,胃肠柔性内镜检查,,A2,terminal evidence-action hierarchy: sample > response > observation; route-specific task precedence,1,1,http://eymj.org/Synapse/Data/PDFData/0069YMJ/ymj-58-139.pdf,https://doi.org/10.3349/ymj.2017.58.1.139,Europe PMC; OpenAlex,comparable conservative automated title screen; full-text inclusion pending
doi:10.3389/fmicb.2025.1687021,AI-powered three-category Helicobacter pylori diagnosis via magnetic controlled capsule endoscopy: a multicenter validation of a vision-language model.,2025,10.3389/fmicb.2025.1687021,1.1,Active observational sensing,主动观察式检测,A3,Active or magnetically controlled capsule endoscopy,主动或磁控胶囊内镜检查,,A3,terminal evidence-action hierarchy: sample > response > observation; route-specific task precedence,1,1,https://www.frontiersin.org/journals/microbiology/articles/10.3389/fmicb.2025.1687021/pdf,https://doi.org/10.3389/fmicb.2025.1687021,Europe PMC,comparable conservative automated title screen; full-text inclusion pending
doi:10.3389/frobt.2021.645424,Robotic Ultrasound Scanning With Real-Time Image-Based Force Adjustment: Quick Response for Enabling Physical Distancing During the COVID-19 Pandemic.,2021,10.3389/frobt.2021.645424,1.1,Active observational sensing,主动观察式检测,A1,Ultrasound examination and active scanning,超声检查与主动扫描,,A1,terminal evidence-action hierarchy: sample > response > observation; route-specific task precedence,1,1,https://www.frontiersin.org/journals/robotics-and-ai/articles/10.3389/frobt.2021.645424/pdf,https://doi.org/10.3389/frobt.2021.645424,Europe PMC; OpenAlex,comparable conservative automated title screen; full-text inclusion pending
doi:10.3389/frobt.2021.645756,Autonomous Robotic Point-of-Care Ultrasound Imaging for Monitoring of COVID-19–Induced Pulmonary Diseases,2021,10.3389/frobt.2021.645756,1.1,Active observational sensing,主动观察式检测,A1,Ultrasound examination and active scanning,超声检查与主动扫描,,A1,terminal evidence-action hierarchy: sample > response > observation; route-specific task precedence,1,1,https://www.frontiersin.org/journals/robotics-and-ai/articles/10.3389/frobt.2021.645756/pdf,https://doi.org/10.3389/frobt.2021.645756,Crossref,comparable conservative automated title screen; full-text inclusion pending
doi:10.3389/frobt.2022.832208,Robotic Endoscope Control Via Autonomous Instrument Tracking.,2022,10.3389/frobt.2022.832208,1.1,Active observational sensing,主动观察式检测,A2,Flexible gastrointestinal endoscopic examination,胃肠柔性内镜检查,,A2,terminal evidence-action hierarchy: sample > response > observation; route-specific task precedence,1,1,https://www.frontiersin.org/articles/10.3389/frobt.2022.832208/pdf,https://doi.org/10.3389/frobt.2022.832208,Europe PMC,comparable conservative automated title screen; full-text inclusion pending
doi:10.3389/frobt.2022.896267,"Towards Autonomous Robotic Biopsy-Design, Modeling and Control of a Robot for Needle Insertion of a Commercial Full Core Biopsy Instrument.",2022,10.3389/frobt.2022.896267,1.3,Sample-based interactive diagnosis,采样式交互诊断,S1,Percutaneous or core-needle biopsy,经皮或芯针活检,,S1,terminal evidence-action hierarchy: sample > response > observation; route-specific task precedence,1,1,https://doi.org/10.3389/frobt.2022.896267,https://doi.org/10.3389/frobt.2022.896267,Crossref; Europe PMC; OpenAlex,comparable conservative automated title screen; full-text inclusion pending
doi:10.3389/frobt.2022.940062,Towards Autonomous Robotic Minimally Invasive Ultrasound Scanning and Vessel Reconstruction on Non-Planar Surfaces.,2022,10.3389/frobt.2022.940062,1.1,Active observational sensing,主动观察式检测,A1,Ultrasound examination and active scanning,超声检查与主动扫描,,A1,terminal evidence-action hierarchy: sample > response > observation; route-specific task precedence,1,1,https://www.frontiersin.org/journals/robotics-and-ai/articles/10.3389/frobt.2022.940062/pdf,https://doi.org/10.3389/frobt.2022.940062,Europe PMC; OpenAlex,comparable conservative automated title screen; full-text inclusion pending
doi:10.3389/frobt.2024.1383732,Autonomous ultrasound scanning robotic system based on human posture recognition and image servo control: an application for cardiac imaging.,2024,10.3389/frobt.2024.1383732,1.1,Active observational sensing,主动观察式检测,A1,Ultrasound examination and active scanning,超声检查与主动扫描,,A1,terminal evidence-action hierarchy: sample > response > observation; route-specific task precedence,1,1,https://www.frontiersin.org/articles/10.3389/frobt.2024.1383732/pdf?isPublishedV2=False,https://doi.org/10.3389/frobt.2024.1383732,Europe PMC; OpenAlex,comparable conservative automated title screen; full-text inclusion pending
doi:10.3389/frobt.2024.1405169,SonoBox: development of a robotic ultrasound tomograph for the ultrasound diagnosis of paediatric forearm fractures.,2024,10.3389/frobt.2024.1405169,1.1,Active observational sensing,主动观察式检测,A1,Ultrasound examination and active scanning,超声检查与主动扫描,,A1,terminal evidence-action hierarchy: sample > response > observation; route-specific task precedence,1,1,https://doi.org/10.3389/frobt.2024.1405169,https://doi.org/10.3389/frobt.2024.1405169,Europe PMC; OpenAlex,comparable conservative automated title screen; full-text inclusion pending
doi:10.3389/frobt.2025.1527686,Autonomous robotic ultrasound scanning system: a key to enhancing image analysis reproducibility and observer consistency in ultrasound imaging.,2025,10.3389/frobt.2025.1527686,1.1,Active observational sensing,主动观察式检测,A1,Ultrasound examination and active scanning,超声检查与主动扫描,,A1,terminal evidence-action hierarchy: sample > response > observation; route-specific task precedence,1,1,https://doi.org/10.3389/frobt.2025.1527686,https://doi.org/10.3389/frobt.2025.1527686,Europe PMC; OpenAlex,comparable conservative automated title screen; full-text inclusion pending
doi:10.3389/fsurg.2025.1566902,Robotic-assisted bronchoscopy—advancing lung cancer management,2025,10.3389/fsurg.2025.1566902,1.1,Active observational sensing,主动观察式检测,A4,Bronchoscopic observation and navigation,支气管镜观察与导航,,A4,terminal evidence-action hierarchy: sample > response > observation; route-specific task precedence,1,1,https://www.frontiersin.org/journals/surgery/articles/10.3389/fsurg.2025.1566902/pdf,https://doi.org/10.3389/fsurg.2025.1566902,Crossref; OpenAlex,comparable conservative automated title screen; full-text inclusion pending
doi:10.3390/act13020062,Force Tracking Control Method for Robotic Ultrasound Scanning System under Soft Uncertain Environment,2024,10.3390/act13020062,1.1,Active observational sensing,主动观察式检测,A1,Ultrasound examination and active scanning,超声检查与主动扫描,,A1,terminal evidence-action hierarchy: sample > response > observation; route-specific task precedence,1,1,https://www.mdpi.com/2076-0825/13/2/62/pdf?version=1707201125,https://doi.org/10.3390/act13020062,Crossref; OpenAlex,comparable conservative automated title screen; full-text inclusion pending
doi:10.3390/act15060333,Research on Robotic Force Control for Infant Hip Ultrasound,2026,10.3390/act15060333,1.1,Active observational sensing,主动观察式检测,A1,Ultrasound examination and active scanning,超声检查与主动扫描,,A1,terminal evidence-action hierarchy: sample > response > observation; route-specific task precedence,1,1,https://doi.org/10.3390/act15060333,https://doi.org/10.3390/act15060333,Crossref,comparable conservative automated title screen; full-text inclusion pending
doi:10.3390/app13031604,Development of a Collaborative Robotic Platform for Autonomous Auscultation,2023,10.3390/app13031604,1.1,Active observational sensing,主动观察式检测,A6,Active auscultation and acoustic examination,主动听诊与声学检查,,A6,terminal evidence-action hierarchy: sample > response > observation; route-specific task precedence,1,1,https://www.mdpi.com/2076-3417/13/3/1604/pdf?version=1675765045,https://doi.org/10.3390/app13031604,Crossref; OpenAlex,comparable conservative automated title screen; full-text inclusion pending
doi:10.3390/app9122573,Compensating Uncertainties in Force Sensing for Robotic-Assisted Palpation,2019,10.3390/app9122573,1.2,Response-based interactive diagnosis,响应式交互诊断,R1,Robotic palpation,机器人触诊,,R1,terminal evidence-action hierarchy: sample > response > observation; route-specific task precedence,1,1,https://www.mdpi.com/2076-3417/9/12/2573/pdf?version=1561448704,https://doi.org/10.3390/app9122573,Crossref; OpenAlex,comparable conservative automated title screen; full-text inclusion pending
doi:10.3390/bios11120522,"AI-Enabled, Ultrasound-Guided Handheld Robotic Device for Femoral Vascular Access",2021,10.3390/bios11120522,1.1,Active observational sensing,主动观察式检测,A1,Ultrasound examination and active scanning,超声检查与主动扫描,,A1,terminal evidence-action hierarchy: sample > response > observation; route-specific task precedence,1,1,https://www.mdpi.com/2079-6374/11/12/522/pdf?version=1640056879,https://doi.org/10.3390/bios11120522,Crossref,comparable conservative automated title screen; full-text inclusion pending
doi:10.3390/electronics14102063,Robotic Ultrasound Diagnostic System for Non-Destructive Testing in Highly Variable Production,2025,10.3390/electronics14102063,1.1,Active observational sensing,主动观察式检测,A1,Ultrasound examination and active scanning,超声检查与主动扫描,,A1,terminal evidence-action hierarchy: sample > response > observation; route-specific task precedence,1,1,https://www.mdpi.com/2079-9292/14/10/2063/pdf?version=1747733873,https://doi.org/10.3390/electronics14102063,Crossref; OpenAlex,comparable conservative automated title screen; full-text inclusion pending
doi:10.3390/mi14050969,Path Planning and Navigation of Miniature Serpentine Robot for Bronchoscopy Application.,2023,10.3390/mi14050969,1.1,Active observational sensing,主动观察式检测,A4,Bronchoscopic observation and navigation,支气管镜观察与导航,,A4,terminal evidence-action hierarchy: sample > response > observation; route-specific task precedence,1,1,https://www.mdpi.com/2072-666X/14/5/969/pdf?version=1683190115,https://doi.org/10.3390/mi14050969,Europe PMC; OpenAlex,comparable conservative automated title screen; full-text inclusion pending
doi:10.3390/mi17030327,Posture Tracking of Active Capsule Endoscopes Integrated with Magnetic Actuation Using Hall-Effect Sensors.,2026,10.3390/mi17030327,1.1,Active observational sensing,主动观察式检测,A3,Active or magnetically controlled capsule endoscopy,主动或磁控胶囊内镜检查,,A3,terminal evidence-action hierarchy: sample > response > observation; route-specific task precedence,1,1,https://www.mdpi.com/2072-666X/17/3/327/pdf?version=1772699618,https://doi.org/10.3390/mi17030327,Europe PMC,comparable conservative automated title screen; full-text inclusion pending
doi:10.3390/robotics13110164,HaptiScan: A Haptically-Enabled Robotic Ultrasound System for Remote Medical Diagnostics,2024,10.3390/robotics13110164,1.1,Active observational sensing,主动观察式检测,A1,Ultrasound examination and active scanning,超声检查与主动扫描,,A1,terminal evidence-action hierarchy: sample > response > observation; route-specific task precedence,1,1,https://www.mdpi.com/2218-6581/13/11/164/pdf?version=1731242262,https://doi.org/10.3390/robotics13110164,Crossref; OpenAlex,comparable conservative automated title screen; full-text inclusion pending
doi:10.3390/robotics15020037,Patient Acceptability of Automated Robotic Ultrasound by Patient Profile,2026,10.3390/robotics15020037,1.1,Active observational sensing,主动观察式检测,A1,Ultrasound examination and active scanning,超声检查与主动扫描,,A1,terminal evidence-action hierarchy: sample > response > observation; route-specific task precedence,1,1,https://www.mdpi.com/2218-6581/15/2/37/pdf,https://doi.org/10.3390/robotics15020037,Crossref; OpenAlex,comparable conservative automated title screen; full-text inclusion pending
doi:10.3390/s22228670,Force-Sensorless Identification and Classification of Tissue Biomechanical Parameters for Robot-Assisted Palpation.,2022,10.3390/s22228670,1.2,Response-based interactive diagnosis,响应式交互诊断,R1,Robotic palpation,机器人触诊,,R1,terminal evidence-action hierarchy: sample > response > observation; route-specific task precedence,1,1,https://www.mdpi.com/1424-8220/22/22/8670/pdf?version=1668059944,https://doi.org/10.3390/s22228670,Europe PMC; OpenAlex,comparable conservative automated title screen; full-text inclusion pending
doi:10.3390/s25020468,Design of a Cost-Effective Ultrasound Force Sensor and Force Control System for Robotic Extra-Body Ultrasound Imaging.,2025,10.3390/s25020468,1.1,Active observational sensing,主动观察式检测,A1,Ultrasound examination and active scanning,超声检查与主动扫描,,A1,terminal evidence-action hierarchy: sample > response > observation; route-specific task precedence,1,1,https://www.mdpi.com/1424-8220/25/2/468/pdf?version=1736934755,https://doi.org/10.3390/s25020468,Europe PMC; OpenAlex,comparable conservative automated title screen; full-text inclusion pending
doi:10.3390/s26051723,Target Tissue Identification Based on Image Processing for Regulating Automatic Robotic Lung Biopsy Sampler: Onsite Phantom Validation,2026,10.3390/s26051723,1.3,Sample-based interactive diagnosis,采样式交互诊断,S1,Percutaneous or core-needle biopsy,经皮或芯针活检,,S1,terminal evidence-action hierarchy: sample > response > observation; route-specific task precedence,1,1,https://www.mdpi.com/1424-8220/26/5/1723/pdf?version=1773048271,https://doi.org/10.3390/s26051723,Crossref,comparable conservative automated title screen; full-text inclusion pending
doi:10.3390/s26144452,A Robotic Ultrasound System for Automated Abdominal Aorta Screening: Feasibility Study in Healthy Volunteers.,2026,10.3390/s26144452,1.1,Active observational sensing,主动观察式检测,A1,Ultrasound examination and active scanning,超声检查与主动扫描,,A1,terminal evidence-action hierarchy: sample > response > observation; route-specific task precedence,1,1,https://doi.org/10.3390/s26144452,https://doi.org/10.3390/s26144452,Europe PMC; OpenAlex,comparable conservative automated title screen; full-text inclusion pending
doi:10.3390/technologies12030033,A Comparison between Kinematic Models for Robotic Needle Insertion with Application into Transperineal Prostate Biopsy,2024,10.3390/technologies12030033,1.3,Sample-based interactive diagnosis,采样式交互诊断,S1,Percutaneous or core-needle biopsy,经皮或芯针活检,,S1,terminal evidence-action hierarchy: sample > response > observation; route-specific task precedence,1,0,,https://doi.org/10.3390/technologies12030033,Crossref,comparable conservative automated title screen; full-text inclusion pending
doi:10.3390/technologies13020070,Automatic Robotic Ultrasound for 3D Musculoskeletal Reconstruction: A Comprehensive Framework,2025,10.3390/technologies13020070,1.1,Active observational sensing,主动观察式检测,A1,Ultrasound examination and active scanning,超声检查与主动扫描,,A1,terminal evidence-action hierarchy: sample > response > observation; route-specific task precedence,1,1,https://doi.org/10.3390/technologies13020070,https://doi.org/10.3390/technologies13020070,Crossref; OpenAlex,comparable conservative automated title screen; full-text inclusion pending
doi:10.34133/cbsystems.0013,A Novel Robotic Bronchoscope System for Navigation and Biopsy of Pulmonary Lesions.,2023,10.34133/cbsystems.0013,1.3,Sample-based interactive diagnosis,采样式交互诊断,S2,Endoscopic or bronchoscopic biopsy,内镜或支气管镜活检,,S2,terminal evidence-action hierarchy: sample > response > observation; route-specific task precedence,1,1,https://spj.science.org/doi/pdf/10.34133/cbsystems.0013?download=true,https://doi.org/10.34133/cbsystems.0013,Europe PMC,comparable conservative automated title screen; full-text inclusion pending
doi:10.34133/cbsystems.0251,Robotic Ultrasound Scanning End-Effector with Adjustable Constant Contact Force.,2025,10.34133/cbsystems.0251,1.1,Active observational sensing,主动观察式检测,A1,Ultrasound examination and active scanning,超声检查与主动扫描,,A1,terminal evidence-action hierarchy: sample > response > observation; route-specific task precedence,1,1,https://spj.science.org/doi/pdf/10.34133/cbsystems.0251,https://doi.org/10.34133/cbsystems.0251,Europe PMC; OpenAlex,comparable conservative automated title screen; full-text inclusion pending
doi:10.36227/techrxiv.23599437,Path Re-planning for Robotic Ultrasound Imaging of Bony Structures,2023,10.36227/techrxiv.23599437,1.1,Active observational sensing,主动观察式检测,A1,Ultrasound examination and active scanning,超声检查与主动扫描,,A1,terminal evidence-action hierarchy: sample > response > observation; route-specific task precedence,1,1,https://www.techrxiv.org/doi/pdf/10.36227/techrxiv.23599437.v1,https://doi.org/10.36227/techrxiv.23599437,Crossref; OpenAlex,comparable conservative automated title screen; full-text inclusion pending
doi:10.4028/www.scientific.net/amm.772.585,A Virtual Reality System for Pre-Planning of Robotic-Assisted Prostate Biopsy,2015,10.4028/www.scientific.net/amm.772.585,1.3,Sample-based interactive diagnosis,采样式交互诊断,S1,Percutaneous or core-needle biopsy,经皮或芯针活检,,S1,terminal evidence-action hierarchy: sample > response > observation; route-specific task precedence,1,1,https://doi.org/10.4028/www.scientific.net/amm.772.585,https://doi.org/10.4028/www.scientific.net/amm.772.585,Crossref; OpenAlex,comparable conservative automated title screen; full-text inclusion pending
doi:10.4271/2026-99-0751,Adaptive Speed-Regulated Impedance Control for Robotic Ultrasound Scanning: Reducing Constant-Force Tracking Errors,2026,10.4271/2026-99-0751,1.1,Active observational sensing,主动观察式检测,A1,Ultrasound examination and active scanning,超声检查与主动扫描,,A1,terminal evidence-action hierarchy: sample > response > observation; route-specific task precedence,1,0,,https://doi.org/10.4271/2026-99-0751,Crossref; OpenAlex,comparable conservative automated title screen; full-text inclusion pending
doi:10.52202/083074-0015,Proof-Of-Concept Autonomous Wearable Ultrasound Platform for Enhanced Medical Imaging in Space Missions,2025,10.52202/083074-0015,1.1,Active observational sensing,主动观察式检测,A1,Ultrasound examination and active scanning,超声检查与主动扫描,,A1,terminal evidence-action hierarchy: sample > response > observation; route-specific task precedence,1,0,,https://doi.org/10.52202/083074-0015,Crossref,comparable conservative automated title screen; full-text inclusion pending
doi:10.54844/mr.2023.0488,Advancing robotic prostate biopsy through artificial intelligence,2024,10.54844/mr.2023.0488,1.3,Sample-based interactive diagnosis,采样式交互诊断,S1,Percutaneous or core-needle biopsy,经皮或芯针活检,,S1,terminal evidence-action hierarchy: sample > response > observation; route-specific task precedence,1,1,https://www.hksmp.com/journals/mr/article/download/488/589,https://doi.org/10.54844/mr.2023.0488,Crossref,comparable conservative automated title screen; full-text inclusion pending
doi:10.5772/intechopen.105069,Learning Robotic Ultrasound Skills from Human Demonstrations,2022,10.5772/intechopen.105069,1.1,Active observational sensing,主动观察式检测,A1,Ultrasound examination and active scanning,超声检查与主动扫描,,A1,terminal evidence-action hierarchy: sample > response > observation; route-specific task precedence,1,1,https://www.intechopen.com/citation-pdf-url/82056,https://doi.org/10.5772/intechopen.105069,Crossref,comparable conservative automated title screen; full-text inclusion pending
doi:10.5946/ce.2020.127,A New Active Locomotion Capsule Endoscopy under Magnetic Control and Automated Reading Program,2020,10.5946/ce.2020.127,1.1,Active observational sensing,主动观察式检测,A3,Active or magnetically controlled capsule endoscopy,主动或磁控胶囊内镜检查,,A3,terminal evidence-action hierarchy: sample > response > observation; route-specific task precedence,1,1,https://www.e-ce.org/upload/pdf/ce-2020-127.pdf,https://doi.org/10.5946/ce.2020.127,Crossref,comparable conservative automated title screen; full-text inclusion pending
doi:10.64898/2025.12.17.694846,Closing the Sim-to-Real Gap: An End-to-End Robotic Ultrasound System Leveraging In Vivo Reinforcement Learning and 3D-Prior Guided Hybrid Control,2025,10.64898/2025.12.17.694846,1.1,Active observational sensing,主动观察式检测,A1,Ultrasound examination and active scanning,超声检查与主动扫描,,A1,terminal evidence-action hierarchy: sample > response > observation; route-specific task precedence,1,1,https://www.biorxiv.org/content/biorxiv/early/2025/12/19/2025.12.17.694846.full.pdf,https://doi.org/10.64898/2025.12.17.694846,Europe PMC; OpenAlex,comparable conservative automated title screen; full-text inclusion pending
doi:10.64898/2026.05.15.725366,Automated robotic control system for EEG-BCI-guided closed-loop TMS,2026,10.64898/2026.05.15.725366,1.2,Response-based interactive diagnosis,响应式交互诊断,R6,Stimulation-response mapping,刺激—响应映射,,R6,terminal evidence-action hierarchy: sample > response > observation; route-specific task precedence,1,1,https://www.biorxiv.org/content/biorxiv/early/2026/05/19/2026.05.15.725366.full.pdf,https://doi.org/10.64898/2026.05.15.725366,Crossref; Europe PMC; OpenAlex,comparable conservative automated title screen; full-text inclusion pending
doi:10.70322/ire.2026.10003,Development of a Hand Spasticity Testing Device for Quantitative Wrist Spasticity Assessment and Automated Evaluation of the Modified Tardieu Scale,2026,10.70322/ire.2026.10003,1.2,Response-based interactive diagnosis,响应式交互诊断,R4,Tone and spasticity assessment,肌张力与痉挛评估,,R4,terminal evidence-action hierarchy: sample > response > observation; route-specific task precedence,1,1,https://www.sciepublish.com/index/article/view_full_text/id/1105,https://doi.org/10.70322/ire.2026.10003,Crossref,comparable conservative automated title screen; full-text inclusion pending
doi:10.7736/kspe.2016.33.7.565,Characteristics of Needle Insertion Performance of Automated Biopsy Device for Robotic Needle Insertion Type Intervention: Insertion Depth and Accuracy,2016,10.7736/kspe.2016.33.7.565,1.3,Sample-based interactive diagnosis,采样式交互诊断,S1,Percutaneous or core-needle biopsy,经皮或芯针活检,,S1,terminal evidence-action hierarchy: sample > response > observation; route-specific task precedence,1,1,https://doi.org/10.7736/kspe.2016.33.7.565,https://doi.org/10.7736/kspe.2016.33.7.565,Crossref,comparable conservative automated title screen; full-text inclusion pending
doi:10.7746/jkros.2023.18.2.164,Development of Multi-DoF Automatic Nasopharyngeal Swab Sampling Robot,2023,10.7746/jkros.2023.18.2.164,1.3,Sample-based interactive diagnosis,采样式交互诊断,S5,Swab and cavity-specimen collection,拭子与腔道标本采集,,S5,terminal evidence-action hierarchy: sample > response > observation; route-specific task precedence,1,0,,https://doi.org/10.7746/jkros.2023.18.2.164,Crossref,comparable conservative automated title screen; full-text inclusion pending
doi:10.7863/jum.2007.26.5.645,Automated ultrasound scanning on a dual-modality breast imaging system: coverage and motion issues and solutions.,2007,10.7863/jum.2007.26.5.645,1.1,Active observational sensing,主动观察式检测,A1,Ultrasound examination and active scanning,超声检查与主动扫描,,A1,terminal evidence-action hierarchy: sample > response > observation; route-specific task precedence,1,1,https://onlinelibrary.wiley.com/doi/pdfdirect/10.7863/jum.2007.26.5.645,https://doi.org/10.7863/jum.2007.26.5.645,Europe PMC,comparable conservative automated title screen; full-text inclusion pending
doi:10.7863/jum.2010.29.7.1075,Effect of a gel retainment dam on automated ultrasound coverage in a dual-modality breast imaging system.,2010,10.7863/jum.2010.29.7.1075,1.1,Active observational sensing,主动观察式检测,A1,Ultrasound examination and active scanning,超声检查与主动扫描,,A1,terminal evidence-action hierarchy: sample > response > observation; route-specific task precedence,1,1,https://onlinelibrary.wiley.com/doi/pdfdirect/10.7863/jum.2010.29.7.1075,https://doi.org/10.7863/jum.2010.29.7.1075,Europe PMC,comparable conservative automated title screen; full-text inclusion pending
title:actionconditionedworldmodelforgoalplaneprobeguidanceinroboticultrasound,Action-Conditioned World Model for Goal Plane Probe Guidance in Robotic Ultrasound,2026,,1.1,Active observational sensing,主动观察式检测,A1,Ultrasound examination and active scanning,超声检查与主动扫描,,A1,terminal evidence-action hierarchy: sample > response > observation; route-specific task precedence,1,1,,http://arxiv.org/abs/2607.21918v2,OpenAlex; arXiv,comparable conservative automated title screen; full-text inclusion pending
title:anatomicalpriordrivenframeworkforautonomousroboticcardiacultrasoundstandardviewacquisition,Anatomical Prior-Driven Framework for Autonomous Robotic Cardiac Ultrasound Standard View Acquisition,2026,,1.1,Active observational sensing,主动观察式检测,A1,Ultrasound examination and active scanning,超声检查与主动扫描,,A1,terminal evidence-action hierarchy: sample > response > observation; route-specific task precedence,1,1,https://link.springer.com/content/pdf/10.1007/s43154-020-00037-y.pdf,http://arxiv.org/abs/2603.21134v1,OpenAlex; arXiv,comparable conservative automated title screen; full-text inclusion pending
title:apprussautomatedpathplanningforroboticultrasoundsystem,APP-RUSS: Automated Path Planning for Robotic Ultrasound System,2023,,1.1,Active observational sensing,主动观察式检测,A1,Ultrasound examination and active scanning,超声检查与主动扫描,,A1,terminal evidence-action hierarchy: sample > response > observation; route-specific task precedence,1,1,,http://arxiv.org/abs/2310.14297v1,arXiv,comparable conservative automated title screen; full-text inclusion pending
title:asee20activesensingendeffectorforroboticultrasoundsystemswithdensecontactsurfaceperceptionenabledprobeorientationadjustment,A-SEE2.0: Active-Sensing End-Effector for Robotic Ultrasound Systems with Dense Contact Surface Perception Enabled Probe Orientation Adjustment,2025,,1.1,Active observational sensing,主动观察式检测,A1,Ultrasound examination and active scanning,超声检查与主动扫描,,A1,terminal evidence-action hierarchy: sample > response > observation; route-specific task precedence,1,1,,http://arxiv.org/abs/2503.05569v1,arXiv,comparable conservative automated title screen; full-text inclusion pending
title:automatedheartandlungauscultationinroboticphysicalexaminations,Automated Heart and Lung Auscultation in Robotic Physical Examinations,2022,,1.1,Active observational sensing,主动观察式检测,A6,Active auscultation and acoustic examination,主动听诊与声学检查,,A6,terminal evidence-action hierarchy: sample > response > observation; route-specific task precedence,1,1,,http://arxiv.org/abs/2201.09511v1,arXiv,comparable conservative automated title screen; full-text inclusion pending
title:autonomousrobotictissuepalpationandabnormalitiescharacterisationviaergodicexploration,Autonomous Robotic Tissue Palpation and Abnormalities Characterisation via Ergodic Exploration,2026,,1.2,Response-based interactive diagnosis,响应式交互诊断,R1,Robotic palpation,机器人触诊,,R1,terminal evidence-action hierarchy: sample > response > observation; route-specific task precedence,1,1,,http://arxiv.org/abs/2602.14287v1,OpenAlex; arXiv,comparable conservative automated title screen; full-text inclusion pending
title:autonomousroboticultrasoundsystemforliverfollowupdiagnosispilotphantomstudy,Autonomous Robotic Ultrasound System for Liver Follow-up Diagnosis: Pilot Phantom Study,2024,,1.1,Active observational sensing,主动观察式检测,A1,Ultrasound examination and active scanning,超声检查与主动扫描,,A1,terminal evidence-action hierarchy: sample > response > observation; route-specific task precedence,1,1,,http://arxiv.org/abs/2405.05787v1,arXiv,comparable conservative automated title screen; full-text inclusion pending
title:bronchocopilottowardsautonomousroboticbronchoscopyviamultimodalreinforcementlearning,BronchoCopilot: Towards Autonomous Robotic Bronchoscopy via Multimodal Reinforcement Learning,2024,,1.1,Active observational sensing,主动观察式检测,A4,Bronchoscopic observation and navigation,支气管镜观察与导航,,A4,terminal evidence-action hierarchy: sample > response > observation; route-specific task precedence,1,1,,http://arxiv.org/abs/2403.01483v1,arXiv,comparable conservative automated title screen; full-text inclusion pending
title:completeautonomousroboticnasopharyngealswabsystemwithevaluationonastochasticallymovingphantomhead,Complete Autonomous Robotic Nasopharyngeal Swab System with Evaluation on a Stochastically Moving Phantom Head,2024,,1.3,Sample-based interactive diagnosis,采样式交互诊断,S5,Swab and cavity-specimen collection,拭子与腔道标本采集,,S5,terminal evidence-action hierarchy: sample > response > observation; route-specific task precedence,1,1,https://arxiv.org/pdf/2408.13100,http://arxiv.org/abs/2408.13100v1,arXiv,comparable conservative automated title screen; full-text inclusion pending
title:daissphaseawareimitationlearningfordualarmroboticultrasoundguidedinterventions,DAISS: Phase-Aware Imitation Learning for Dual-Arm Robotic Ultrasound-Guided Interventions,2026,,1.1,Active observational sensing,主动观察式检测,A1,Ultrasound examination and active scanning,超声检查与主动扫描,,A1,terminal evidence-action hierarchy: sample > response > observation; route-specific task precedence,1,1,,http://arxiv.org/abs/2603.07663v1,OpenAlex; arXiv,comparable conservative automated title screen; full-text inclusion pending
title:designandevaluationofacompliantquasidirectdriveendeffectorforsaferoboticultrasoundimaging,Design and Evaluation of a Compliant Quasi Direct Drive End-effector for Safe Robotic Ultrasound Imaging,2024,,1.1,Active observational sensing,主动观察式检测,A1,Ultrasound examination and active scanning,超声检查与主动扫描,,A1,terminal evidence-action hierarchy: sample > response > observation; route-specific task precedence,1,1,https://www.ncbi.nlm.nih.gov/pmc/articles/9211764,http://arxiv.org/abs/2410.03086v1,arXiv,comparable conservative automated title screen; full-text inclusion pending
title:dopusnetqualityawareroboticultrasoundimagingbasedondopplersignal,DopUS-Net: Quality-Aware Robotic Ultrasound Imaging based on Doppler Signal,2023,,1.1,Active observational sensing,主动观察式检测,A1,Ultrasound examination and active scanning,超声检查与主动扫描,,A1,terminal evidence-action hierarchy: sample > response > observation; route-specific task precedence,1,1,,http://arxiv.org/abs/2305.08938v1,arXiv,comparable conservative automated title screen; full-text inclusion pending
title:embodiedusfsfastslowintelligenceforultrasoundrobotics,EmbodiedUS-FS: Fast Slow Intelligence for Ultrasound Robotics,2026,,1.1,Active observational sensing,主动观察式检测,A1,Ultrasound examination and active scanning,超声检查与主动扫描,,A1,terminal evidence-action hierarchy: sample > response > observation; route-specific task precedence,1,1,,http://arxiv.org/abs/2606.22319v1,OpenAlex; arXiv,comparable conservative automated title screen; full-text inclusion pending
title:enablingmammographywithcoroboticultrasound,Enabling Mammography with Co-Robotic Ultrasound,2023,,1.1,Active observational sensing,主动观察式检测,A1,Ultrasound examination and active scanning,超声检查与主动扫描,,A1,terminal evidence-action hierarchy: sample > response > observation; route-specific task precedence,1,1,,http://arxiv.org/abs/2312.10309v1,arXiv,comparable conservative automated title screen; full-text inclusion pending
title:feasibilityofaugmentedrealityguidedroboticultrasoundwithconebeamctintegrationforspineprocedures,Feasibility of Augmented Reality-Guided Robotic Ultrasound with Cone-Beam CT Integration for Spine Procedures,2026,,1.1,Active observational sensing,主动观察式检测,A1,Ultrasound examination and active scanning,超声检查与主动扫描,,A1,terminal evidence-action hierarchy: sample > response > observation; route-specific task precedence,1,1,http://www.thespinejournalonline.com/article/S1529943021001558/pdf,http://arxiv.org/abs/2603.22174v1,OpenAlex; arXiv,comparable conservative automated title screen; full-text inclusion pending
title:feasibilityofremotelandmarkidentificationforcricothyrotomyusingroboticpalpation,Feasibility of Remote Landmark Identification for Cricothyrotomy Using Robotic Palpation,2021,,1.2,Response-based interactive diagnosis,响应式交互诊断,R1,Robotic palpation,机器人触诊,,R1,terminal evidence-action hierarchy: sample > response > observation; route-specific task precedence,1,1,,http://arxiv.org/abs/2110.12078v1,arXiv,comparable conservative automated title screen; full-text inclusion pending
title:followthecurveroboticultrasoundnavigationwithlearningbasedlocalizationofspinousprocessesforscoliosisassessment,Follow the Curve: Robotic-Ultrasound Navigation with Learning Based Localization of Spinous Processes for Scoliosis Assessment,2021,,1.1,Active observational sensing,主动观察式检测,A1,Ultrasound examination and active scanning,超声检查与主动扫描,,A1,terminal evidence-action hierarchy: sample > response > observation; route-specific task precedence,1,1,https://ieeexplore.ieee.org/ielx7/6287639/9668973/09754360.pdf,http://arxiv.org/abs/2109.05196v1,arXiv,comparable conservative automated title screen; full-text inclusion pending
title:forceultrasoundfusionbringingspineroboticustothenextlevel,"Force-Ultrasound Fusion: Bringing Spine Robotic-US to the Next ""Level""",2020,,1.1,Active observational sensing,主动观察式检测,A1,Ultrasound examination and active scanning,超声检查与主动扫描,,A1,terminal evidence-action hierarchy: sample > response > observation; route-specific task precedence,1,1,,http://arxiv.org/abs/2002.11404v1,arXiv,comparable conservative automated title screen; full-text inclusion pending
title:fromdesignthroughtoclinicalvalidationofasoftendeffectorforrobotassistedultrasoundimaging,From design through to clinical validation of a soft end-effector for robot-assisted ultrasound imaging,2020,,1.1,Active observational sensing,主动观察式检测,A1,Ultrasound examination and active scanning,超声检查与主动扫描,,A1,terminal evidence-action hierarchy: sample > response > observation; route-specific task precedence,1,0,,https://europepmc.org/article/ETH/806797,Europe PMC,comparable conservative automated title screen; full-text inclusion pending
title:fromscanningguidelinestoactionaroboticultrasoundagentwithllmbasedreasoning,From Scanning Guidelines to Action: A Robotic Ultrasound Agent with LLM-Based Reasoning,2026,,1.1,Active observational sensing,主动观察式检测,A1,Ultrasound examination and active scanning,超声检查与主动扫描,,A1,terminal evidence-action hierarchy: sample > response > observation; route-specific task precedence,1,1,,http://arxiv.org/abs/2603.14393v1,OpenAlex; arXiv,comparable conservative automated title screen; full-text inclusion pending
title:gazeguidedroboticvascularultrasoundleveraginghumanintentionestimation,Gaze-Guided Robotic Vascular Ultrasound Leveraging Human Intention Estimation,2025,,1.1,Active observational sensing,主动观察式检测,A1,Ultrasound examination and active scanning,超声检查与主动扫描,,A1,terminal evidence-action hierarchy: sample > response > observation; route-specific task precedence,1,1,,http://arxiv.org/abs/2502.05053v1,arXiv,comparable conservative automated title screen; full-text inclusion pending
title:implicitneuralrepresentationsforbreathingcompensatedvolumereconstructioninroboticultrasound,Implicit Neural Representations for Breathing-compensated Volume Reconstruction in Robotic Ultrasound,2023,,1.1,Active observational sensing,主动观察式检测,A1,Ultrasound examination and active scanning,超声检查与主动扫描,,A1,terminal evidence-action hierarchy: sample > response > observation; route-specific task precedence,1,1,,http://arxiv.org/abs/2311.04999v2,arXiv,comparable conservative automated title screen; full-text inclusion pending
title:learningautonomousultrasoundvialatenttaskrepresentationandroboticskillsadaptation,Learning Autonomous Ultrasound via Latent Task Representation and Robotic Skills Adaptation,2023,,1.1,Active observational sensing,主动观察式检测,A1,Ultrasound examination and active scanning,超声检查与主动扫描,,A1,terminal evidence-action hierarchy: sample > response > observation; route-specific task precedence,1,1,,http://arxiv.org/abs/2307.13323v1,arXiv,comparable conservative automated title screen; full-text inclusion pending
title:learningrewardsforroboticultrasoundscanningusingprobabilistictemporalranking,Learning rewards for robotic ultrasound scanning using probabilistic temporal ranking,2020,,1.1,Active observational sensing,主动观察式检测,A1,Ultrasound examination and active scanning,超声检查与主动扫描,,A1,terminal evidence-action hierarchy: sample > response > observation; route-specific task precedence,1,1,https://arxiv.org/pdf/2002.01240,http://arxiv.org/abs/2002.01240v3,arXiv,comparable conservative automated title screen; full-text inclusion pending
title:openrcanopensourceroboticcolonoscopyframeworkformultimodaldataacquisitionandautonomyresearch,OpenRC: An Open-Source Robotic Colonoscopy Framework for Multimodal Data Acquisition and Autonomy Research,2026,,1.1,Active observational sensing,主动观察式检测,A2,Flexible gastrointestinal endoscopic examination,胃肠柔性内镜检查,,A2,terminal evidence-action hierarchy: sample > response > observation; route-specific task precedence,1,1,,http://arxiv.org/abs/2604.03781v1,OpenAlex; arXiv,comparable conservative automated title screen; full-text inclusion pending
title:ragrussaretrievalaugmentedroboticultrasoundforautonomouscarotidexamination,RAG-RUSS: A Retrieval-Augmented Robotic Ultrasound for Autonomous Carotid Examination,2026,,1.1,Active observational sensing,主动观察式检测,A1,Ultrasound examination and active scanning,超声检查与主动扫描,,A1,terminal evidence-action hierarchy: sample > response > observation; route-specific task precedence,1,1,,http://arxiv.org/abs/2603.01153v1,OpenAlex; arXiv,comparable conservative automated title screen; full-text inclusion pending
title:roboticassistedultrasoundforfetalimagingevolutionfromsinglearmtodualarmsystem,Robotic-assisted Ultrasound for Fetal Imaging: Evolution from Single-arm to Dual-arm System,2019,,1.1,Active observational sensing,主动观察式检测,A1,Ultrasound examination and active scanning,超声检查与主动扫描,,A1,terminal evidence-action hierarchy: sample > response > observation; route-specific task precedence,1,1,https://arxiv.org/ftp/arxiv/papers/1902/1902.05458.pdf,http://arxiv.org/abs/1902.05458v3,arXiv,comparable conservative automated title screen; full-text inclusion pending
title:roboticultrasoundguidedfemoralarteryreconstructionofanatomicallyrepresentativephantoms,Robotic Ultrasound-Guided Femoral Artery Reconstruction of Anatomically-Representative Phantoms,2025,,1.1,Active observational sensing,主动观察式检测,A1,Ultrasound examination and active scanning,超声检查与主动扫描,,A1,terminal evidence-action hierarchy: sample > response > observation; route-specific task precedence,1,1,,http://arxiv.org/abs/2503.06795v2,arXiv,comparable conservative automated title screen; full-text inclusion pending
title:roboticultrasoundsystemwithmicroadjustmentandpositioningcontrolusingfeedbackresponsivetoacquiredimagedata,ROBOTIC ULTRASOUND SYSTEM WITH MICROADJUSTMENT AND POSITIONING CONTROL USING FEEDBACK RESPONSIVE TO ACQUIRED IMAGE DATA,2010,,1.1,Active observational sensing,主动观察式检测,A1,Ultrasound examination and active scanning,超声检查与主动扫描,,A1,terminal evidence-action hierarchy: sample > response > observation; route-specific task precedence,1,1,https://www.frontiersin.org/articles/10.3389/fneur.2020.00934/pdf,https://europepmc.org/article/PAT/US2010262008,Europe PMC,comparable conservative automated title screen; full-text inclusion pending
title:robotizedultrasoundimagingoftheperipheralarteriesaphantomstudy,Robotized Ultrasound Imaging of the Peripheral Arteries -- a Phantom Study,2020,,1.1,Active observational sensing,主动观察式检测,A1,Ultrasound examination and active scanning,超声检查与主动扫描,,A1,terminal evidence-action hierarchy: sample > response > observation; route-specific task precedence,1,1,https://doaj.org/article/c33f5ea08f184fceba834264fc719de7,http://arxiv.org/abs/2007.06278v1,arXiv,comparable conservative automated title screen; full-text inclusion pending
title:sameasemanticanatomymappingengineforroboticultrasound,SAMe: A Semantic Anatomy Mapping Engine for Robotic Ultrasound,2026,,1.1,Active observational sensing,主动观察式检测,A1,Ultrasound examination and active scanning,超声检查与主动扫描,,A1,terminal evidence-action hierarchy: sample > response > observation; route-specific task precedence,1,1,,http://arxiv.org/abs/2604.25646v2,OpenAlex; arXiv,comparable conservative automated title screen; full-text inclusion pending
title:scyclegansemanticsegmentationenhancedctultrasoundimagetoimagetranslationforroboticultrasonography,S-CycleGAN: Semantic Segmentation Enhanced CT-Ultrasound Image-to-Image Translation for Robotic Ultrasonography,2024,,1.1,Active observational sensing,主动观察式检测,A1,Ultrasound examination and active scanning,超声检查与主动扫描,,A1,terminal evidence-action hierarchy: sample > response > observation; route-specific task precedence,1,1,,http://arxiv.org/abs/2406.01191v2,arXiv,comparable conservative automated title screen; full-text inclusion pending
title:seebelowsubdermal3dreconstructionoftumorswithsurgicalroboticpalpationandtactileexploration,SeeBelow: Sub-dermal 3D Reconstruction of Tumors with Surgical Robotic Palpation and Tactile Exploration,2024,,1.2,Response-based interactive diagnosis,响应式交互诊断,R1,Robotic palpation,机器人触诊,,R1,terminal evidence-action hierarchy: sample > response > observation; route-specific task precedence,1,1,,http://arxiv.org/abs/2408.13699v1,arXiv,comparable conservative automated title screen; full-text inclusion pending
title:shapecompletionandrealtimevisualizationinroboticultrasoundspineacquisitions,Shape Completion and Real-Time Visualization in Robotic Ultrasound Spine Acquisitions,2025,,1.1,Active observational sensing,主动观察式检测,A1,Ultrasound examination and active scanning,超声检查与主动扫描,,A1,terminal evidence-action hierarchy: sample > response > observation; route-specific task precedence,1,1,,http://arxiv.org/abs/2508.08923v1,arXiv,comparable conservative automated title screen; full-text inclusion pending
title:styletransferenabledsim2realframeworkforefficientlearningofroboticultrasoundimageanalysisusingsimulateddata,Style Transfer Enabled Sim2Real Framework for Efficient Learning of Robotic Ultrasound Image Analysis Using Simulated Data,2023,,1.1,Active observational sensing,主动观察式检测,A1,Ultrasound examination and active scanning,超声检查与主动扫描,,A1,terminal evidence-action hierarchy: sample > response > observation; route-specific task precedence,1,1,https://arxiv.org/pdf/2305.09169,http://arxiv.org/abs/2305.09169v1,arXiv,comparable conservative automated title screen; full-text inclusion pending
title:tactileguidedroboticultrasoundmappingpreplannedscanpathsforintercostalimaging,Tactile-Guided Robotic Ultrasound: Mapping Preplanned Scan Paths for Intercostal Imaging,2025,,1.1,Active observational sensing,主动观察式检测,A1,Ultrasound examination and active scanning,超声检查与主动扫描,,A1,terminal evidence-action hierarchy: sample > response > observation; route-specific task precedence,1,1,,http://arxiv.org/abs/2507.20282v1,arXiv,comparable conservative automated title screen; full-text inclusion pending
title:towardsautonomousrobotickidneyultrasoundspatialefficientvolumetricimagingviatemplateguidedoptimalpivoting,Towards Autonomous Robotic Kidney Ultrasound: Spatial-Efficient Volumetric Imaging via Template Guided Optimal Pivoting,2026,,1.1,Active observational sensing,主动观察式检测,A1,Ultrasound examination and active scanning,超声检查与主动扫描,,A1,terminal evidence-action hierarchy: sample > response > observation; route-specific task precedence,1,1,https://arxiv.org/pdf/2602.16641,http://arxiv.org/abs/2602.16641v1,OpenAlex; arXiv,comparable conservative automated title screen; full-text inclusion pending
title:uspilotanembodiedroboticassistantultrasoundsystemwithlargelanguagemodelenhancedgraphplanner,USPilot: An Embodied Robotic Assistant Ultrasound System with Large Language Model Enhanced Graph Planner,2025,,1.1,Active observational sensing,主动观察式检测,A1,Ultrasound examination and active scanning,超声检查与主动扫描,,A1,terminal evidence-action hierarchy: sample > response > observation; route-specific task precedence,1,1,,http://arxiv.org/abs/2502.12498v2,arXiv,comparable conservative automated title screen; full-text inclusion pending
title:visuotactileandexplicitlyforcecontrolledroboticultrasoundforabdominalvolumetricreconstruction,Visuotactile and Explicitly Force-Controlled Robotic Ultrasound for Abdominal Volumetric Reconstruction,2026,,1.1,Active observational sensing,主动观察式检测,A1,Ultrasound examination and active scanning,超声检查与主动扫描,,A1,terminal evidence-action hierarchy: sample > response > observation; route-specific task precedence,1,1,https://arxiv.org/pdf/2606.05848,http://arxiv.org/abs/2606.05848v1,OpenAlex; arXiv,comparable conservative automated title screen; full-text inclusion pending
