source_dbs,source_ids,doi,pmid,title,year,publication_date,work_type,venue,cited_by_count,url,query_tasks,matched_tasks,included,exclusion_reason,class_code,class_en,class_zh,primary_task,task_en,task_zh,evidence_tier,abstract
OpenAlex; Europe PMC,MED:23475917; W2040921290,10.1109/tuffc.2013.2593,23475917,Robotic ultrasound systems in medicine,2013,2013-03-01,article,IEEE Transactions on Ultrasonics Ferroelectrics and Frequency Control,149,https://doi.org/10.1109/tuffc.2013.2593,A1,A1,True,,A,Active observational sensing,主动观察式检测,A1,Robotic ultrasound / sonography,机器人超声/超声扫查,Core (title-explicit),"Robots ultrasound (RUS) can be defined as the combination of ultrasound imaging with a robotic system in medical interventions. With their potential for high precision, dexterity, and repeatability, robots are often uniquely suited for ultrasound integration. Although the field is relatively young, it has already generated a multitude of robotic systems for application in dozens of medical procedures. This paper reviews the robotic ultrasound systems that have been developed over the past two decades and describes their potential impact on modern medicine. The RUS projects reviewed include extracorporeal devices, needle guidance systems, and intraoperative systems."
OpenAlex; Europe PMC,W4384701644; W4384261749; MED:37541100,10.1016/j.media.2023.102878,37541100,Robotic ultrasound imaging: State-of-the-art and future perspectives,2023,2023-07-18,article,Medical Image Analysis,161,https://doi.org/10.1016/j.media.2023.102878,A1,,False,Review / meta-analysis,,,,,,,,"Ultrasound (US) is one of the most widely used modalities for clinical intervention and diagnosis due to the merits of providing non-invasive, radiation-free, and real-time images. However, free-hand US examinations are highly operator-dependent. Robotic US System (RUSS) aims at overcoming this shortcoming by offering reproducibility, while also aiming at improving dexterity, and intelligent anatomy and disease-aware imaging. In addition to enhancing diagnostic outcomes, RUSS also holds the potential to provide medical interventions for populations suffering from the shortage of experienced sonographers. In this paper, we categorize RUSS as teleoperated or autonomous. Regarding teleoperated RUSS, we summarize their technical developments, and clinical evaluations, respectively. This survey then focuses on the review of recent work on autonomous robotic US imaging. We demonstrate that machine learning and artificial intelligence present the key techniques, which enable intelligent patient and process-specific, motion and deformation-aware robotic image acquisition. We also show that the research on artificial intelligence for autonomous RUSS has directed the research community toward understanding and modeling expert sonographers' semantic reasoning and action. Here, we call this process, the recovery of the ""language of sonography"". This side result of research on autonomous robotic US acquisitions could be considered as valuable and essential as the progress made in the robotic US examination itself. This article will provide both engineers and clinicians with a comprehensive understanding of RUSS by surveying underlying techniques. Additionally, we present the challenges that the scientific community needs to face in the coming years in order to achieve its ultimate goal of developing intelligent robotic sonographer colleagues. These colleagues are expected to be capable of collaborating with human sonographers in dynamic environments to enhance both diagnostic and intraoperative imaging."
OpenAlex,W3157010837,10.1109/tmrb.2021.3072190,,An Overview of Systems and Techniques for Autonomous Robotic Ultrasound Acquisitions,2021,2021-04-09,article,IEEE Transactions on Medical Robotics and Bionics,144,https://doi.org/10.1109/tmrb.2021.3072190,A1,,False,Review / meta-analysis,,,,,,,,"Ultrasound (US) acquisition in standard clinical procedures requires manual operation of the probe based on the interpretation of the image. A robotic system for autonomous US acquisitions holds great promise to relieve the workload of sonographers, improve access to care, yield more standardized imaging results, and circumvent the need for direct patient contact. In this paper, we provide an overview of the current status of systems and techniques for autonomous robotic US acquisitions in the literature. Specifically, we first present a framework to standardize the increasing levels of autonomy in robotic ultrasonography and briefly discuss the non-autonomous and semi-autonomous systems. Then, we systematically review the existing autonomous robotic systems developed for extracorporeal US acquisitions based on the hardware components, workflow and applications. Besides, we summarize three important topics related with the autonomous US acquisitions, including the scanning path planning, contact force control and image quality optimization, and introduce current methods and techniques proposed on each topic. Finally, we discuss the challenges and provide some potential directions for future research. We believe that the presented efforts in autonomous robotic US acquisitions will pave the way for a promising future of medical care and benefit a broad spectrum of clinical procedures."
OpenAlex; Europe PMC,MED:33497322; W3125472763,10.1109/tbme.2021.3054413,33497322,Autonomic Robotic Ultrasound Imaging System Based on Reinforcement Learning,2021,2021-01-26,article,IEEE Transactions on Biomedical Engineering,94,https://doi.org/10.1109/tbme.2021.3054413,A1,A1,True,,A,Active observational sensing,主动观察式检测,A1,Robotic ultrasound / sonography,机器人超声/超声扫查,Core (title-explicit),"<h4>Objective</h4>In this paper, we introduce an autonomous robotic ultrasound (US) imaging system based on reinforcement learning (RL). The proposed system and framework are committed to controlling the US probe to perform fully autonomous imaging of a soft, moving and marker-less target based only on single RGB images of the scene.<h4>Methods</h4>We propose several different approaches and methods to achieve the following objectives: real-time US probe controlling, soft surface constant force tracking and automatic imaging. First, to express the state of the robotic US imaging task, we proposed a state representation model to reduce the dimensionality of the imaging state and encode the force and US information into the scene image space. Then, an RL agent is trained by a policy gradient theorem based RL model with the single RGB image as the only observation. To achieve adaptable constant force tracking between the US probe and the soft moving target, we propose a force-to-displacement control method based on an admittance controller.<h4>Results</h4>In the simulation experiment, we verified the feasibility of the integrated method. Furthermore, we evaluated the proposed force-to-displacement method to demonstrate the safety and effectiveness of adaptable constant force tracking. Finally, we conducted phantom and volunteer experiments to verify the feasibility of the method on a real system.<h4>Conclusion</h4>The experiments indicated that our approaches were stable and feasible in the autonomic and accurate control of the US probe.<h4>Significance</h4>The proposed system has potential application value in the image-guided surgery and robotic surgery."
OpenAlex; Europe PMC,MED:28321804; W2599839468,10.1007/s11548-017-1561-1,28321804,On the reproducibility of expert-operated and robotic ultrasound acquisitions,2017,2017-03-20,article,International Journal of Computer Assisted Radiology and Surgery,73,https://doi.org/10.1007/s11548-017-1561-1,A1,A1,True,,A,Active observational sensing,主动观察式检测,A1,Robotic ultrasound / sonography,机器人超声/超声扫查,Core (title-explicit),"<h4>Purpose</h4>We present the evaluation of the reproducibility of measurements performed using robotic ultrasound imaging in comparison with expert-operated sonography. Robotic imaging for interventional procedures may be a valuable contribution, but requires reproducibility for its acceptance in clinical routine. We study this by comparing repeated measurements based on robotic and expert-operated ultrasound imaging.<h4>Methods</h4>Robotic ultrasound acquisition is performed in three steps under user guidance: First, the patient is observed using a 3D camera on the robot end effector, and the user selects the region of interest. This allows for automatic planning of the robot trajectory. Next, the robot executes a sweeping motion following the planned trajectory, during which the ultrasound images and tracking data are recorded. As the robot is compliant, deviations from the path are possible, for instance due to patient motion. Finally, the ultrasound slices are compounded to create a volume. Repeated acquisitions can be performed automatically by comparing the previous and current patient surface.<h4>Results</h4>After repeated image acquisitions, the measurements based on acquisitions performed by the robotic system and expert are compared. Within our case series, the expert measured the anterior-posterior, longitudinal, transversal lengths of both of the left and right thyroid lobes on each of the 4 healthy volunteers 3 times, providing 72 measurements. Subsequently, the same procedure was performed using the robotic system resulting in a cumulative total of 144 clinically relevant measurements. Our results clearly indicated that robotic ultrasound enables more repeatable measurements.<h4>Conclusions</h4>A robotic ultrasound platform leads to more reproducible data, which is of crucial importance for planning and executing interventions."
OpenAlex,W3098362553,10.1109/tie.2020.3036215,,Automatic Force-Based Probe Positioning for Precise Robotic Ultrasound Acquisition,2020,2020-11-12,article,IEEE Transactions on Industrial Electronics,89,https://doi.org/10.1109/tie.2020.3036215,A1,A1,True,,A,Active observational sensing,主动观察式检测,A1,Robotic ultrasound / sonography,机器人超声/超声扫查,Core (title-explicit),"The correct orientation of an ultrasound (US) probe is one of the main parameters governing the US image quality. With the rise of robotic ultrasound systems (RUSS), methods that can automatically compute the orientation promise repeatable, automatic acquisition from predefined angles resulting in high-quality US imaging. In this article, we propose a method to automatically position a US probe orthogonally to the tissue surface, thereby improving sound propagation and enabling RUSS to reach predefined orientations relatively to the surface normal at the contact point. The method relies on the derivation of the underlying mechanical model. Two rotations around orthogonal axes are carried out, while the contact force is being recorded. Then, the force data are fed into the model to estimate the normal direction. Accordingly, the probe orientation can be computed without requiring visual features. The method is applicable to the convex and linear probes. It has been evaluated on a phantom with varying tilt angles and on multiple human tissues (forearm, upper arm, lower back, and leg). As a result, it has outperformed existing methods in terms of accuracy. The mean (±SD) absolute angular difference on the in-vivo tissues averaged over all anatomies and probe types is 2.9±1.6° and 2.2±1.5° on the phantom."
OpenAlex; Europe PMC,PPR:PPR610882; W4396821882; W4318756550; MED:38734697,10.1038/s41467-024-48421-y,38734697,A fully autonomous robotic ultrasound system for thyroid scanning,2024,2024-05-11,article,Nature Communications,64,https://doi.org/10.1038/s41467-024-48421-y,A1,A1,True,,A,Active observational sensing,主动观察式检测,A1,Robotic ultrasound / sonography,机器人超声/超声扫查,Core (title-explicit),"The current thyroid ultrasound relies heavily on the experience and skills of the sonographer and the expertise of the radiologist, and the process is physically and cognitively exhausting. In this paper, we report a fully autonomous robotic ultrasound system, which is able to scan thyroid regions without human assistance and identify malignant nod- ules. In this system, human skeleton point recognition, reinforcement learning, and force feedback are used to deal with the difficulties in locating thyroid targets. The orientation of the ultrasound probe is adjusted dynamically via Bayesian optimization. Experimental results on human participants demonstrated that this system can perform high-quality ultrasound scans, close to manual scans obtained by clinicians. Additionally, it has the potential to detect thyroid nodules and provide data on nodule characteristics for American College of Radiology Thyroid Imaging Reporting and Data System (ACR TI-RADS) calculation."
OpenAlex,W3159554907,10.1109/access.2021.3077037,,RobUSt–An Autonomous Robotic Ultrasound System for Medical Imaging,2021,2021-01-01,article,IEEE Access,60,https://doi.org/10.1109/access.2021.3077037,A1,A1,True,,A,Active observational sensing,主动观察式检测,A1,Robotic ultrasound / sonography,机器人超声/超声扫查,Core (title-explicit),"Medical ultrasound (US) systems are widely used for the diagnosis of internal tissues. However, there are challenges associated with acquiring and interpreting US images, such as incorrect US probe placement and limited available spatial information. In this study, we expand the capabilities of medical US imaging using a robotic framework with a high level of autonomy. A 3D camera is used to capture the surface of an anthropomorphic phantom as a point cloud, which is then used for path planning and navigation of the US probe. Robotic positioning of the probe is realised using an impedance controller, which maintains stable contact with the surface during US scanning and compensates for uneven and moving surfaces. Robotic US positioning accuracy is measured to be 1.19± 0.76mm. The mean force along US probe z-direction is measured to be 6.11±1.18N on static surfaces and 6.63±2.18N on moving surfaces. Overall lowest measured force of 1.58N demonstrates constant probe-to-surface contact during scanning. Acquired US images are used for the 3D reconstruction and multi-modal visualization of the surface and the inner anatomical structures of the phantom. Finally, K-means clustering is used to segment different tissues. Best segmentation accuracy of the jugular vein according to Jaccard similarity coefficient is measured to be 0.89. With such an accuracy, this system could substantially improve autonomous US acquisition and enhance the diagnostic confidence of clinicians."
OpenAlex,W3002801921,10.1109/lra.2020.2967682,,Automatic Normal Positioning of Robotic Ultrasound Probe Based Only on Confidence Map Optimization and Force Measurement,2020,2020-01-21,article,IEEE Robotics and Automation Letters,95,https://doi.org/10.1109/lra.2020.2967682,A1,A1,True,,A,Active observational sensing,主动观察式检测,A1,Robotic ultrasound / sonography,机器人超声/超声扫查,Core (title-explicit),"Acquiring good image quality is one of the main challenges for fully-automatic robot-assisted ultrasound systems (RUSS). The presented method aims at overcoming this challenge for orthopaedic applications by optimizing the orientation of the robotic ultrasound (US) probe, i.e. aligning the central axis of the US probe to the tissue's surface normal at the point of contact in order to improve sound propagation within the tissue. We first optimize the in-plane orientation of the probe by analyzing the confidence map of the US image. We then carry out a fan motion and analyze the resulting forces estimated from joint torques to align the central axis of the probe to the normal within the plane orthogonal to the initial image plane. This results in the final 3D alignment of the probe's main axis with the normal to the anatomical surface at the point of contact without using external sensors for surface reconstruction or localizing the point of contact in an anatomical atlas. The algorithm is evaluated both on a phantom and on human tissues (forearm, upper arm and lower back). The mean absolute angular difference (±STD) between true and estimated normal on stationary phantom, forearm, upper arm and lower back was 3.1 ± 1.0°, 3.7 ± 1.7°, 5.3 ± 1.3° and 6.9 ± 3.5°, respectively. In comparison, six human operators obtained errors of 3.2 ± 1.7° on the phantom. Hence the method is able to automatically position the probe normal to the scanned tissue at the point of contact and thus improve the quality of automatically acquired ultrasound images."
OpenAlex; Europe PMC,MED:22925445; W1536645843,10.1111/j.1442-2042.2012.03127.x,22925445,Robotic ultrasound probe for tumor identification in robotic partial nephrectomy: Initial series and outcomes,2012,2012-08-26,article,International Journal of Urology,79,https://doi.org/10.1111/j.1442-2042.2012.03127.x,A1,A1,True,,A,Active observational sensing,主动观察式检测,A1,Robotic ultrasound / sonography,机器人超声/超声扫查,Core (title-explicit),"<h4>Objectives</h4>Accurate tumor identification during partial nephrectomy is essential for successful tumor control. Intraoperative laparoscopic ultrasonography is useful for tumor localization, but the ultrasound probe is controlled by the assistant rather than the surgeon. We evaluated our initial experience using a robotic ultrasound probe that is controlled by the console surgeon.<h4>Methods</h4>Partial nephrectomy was carried out in 22 consecutive patients between November 2010 and March 2011. A robotic ultrasound probe under console surgeon control was used in all the cases. All patients had at least 1 year follow up.<h4>Results</h4>Mean patient age was 59 years and mean tumor size was 2.7 cm. There were six hilar tumors (27%) and 21 (95%) endophytic tumors. Mean R.E.N.A.L. nephrometry score was 6.9 (range 6-9). Mean operative time was 205.7 min and mean warm ischemia time was 17.9 min (range 6-28 min). All patients had negative tumor margins and were free of disease recurrence at a mean follow up of 13 months.<h4>Conclusion</h4>The use of a robotic ultrasound probe during partial nephrectomy allows the surgeon to optimize tumor identification with maximal autonomy, and to benefit from the precision and articulation of the robotic instrument during this key step of the partial nephrectomy procedure."
OpenAlex,W4390632026; W4390495662,10.1146/annurev-control-091523-100042,,Machine Learning in Robotic Ultrasound Imaging: Challenges and Perspectives,2024,2024-01-02,article,Annual Review of Control Robotics and Autonomous Systems,45,https://doi.org/10.1146/annurev-control-091523-100042,A1,A1,True,,A,Active observational sensing,主动观察式检测,A1,Robotic ultrasound / sonography,机器人超声/超声扫查,Core (title-explicit),"This article reviews the recent advances in intelligent robotic ultrasound (US) imaging systems. We commence by presenting the commonly employed robotic mechanisms and control techniques in robotic US imaging, along with their clinical applications. Subsequently, we focus on the deployment of machine learning techniques in the development of robotic sonographers, emphasizing crucial developments aimed at enhancing the intelligence of these systems. The methods for achieving autonomous action reasoning are categorized into two sets of approaches: those relying on implicit environmental data interpretation and those using explicit interpretation. Throughout this exploration, we also discuss practical challenges, including those related to the scarcity of medical data, the need for a deeper understanding of the physical aspects involved, and effective data representation approaches. Moreover, we conclude by highlighting the open problems in the field and analyzing different possible perspectives on how the community could move forward in this research area."
OpenAlex; Europe PMC,W2801809762; MED:29671200,10.1007/s11548-018-1759-x,29671200,Robotic ultrasound-guided facet joint insertion,2018,2018-04-18,article,International Journal of Computer Assisted Radiology and Surgery,40,https://doi.org/10.1007/s11548-018-1759-x,A1,A1,True,,A,Active observational sensing,主动观察式检测,A1,Robotic ultrasound / sonography,机器人超声/超声扫查,Core (title-explicit),"<h4>Purpose</h4>Facet joint insertion is a common treatment of chronic pain in the back and spine. This procedure is often performed under fluoroscopic guidance, where the staff's repetitive radiation exposure remains an unsolved problem. Robotic ultrasound (rUS) has the potential to reduce or even eliminate the use of radiation by using ultrasound with a robotic-guided needle insertion. This work presents first clinical data of rUS-based needle insertions extending previous work of our group.<h4>Methods</h4>Our system implements an automatic US acquisition protocol combined with a calibrated needle targeting system. This approach assists the physician by positioning the needle holder on a trajectory selected in a 3D US volume of the spine.<h4>Results</h4>By the time of submission, nine facets were treated with our approach as first data from an ongoing clinical study. The insertion success rate was shown to be comparable to current clinical practice. Furthermore, US imaging offers additional anatomical context for needle trajectory planning.<h4>Conclusion</h4>This work shows first clinical data for robotic ultrasound-assisted facet joint insertion as a promising solution that can easily be incorporated into the clinical workflow. Presented results show the clinical value of such a system."
OpenAlex; Europe PMC,MED:27097600; W2336652059,10.1007/s11548-016-1408-1,27097600,Dual-robot ultrasound-guided needle placement: closing the planning-imaging-action loop,2016,2016-04-20,article,International Journal of Computer Assisted Radiology and Surgery,64,https://doi.org/10.1007/s11548-016-1408-1,A1,A1,True,,A,Active observational sensing,主动观察式检测,A1,Robotic ultrasound / sonography,机器人超声/超声扫查,Core (title-explicit),"<h4>Purpose</h4>Precise needle placement is an important task during several medical procedures. Ultrasound imaging is often used to guide the needle toward the target region in soft tissue. This task remains challenging due to the user's dependence on image quality, limited field of view, moving target, and moving needle. In this paper, we present a novel dual-robot framework for robotic needle insertions under robotic ultrasound guidance.<h4>Method</h4>We integrated force-controlled ultrasound image acquisition, registration of preoperative and intraoperative images, vision-based robot control, and target localization, in combination with a novel needle tracking algorithm. The framework allows robotic needle insertion to target a preoperatively defined region of interest while enabling real-time visualization and adaptive trajectory planning to provide safe and quick interactions. We assessed the framework by considering both static and moving targets embedded in water and tissue-mimicking gelatin.<h4>Results</h4>The presented dual-robot tracking algorithms allow for accurate needle placement, namely to target the region of interest with an error around 1 mm.<h4>Conclusion</h4>To the best of our knowledge, we show the first use of two independent robots, one for imaging, the other for needle insertion, that are simultaneously controlled using image processing algorithms. Experimental results show the feasibility and demonstrate the accuracy and robustness of the process."
OpenAlex,W3185513125,10.1016/j.bspc.2021.102900,,Tele-operated robotic ultrasound system for medical diagnosis,2021,2021-07-16,article,Biomedical Signal Processing and Control,39,https://doi.org/10.1016/j.bspc.2021.102900,A1,A1,True,,A,Active observational sensing,主动观察式检测,A1,Robotic ultrasound / sonography,机器人超声/超声扫查,Core (title-explicit),
OpenAlex; Europe PMC,MED:23358940; W2172221059,10.1109/tbme.2013.2241430,23358940,Ultrasound Probe and Needle-Guide Calibration for Robotic Ultrasound Scanning and Needle Targeting,2013,2013-01-21,article,IEEE Transactions on Biomedical Engineering,52,https://doi.org/10.1109/tbme.2013.2241430,S4; A1,A1,True,,A,Active observational sensing,主动观察式检测,A1,Robotic ultrasound / sonography,机器人超声/超声扫查,Core (title-explicit),"Image-to-robot registration is a typical step for robotic image-guided interventions. If the imaging device uses a portable imaging probe that is held by a robot, this registration is constant and has been commonly named probe calibration. The same applies to probes tracked by a position measurement device. We report a calibration method for 2-D ultrasound probes using robotic manipulation and a planar calibration rig. Moreover, a needle guide that is attached to the probe is also calibrated for ultrasound-guided needle targeting. The method is applied to a transrectal ultrasound (TRUS) probe for robot-assisted prostate biopsy. Validation experiments include TRUS-guided needle targeting accuracy tests. This paper outlines the entire process from the calibration to image-guided targeting. Freehand TRUS-guided prostate biopsy is the primary method of diagnosing prostate cancer, with over 1.2 million procedures performed annually in the U.S. alone. However, freehand biopsy is a highly challenging procedure with subjective quality control. As such, biopsy devices are emerging to assist the physician. Here, we present a method that uses robotic TRUS manipulation. A 2-D TRUS probe is supported by a 4-degree-of-freedom robot. The robot performs ultrasound scanning, enabling 3-D reconstructions. Based on the images, the robot orients a needle guide on target for biopsy. The biopsy is acquired manually through the guide. In vitro tests showed that the 3-D images were geometrically accurate, and an image-based needle targeting accuracy was 1.55 mm. These validate the probe calibration presented and the overall robotic system for needle targeting. Targeting accuracy is sufficient for targeting small, clinically significant prostatic cancer lesions, but actual in vivo targeting will include additional error components that will have to be determined."
OpenAlex,W3171622331,10.1109/tim.2021.3085110,,Automatic 3-D Imaging and Measurement of Human Spines With a Robotic Ultrasound System,2021,2021-01-01,article,IEEE Transactions on Instrumentation and Measurement,48,https://doi.org/10.1109/tim.2021.3085110,A1,A1,True,,A,Active observational sensing,主动观察式检测,A1,Robotic ultrasound / sonography,机器人超声/超声扫查,Core (title-explicit),"Comparing with X-ray, ultrasound imaging has the advantages of no radiation and easy operation, etc., which is expected to be an effective alternative in clinical assessment for the human spine. At present, freehand scanning is mainly used in ultrasound imaging field, and recently robot-assisted scanning has emerged as a promising way to gradually reduce human intervention. However, the automatic recognition and scanning, as well as the control strategy of robots that guarantee the tight coupling between a probe and human skin, are still challenges. Moreover, the current measurement method of the spine is usually conducted based on plain radiographs, which lacks spatial structure information of spine. In this article, a new radiation-free robotic ultrasound system for 3-D imaging and a measurement method of the spine based on 3-D imaging are presented. A fully convolutional network (FCN) named fuse-Unet based on RGB and depth images captured by an RGB-depth (RGB-D) sensor Kinect, is proposed to realize the automatic recognition of human spine area and scanning path pre-planning. Then a six-degree-of-freedom robotic arm plays the role of a doctor to complete the automatic scanning along the pre-planning path, during which a normal-vector-based method and two force sensors are used to ensure that the probe well fits the spine area. Finally, 3-D ultrasound reconstruction and visualization of the spine are realized, based on which cobb angles are calculated for assessing the morphological structure of the spine. Phantom and in vivo experiments are conducted for evaluating the performance of the proposed system. Experimental results validate the practicability and accuracy of the system, indicating its potential for clinical application."
OpenAlex; Europe PMC,MED:24257431; W1972003883,10.1097/mou.0000000000000011,24257431,Robotic ultrasound and needle guidance for prostate cancer management,2013,2013-11-20,article,Current Opinion in Urology,33,https://doi.org/10.1097/mou.0000000000000011,A1,A1,True,,A,Active observational sensing,主动观察式检测,A1,Robotic ultrasound / sonography,机器人超声/超声扫查,Core (title-explicit),"<h4>Purpose of review</h4>To present the recent advances in needle guidance and robotic ultrasound technology which are used for prostate cancer (PCa) diagnosis and management.<h4>Recent findings</h4>Prostate biopsy technology has remained relatively unchanged. Improved needle localization and precision would allow for better management of this common disease. Robotic ultrasound and needle guidance is one strategy to improve needle localization and diagnostic accuracy of PCa. This review focuses on the recent advances in robotic ultrasound and needle guidance technologies, and their potential impact on PCa diagnosis and management.<h4>Summary</h4>The use of robotic ultrasound and robotic-assisted needle guidance has the potential to improve PCa diagnosis and management."
OpenAlex; Europe PMC,W2215544116; MED:26571522,10.1109/tuffc.2015.2499084,26571522,A Robotic Ultrasound Scanner for Automatic Vessel Tracking and Three-Dimensional Reconstruction of B-Mode Images,2015,2015-11-09,article,IEEE Transactions on Ultrasonics Ferroelectrics and Frequency Control,54,https://doi.org/10.1109/tuffc.2015.2499084,A1,A1,True,,A,Active observational sensing,主动观察式检测,A1,Robotic ultrasound / sonography,机器人超声/超声扫查,Core (title-explicit),"Locating and evaluating the length and severity of a stenosis is very important for planning adequate treatment of peripheral arterial disease (PAD). Conventional ultrasound (US) examination cannot provide maps of entire lower limb arteries in 3-D. We propose a prototype 3D-US robotic system with B-mode images, which is nonionizing, noninvasive, and is able to track and reconstruct a continuous segment of the lower limb arterial tree between the groin and the knee. From an initialized cross-sectional view of the vessel, automatic tracking was conducted followed by 3D-US reconstructions evaluated using Hausdorff distance, cross-sectional area, and stenosis severity in comparison with 3-D reconstructions with computed tomography angiography (CTA). A mean Hausdorff distance of 0.97 ± 0.46 mm was found in vitro for 3D-US compared with 3D-CTA vessel representations. To evaluate the stenosis severity in vitro, 3D-US reconstructions gave errors of 3%-6% when compared with designed dimensions of the phantom, which are comparable to 3D-CTA reconstructions, with 4%-13% errors. The in vivo system's feasibility to reconstruct a normal femoral artery segment of a volunteer was also investigated. These results encourage further ergonomic developments to increase the robot's capacity to represent lower limb vessels in the clinical context."
OpenAlex; Europe PMC,MED:23302984; W2791241606,10.1213/ane.0b013e3182713b49,23302984,First Robotic Ultrasound-Guided Nerve Blocks in Humans Using the Magellan System,2013,2013-01-08,article,Anesthesia & Analgesia,41,https://doi.org/10.1213/ane.0b013e3182713b49,A1,A1,True,,A,Active observational sensing,主动观察式检测,A1,Robotic ultrasound / sonography,机器人超声/超声扫查,Core (title-explicit),"<h4>Background</h4>Ultrasound-guided nerve blocks are becoming a standard of modern anesthesia. We developed a robotic system, Magellan, to perform nerve blocks using a remote control center.<h4>Methods</h4>Thirteen patients were enrolled in this pilot study. The Magellan system consists of 3 main components: a joystick, a robotic arm, and a software control system. The joystick allows simulation of wrist or arm movements of the proceduralist. After localization of the sciatic nerve, 35 mL of bupivacaine 0.25% was injected. The success rate of sciatic nerve blocks and block performance times (performance time=interval of time from the start of the ultrasound search for the nerve to the end of the injection of the drug; robotic time=interval of time from the identification of the nerve to the end of the injection of the drug) were determined. Data are presented as median (25th, 75th; minimal, maximal) and categorical data.<h4>Results</h4>Eight men and 5 women aged 34 years were included in this study. Nerve blocks were successful in all patients. A successful attempt was defined as the introduction of the needle into the nerve sheath; motor or sensory block was not used to determine the success rate. The nerve performance time was 189 seconds (150, 233; 90, 305), whereas the robotic time was 164 seconds (121, 210; 73, 271).<h4>Conclusions</h4>We present the first human testing of a robotic ultrasound-guided nerve block system. The success rate was 100%. The total performance time was approximately 3 minutes to 4 minutes."
OpenAlex,W2555681516,10.1109/mra.2016.2580478,,"Robotic Ultrasound: View Planning, Tracking, and Automatic Acquisition of Transesophageal Echocardiography",2016,2016-11-07,article,IEEE Robotics & Automation Magazine,35,https://doi.org/10.1109/mra.2016.2580478,A1,A1,True,,A,Active observational sensing,主动观察式检测,A1,Robotic ultrasound / sonography,机器人超声/超声扫查,Core (title-explicit),"Automatic ultrasound acquisitions using medical robots would greatly increase the general usability of medical ultrasound with the added benefits of remote control and built-in intelligence. However, novel methods are required to provide an overall workflow linking robotic systems with ultrasound acquisitions. Based on a newly developed robot for transesophageal echocardiography (TEE), we propose a view-planning platform, an autoadaption method for patient-specific data, and an image-based probe tracking method. With all of these ingredients, a phantom experiment was performed with both openloop and closed-loop positioning methods, aimed at proving the concept of automatic ultrasound acquisition. The results demonstrated the feasibility of the whole workflow and indicated high accuracy of acquisition in terms of keeping desired anatomies in the field of view."
OpenAlex,W4323338439,10.1109/tie.2023.3250767,,Inverse-Reinforcement-Learning-Based Robotic Ultrasound Active Compliance Control in Uncertain Environments,2023,2023-03-06,article,IEEE Transactions on Industrial Electronics,42,https://doi.org/10.1109/tie.2023.3250767,A1,A1,True,,A,Active observational sensing,主动观察式检测,A1,Robotic ultrasound / sonography,机器人超声/超声扫查,Core (title-explicit),"Robotic ultrasound systems (RUSs) have gained increasing attention because they can automate repetitive procedures and relieve operators’ workloads. However, the complexity and uncertainty of the human surface pose a challenge for stable scanning control. This article proposes a general active compliance control strategy based on inverse reinforcement learning (IRL) to perform adaptable scanning for uncertain and unstructured environments. We analyze the manual scanning process pattern and propose a velocity-and-force-related control strategy to achieve variable force control and handle unpredictable deformation. Then, a hybrid policy optimization framework is proposed to improve transferability. In this framework, a reinforcement learning policy with a predefined reward is built to establish the relationship between contact force and posture. Furthermore, the policy is re-optimized using IRL and generated demonstrations for IRL training. The policy is trained on simple standard phantoms and further evaluated for stability and transferability in unseen and complex environments. Quantitative results show that the difference between the proposed method and the three-dimensional (3-D) reconstructed model in terms of posture is (2.3±1.3°, 1.9±1.2°) in continuous scans. Overall, our method provides a solution for improving the usability of RUSs in real-world environments."
OpenAlex; Europe PMC,W1918844554; MED:24642160,10.1590/s1677-5538.ibju.2014.01.19,24642160,Robotic nephrolithotomy and pyelolithotomy with utilization of the robotic ultrasound probe,2014,2014-01-01,article,International braz j urol,26,https://doi.org/10.1590/s1677-5538.ibju.2014.01.19,A1,A1,True,,A,Active observational sensing,主动观察式检测,A1,Robotic ultrasound / sonography,机器人超声/超声扫查,Core (title-explicit),"<h4>Introduction</h4>The treatment of large renal stones in children can be challenging often requiring combination therapy and multiple procedures. The purpose of this video is to describe our technique of robotic nephrolithotomy and pyelolithotomy for complex renal stone disease in children, and to demonstrate the utility of the robotic ultrasound probe to aid with stone localization.<h4>Materials and methods</h4>Robotic nephrolithotomy/pyelolithotomy was carried out in four consecutive patients. A robotic ultrasound probe (Hitachi-Aloka, Tokyo, Japan) under console surgeon control was used in all cases.<h4>Results</h4>Two patients underwent robotic pyelolithotomy, one patient underwent robotic nephrolithotomy, whilst the fourth patient underwent robotic pyelolithotomy and nephrolithotomy along with Y-V pyeloplasty for concurrent ureteropelvic junction obstruction. Mean operative time, blood loss and hospital stay was 216 minutes, 37.5 mL and 2 days, respectively. The robotic ultrasound probe aided identification of calculi within the kidney in all cases. For nephroli¬thotomy it was helpful in planning the incision for nephrotomy. After nephrotomy or pyelotomy, stones were removed using a combination of robotic Maryland forceps, fenestrated grasper or Prograsp. Antegrade nephroscopy introduced through a laparoscopic port was used in all patients for confirmation of residual stone status. Two patients did not require a ureteral stent in the post-operative period. One patient had a minor complication (Clavien Grade 2 - dislodged malecot catheter). All patients were stone free at last follow-up.<h4>Conclusions</h4>Robotic nephrolithotomy and pyelolithotomy with utilization of the robotic ultrasound probe offers a one-stop solution for complex renal stones with excellent stone-free rates."
OpenAlex; Europe PMC,W3191221135; MED:34373973,10.1007/s11548-021-02462-6,34373973,Force-guided autonomous robotic ultrasound scanning control method for soft uncertain environment,2021,2021-08-09,article,International Journal of Computer Assisted Radiology and Surgery,35,https://doi.org/10.1007/s11548-021-02462-6,A1,A1,True,,A,Active observational sensing,主动观察式检测,A1,Robotic ultrasound / sonography,机器人超声/超声扫查,Core (title-explicit),"<h4>Purpose</h4>Autonomous ultrasound imaging by robotic ultrasound scanning systems in complex soft uncertain clinical environments is important and challenging to assist in therapy. To cope with the complex environment faced by the ultrasound probe during the scanning process, we propose an autonomous robotic ultrasound (US) control method based on reinforcement learning (RL) model to build the relationship between the environment and the system. The proposed method requires only contact force as input information to achieve robot control of the posture and contact force of the probe without any a priori information about the target and the environment.<h4>Methods</h4>First, an RL agent is proposed and trained by a policy gradient theorem-based RL model with the 6-degree-of-freedom (DOF) contact force of the US probe to learn the relationship between contact force and output force directly. Then, a force control strategy based on the admittance controller is proposed for synchronous force, orientation and position control by defining the desired contact force as the action space.<h4>Results</h4>The proposed method was evaluated via collected US images, contact force and scan trajectories by scanning an unknown soft phantom. The experimental results indicated that the proposed method differs from the free-hand scanned approach in the US images within 3 ± 0.4%. The analysis results of contact forces and trajectories indicated that our method could make stable scanning processes on a soft uncertain skin surface and obtained US images.<h4>Conclusion</h4>We propose a concise and efficient force-guided US robot scanning control method for soft uncertain environment based on reinforcement learning. Experimental results validated our method's feasibility and validity for complex skin surface scanning, and the volunteer experiments indicated the potential application value in the complex clinical environment of robotic US imaging system especially with limited visual information."
OpenAlex; Europe PMC,W2585532967; MED:28159435,10.1016/j.carj.2016.08.002,28159435,Initial Experience Using a Telerobotic Ultrasound System for Adult Abdominal Sonography,2017,2017-01-31,article,Canadian Association of Radiologists Journal,67,https://doi.org/10.1016/j.carj.2016.08.002,A1,A1,True,,A,Active observational sensing,主动观察式检测,A1,Robotic ultrasound / sonography,机器人超声/超声扫查,Core (title-explicit),"<h4>Purpose</h4>The study sought to assess the feasibility of performing adult abdominal examinations using a telerobotic ultrasound system in which radiologists or sonographers can control fine movements of a transducer and all ultrasound settings from a remote location.<h4>Methods</h4>Eighteen patients prospectively underwent a conventional sonography examination (using EPIQ 5 [Philips] or LOGIQ E9 [GE Healthcare]) followed by a telerobotic sonography examination (using the MELODY System [AdEchoTech] and SonixTablet [BK Ultrasound]) according to a standardized abdominal imaging protocol. For telerobotic examinations, patients were scanned remotely by a sonographer 2.75 km away. Conventional examinations were read independently from telerobotic examinations. Image quality and acceptability to patients and sonographers was assessed.<h4>Results</h4>Ninety-two percent of organs visualized on conventional examinations were sufficiently visualized on telerobotic examinations. Five pathological findings were identified on both telerobotic and conventional examinations, 3 findings were identified using only conventional sonography, and 2 findings were identified using only telerobotic sonography. A paired sample t test showed no significant difference between the 2 modalities in measurements of the liver, spleen, and diameter of the proximal aorta; however, telerobotic assessments overestimated distal aorta and common bile duct diameters and underestimated kidney lengths (P values < .05). All patients responded that they would be willing to have another telerobotic examination.<h4>Conclusions</h4>A telerobotic ultrasound system is feasible for performing abdominal ultrasound examinations at a distant location with minimal training and setup requirements and a moderate learning curve. Telerobotic sonography (robotic telesonography) may open up the possibility of remote ultrasound clinics for communities that lack skilled sonographers and radiologists, thereby improving access to care."
OpenAlex; Europe PMC,MED:19145573; W2069830404,10.1002/rcs.232,19145573,Robotic ultrasound‐guided prostate intervention device: system description and results from phantom studies,2009,2009-01-14,article,International Journal of Medical Robotics and Computer Assisted Surgery,40,https://doi.org/10.1002/rcs.232,A1,A1,True,,A,Active observational sensing,主动观察式检测,A1,Robotic ultrasound / sonography,机器人超声/超声扫查,Core (title-explicit),"<h4>Background</h4>We introduce the first robotic ultrasound-guided prostate intervention device and evaluate its safety, accuracy and repeatability.<h4>Methods</h4>The robotic positioning system (RPS) determines a target's x, y and z axes. It is situated with a biplane ultrasound probe on a mobile horizontal platform. The integrated software acquires ultrasound images for three-dimensional (3D) modelling, coordinates target planning and directs the RPS.<h4>Results</h4>The egg phantom evaluates the software's safety and workflow protocol. Two random targets are planned in each quadrant and biopsy needles are inserted. All were within three separate eggs. Metal wire tips are targeted and their distances from the biopsy needle tips are measured. With 20 wires, < 1 mm accuracy is obtained. Repeatability is demonstrated when previous positions are returned to with similar accuracy.<h4>Conclusion</h4>Our device demonstrates safety in a defined boundary with a repeatable accuracy of < 1 mm. It can be used for accurate prostate biopsy and treatment delivery."
OpenAlex; Europe PMC,MED:25540071; W1989849962,10.3109/13645706.2014.992908,25540071,Robot-assisted ultrasound imaging: Overview and development of a parallel telerobotic system,2014,2014-12-25,article,Minimally Invasive Therapy & Allied Technologies,59,https://doi.org/10.3109/13645706.2014.992908,A1,A1,True,,A,Active observational sensing,主动观察式检测,A1,Robotic ultrasound / sonography,机器人超声/超声扫查,Core (title-explicit),"Ultrasound imaging is frequently used in medicine. The quality of ultrasound images is often dependent on the skill of the sonographer. Several researchers have proposed robotic systems to aid in ultrasound image acquisition. In this paper we first provide a short overview of robot-assisted ultrasound imaging (US). We categorize robot-assisted US imaging systems into three approaches: autonomous US imaging, teleoperated US imaging, and human-robot cooperation. For each approach several systems are introduced and briefly discussed. We then describe a compact six degree of freedom parallel mechanism telerobotic system for ultrasound imaging developed by our research team. The long-term goal of this work is to enable remote ultrasound scanning through teleoperation. This parallel mechanism allows for both translation and rotation of an ultrasound probe mounted on the top plate along with force control. Our experimental results confirmed good mechanical system performance with a positioning error of < 1 mm. Phantom experiments by a radiologist showed promising results with good image quality."
OpenAlex; Europe PMC,MED:32100177; W3007008599,10.1007/s11548-020-02122-1,32100177,Design of an end-effector for robot-assisted ultrasound-guided breast biopsies,2020,2020-02-25,article,International Journal of Computer Assisted Radiology and Surgery,55,https://doi.org/10.1007/s11548-020-02122-1,A1,S5,True,,S,Sample-based interactive diagnosis,采样式交互检测,S5,Robotic percutaneous core-needle biopsy,机器人经皮粗针活检,Core (title-explicit),"<h4>Purpose</h4>The biopsy procedure is an important phase in breast cancer diagnosis. Accurate breast imaging and precise needle placement are crucial in lesion targeting. This paper presents an end-effector (EE) for robotic 3D ultrasound (US) breast acquisitions and US-guided breast biopsies. The EE mechanically guides the needle to a specified target within the US plane. The needle is controlled in all degrees of freedom (DOFs) except for the direction of insertion, which is controlled by the radiologist. It determines the correct needle depth and stops the needle accordingly.<h4>Method</h4>In the envisioned procedure, a robotic arm performs localization of the breast, 3D US volume acquisition and reconstruction, target identification and needle guidance. Therefore, the EE is equipped with a stereo camera setup, a picobeamer, US probe holder, a three-DOF needle guide and a needle stop. The design was realized by prototyping techniques. Experiments were performed to determine needle placement accuracy in-air. The EE was placed on a seven-DOF robotic manipulator to determine the biopsy accuracy on a cuboid phantom.<h4>Results</h4>Needle placement accuracy was 0.3 ± 1.5 mm in and 0.1 ± 0.36 mm out of the US plane. Needle depth was regulated with an accuracy of 100 µm (maximum error 0.89 mm). The maximum holding force of the stop was approximately 6 N. The system reached a Euclidean distance error of 3.21 mm between the needle tip and the target and a normal distance of 3.03 mm between the needle trajectory and the target.<h4>Conclusion</h4>An all in one solution was presented which, attached to a robotic arm, assists the radiologist in breast cancer imaging and biopsy. It has a high needle placement accuracy, yet the radiologist is in control like in the conventional procedure."
OpenAlex; Europe PMC,W4306827115; MED:36648034,10.1016/j.jcmg.2022.07.018,36648034,Current Applications of Robot-Assisted Ultrasound Examination,2022,2022-10-19,article,JACC. Cardiovascular imaging,39,https://doi.org/10.1016/j.jcmg.2022.07.018,A1,A1,True,,A,Active observational sensing,主动观察式检测,A1,Robotic ultrasound / sonography,机器人超声/超声扫查,Core (title-explicit),"Despite advances in miniaturization and automation, the need for expert acquisition of a full echocardiogram, including Doppler, has restricted access in remote areas. Recent developments in robotics, teleoperation, and upgraded telecommunications infrastructure may provide a solution to this deficiency. Robot-assisted teleoperated ultrasound examination can aid medical diagnosis in remote locations and may improve health inequalities between rural and urban settings. This review aimed to analyze the status of teleoperated robotic systems for ultrasound examinations, evaluate clinical and preclinical applications, identify limitations, and outline future directions for clinical use. Overall, robot-assisted teleoperated ultrasound is feasible and safe in the reported clinical and preclinical studies, with the robots able to follow the hand movements performed by sonographers and researchers from a distance or in local networks. Moreover, multiple types of ultrasound examinations have been performed in remote areas, with a high success rate nearly comparable to that of conventional sonography. The studies showed that although a low-bandwidth link can be used to control a robot, the bandwidth requirements for real-time transmission of video and ultrasound images are significantly higher. Furthermore, if haptic feedback is implemented, the bandwidth requirements are increased. Haptically enabled systems that improve robotic control are necessary for accelerating the introduction to clinical use. Haptic feedback and enhanced front-end interface control for remote users are vital aspects required for clinical application. The incorporation of artificial intelligence through either aiding in window acquisition (knowledge of anatomical landmarks to adjust scanning planes) or through measurement and disease identification is yet to be researched. However, it has the potential to lead to dramatic advances. A new generation of robots is in development, and several projects in the preclinical stage reveal a promising future to overcome the shortage of health professionals in remote areas."
OpenAlex,W4292793935,10.1109/tim.2022.3200360,,Precise Repositioning of Robotic Ultrasound: Improving Registration-Based Motion Compensation Using Ultrasound Confidence Optimization,2022,2022-01-01,article,IEEE Transactions on Instrumentation and Measurement,40,https://doi.org/10.1109/tim.2022.3200360,A1,A1,True,,A,Active observational sensing,主动观察式检测,A1,Robotic ultrasound / sonography,机器人超声/超声扫查,Core (title-explicit),"Robotic ultrasound (US) imaging has been seen as a promising solution to overcome the limitations of free-hand US examinations, i.e., interoperator variability. However, the fact that robotic US systems (RUSSs) cannot react to subject movements during scans limits their clinical acceptance. Regarding human sonographers, they often react to patient movements by repositioning the probe or even restarting the acquisition, in particular for the scans of anatomies with long structures like limb arteries. To realize this characteristic, we proposed a vision-based system to monitor the subject’s movement and automatically update the scan trajectory thus seamlessly obtaining a complete 3-D image of the target anatomy. The motion monitoring module is developed using the segmented object masks from RGB images. Once the subject is moved, the robot will stop and recompute a suitable trajectory by registering the surface point clouds of the object obtained before and after the movement using the iterative closest point (ICP) algorithm. Afterward, to ensure optimal contact conditions after repositioning US probe, a confidence-based fine-tuning process is used to avoid potential gaps between the probe and contact surface. Finally, the whole system is validated on a human-like arm phantom with an uneven surface, while the object segmentation network is also validated on volunteers. The results demonstrate that the presented system can react to object movements and reliably provide accurate 3-D images."
OpenAlex,W3213118596; W3209068503,10.1109/tmrb.2021.3127015,,Image-Guided Navigation of a Robotic Ultrasound Probe for Autonomous Spinal Sonography Using a Shadow-aware Dual-Agent Framework,2021,2021-11-03,preprint,arXiv (Cornell University),45,https://doi.org/10.1109/tmrb.2021.3127015,A1,A1,True,,A,Active observational sensing,主动观察式检测,A1,Robotic ultrasound / sonography,机器人超声/超声扫查,Core (title-explicit),"Ultrasound (US) imaging is commonly used to assist in the diagnosis and interventions of spine diseases, while the standardized US acquisitions performed by manually operating the probe require substantial experience and training of sonographers. In this work, we propose a novel dual-agent framework that integrates a reinforcement learning (RL) agent and a deep learning (DL) agent to jointly determine the movement of the US probe based on the real-time US images, in order to mimic the decision-making process of an expert sonographer to achieve autonomous standard view acquisitions in spinal sonography. Moreover, inspired by the nature of US propagation and the characteristics of the spinal anatomy, we introduce a view-specific acoustic shadow reward to utilize the shadow information to implicitly guide the navigation of the probe toward different standard views of the spine. Our method is validated in both quantitative and qualitative experiments in a simulation environment built with US data acquired from 17 volunteers. The average navigation accuracy toward different standard views achieves 5.18mm/5.25deg and 12.87mm/17.49deg in the intra- and inter-subject settings, respectively. The results demonstrate that our method can effectively interpret the US images and navigate the probe to acquire multiple standard views of the spine."
OpenAlex; Europe PMC,MED:30777939; W2914948143,10.4103/eus.eus_69_18,30777939,Robotic ultrasound and ultrasonic robot,2019,2019-01-01,article,Endoscopic Ultrasound,13,https://doi.org/10.4103/eus.eus_69_18,A1,A1,True,,A,Active observational sensing,主动观察式检测,A1,Robotic ultrasound / sonography,机器人超声/超声扫查,Core (title-explicit),"The application of robots in the diagnosis and treatment of diseases is gradually increasing every year. Among them, the number of surgeries performed using the da Vinci Robotic Surgical System is growing at 15% per year, which is not due to the increase in the total number of surgeries performed worldwide, but due to the fact that some conventional surgical procedures have turned to robotic surgery, indicating that the da Vinci robot has its own attractiveness. The da Vinci Robotic Surgical System is an advanced robotic platform designed to perform complex surgical procedures through a minimally invasive approach. Simply put, It is an advanced laparoscopic system. It increases the angle of view, reduces hand tremor and allows surgical procedures to be performed on target organs at different angles due to its “EndoWrist” instrument that is more flexible than the laparoscope. It is smaller than the human hand and can perform surgeries in narrow spaces. The da Vinci surgical robot enables surgeons to perform surgeries in a relaxed work environment, thus reducing fatigue and allowing surgeons to focus better. Moreover, it also reduces the number of participating surgeons.[12345] Meanwhile, the application of robots in the diagnosis of diseases has also been reported in previous studies. The da Vinci surgical robot improves the surgical accuracy by increasing the surgical resolution. Similarly, the diagnostic robot also improves the objectivity and accuracy of diagnosis by avoiding interference due to subjective factors. Ultrasonography offers many advantages for medical imaging; however, a lack of trained sonographers in remote communities limits access to sonography for many patients. As a result, many patients have to travel, or be transported, to secondary and tertiary care centers, which often delay diagnosis and subsequent treatment, burden patients and their families, and increase costs. The study conducted by Adams et al.[6] who used a telerobotic ultrasound system (BK Ultrasound) for adult abdominal sonography showed that 92% of organs visualized on conventional examinations were sufficiently visualized on telerobotic examinations. Five pathological findings were identified on both telerobotic and conventional examinations: three findings were identified using only conventional sonography and two findings were identified using only telerobotic sonography. There is no significant difference between the two modalities in measurements of the liver, spleen, and diameter of the proximal aorta; however, telerobotic assessments overestimated the distal aorta, common bile duct diameters and underestimated kidney lengths (P < 0.05). Robotic enucleations can also be performed through a 12-5 MHz robotic probe (BK Drop-In 8826). In the study of Gunelli et al.,[7] 22 robotic enucleations on <3 cm renal tumor were performed through a robotic probe. Once the kidney had been isolated from the adipose capsule at the site of the neoplasia, the exact position of the lesion could be easily identified. No complications due to the use of the ultrasound probe were observed. EUS is a combination of endoscopy and ultrasonography. It was initially used in the diagnosis of gastrointestinal submucosal tumor, gastrointestinal tumor, and pancreaticobiliary disease. In recent years, EUS is increasingly used in the preoperative precision diagnosis and treatment alongside the continuous upgrading of endoscopic instruments. Its importance is self-evident as preoperative precision diagnosis and pathological evaluation often provide clinical guidance to physicians in developing a reasonable treatment regimen. Fine-needle aspiration (FNA) for mediastinal, abdominal, and pancreatic lesions allows minimally invasive preoperative pathological diagnoses, but it poses certain difficulties as the material quality and incidence rates of complications, such as hemorrhage and infections, are affected by the experience and proficiency of endoscopists. Different tissues have different hardness, and therefore, the puncture strength is also different. To select the puncture strength is hard for beginners. EUS-guided treatments, including pancreatic pseudocysts drainage, chemoradiotherapy for advanced pancreatic cancer, biliary drainage for malignant biliary obstruction, as well as more advanced treatments, such as EUS-guided transduodenal gallbladder drainage and gallbladder-preserving cholecystolithotomy and gastrointestinal anastomosis, require experienced and highly skilled endoscopists, as well as precise operation, which greatly limit the development of these minimally invasive therapeutic approaches. Therefore, it is necessary to develop an artificial intelligence-assisted EUS surgical robot. The EUS surgical robot enables intelligent, accurate, and efficient diagnoses and treatment of gastrointestinal diseases. Besides, it has also overcome technical issues faced with virtual reality-assisted interventional endoscopic navigation and high-precision ejection device. This technology will further reduce the incidence rate of complications as it will greatly improve the technical success rate and safety of FNA through precise observation of the anatomical structure of organs surrounding the gastrointestinal tract and precise positioning. Therefore, it will contribute to the establishment of next-generation industrial standards for EUS instruments. Ultrasonic robot will be the future of EUS. Conflicts of interest There are no conflicts of interest."
OpenAlex,W4392932636,10.1109/tro.2024.3378442,,Design and Hierarchical Control of a Homocentric Variable-Stiffness Magnetic Catheter for Multiarm Robotic Ultrasound-Assisted Coronary Intervention,2024,2024-01-01,article,IEEE Transactions on Robotics,41,https://doi.org/10.1109/tro.2024.3378442,A1,A1,True,,A,Active observational sensing,主动观察式检测,A1,Robotic ultrasound / sonography,机器人超声/超声扫查,Core (title-explicit),"Autonomous magnetic catheterization has become a promising technology for next-generation minimally invasive cardiovascular surgery. In this paper, a novel homocentric variable-stiffness magnetic robotic catheter (HVS-MRC) is presented. This device is controlled by a multi-arm robot-assisted catheterization system for use in radiation-free coronary ultrasound intervention. The uniqueness of the HVS-MRC is the generation of variable stiffness through the telescopic motion of three homocentric components with embedded internal magnets. These components can be used to achieve multiple curvatures and large deflections ($&gt;$120 degrees) under a magnetic wrench provided by an external mobile magnet module (EMMM) to adapt to the complex coronary environment. The variable-stiffness kinematics modeling, multivessel selection strategy, and preoperative surgical planning of the proposed magnetic robotic catheter are established. Meanwhile, an extracorporeal mobile ultrasound module (EMUM) is adopted to intraoperatively localize the catheter's in-plane motion with a dominant visual/force feedback controller. A hierarchical relative control scheme is proposed based on the relative Jacobian method to synchronize the motions of the multi-arm robot-assisted catheterization system. The overall performance is evaluated with anin vitrohuman-sized coronary arterial phantom with challenging anatomical variabilities. The results reveal that the HVS-MRC exhibits a high-accuracy intervention performance (average error of 1.52$ \pm$0.35 mm) with smoother steering compared with conventional catheters. High synchronization with a low ultrasound target loss rate (15.8%) and constant-force tracing (2.50$\pm$1.02 N) of the multi-arm robot-assisted catheterization system demonstrate promising application potential in radiation-free autonomous ultrasonographic coronary intervention operations."
OpenAlex; Europe PMC,W2012763872; MED:19428068,10.1016/j.urology.2008.08.498,19428068,Hybrid Laparoscopic and Robotic Ultrasound-guided Radiofrequency Ablation-assisted Clampless Partial Nephrectomy,2009,2009-05-10,article,Urology,28,https://doi.org/10.1016/j.urology.2008.08.498,A1,A1,True,,A,Active observational sensing,主动观察式检测,A1,Robotic ultrasound / sonography,机器人超声/超声扫查,Core (title-explicit),"<h4>Introduction</h4>To describe a clampless approach made possible by creating an avascular plane of tissue with radiofrequency ablation. Laparoscopic partial nephrectomy is slowly gaining acceptance as a method to treat small (<4 cm) and select moderate (<7 cm) renal masses. The intricacies of laparoscopic suturing, which result in prolonged warm ischemia times, have delayed the widespread acceptance of this technique among urologists. Laparoscopic suturing to close the collecting system was done using the da Vinci robot.<h4>Technical considerations</h4>An avascular plane of tissue from coagulation necrosis was achieved with the Habib 4X radiofrequency ablation device and the Rita 1500X generator. Typically, we used a power setting of 50 W but have found settings as low as 25 W necessary to provide hemostasis for larger vessels. The tumor was then sharply excised with a negative margin using robotic scissors and electrocautery to facilitate tissue cutting. Retrograde injection of methylthioninium chloride and saline through an externalized ureteral catheter allowed for precise sutured closure of the collecting system. FloSeal and BioGlue were then applied, making surgical bolsters or parenchymal sutures unnecessary. Intraoperative histologic evaluation of the surgical margin and repeat resection of the tumor bed was possible because the renal hilum was not clamped, and no warm ischemia was used.<h4>Conclusions</h4>This technique, which combines the improving technologies of robotic surgery, intraoperative laparoscopic ultrasonography, and radiofrequency ablation, might make more surgeons comfortable with the intricacies of laparoscopic suturing and eliminate prolonged warm ischemia times. Overall, this method should result in more patients being able to undergo minimally invasive laparoscopic partial nephrectomy."
OpenAlex,W4407392146,10.3390/technologies13020070,,Automatic Robotic Ultrasound for 3D Musculoskeletal Reconstruction: A Comprehensive Framework,2025,2025-02-08,article,Technologies,18,https://doi.org/10.3390/technologies13020070,A1; A4,A1,True,,A,Active observational sensing,主动观察式检测,A1,Robotic ultrasound / sonography,机器人超声/超声扫查,Core (title-explicit),"Musculoskeletal ultrasound (US) imaging faces challenges such as operator experience, limited spatial flexibility, and high personnel costs. This study introduces an Automated Robotic Ultrasound Scanning (ARUS) system that integrates key technological advancements to automate the ultrasound scanning procedure with the robot, including anatomical target localization, automatic trajectory generation, deep-learning-based segmentation, and 3D reconstruction of musculoskeletal structures. The ARUS system consists of a robotic arm, ultrasound imaging, and stereo vision for precise anatomical area detection. A Graphical User Interface (GUI) facilitates a flexible selection of scanning trajectories, improving user interaction and enabling customized US scans. To handle complex and dynamic curvatures on the skin, together with anatomical area detection, the system employs a hybrid position–force control strategy based on the generated trajectory, ensuring stability and accuracy. Additionally, the utilized RA-UNet model offers multi-label segmentation on the bone and muscle tissues simultaneously, which incorporates residual blocks and attention mechanisms to enhance segmentation accuracy and robustness. A custom musculoskeletal phantom was used for validation. Compared to the reference 3D reconstruction result derived from the MRI scan, ARUS achieved a 3D reconstruction root mean square error (RMSE) of 1.22 mm, with a mean error of 0.94 mm and a standard deviation of 0.77 mm. The ARUS system extends 3D musculoskeletal imaging capacity by enabling both bones and muscles to be segmented and reconstructed into 3D shapes in real time and simultaneously. These features suggest significant potential as a cost-effective and reliable option for musculoskeletal examination and diagnosis in real-time applications."
OpenAlex,W4298197250; W3201252943,10.1109/access.2022.3165936,,Follow the Curve: Robotic Ultrasound Navigation With Learning-Based Localization of Spinous Processes for Scoliosis Assessment,2022,2022-01-01,article,IEEE Access,28,https://doi.org/10.1109/access.2022.3165936,A1,A1,True,,A,Active observational sensing,主动观察式检测,A1,Robotic ultrasound / sonography,机器人超声/超声扫查,Core (title-explicit),"The scoliosis progression in adolescents requires close monitoring to timely take treatment measures. Ultrasound imaging is a radiation-free alternative in scoliosis assessment to X-ray, which is typically used in clinical practice. However, ultrasound images are prone to speckle noise, making it challenging for sonographers to detect bony features and follow the spinal curvature. This study introduces a novel robotic ultrasound approach for spinous process localization and automatic spinal curvature tracking for scoliosis assessment. The positions of the spinous processes are computed using a fully connected network with a deconvolutional head. A 5-fold cross-validation was performed on a dataset of ultrasound images from 25 human subjects with scoliosis. The resulting percentage of correct keypoints of the spinous process is 0.966±0.027 with a mean distance error of 1.0±0.99 mm. We use this machine learning-based method to guide the motion of the robot-held ultrasound probe and to follow the spinal curvature while capturing ultrasound images. We present a new force-driven controller that automatically adjusts the pose and orientation of the probe relative to the skin surface, which ensures a good acoustic coupling between the probe and skin. We extended the network architecture to additionally perform classification of the spine into its regions, i.e., sacrum, lumbar, and thoracic, which are used to adjust the probe’s orientation to account for the varying curvature along the spine. After the autonomous scanning, the acquired data is used to reconstruct the coronal spinal image, where the deformity of the scoliosis spine can be assessed and measured. The proposed learning-based method for anatomical landmarks localization was compared to conventional methods based on phase symmetry and image intensity. The learning-based method proved to be more precise for spinous process localization while processing images at a faster rate, which is advantageous for real-time scoliosis scanning. To evaluate the performance of our robotic method, we conducted an experimental study with human scoliosis subjects where deviations of the spinous process from the image center can be compared to those appearing in a manual scan. Our results show that the robotic approach reduces the mean error of spinal curvature following for mild scoliosis from 4.6±4.6mm (manual scanning) to 1.0±0.8mm (robotic scanning); For moderate scoliosis from 4.3±3.9mm (manual scanning) to 2.8±1.8mm (robotic scanning). The angles of spinal deformity measured on spinal reconstruction images were similar for both methods, implying that they equally reflect human anatomy. The spinal region-specific moment-based probe orientation control showed to improve the scanning performance. An ablation study was performed to investigate the importance of each component of the proposed system."
OpenAlex,W4210703720; W4226269459,10.1109/lra.2022.3146542,,RSV: Robotic Sonography for Thyroid Volumetry,2022,2022-01-27,article,IEEE Robotics and Automation Letters,30,https://doi.org/10.1109/lra.2022.3146542,A1,A1,True,,A,Active observational sensing,主动观察式检测,A1,Robotic ultrasound / sonography,机器人超声/超声扫查,Core (title-explicit),"In nuclear medicine, radioiodine therapy is prescribed to treat diseases like hyperthyroidism. The calculation of the prescribed dose depends, amongst other factors, on the thyroid volume. This is currently estimated using conventional 2D ultrasound imaging. However, this modality is inherently user-dependant, resulting in high variability in volume estimations. To increase reproducibility and consistency, we uniquely combine a neural network-based segmentation with an automatic robotic ultrasound scanning for thyroid volumetry. The robotic acquisition is achieved by using a 6 DoF robotic arm with an attached ultrasound probe. Its movement is based on an online segmentation of each thyroid lobe and the appearance of the US image. During post-processing, the US images are segmented to obtain a volume estimation. In an ablation study, we demonstrated the superiority of the motion guidance algorithms for the robot arm movement compared to a naive linear motion executed by the robot in terms of volumetric accuracy. In a user study on a phantom, we compared conventional 2D ultrasound measurements with our robotic system. The mean volume measurement error of ultrasound expert users could be significantly decreased from$20.85\pm 16.10\%$to only$8.23\pm 3.10\%$compared to the ground truth. This tendency was observed even more in non-expert users where the mean error improvement with the robotic system was measured to be as high as 85% which clearly shows the advantages of the robotic support."
OpenAlex; Europe PMC,MED:36159101; W4285385385,10.5662/wjm.v12.i4.274,36159101,Robotic ultrasound: An initial feasibility study,2022,2022-07-14,article,World Journal of Methodology,11,https://doi.org/10.5662/wjm.v12.i4.274,A1,A1,True,,A,Active observational sensing,主动观察式检测,A1,Robotic ultrasound / sonography,机器人超声/超声扫查,Core (title-explicit),"<h4>Background</h4>Performing ultrasound during the current pandemic time is quite challenging. To reduce the chances of cross-infection and keep healthcare workers safe, a robotic ultrasound system was developed, which can be controlled remotely. It will also pave way for broadening the reach of ultrasound in remote distant rural areas as well.<h4>Aim</h4>To assess the feasibility of a robotic system in performing abdominal ultrasound and compare it with the conventional ultrasound system.<h4>Methods</h4>A total of 21 healthy volunteers were recruited. Ultrasound was performed in two settings, using the robotic arm and conventional hand-held procedure. Images acquired were analyzed by separate radiologists.<h4>Results</h4>Our study showed that the robotic arm model was feasible, and the results varied based on the organ imaged. The liver images showed no significant difference. For other organs, the need for repeat imaging was higher in the robotic arm, which could be attributed to the radiologist's learning curve and ability to control the haptic device. The doctor and volunteer surveys also showed significant comfort with acceptance of the technology and they expressed their desire to use it in the future.<h4>Conclusion</h4>This study shows that robotic ultrasound is feasible and is the need of the hour during the pandemic."
OpenAlex; Europe PMC,MED:27406743; W2472933288,10.1007/s11548-016-1455-7,27406743,Robotic ultrasound-guided SBRT of the prostate: feasibility with respect to plan quality,2016,2016-07-12,article,International Journal of Computer Assisted Radiology and Surgery,18,https://doi.org/10.1007/s11548-016-1455-7,A1,A1,True,,A,Active observational sensing,主动观察式检测,A1,Robotic ultrasound / sonography,机器人超声/超声扫查,Core (title-explicit),"<h4>Purpose</h4>Advances in radiation therapy delivery systems have enabled motion compensated SBRT of the prostate. A remaining challenge is the integration of fast, non-ionizing volumetric imaging. Recently, robotic ultrasound has been proposed as an intra-fraction image modality. We study the impact of integrating a light-weight robotic arm carrying an ultrasound probe with the CyberKnife system. Particularly, we analyze the effect of different robot poses on the plan quality.<h4>Methods</h4>A method to detect the collision of beams with the robot or the transducer was developed and integrated into our treatment planning system. A safety margin accounts for beam motion and uncertainties. Using strict dose bounds and the objective to maximize target coverage, we generated a total of 7650 treatment plans for five different prostate cases. For each case, ten different poses of the ultrasound robot and transducer were considered. The effect of different sets of beam source positions and different motion margins ranging from 5 to 50 mm was analyzed.<h4>Results</h4>Compared to reference plans without the ultrasound robot, the coverage typically drops for all poses. Depending on the patient, the robot pose, and the motion margin, the reduction in coverage may be up to 50 % points. However, for all patient cases, there exist poses for which the loss in coverage was below 1 % point for motion margins of up to 20 mm. In general, there is a positive correlation between the number of treatment beams and the coverage.<h4>Conclusion</h4>While the blocking of beam directions has a negative effect on the plan quality, the results indicate that a careful choice of the ultrasound robot's pose and a large solid angle covered by beam starting positions can offset this effect. Identifying robot poses that yield acceptable plan quality and allow for intra-fraction ultrasound image guidance, therefore, appears feasible."
OpenAlex; Europe PMC,MED:33829043; W3139460796,10.3389/frobt.2021.645424,33829043,Robotic Ultrasound Scanning With Real-Time Image-Based Force Adjustment: Quick Response for Enabling Physical Distancing During the COVID-19 Pandemic,2021,2021-03-22,article,Frontiers in Robotics and AI,41,https://doi.org/10.3389/frobt.2021.645424,A1; R2,A1,True,,A,Active observational sensing,主动观察式检测,A1,Robotic ultrasound / sonography,机器人超声/超声扫查,Core (title-explicit),"During an ultrasound (US) scan, the sonographer is in close contact with the patient, which puts them at risk of COVID-19 transmission. In this paper, we propose a robot-assisted system that automatically scans tissue, increasing sonographer/patient distance and decreasing contact duration between them. This method is developed as a quick response to the COVID-19 pandemic. It considers the preferences of the sonographers in terms of how US scanning is done and can be trained quickly for different applications. Our proposed system automatically scans the tissue using a dexterous robot arm that holds US probe. The system assesses the quality of the acquired US images in real-time. This US image feedback will be used to automatically adjust the US probe contact force based on the quality of the image frame. The quality assessment algorithm is based on three US image features: correlation, compression and noise characteristics. These US image features are input to the SVM classifier, and the robot arm will adjust the US scanning force based on the SVM output. The proposed system enables the sonographer to maintain a distance from the patient because the sonographer does not have to be holding the probe and pressing against the patient's body for any prolonged time. The SVM was trained using bovine and porcine biological tissue, the system was then tested experimentally on plastisol phantom tissue. The result of the experiments shows us that our proposed quality assessment algorithm successfully maintains US image quality and is fast enough for use in a robotic control loop."
OpenAlex; Europe PMC,W4312129163; MED:36565368,10.1007/s11548-022-02810-0,36565368,A multimodal user interface for touchless control of robotic ultrasound,2022,2022-12-24,article,International Journal of Computer Assisted Radiology and Surgery,14,https://doi.org/10.1007/s11548-022-02810-0,A1,A1,True,,A,Active observational sensing,主动观察式检测,A1,Robotic ultrasound / sonography,机器人超声/超声扫查,Core (title-explicit),"<h4>Purpose</h4>Past research contained the investigation and development of robotic ultrasound. In this context, interfaces which allow for interaction with the robotic system are of paramount importance. Few researchers have addressed the issue of developing non-tactile interaction approaches, although they could be beneficial for maintaining sterility during medical procedures. Interaction could be supported by multimodality, which has the potential to enable intuitive and natural interaction. To assess the feasibility of multimodal interaction for non-tactile control of a co-located robotic ultrasound system, a novel human-robot interaction concept was developed.<h4>Methods</h4>The medical use case of needle-based interventions under hybrid computed tomography and ultrasound imaging was analyzed by interviewing four radiologists. From the resulting workflow, interaction tasks were derived which include human-robot interaction. Based on this, characteristics of a multimodal, touchless human-robot interface were elaborated, suitable interaction modalities were identified, and a corresponding interface was developed, which was thereafter evaluated in a user study with eight participants.<h4>Results</h4>The implemented interface includes voice commands, combined with hand gesture control for discrete control and navigation interaction of the robotic US probe, respectively. The interaction concept was evaluated by the users in the form of a quantitative questionnaire with a average usability. Qualitative analysis of interview results revealed user satisfaction with the implemented interaction methods and potential improvements to the system.<h4>Conclusion</h4>A multimodal, touchless interaction concept for a robotic US for the use case of needle-based procedures in interventional radiology was developed, incorporating combined voice and hand gesture control. Future steps will include the integration of a solution for the missing haptic feedback and the evaluation of its clinical suitability."
OpenAlex,W3091414563; W3041904324,10.1515/cdbme-2020-0033,,Robotized ultrasound imaging of the peripheral arteries – a phantom study,2020,2020-09-01,article,DOAJ (DOAJ: Directory of Open Access Journals),14,https://doi.org/10.1515/cdbme-2020-0033,A1,A1,True,,A,Active observational sensing,主动观察式检测,A1,Robotic ultrasound / sonography,机器人超声/超声扫查,Core (title-explicit),"Abstract The first choice in diagnostic imaging for patients suffering from peripheral arterial disease (PAD) is 2D ultrasound (US). However, for a proper imaging process, a skilled and experienced sonographer is required. Additionally, it is a highly user-dependent operation. A robotized US system that autonomously scans the peripheral arteries has the potential to overcome these limitations. In this work, we extend a previously proposed system by a hierarchical image analysis pipeline based on convolutional neural networks (CNNs) in order to control the robot. The system was evaluated by checking its feasibility to keep the vessel lumen of a leg phantom within the US image while scanning along the artery. In 100% of the images acquired during the scan process the whole vessel lumen was visible. While defining an insensitivity margin of 2.74 mm, the mean absolute distance between vessel center and the horizontal image center line was 2.47 mm and 3.90 mm for an easy and complex scenario, respectively. In conclusion, this system presents the basis for fully automatized peripheral artery imaging in humans using a radiation-free approach."
OpenAlex; Europe PMC,MED:37325198; W4309326651,10.1109/lra.2022.3218183,37325198,A-SEE: Active-Sensing End-Effector Enabled Probe Self-Normal-Positioning for Robotic Ultrasound Imaging Applications,2022,2022-10-01,article,IEEE Robotics and Automation Letters,29,https://doi.org/10.1109/lra.2022.3218183,A1,A1,True,,A,Active observational sensing,主动观察式检测,A1,Robotic ultrasound / sonography,机器人超声/超声扫查,Core (title-explicit),"Conventional manual ultrasound (US) imaging is a physically demanding procedure for sonographers. A robotic US system (RUSS) has the potential to overcome this limitation by automating and standardizing the imaging procedure. It also extends ultrasound accessibility in resource-limited environments with the shortage of human operators by enabling remote diagnosis. During imaging, keeping the US probe normal to the skin surface largely benefits the US image quality. However, an autonomous, real-time, low-cost method to align the probe towards the direction orthogonal to the skin surface without pre-operative information is absent in RUSS. We propose a novel end-effector design to achieve self-normal-positioning of the US probe. The end-effector embeds four laser distance sensors to estimate the desired rotation towards the normal direction. We then integrate the proposed end-effector with a RUSS system which allows the probe to be automatically and dynamically kept to normal direction during US imaging. We evaluated the normal positioning accuracy and the US image quality using a flat surface phantom, an upper torso mannequin, and a lung ultrasound phantom. Results show that the normal positioning accuracy is 4.17 ± 2.24 degrees on the flat surface and 14.67 ± 8.46 degrees on the mannequin. The quality of the RUSS collected US images from the lung ultrasound phantom was equivalent to that of the manually collected ones."
OpenAlex,W2773101728,10.1016/j.jrras.2017.11.005,,Evolution of Robot-assisted ultrasound-guided breast biopsy systems,2017,2017-12-11,article,Journal of Radiation Research and Applied Sciences,32,https://doi.org/10.1016/j.jrras.2017.11.005,A1,S5,True,,S,Sample-based interactive diagnosis,采样式交互检测,S5,Robotic percutaneous core-needle biopsy,机器人经皮粗针活检,Core (title-explicit),"Robot-assisted ultrasound-guided breast biopsy combines ultrasound (US) imaging with a robotic system for medical interventions. This study was designed to provide a literature review of a robotic US-guided breast biopsy system to delineate its efficacious impact on current medical practice. In addition, the strengths and limitations of this approach were also addressed. Articles published in the English language between 2000 and 2016 were appraised in this review. A wide range of systems that bind robotics with US imaging and guided breast biopsy were examined in this article. The fundamental safety and real-time imaging capabilities of US, together with the accuracy and maneuverability of robotic devices, is clearly an effective association with unmatched capabilities. Numerous experimental systems have obvious benefits over old-fashioned techniques, and the future of robot-assisted US-guided breast biopsy will be characterized by increasing levels of automation, and they hold tremendous possibility to impact doctor achievement, patient recovery, and clinical management."
OpenAlex; Europe PMC,W3092780268; MED:33076753,10.1177/1357633x20965422,33076753,Telerobotic ultrasound to provide obstetrical ultrasound services remotely during the COVID-19 pandemic,2020,2020-10-20,article,Journal of Telemedicine and Telecare,48,https://doi.org/10.1177/1357633x20965422,A1,A1,True,,A,Active observational sensing,主动观察式检测,A1,Robotic ultrasound / sonography,机器人超声/超声扫查,Core (title-explicit),"<h4>Introduction</h4>Obstetrical ultrasound imaging is critical in identifying at-risk pregnancies and informing clinical management. The coronavirus disease 2019 (COVID-19) pandemic has exacerbated challenges in accessing obstetrical ultrasound for patients in underserved rural and remote communities where this service is not available. This prospective descriptive study describes our experience of providing obstetrical ultrasound services remotely using a telerobotic ultrasound system in a northern Canadian community isolated due to a COVID-19 outbreak.<h4>Methods</h4>A telerobotic ultrasound system was used to perform obstetrical ultrasound exams remotely in La Loche, Canada, a remote community without regular access to obstetrical ultrasound. Using a telerobotic ultrasound system, a sonographer 605 km away remotely controlled an ultrasound probe and ultrasound settings. Twenty-one exams were performed in a five-week period during a COVID-19 outbreak in the community, including limited first-, second- and third-trimester exams (<i>n</i> = 11) and complete second-trimester exams (<i>n</i> = 10). Participants were invited to complete a survey at the end of the telerobotic ultrasound exam describing their experiences with telerobotic ultrasound. Radiologists subsequently interpreted all exams and determined the adequacy of the images for diagnosis.<h4>Results</h4>Of 11 limited obstetrical exams, radiologists indicated images were adequate in nine (81%) cases, adequate with some reservations in one (9%) case and inadequate in one (9%) case. Of 10 second-trimester complete obstetrical exams, radiologists indicated images were adequate in two (20%) cases, adequate with some reservations in three (30%) cases and inadequate in five (50%) cases. Second-trimester complete obstetrical exams were limited due to a combination of body habitus, foetal lie and telerobotic technology.<h4>Discussion</h4>A telerobotic ultrasound system may be used to answer focused clinical questions such as foetal viability, dating and foetal presentation in a timely manner while minimising patient travel to larger centres and potential exposure to severe acute respiratory syndrome coronavirus 2 (SARS-CoV-2), during the COVID-19 pandemic."
OpenAlex; Europe PMC,MED:37227912; W4378195137,10.1109/tbme.2023.3279114,37227912,Autonomous Robotic Ultrasound Vascular Imaging System With Decoupled Control Strategy for External-Vision-Free Environments,2023,2023-05-25,article,IEEE Transactions on Biomedical Engineering,26,https://doi.org/10.1109/tbme.2023.3279114,A1,A1,True,,A,Active observational sensing,主动观察式检测,A1,Robotic ultrasound / sonography,机器人超声/超声扫查,Core (title-explicit),"<h4>Objective</h4>Ultrasound (US) probes scan over the surface of the human body to acquire US images in clinical vascular US diagnosis. However, due to the deformation and specificity of different human surfaces, the relationship between the scan trajectory of the skin and the internal tissues is not fully correlated, which poses a challenge for autonomous robotic US imaging in a dynamic and external-vision-free environment. Here, we propose a decoupled control strategy for autonomous robotic vascular US imaging in an environment without external vision.<h4>Methods</h4>The proposed system is divided into outer-loop posture control and inner-loop orientation control, which are separately determined by a deep learning (DL) agent and a reinforcement learning (RL) agent. First, we use a weakly supervised US vessel segmentation network to estimate the probe orientation. In the outer loop control, we use a force-guided reinforcement learning agent to maintain a specific angle between the US probe and the skin in the dynamic imaging processes. Finally, the orientation and the posture are integrated to complete the imaging process.<h4>Results</h4>Evaluation experiments on several volunteers showed that our RUS could autonomously perform vascular imaging in arms with different stiffness, curvature, and size without additional system adjustments. Furthermore, our system achieved reproducible imaging and reconstruction of dynamic targets without relying on vision-based surface information.<h4>Conclusion and significance</h4>Our system and control strategy provides a novel framework for the application of US robots in complex and external-vision-free environments."
OpenAlex,W4376988517; W4380607050,10.1109/tase.2023.3277331,,DopUS-Net: Quality-Aware Robotic Ultrasound Imaging Based on Doppler Signal,2023,2023-06-14,article,IEEE Transactions on Automation Science and Engineering,18,https://doi.org/10.1109/tase.2023.3277331,A1,A1,True,,A,Active observational sensing,主动观察式检测,A1,Robotic ultrasound / sonography,机器人超声/超声扫查,Core (title-explicit),"Medical ultrasound (US) is widely used to evaluate and stage vascular diseases, in particular for the preliminary screening program, due to the advantage of being radiation-free. However, automatic segmentation of small tubular structures (e.g., the ulnar artery) from cross-sectional US images is still challenging. To address this challenge, this paper proposes the DopUS-Net and a vessel re-identification module that leverage the Doppler effect to enhance the final segmentation result. Firstly, the DopUS-Net combines the Doppler images with B-mode images to increase the segmentation accuracy and robustness of small blood vessels. It incorporates two encoders to exploit the maximum potential of the Doppler signal and recurrent neural network modules to preserve sequential information. Input to the first encoder is a two-channel duplex image representing the combination of the grey-scale Doppler and B-mode images to ensure anatomical spatial correctness. The second encoder operates on the pure Doppler images to provide a region proposal. Secondly, benefiting from the Doppler signal, this work first introduces an online artery re-identification module to qualitatively evaluate the real-time segmentation results and automatically optimize the probe pose for enhanced Doppler images. This quality-aware module enables the closed-loop control of robotic screening to further improve the confidence and robustness of image segmentation. The experimental results demonstrate that the proposed approach with the re-identification process can significantly improve the accuracy and robustness of the segmentation results (Dice score: from$0.54$to$0.86$; intersection over union: from$0.47$to$0.78$).Note to Practitioners—The Doppler signal is important for the diagnosis of vascular disease, e.g., peripheral arterial disease, in clinical practices, nevertheless it is not of similar significance for state-of-the-art robotic ultrasound (US) examination systems yet. This paper explores various neural network structures to effectively extract the blood vessels from US images by incorporating the Doppler signal into the segmentation process. The final DopUS structure with two encoders extracting differentiated information from two different inputs and fusing the latent feature representations in the bottleneck layer can also inspire other tasks like multi-senor fusion. In addition, this work developed a Doppler-based tracker to assess the quality of the segmentation results in real-time. The assessment is subsequently used for a quality-aware module that enables closed-loop control of the robotic screening. Preliminary physical experiments suggest that the quality-aware robotic screening system can improve the confidence and robustness of autonomous US examination results. In the future, the Doppler signal could also be used to support clinical diagnosis. We believe the proposed quality-aware autonomous screening system is important for the development of large-scale robotic US screening programs. It will not only benefit the examination of limb arteries but also other vascular structures, e.g., carotid or aorta."
OpenAlex,W4380318419,10.1109/tase.2023.3282974,,Task Space Compliant Control and Six-Dimensional Force Regulation Toward Automated Robotic Ultrasound Imaging,2023,2023-06-12,article,IEEE Transactions on Automation Science and Engineering,23,https://doi.org/10.1109/tase.2023.3282974,A1,A1,True,,A,Active observational sensing,主动观察式检测,A1,Robotic ultrasound / sonography,机器人超声/超声扫查,Core (title-explicit),"Objective:We propose a general control framework for task space compliant motion and six-dimensional (6-D) force regulation towards automated robotic ultrasound (US) imaging. The framework endows a position-controlled robotic manipulator with the capability of accurate compliant motion in free space and accurate force control in motion-constrained environment.Methods:An intuitive six degree-of-freedom (6-DoF) admittance control model expressed in an arbitrary Cartesian body frame is mathematically derived with closed-form task space error mapping. Its practical implementation on widely-used collaborative manipulators is proposed to achieve full task space compliant behaviors and accurate 6-D force control. A hybrid control law is presented to achieve good motion accuracy in free space and improved coupled stability in motion-constrained environment. The coupled model of physical human-robot interaction is established and the reason for the improved coupled stability is analyzed through simulation.Results:Evaluation experiments on the proposed control framework were performed to show the effectiveness. The mean error of compliant trajectory following was less than 0.30 mm in free space. The mean relative force and moment control accuracy in three orthogonal directions was better than 0.5% and 0.8%, respectively. The improved coupled stability under the same model parameters was also confirmed by human-robot interaction experiments. Finally, an automated robotic US imaging experiment on a human volunteer in a real clinical scenario was carried out to show the potential application of our proposed framework.Conclusion:Experimental results have shown the advantages of the control framework, including satisfied force control accuracy, high accuracy of compliant motion, improved coupled stability, and system effectiveness on a human volunteer.Note to Practitioners—This paper was motivated by the increasing needs of automated ultrasound (US) scanning for both diagnostic and interventional purpose. Clinical sonographers suffer from repeated workload when performing diagnostic US imaging, which could benefit from automated robotic scanning. Robotic US imaging involves physical interaction between the robot end-effector (i.e., US transducer) and the human body. The dynamics of the interaction is regulated by the control law to guarantee the contact of the US transducer and the safety of the procedure. Most existing works have focused on regulating in-plane contact force in terms of the position without considering the compliance in other dimensions. However, it is not a trivial work to extend the positional compliance to six degree-of-freedom (6-DoF) compliance. As the prevalence of low-cost collaborative robotic arms in medical scenarios, how to perform 6-DoF compliant trajectory following and accurate six-dimensional (6-D) force control on these robotic arms becomes increasingly important. This paper gives a complete general solution to achieve 6-DoF compliant control and 6-D force regulation with accurate kinematics on a position-controlled robotic arm. A hybrid control law is proposed to switch the government of “instantaneous model” and “theoretical model” to achieve compliant motion accuracy in free space and improved coupled stability in motion-constrained environment. No expensive torque sensors and torque control interface are required. And no prior geometric knowledge about the scanning object is needed. We have demonstrated the application for robotic US imaging in a real clinical scenario."
OpenAlex; Europe PMC,W2995898362; MED:31821099,10.1097/ju.0000000000000692,31821099,Comparison of Initial Experience with Transrectal Magnetic Resonance Imaging Cognitive Guided Micro-Ultrasound Biopsies versus Established Transperineal Robotic Ultrasound Magnetic Resonance Imaging Fusion Biopsies for Prostate Cancer,2019,2019-12-10,article,The Journal of Urology,52,https://doi.org/10.1097/ju.0000000000000692,A1,S4; S5,True,,S,Sample-based interactive diagnosis,采样式交互检测,S4,Robotic prostate biopsy,机器人前列腺活检,Core (title-explicit),"<h4>Purpose</h4>We compared cancer detection rates in patients who underwent magnetic resonance imaging cognitive guided micro-ultrasound biopsy vs robotic ultrasound magnetic resonance imaging fusion biopsy for prostate cancer.<h4>Materials and methods</h4>Among 269 targeted biopsy procedures 222 men underwent robotic ultrasound magnetic resonance imaging fusion biopsy and 47 micro-ultrasound biopsy. Robotic ultrasound magnetic resonance imaging fusion biopsy was performed using the transperineal Artemis™ device while micro-ultrasound biopsy was performed transrectally with the high resolution ExactVu™ system. Random biopsies were performed in addition to targeted biopsy in both modalities. Prostate cancer detection rates and concordance between random and target biopsies were also assessed.<h4>Results</h4>Groups were comparable in terms of age, prostate specific antigen, prostate volume and magnetic resonance PI-RADS (Prostate Imaging Reporting and Data System) version 2 score. The micro-ultrasound biopsy group presented fewer biopsied cores in random and target approaches. In targeted biopsies micro-ultrasound biopsy cases presented higher detection of clinically significant disease (Gleason score greater than 6) than the robotic ultrasound magnetic resonance imaging fusion biopsy group (38% vs 23%, p=0.02). When considering prostate cancer detection regardless of Gleason score or prostate cancer detection by random+target biopsies, no difference was found between the groups. However, on a per core basis overall prostate cancer detection rates favored micro-ultrasound biopsy in random and targeted scenarios. In addition, the PRI-MUS (Prostate Risk Identification Using Micro-Ultrasound) score yielded by micro-ultrasound visualization was independently associated with improved cancer detection rates of clinically significant prostate cancer.<h4>Conclusions</h4>In our initial experience micro-ultrasound biopsy featured a higher clinically significant prostate cancer detection rate in target cores than robotic ultrasound magnetic resonance imaging fusion biopsy, which was associated with target features in micro-ultrasound (PRI-MUS score). These findings reinforce the role of micro-ultrasound technology in targeted biopsies."
OpenAlex,W4390576606,10.1109/tmrb.2024.3349626,,Toward Safe and Collaborative Robotic Ultrasound Tissue Scanning in Neurosurgery,2024,2024-01-04,article,IEEE Transactions on Medical Robotics and Bionics,13,https://doi.org/10.1109/tmrb.2024.3349626,A1,A1,True,,A,Active observational sensing,主动观察式检测,A1,Robotic ultrasound / sonography,机器人超声/超声扫查,Core (title-explicit),"Intraoperative ultrasound imaging is used to facilitate safe brain tumour resection. However, due to challenges with image interpretation and the physical scanning, this tool has yet to achieve widespread adoption in neurosurgery. In this paper, we introduce the components and workflow of a novel, versatile robotic platform for intraoperative ultrasound tissue scanning in neurosurgery. An RGB-D camera attached to the robotic arm allows for automatic object localisation with ArUco markers, and 3D surface reconstruction as a triangular mesh using the ImFusion Suite software solution. Impedance controlled guidance of the US probe along arbitrary surfaces, represented as a mesh, enables collaborative US scanning, i.e., autonomous, teleoperated and hands-on guided data acquisition. A preliminary experiment evaluates the suitability of the conceptual workflow and system components for probe landing on a custom-made soft-tissue phantom. Further assessment in future experiments will be necessary to prove the effectiveness of the presented platform."
OpenAlex; Europe PMC,W2969381969; MED:31422960,10.1088/1361-6560/ab3bfb,31422960,Optimizing robot motion for robotic ultrasound-guided radiation therapy,2019,2019-08-19,article,Physics in Medicine and Biology,12,https://doi.org/10.1088/1361-6560/ab3bfb,A1,A1,True,,A,Active observational sensing,主动观察式检测,A1,Robotic ultrasound / sonography,机器人超声/超声扫查,Core (title-explicit),"An important aspect of robotic radiation therapy is active compensation of target motion. Recently, ultrasound has been proposed to obtain real-time volumetric images of abdominal organ motion. One approach to realize flexible probe placement throughout the treatment fraction is based on a robotic arm holding the ultrasound probe. However, the probe and the robot holding it may obstruct some of the beams with a potentially adverse effect on the plan quality. This can be mitigated by using a kinematically redundant robot, which allows maintaining a steady pose of the ultrasound probe while moving its elbow in order to minimize beam blocking. Ultimately, the motion of both the beam source carrying and the ultrasound probe holding robot contributes to the overall treatment time, i.e. beam delivery and robot motion. We propose an approach to optimize the motion and coordination of both robots based on a generalized traveling salesman problem. Furthermore, we study an application of the model to a prostate treatment scenario. Because the underlying optimization problem is hard, we compare results from a state-of-the-art heuristic solver and an approximation scheme with low computational effort. Our results show that integration of the robot holding the ultrasound probe is feasible with acceptable overhead in overall treatment time. For clinically realistic velocities of the robots, the overhead is less than 4% which is a small cost for the added benefit of continuous, volumetric, and non-ionizing tracking of organ motion over periodic x-ray-based tracking."
OpenAlex,W3135545534,10.1109/lra.2021.3064283,,Towards Fully Autonomous Ultrasound Scanning Robot With Imitation Learning Based on Clinical Protocols,2021,2021-03-08,article,IEEE Robotics and Automation Letters,69,https://doi.org/10.1109/lra.2021.3064283,A1,A1,True,,A,Active observational sensing,主动观察式检测,A1,Robotic ultrasound / sonography,机器人超声/超声扫查,Core (title-explicit),"Ultrasound scanning plays an important role in modern clinical examinations. Thanks to its small footprint, low cost, and popularity, it has been widely used in annual physical examinations and many other diagnosis and intervention procedures. However, the scanning results depend heavily on the clinician operators' skills, causing inconsistency and even false detection. A fully autonomous ultrasound scanning robot can be a promising solution, enabling consistent and accurate operation. In this letter, we propose a procedure-specified imitation learning framework based on clinical protocols to implement autonomous scanning tasks. Based on the targeted carotid artery examination procedure, we design a feature-based visual servo controller for both in-plane and out-of-plane feature tasks. A one-step-exploring (OSE) method is also designed to improve the robustness and transition smoothness in between tasks. The proposed methods are tested and validated with experiments on both medical phantom and human subjects. The results show that the proposed appraoch is able to significantly improve the success rate of procedure completion from 22.2% to 84.6% for the out-of-plane feature-based operation."
OpenAlex,W4391566397,10.3390/act13020062,,Force Tracking Control Method for Robotic Ultrasound Scanning System under Soft Uncertain Environment,2024,2024-02-06,article,Actuators,18,https://doi.org/10.3390/act13020062,A1,A1,True,,A,Active observational sensing,主动观察式检测,A1,Robotic ultrasound / sonography,机器人超声/超声扫查,Core (title-explicit),"Robotic ultrasound scanning has excellent potential to reduce physician workload, obtain higher-quality imaging, and reduce costs. However, the traditional admittance control strategy for robotics cannot meet the high-precision force control requirements for robots, which are critical for improving image quality and ensuring patient safety. In this study, an integral adaptive admittance control strategy is proposed for contact force control between an ultrasound probe and human skin to enhance the accuracy of force tracking. First, a robotic ultrasound scanning system is proposed, and the system’s overall workflow is introduced. Second, an adaptive admittance control strategy is designed to estimate the uncertain environmental information online, and the estimated parameters are used to modify the reference trajectory. On the basis of ensuring the stability of the system, an integral controller is then introduced to improve the steady-state response. Subsequently, the stability of the proposed strategy is analysed. In addition, a gravity compensation process is proposed to obtain the actual contact force. Finally, through a simulation analysis, the effectiveness of the strategy is discussed. Simultaneously, a series of experiments are carried out on the robotic ultrasound scanning system, and the results show that the strategy can successfully maintain a constant contact force under soft uncertain environments, which effectively improves the efficiency of scanning."
OpenAlex; Europe PMC,W3046590135; MED:32744706,10.26355/eurrev_202007_22283,32744706,Role of 5G-powered remote robotic ultrasound during the COVID-19 outbreak: insights from two cases.,2020,2020-07-01,article,PubMed,21,https://doi.org/10.26355/eurrev_202007_22283,A1,A1,True,,A,Active observational sensing,主动观察式检测,A1,Robotic ultrasound / sonography,机器人超声/超声扫查,Core (title-explicit),"The 2019 Novel Coronavirus disease (COVID-19) broke out in Wuhan, China in December 2019 and spread throughout the world. Early screening and early diagnosis play key roles in prevention and management of the epidemic. Attention should also be paid to the infection of health workers and shortage of medical resources in high-risk areas. Here, we report two cases of patients diagnosed with COVID-19 and evaluated by robotic ultrasound based on 5G-powered technology 700 km east of Wuhan. We here show the advantages of this kind of remote ultrasound scan, which could become a method for the diagnosis and assessment of COVID-19."
OpenAlex,W4402963177; W4403938270,10.1109/tim.2024.3451569,,Needle Segmentation Using GAN: Restoring Thin Instrument Visibility in Robotic Ultrasound,2024,2024-01-01,article,IEEE Transactions on Instrumentation and Measurement,12,https://doi.org/10.1109/tim.2024.3451569,A1,A1,True,,A,Active observational sensing,主动观察式检测,A1,Robotic ultrasound / sonography,机器人超声/超声扫查,Core (title-explicit),"Ultrasound-guided percutaneous needle insertion is a standard procedure employed in both biopsy and ablation in clinical practices. However, due to the complex interaction between tissue and instrument, the needle may deviate from the in-plane view, resulting in a lack of close monitoring of the percutaneous needle. To address this challenge, we introduce a robot-assisted ultrasound (US) imaging system designed to seamlessly monitor the insertion process and autonomously restore the visibility of the inserted instrument when misalignment happens. To this end, the adversarial structure is presented to encourage the generation of segmentation masks that align consistently with the ground truth in high-order space. This study also systematically investigates the effects on segmentation performance by exploring various training loss functions and their combinations. When misalignment between the probe and the percutaneous needle is detected, the robot is triggered to perform transverse searching to optimize the positional and rotational adjustment to restore needle visibility. The experimental results on ex-vivo porcine samples demonstrate that the proposed method can precisely segment the percutaneous needle (with a tip error of $0.37\pm0.29mm$ and an angle error of $1.19\pm 0.29^{\circ}$). Furthermore, the needle appearance can be successfully restored under the repositioned probe pose in all 45 trials, with repositioning errors of $1.51\pm0.95mm$ and $1.25\pm0.79^{\circ}$. from latex to text with math symbols"
OpenAlex,W4390873692,10.1109/tim.2024.3353836,,Robot-Assisted Autonomous Ultrasound Imaging for Carotid Artery,2024,2024-01-01,article,IEEE Transactions on Instrumentation and Measurement,29,https://doi.org/10.1109/tim.2024.3353836,A1,A1,True,,A,Active observational sensing,主动观察式检测,A1,Robotic ultrasound / sonography,机器人超声/超声扫查,Core (title-explicit),"Cardiovascular disease is known as the number one cause of death worldwide. Ultrasound imaging is widely used to assess and predict the risk of cardiovascular disease. Extensive research on robotic ultrasound systems has addressed the problems of over-reliance on physician experience in the application of ultrasound, unequal distribution of medical resources, and mutual exposure of patients and physicians to infections. The human carotid artery requires more standardization, safety, and intelligence in applying robotic ultrasound systems due to its sensitive location and inconspicuous skin features. This paper introduces an innovative robot-assisted system for autonomous ultrasound scanning of the carotid artery. The system employs a structured two-stage approach, encompassing pre-scanning and scanning, to enhance the precision and efficiency of the procedure. It utilizes advanced image servo control for intelligent scanning path determination, significantly improving the quality and speed of scans. Moreover, the system’s capability to alternate between transverse and longitudinal scanning modes allows it to accommodate the unique anatomical differences of individual patients. Experimental results on real human subjects showed a success rate of 86.11% for scanning the desired carotid artery ultrasound images, which is promising for clinical applications."
OpenAlex; Europe PMC,W4408351365; W4407759030; MED:40072764,10.1007/s11548-025-03336-x,40072764,Robotic CBCT meets robotic ultrasound,2025,2025-03-12,article,International Journal of Computer Assisted Radiology and Surgery,7,https://doi.org/10.1007/s11548-025-03336-x,A1,A1,True,,A,Active observational sensing,主动观察式检测,A1,Robotic ultrasound / sonography,机器人超声/超声扫查,Core (title-explicit),"<h4>Purpose</h4>The multi-modality imaging system offers optimal fused images for safe and precise interventions in modern clinical practices, such as computed tomography-ultrasound (CT-US) guidance for needle insertion. However, the limited dexterity and mobility of current imaging devices hinder their integration into standardized workflows and the advancement toward fully autonomous intervention systems. In this paper, we present a novel clinical setup where robotic cone beam computed tomography (CBCT) and robotic US are pre-calibrated and dynamically co-registered, enabling new clinical applications. This setup allows registration-free rigid registration, facilitating multi-modal guided procedures in the absence of tissue deformation.<h4>Methods</h4>First, a one-time pre-calibration is performed between the systems. To ensure a safe insertion path by highlighting critical vasculature on the 3D CBCT, SAM2 segments vessels from B-mode images, using the Doppler signal as an autonomously generated prompt. Based on the registration, the Doppler image or segmented vessel masks are then mapped onto the CBCT, creating an optimally fused image with comprehensive detail. To validate the system, we used a specially designed phantom, featuring lesions covered by ribs and multiple vessels with simulated moving flow.<h4>Results</h4>The mapping error between US and CBCT resulted in an average deviation of 1.72±0.62 mm. A user study demonstrated the effectiveness of CBCT-US fusion for needle insertion guidance, showing significant improvements in time efficiency, accuracy, and success rate. Needle intervention performance improved by approximately 50% compared to the conventional US-guided workflow.<h4>Conclusion</h4>We present the first robotic dual-modality imaging system designed to guide clinical applications. The results show significant performance improvements compared to traditional manual interventions."
OpenAlex; Europe PMC,W2996507671; MED:31832907,10.1007/s11548-019-02104-y,31832907,Development of a robot-assisted ultrasound-guided radiation therapy (USgRT),2019,2019-12-12,article,International Journal of Computer Assisted Radiology and Surgery,22,https://doi.org/10.1007/s11548-019-02104-y,A1,A1,True,,A,Active observational sensing,主动观察式检测,A1,Robotic ultrasound / sonography,机器人超声/超声扫查,Core (title-explicit),"<h4>Purpose</h4>Radiation treatment is improved by the use of image-guided workflows. This work pursues the approach of using ultrasound (US) as a real-time imaging modality. The primary focus of this study is to develop and test a breathing and motion control for a robotic-guided US transducer. All control functions of the robot and the US image processing were then integrated into one software platform enabling US-guided radiation therapy.<h4>Methods</h4>The robot (KUKA LBR iiwa 7 R800) and the US image processing workflows were integrated into the Medical Interaction Toolkit (MITK) (Nolden et al. in Int J Comput Assist Radiol Surg 8(4):607-620, 2013). The positions of the US probe were tracked with an optical tracking system. As a main function of robot positioning control, a highly sensitive breathing and motion compensation method was developed using KUKA's robotic application programming interface. The resulting autonomous robot motions were tested by the use of defined breathing patterns with two volunteers. Furthermore, a filter pipeline for 3D US image processing with MITK was developed. Thus, image registration of US images and previously acquired planning image data was enabled.<h4>Results</h4>The implemented breathing and motion compensation feature was successful with the addition of the remote rotating, translating capability of the US probe. Desired force applied to the US probe, and thus to the patient, is stable and enables a continuous US imaging. The developed filter pipeline for image processing facilitates registration and display of planning data and US image data in one graphical user interface.<h4>Conclusion</h4>A stable and robust method for motion compensation for robot-assisted US imaging was developed and tested successfully. This is a first step toward the safe use of autonomous robot motions in interaction with patients. Furthermore, main software components were integrated into a single platform and used with the purpose of ultrasound-guided radiation therapy."
OpenAlex; Europe PMC,MED:33922012; W3155267607,10.3390/s21092927,33922012,An Improved Sensing Method of a Robotic Ultrasound System for Real-Time Force and Angle Calibration,2021,2021-04-22,article,Sensors,14,https://doi.org/10.3390/s21092927,A1,A1,True,,A,Active observational sensing,主动观察式检测,A1,Robotic ultrasound / sonography,机器人超声/超声扫查,Core (title-explicit),"An ultrasonic examination is a clinically universal and safe examination method, and with the development of telemedicine and precision medicine, the robotic ultrasound system (RUS) integrated with a robotic arm and ultrasound imaging system receives increasing attention. As the RUS requires precision and reproducibility, it is important to monitor the real-time calibration of the RUS during examination, especially the angle of the probe for image detection and its force on the surface. Additionally, to speed up the integration of the RUS and the current medical ultrasound system (US), the current RUSs mostly use a self-designed fixture to connect the probe to the arm. If the fixture has inconsistencies, it may cause an operating error. In order to improve its resilience, this study proposed an improved sensing method for real-time force and angle calibration. Based on multichannel pressure sensors, an inertial measurement unit (IMU), and a novel sensing structure, the ultrasonic probe and robotic arm could be simply and rapidly combined, which rendered real-time force and angle calibration at a low cost. The experimental results show that the average success rate of the downforce position identification achieved was 88.2%. The phantom experiment indicated that the method could assist the RUS in the real-time calibration of both force and angle during an examination."
OpenAlex,W4404247107,10.3390/robotics13110164,,HaptiScan: A Haptically-Enabled Robotic Ultrasound System for Remote Medical Diagnostics,2024,2024-11-10,article,Robotics,10,https://doi.org/10.3390/robotics13110164,A1,A1,True,,A,Active observational sensing,主动观察式检测,A1,Robotic ultrasound / sonography,机器人超声/超声扫查,Core (title-explicit),"Medical ultrasound is a widely used diagnostic imaging modality that provides real-time imaging at a relatively low cost. However, its widespread application is hindered by the need for expert operation, particularly in remote regional areas where trained sonographers are scarce. This paper presents the development of HaptiScan, a state-of-the-art telerobotic ultrasound system equipped with haptic feedback. The system utilizes a commercially available robotic manipulator, the UR5 robot from Universal Robots, integrated with a force/torque sensor and the Phantom Omni haptic device. This configuration enables skilled sonographers to remotely conduct ultrasound procedures via an internet connection, addressing both the geographic and ergonomic limitations faced in traditional sonography. Key innovative features of the system include real-time force feedback, ensuring that sonographers can precisely control the ultrasound probe from a remote location. The system is further enhanced by safety measures such as over-force sensing, patient discomfort monitoring, and emergency stop mechanisms. Quantitative indicators of the system’s performance include successful teleoperation over long distances with time delays, as demonstrated in simulations. These simulations validate the system’s control methodologies, showing stable performance with force feedback under varying time delays and distances. Additionally, the UR5 manipulator’s precision, kinematic, and dynamic models are mathematically formulated to optimize teleoperation. The results highlight the effectiveness of the proposed system in overcoming the technical challenges of remote ultrasound procedures, offering a viable solution for real-world telemedicine applications."
OpenAlex,W2015400603,10.1080/01691864.2013.776941,,Robotic ultrasound probe handling auxiliary by active compliance control,2013,2013-03-27,article,Advanced Robotics,10,https://doi.org/10.1080/01691864.2013.776941,A1,A1,True,,A,Active observational sensing,主动观察式检测,A1,Robotic ultrasound / sonography,机器人超声/超声扫查,Core (title-explicit),"This paper describes a support system for ultrasound (US) probe scanning by a robotic probe holding system to support manual handling of an US probe. The system, consisting of an US probe manipulator with parallel link mechanism and a 6-axis force sensor, is able to hold and manipulate an US probe according to force applied to the probe by a technician. To enable the smooth coordinated control, compliance control is used. Moreover, we have proposed velocity-depended viscosity depending on the velocity of the robot. In this study, the appropriate viscosity corresponding to operational velocity was measured experimentally and the feasibility of the coordinated motion control was validated. The results of the viscosity measurement showed a clear inverse correlation between the viscosity and the operational velocity. In the coordinated motion control evaluation, the relation between the applied force and the robot velocity in the viscosity of high, low, and dynamic velocity-depended coefficient was measured. The result showed the dynamic velocity-depended viscosity provides well-coordinated motion in any operational velocities. The results demonstrated the system has a great potential for support of US diagnosis as an auxiliary medical robot."
OpenAlex,W4385453480,10.1109/lra.2023.3300592,,Compliant Joint Based Robotic Ultrasound Scanning System for Imaging Human Spine,2023,2023-08-01,article,IEEE Robotics and Automation Letters,11,https://doi.org/10.1109/lra.2023.3300592,A1; R3,A1,True,,A,Active observational sensing,主动观察式检测,A1,Robotic ultrasound / sonography,机器人超声/超声扫查,Core (title-explicit),"Robot-assisted ultrasound scanning acquires spatial-property labeled images under high consistency, holding the potential to reconstruct the volume with more intuitive images for examination and surgery guidance. Promisingly, the vertebral level identification, as a time-consuming procedure before spine surgery, can be achieved by robotic ultrasound systems. However, the quality of ultrasound images subjects to the conditions of the examination, including the probe placement, the ultrasound beam incidence angle and the applied contact force. Especially, the spine holds a long and narrow, multi-joint, chain-like structure which is not simply compliant to the probe, presenting challenges to acquire high quality images and keep safety. This letter presents a compliant joint based robotic ultrasound system (CJRUS) for imaging the human spine. A compliant joint based adjusting mechanism (CJAM) is attached to the robotic manipulator to adjust the contact force with patients. A floating scanning strategy is proposed for the manipulator to maintain a buffer zone from the human body and determine the pose of the probe indirectly from the collection of dorsal shape. Phantom experiments concluded that the system could provide inherent safety (the output force was constrained to 20 N by rotary buffer) and adaptive capacity (the settling time was < 1 s for targets with different stiffness and the maximum overshoot decreased 90% in prediction force control) to scanning objects. In human trials, the coronal slice of the reconstructed volume obtained by CJRUS showed comparative results as freehand scanning and equivalent image qualities evaluated by picture contrast and edge gradient. CJRUS is expected to play a significant role in radiation-free navigation of minimally invasive spinal surgery in the future."
OpenAlex; Europe PMC,W2952921102; MED:31172439,10.1007/s11548-019-02009-w,31172439,Analysis and optimization of the robot setup for robotic-ultrasound-guided radiation therapy,2019,2019-06-06,article,International Journal of Computer Assisted Radiology and Surgery,11,https://doi.org/10.1007/s11548-019-02009-w,A1,A1,True,,A,Active observational sensing,主动观察式检测,A1,Robotic ultrasound / sonography,机器人超声/超声扫查,Core (title-explicit),"<h4>Purpose</h4>Robotic ultrasound promises continuous, volumetric, and non-ionizing tracking of organ motion during radiation therapy. However, placement of the robot is critical because it is radio-opaque and might severely influence the achievable dose distribution.<h4>Methods</h4>We propose two heuristic optimization strategies for automatic placement of an ultrasound robot around a patient. Considering a kinematically redundant robot arm, we compare a generic approach based on stochastic search and a more problem-specific segmentwise construction approach. The former allows for multiple elbow configurations while the latter is deterministic. Additionally, we study different objective functions guiding the search. Our evaluation is based on data for ten actual prostate cancer cases and we compare the resulting plan quality for both methods to manually chosen robot configurations previously proposed.<h4>Results</h4>The mean improvements in the treatment planning objective value with respect to the best manually selected robot position and a single elbow configuration range from 8.2 to 32.8% and 8.5 to 15.5% for segmentwise construction and stochastic search, respectively. Considering three different elbow configurations, the stochastic search results in better objective values in 80% of the cases, with 30% being significantly better. The optimization strategies are robust with respect to beam sampling and transducer orientation and using previous optimization results as starting point for stochastic search typically results in better solutions compared to random starting points.<h4>Conclusion</h4>We propose a robust and generic optimization scheme, which can be used to optimize the robot placement for robotic ultrasound guidance in radiation therapy. The automatic optimization further mitigates the impact of robotic ultrasound on the treatment plan quality."
OpenAlex,W4413925431,10.1109/lra.2025.3604746,,Smooth Path Planning and Dynamic Contact Force Regulation for Robotic Ultrasound Scanning,2025,2025-09-02,article,IEEE Robotics and Automation Letters,12,https://doi.org/10.1109/lra.2025.3604746,A1,A1,True,,A,Active observational sensing,主动观察式检测,A1,Robotic ultrasound / sonography,机器人超声/超声扫查,Core (title-explicit),"The robotic breast ultrasound scanning (RBUS) system can help sonographer in the early screening of breast cancer. However, it still faces rigorous safety concerns, including non-smooth scanning paths and improper contact force regulation. In this paper, we propose a new path optimization method to improve the scanning smoothness, as well as, a dynamic contact regulation strategy considering both the breast deformation and ultrasound images. For the path planning, the anti-radial scanning approach is first adopted to generate some initial path points together with their normal vectors; then, a dual-objective optimization function is formulated, which considers both the acceleration continuity and deviation of the path, to filter out local path anomalies. For the force control, a contact force-strain regression model is first proposed and used to predict the desired force between the breast and probe at each path point. While within the adjacent path points, an updating algorithm is introduced to dynamically adjust the contact force in real-time by surveying the confidence of the ultrasound image. Our experimental results show that the proposed methods can make the scanning path smoother, and obtain intimate probe-tissue contact with less desired force."
OpenAlex; Europe PMC,W4400473067; MED:38978325,10.1002/rcs.2660,38978325,A review of robot‐assisted ultrasound examination: Systems and technology,2024,2024-07-08,article,International Journal of Medical Robotics and Computer Assisted Surgery,18,https://doi.org/10.1002/rcs.2660,A1,,False,Review / meta-analysis,,,,,,,,"<h4>Background</h4>At present, the number and overall level of ultrasound (US) doctors cannot meet the medical needs, and the medical ultrasound robots will largely solve the shortage of medical resources.<h4>Methods</h4>According to the degree of automation, the handheld, semi-automatic and automatic ultrasound examination robot systems are summarised. Ultrasound scanning path planning and robot control are the keys to ensure that the robot systems can obtain high-quality images. Therefore, the ultrasound scanning path planning and control methods are summarised. The research progress and future trends are discussed.<h4>Results</h4>A variety of ultrasound robot systems have been applied to various medical works. With the continuous improvement of automation, the systems provide high-quality ultrasound images and image guidance for clinicians.<h4>Conclusion</h4>Although the development of medical ultrasound robot still faces challenges, with the continuous progress of robot technology and communication technology, medical ultrasound robot will have great development potential and broad application space."
OpenAlex,W1988346369,10.1016/j.procir.2013.01.020,,Robotic Ultrasound Guidance by B-scan Plane Positioning Control,2013,2013-01-01,article,Procedia CIRP,9,https://doi.org/10.1016/j.procir.2013.01.020,A1,A1,True,,A,Active observational sensing,主动观察式检测,A1,Robotic ultrasound / sonography,机器人超声/超声扫查,Core (title-explicit),"Ultrasound is indispensable imaging modality for clinical diagnosis such as fetus assessment and heart assessment. Moreover, many ultrasound applications for image guided procedures have been proposed and attempted because US is less invasive, less cost, and high portability. However, to obtain US images, a US imaging probe has to be held manually and contacted with a patient body. To address the issue, we have proposed a robotic system for automatic probe scanning. The system consists of a probe scanning robot, navigation software, an optical tracking device, and an ultrasound imaging device. The robot, that is six degrees of freedom, is composed of a frame mechanism and a probe holding mechanism. The frame mechanism has six pneumatic actuators to reduce its weight, and the probe holding mechanism has one DC motor. The probe holding mechanism is connected with the pneumatic actuators using wires. Moreover, the robot can control the position and orientation of the B-scan plane based on the transformation between an optical tracker attached to the US probe and the B-scan plane. The navigation system, which is connected with the tracking device and an US imaging device via a VGA cable, computes the relative position between the positions of a therapeutic tool and the B-scan plane, and sends it to the robot. Then the position of the B-scan plane can be controlled based on the tool position. Also, the navigation system displays the plane with a texture of an actual echogram and a tool model three-dimensionally to monitor the relative position of the tool and the B-scan plane. To validate the basic system performance, phantom tests were conducted. The phantom was made of gelatin and poly(ethylene glycol). In the tests, the needle was inserted into the phantom, and the B-scan plane was controlled to contain a tracked needle in real-time. From the results, the needle was continuously visualized during needle insertion. Therefore, it is confirmed that the system has a great potential for automatic US image guided procedures."
OpenAlex,W4206018727,10.1109/lra.2022.3141451,,Acoustic Shadowing Aware Robotic Ultrasound: Lighting up the Dark,2022,2022-01-10,article,IEEE Robotics and Automation Letters,9,https://doi.org/10.1109/lra.2022.3141451,A1,A1,True,,A,Active observational sensing,主动观察式检测,A1,Robotic ultrasound / sonography,机器人超声/超声扫查,Core (title-explicit),"Ultrasound imaging is becoming more prevalent in clinical practice and research. To counteract the drawbacks of high user-dependency and difficult interpretability, ultrasound probes can be attached to robotic arms, enabling an increase in accuracy and repeatability. Currently, robotic ultrasound scans are mainly performed in a perpendicular manner. However, these scans create shadows below high-attenuation structures like bones due to acoustic shadowing, leading to an information loss in the scan. To counteract this and improve the compounding quality of robotic ultrasound scans, we introduce an ultrasound pose optimization method. In this initial work, we focus on the volume coverage of a region of interest and an acoustic shadowing reduction in this volume. Our proposed method is compared against perpendicular scans and random scans. Results show that the volume coverage sweep achieves higher coverage with the trade-off of more performed poses. In addition, the acoustic shadow reduction consistently leads to a higher coverage and confidence of the volumes when applied after a random or perpendicular scan, with a relatively small number of additional poses. Such context-aware volume scanning and path optimization can pave the path to standardized, fully automatic high-quality robotic ultrasound scans without the need for pre-acquired data and systematically reduces the occurrence of acoustic shadows."
OpenAlex,W4393139813,10.1109/tase.2024.3378915,,Safe Learning by Constraint-Aware Policy Optimization for Robotic Ultrasound Imaging,2024,2024-03-25,article,IEEE Transactions on Automation Science and Engineering,10,https://doi.org/10.1109/tase.2024.3378915,A1,A1,True,,A,Active observational sensing,主动观察式检测,A1,Robotic ultrasound / sonography,机器人超声/超声扫查,Core (title-explicit),"Ultrasound-based medical examination usually requires establishing proper contact between an ultrasound probe and a human body that ensures the quality of ultrasound images. The scanning skills are quite challenging for a robot to learn primarily due to the complex coupling between the applied force profile and the resulting ultrasound image quality. While reinforcement learning appears as a powerful tool for learning complex robot skills, the deployment of these algorithms in medical robots demands special attention due to the evident safety concerns that arise from physical probe-tissue interactions. In this paper, we explicitly consider external constraints on the force magnitude when searching for the optimal policy parameters to enhance safety during ultrasound-guided robotic interventions. In particular, we study policy optimization under the framework of a constrained Markov decision process. The resulting gradient-based policy update is then subject to the involved constraints, which can be readily addressed by the primal-dual interior-point technique. In addition, upon the observation that policy update requires consecutive policies to be close to each other to have stable and robust performance with reinforcement learning algorithms, we design the learning rate of policy gradient from an imitation perspective. The performance of the proposed constraint-aware policy optimization method is validated with experiments of robotic ultrasound imaging for spinal diagnosisNote to Practitioners—This paper was motivated by the problem of safely learning the optimal interaction force strategy to facilitate robotic ultrasound imaging. Existing approaches to robotic ultrasound imaging usually empirically set a constant value for the scanning force, despite the fact the force strategy plays an important role in the quality of the ultrasound images. This paper suggests the usage of reinforcement learning to identify the optimal interaction force due to the complex acoustic coupling between the force and the ultrasound image quality. Specifically, we propose constraint-aware reinforcement learning in view of the safety-critical issues as a result of physical human-probe interaction. We then conduct a theoretical analysis of the proposed safe reinforcement learning, including monotonic improvement and policy value bound under mild assumptions. Preliminary real experiments on ultrasound imaging of the spine of a phantom for scoliosis assessment suggest that the proposed approach can safely learn the optimal scanning force without violating the prescribed force threshold. In the future, we would like to apply our approach to learning the optimal scanning force on different organs of interest of human subjects."
OpenAlex; Europe PMC,MED:28749165; W2740790076,10.1259/bjr.20160926,28749165,Impact of robotic ultrasound image guidance on plan quality in SBRT of the prostate,2017,2017-07-27,article,British Journal of Radiology,10,https://doi.org/10.1259/bjr.20160926,A1,A1,True,,A,Active observational sensing,主动观察式检测,A1,Robotic ultrasound / sonography,机器人超声/超声扫查,Core (title-explicit),"<h4>Objective</h4>Ultrasound provides good image quality, fast volumetric imaging and is established for abdominal image guidance. Robotic transducer placement may facilitate intrafractional motion compensation in radiation therapy. We consider integration with the CyberKnife and study whether the kinematic redundancy of a seven-degrees-of-freedom robot allows for acceptable plan quality for prostate treatments.<h4>Methods</h4>Reference treatment plans were generated for 10 prostate cancer cases previously treated with the CyberKnife. Considering transducer and prostate motion by different safety margins, 10 different robot poses, and 3 different elbow configurations, we removed all beams colliding with robot or transducer. For each combination, plans were generated using the same strict dose constraints and the objective to maximize the target coverage. Additionally, plans for the union of all unblocked beams were generated.<h4>Results</h4>In 9 cases the planning target coverage with the ultrasound robot was within 1.1 percentage points of the reference coverage. It was 1.7 percentage points for one large prostate. For one preferable robot position, kinematic redundancy decreased the average number of blocked beam directions from 23.1 to 14.5.<h4>Conclusion</h4>The impact of beam blocking can largely be offset by treatment planning and using a kinematically redundant robot. Plan quality can be maintained by carefully choosing the ultrasound robot position and pose. For smaller planning target volumes the difference in coverage is negligible for safety margins of up to 35 mm. Advances in knowledge: Integrating a robot for online intrafractional image guidance based on ultrasound can be realized while maintaining acceptable plan quality for prostate cancer treatments with the CyberKnife."
OpenAlex; Europe PMC,MED:40321899; W4408403938; PMC:PMC12046132,10.34133/cbsystems.0251,40321899,Robotic Ultrasound Scanning End-Effector with Adjustable Constant Contact Force,2025,2025-01-01,article,Cyborg and Bionic Systems,10,https://doi.org/10.34133/cbsystems.0251,A1,A1,True,,A,Active observational sensing,主动观察式检测,A1,Robotic ultrasound / sonography,机器人超声/超声扫查,Core (title-explicit),"In modern medical treatment, ultrasound scanning provides a radiation-free medical imaging method for the diagnosis of soft tissues via skin contact. However, the exerted contact force heavily relies on the skill and experience of the operator, which poses great inspection instability. This article reports on a robotic ultrasound scanning system with a constant-force end-effector. Its uniqueness is the introduction of a hybrid active-passive force control approach to maintaining a constant contact force between the ultrasound probe and the continually changing surface. In particular, the passive constant-force mechanism provides strong buffering to the force variation. The active force control system improves flexibility and provides long-stroke positioning. Experimental tests on both silicone models and human volunteers demonstrate the capability of the proposed robotic ultrasound scanning system for obtaining qualified ultrasound images with high repeatability. Moreover, the ease of operation of the robotic US scanning system is verified. This work provides a promising method to assist doctors in conducting better and cushier ultrasound scanning imaging."
OpenAlex; Europe PMC,W4376225447; W4308644651; W4313892500; MED:37171662,10.1007/s11548-023-02932-z,37171662,Robot-assisted ultrasound reconstruction for spine surgery: from bench-top to pre-clinical study,2023,2023-05-12,article,International Journal of Computer Assisted Radiology and Surgery,28,https://doi.org/10.1007/s11548-023-02932-z,A1,A1,True,,A,Active observational sensing,主动观察式检测,A1,Robotic ultrasound / sonography,机器人超声/超声扫查,Core (title-explicit),"&lt;p&gt;Purpose: Robot-assisted ultrasound (US) systems could be used to provide a non-radiative three-dimensional (3D) reconstruction that can form the basis for guiding spine surgical procedures. Despite promising studies on this technology, there are few studies that offer insight into the robustness and generality of the approach by e.g. verifying performance in various testing scenarios. Therefore, this study provides an assessment of the robot-assisted US system, with technical details from experiments starting at the bench-top up to the pre-clinical study.&lt;/p&gt; &lt;p&gt;Methods: A semi-automatic control strategy is proposed to ensure continuous and smooth scanning. Next, a method based on U-Net was developed to automatically process the anatomic features and derive a high quality 3D US reconstruction. Experiments on phantoms and human cadavers validate the proposed approach.&lt;/p&gt; &lt;p&gt;Results: Average deviations of scanning force were found of 2.84 ± 0.45 N on synthetic phantoms and of 5.64 ± 1.10 N on human cadavers. The reconstruction yielded a mean 3D representation error of 1.28 ± 0.87 mm for the synthetic phantoms and of 1.74 ± 0.89 mm for the human cadavers.&lt;/p&gt; &lt;p&gt;Conclusion: These results show the proposed system has high safety performance and could keep the probe force stable within the range of 1 N to obtain a good reconstruction. The experiments indicate that the proposed robotassisted US approach works in quite different experimental settings. The results encourage to also explore the potential of this technology in in-vivo studies.&lt;/p&gt;"
OpenAlex; Europe PMC,W4407183492; MED:39975565,10.3389/frobt.2025.1527686,39975565,Autonomous robotic ultrasound scanning system: a key to enhancing image analysis reproducibility and observer consistency in ultrasound imaging,2025,2025-02-05,article,Frontiers in Robotics and AI,16,https://doi.org/10.3389/frobt.2025.1527686,A1,A1,True,,A,Active observational sensing,主动观察式检测,A1,Robotic ultrasound / sonography,机器人超声/超声扫查,Core (title-explicit),"<h4>Purpose</h4>This study aims to develop an autonomous robotic ultrasound scanning system (auto-RUSS) pipeline, comparing its reproducibility and observer consistency in image analysis with physicians of varying levels of expertise.<h4>Design/methodology/approach</h4>An auto-RUSS was engineered using a 7-degree-of-freedom robotic arm, with real-time regulation based on force control and ultrasound visual servoing. Two phantoms were employed for the human-machine comparative experiment, involving three groups: auto-RUSS, non-expert (4 junior physicians), and expert (4 senior physicians). This setup enabled comprehensive assessment of reproducibility in contact force, image acquisition, image measurement and AI-assisted classification. Radiological feature variability was measured using the coefficient of variation (COV), while performance and reproducibility assessments utilized mean and standard deviation (SD).<h4>Findings</h4>The auto-RUSS had the potential to reduce operator-dependent variability in ultrasound examinations, offering enhanced repeatability and consistency across multiple dimensions including probe contact force, images acquisition, image measurement, and diagnostic model performance.<h4>Originality/value</h4>In this paper, an autonomous robotic ultrasound scanning system (auto-RUSS) pipeline was proposed. Through comprehensive human-machine comparison experiments, the auto-RUSS was shown to effectively improve the reproducibility of ultrasound images and minimize human-induced variability."
OpenAlex,W4410808733,10.1109/access.2025.3574464,,A Survey of Autonomous Robotic Ultrasound Scanning Systems,2025,2025-01-01,article,IEEE Access,6,https://doi.org/10.1109/access.2025.3574464,A1,A1,True,,A,Active observational sensing,主动观察式检测,A1,Robotic ultrasound / sonography,机器人超声/超声扫查,Core (title-explicit),"This review investigates recent advancements in autonomous, semi-autonomous, and teleoperated robotic ultrasound systems.Traditional ultrasound imaging depends on manual probe manipulation, which introduces operator variability, physical strain, and limitations in accessibility. To address these challenges, this review investigates recent advancements in autonomous, semi-autonomous, and teleoperated robotic ultrasound systems by analyzing over 60 publications, including key developments from 2022 to 2025. Our survey reveals a growing adoption of cobot-based solutions equipped with 6-DOF force/torque sensors and RGB-D vision systems for precise probe positioning [34], [58], [60]. Notably, several systems now integrate reinforcement learning, image-guided visual servoing, and real-time feedback loops to enable intelligent trajectory planning and adaptive force control [46]–[48]. However, we identify critical gaps in the literature: surface-parallel force and torque components are often ignored in control models, limiting the accuracy of probe orientation and tissue coupling [39], [40]. Furthermore, real-time ultrasound image feedback is rarely used for path optimization, despite its importance in enhancing image quality and diagnostic reliability [38], [50]. This review emphasizes the need for future systems to integrate multi-modal sensing, adaptive control, and real-time image quality assessment to achieve robust, generalizable robotic ultrasound workflows."
OpenAlex; Europe PMC,W4407632596; MED:40053648; W4408235540,10.1109/tvcg.2025.3549181,40053648,Enhancing Patient Acceptance of Robotic Ultrasound through Conversational Virtual Agent and Immersive Visualizations,2025,2025-03-07,article,IEEE Transactions on Visualization and Computer Graphics,11,https://doi.org/10.1109/tvcg.2025.3549181,A1,A1,True,,A,Active observational sensing,主动观察式检测,A1,Robotic ultrasound / sonography,机器人超声/超声扫查,Core (title-explicit),"Robotic ultrasound systems have the potential to improve medical diagnostics, but patient acceptance remains a key challenge. To address this, we propose a novel system that combines an AI-based virtual agent, powered by a large language model (LLM), with th